timestamp_ms,tau_cmd_Nm,pos_rad,vel_rad_s,tau_feedback_Nm,Tmos_C,Tcoil_C,label
0,1.00000,3.41630,-0.00733,-0.00244,32.00000,30.00000,manual
5,1.00000,3.41630,-0.00733,-0.00244,32.00000,30.00000,manual
10,1.00000,3.41630,-0.00733,-0.00244,32.00000,30.00000,manual
15,1.00000,3.41630,-0.00733,-0.00244,32.00000,30.00000,manual
20,1.00000,3.41630,-0.00733,-0.00244,32.00000,30.00000,manual
25,1.00000,3.41630,-0.00733,-0.00244,32.00000,30.00000,manual
30,1.00000,3.41630,-0.00733,-0.00244,32.00000,30.00000,manual
35,1.00000,3.41745,0.47619,0.18804,32.00000,30.00000,manual
40,1.00000,3.42126,1.10623,0.27595,32.00000,30.00000,manual
45,1.00000,3.42775,1.47253,0.24176,32.00000,30.00000,manual
50,1.00000,3.43538,1.57509,0.20269,32.00000,30.00000,manual
55,1.00000,3.44377,1.64835,0.17338,32.00000,30.00000,manual
60,1.00000,3.45293,1.76557,0.13431,32.00000,30.00000,manual
65,1.00000,3.46208,1.82418,0.11477,32.00000,30.00000,manual
70,1.00000,3.47086,1.76557,0.11966,32.00000,30.00000,manual
75,1.00000,3.47963,1.69231,0.12454,32.00000,30.00000,manual
80,1.00000,3.48840,1.72161,0.11966,32.00000,30.00000,manual
85,1.00000,3.49718,1.75092,0.11477,32.00000,30.00000,manual
91,1.00000,3.50595,1.76557,0.11477,33.00000,30.00000,manual
96,1.00000,3.51549,1.83883,0.10012,32.00000,30.00000,manual
101,1.00000,3.52426,1.70696,0.11477,32.00000,30.00000,manual
106,1.00000,3.53304,1.70696,0.10989,32.00000,30.00000,manual
111,1.00000,3.54181,1.79487,0.10501,32.00000,30.00000,manual
116,1.00000,3.55058,1.70696,0.11966,32.00000,30.00000,manual
121,1.00000,3.55974,1.78022,0.11477,32.00000,30.00000,manual
126,1.00000,3.56851,1.79487,0.10501,32.00000,30.00000,manual
131,1.00000,3.57729,1.69231,0.10989,32.00000,30.00000,manual
136,1.00000,3.58644,1.80952,0.10501,32.00000,30.00000,manual
141,1.00000,3.59560,1.78022,0.10989,32.00000,30.00000,manual
146,1.00000,3.60399,1.69231,0.12943,32.00000,30.00000,manual
151,1.00000,3.61315,1.76557,0.12454,32.00000,30.00000,manual
156,1.00000,3.62192,1.75092,0.10501,32.00000,30.00000,manual
161,1.00000,3.63107,1.76557,0.10012,32.00000,30.00000,manual
166,1.00000,3.64023,1.82418,0.09524,32.00000,30.00000,manual
171,1.00000,3.64939,1.79487,0.10012,32.00000,30.00000,manual
177,1.00000,3.65816,1.69231,0.11966,33.00000,30.00000,manual
182,1.00000,3.66693,1.75092,0.10989,32.00000,30.00000,manual
187,1.00000,3.67609,1.80952,0.10989,32.00000,30.00000,manual
192,1.00000,3.68486,1.76557,0.10989,32.00000,30.00000,manual
197,1.00000,3.69440,1.83883,0.10012,32.00000,30.00000,manual
202,1.00000,3.70317,1.75092,0.10989,32.00000,30.00000,manual
207,1.00000,3.71157,1.66301,0.11477,32.00000,30.00000,manual
212,1.00000,3.72072,1.82418,0.10501,32.00000,30.00000,manual
217,1.00000,3.72988,1.78022,0.10989,32.00000,30.00000,manual
222,1.00000,3.73903,1.75092,0.10989,32.00000,30.00000,manual
227,1.00000,3.74781,1.82418,0.10989,32.00000,30.00000,manual
232,1.00000,3.75658,1.72161,0.10501,32.00000,30.00000,manual
237,1.00000,3.76574,1.75092,0.10012,32.00000,30.00000,manual
242,1.00000,3.77489,1.80952,0.10501,32.00000,30.00000,manual
247,1.00000,3.78366,1.76557,0.10989,32.00000,30.00000,manual
252,1.00000,3.79244,1.73627,0.11477,32.00000,30.00000,manual
257,1.00000,3.80159,1.76557,0.10501,32.00000,30.00000,manual
263,1.00000,3.81037,1.76557,0.10012,32.00000,30.00000,manual
268,1.00000,3.81952,1.76557,0.10501,32.00000,30.00000,manual
273,1.00000,3.82868,1.80952,0.10501,32.00000,30.00000,manual
278,1.00000,3.83745,1.70696,0.11477,32.00000,30.00000,manual
283,1.00000,3.84623,1.72161,0.10989,32.00000,30.00000,manual
288,1.00000,3.85538,1.82418,0.10012,32.00000,30.00000,manual
293,1.00000,3.86416,1.75092,0.10989,32.00000,30.00000,manual
298,1.00000,3.87331,1.79487,0.10501,32.00000,30.00000,manual
303,1.00000,3.88247,1.79487,0.10012,32.00000,30.00000,manual
308,1.00000,3.89124,1.67766,0.10989,32.00000,30.00000,manual
313,1.00000,3.90040,1.79487,0.10012,32.00000,30.00000,manual
318,1.00000,3.90955,1.80952,0.10012,32.00000,30.00000,manual
323,1.00000,3.91833,1.73627,0.11477,32.00000,30.00000,manual
328,1.00000,3.92748,1.78022,0.10501,32.00000,30.00000,manual
333,1.00000,3.93625,1.75092,0.10501,32.00000,30.00000,manual
338,1.00000,3.94503,1.73627,0.10989,32.00000,30.00000,manual
343,1.00000,3.95418,1.79487,0.10501,32.00000,30.00000,manual
348,1.00000,3.96334,1.80952,0.10501,33.00000,30.00000,manual
354,1.00000,3.97211,1.70696,0.11966,32.00000,30.00000,manual
359,1.00000,3.98089,1.76557,0.10501,32.00000,30.00000,manual
364,1.00000,3.99004,1.79487,0.10501,32.00000,30.00000,manual
369,1.00000,3.99882,1.73627,0.10989,32.00000,30.00000,manual
374,1.00000,4.00797,1.82418,0.10989,32.00000,30.00000,manual
379,1.00000,4.01713,1.75092,0.11477,32.00000,30.00000,manual
384,1.00000,4.02552,1.66301,0.11477,32.00000,30.00000,manual
389,1.00000,4.03468,1.82418,0.10501,32.00000,30.00000,manual
394,1.00000,4.04383,1.79487,0.10501,32.00000,30.00000,manual
399,1.00000,4.05299,1.76557,0.10989,32.00000,30.00000,manual
404,1.00000,4.06176,1.80952,0.10989,32.00000,30.00000,manual
409,1.00000,4.07054,1.72161,0.10501,32.00000,30.00000,manual
414,1.00000,4.07969,1.73627,0.10012,32.00000,30.00000,manual
419,1.00000,4.08885,1.82418,0.10012,32.00000,30.00000,manual
424,1.00000,4.09800,1.80952,0.10501,32.00000,30.00000,manual
429,1.00000,4.10678,1.75092,0.10989,32.00000,30.00000,manual
434,1.00000,4.11593,1.76557,0.10012,32.00000,30.00000,manual
440,1.00000,4.12470,1.76557,0.10012,32.00000,30.00000,manual
445,1.00000,4.13386,1.78022,0.09524,32.00000,30.00000,manual
450,1.00000,4.14301,1.83883,0.09524,32.00000,30.00000,manual
455,1.00000,4.15179,1.72161,0.10989,32.00000,30.00000,manual
460,1.00000,4.16056,1.72161,0.10012,32.00000,30.00000,manual
465,1.00000,4.17010,1.82418,0.09035,32.00000,30.00000,manual
470,1.00000,4.17887,1.75092,0.10501,32.00000,30.00000,manual
475,1.00000,4.18803,1.79487,0.10501,32.00000,30.00000,manual
480,1.00000,4.19680,1.78022,0.10501,32.00000,30.00000,manual
485,1.00000,4.20558,1.66301,0.10989,32.00000,30.00000,manual
490,1.00000,4.21473,1.79487,0.10012,32.00000,30.00000,manual
495,1.00000,4.22351,1.80952,0.10012,32.00000,30.00000,manual
500,1.00000,4.23266,1.75092,0.10989,32.00000,30.00000,manual
505,1.00000,4.24182,1.79487,0.10989,32.00000,30.00000,manual
510,1.00000,4.25059,1.73627,0.10012,32.00000,30.00000,manual
515,1.00000,4.25937,1.72161,0.10012,32.00000,30.00000,manual
520,1.00000,4.26852,1.80952,0.10012,33.00000,30.00000,manual
526,1.00000,4.27768,1.82418,0.10501,32.00000,30.00000,manual
531,1.00000,4.28645,1.72161,0.11477,32.00000,30.00000,manual
536,1.00000,4.29522,1.76557,0.10501,32.00000,30.00000,manual
541,1.00000,4.30438,1.80952,0.10501,32.00000,30.00000,manual
546,1.00000,4.31353,1.73627,0.10501,32.00000,30.00000,manual
551,1.00000,4.32269,1.83883,0.10012,32.00000,30.00000,manual
556,1.00000,4.33146,1.75092,0.10501,32.00000,30.00000,manual
561,1.00000,4.34024,1.67766,0.10989,32.00000,30.00000,manual
566,1.00000,4.34939,1.82418,0.09524,32.00000,30.00000,manual
571,1.00000,4.35855,1.78022,0.10501,32.00000,30.00000,manual
576,1.00000,4.36732,1.75092,0.10989,32.00000,30.00000,manual
581,1.00000,4.37648,1.79487,0.11966,32.00000,30.00000,manual
586,1.00000,4.38525,1.70696,0.11477,32.00000,30.00000,manual
591,1.00000,4.39403,1.73627,0.10989,32.00000,30.00000,manual
596,1.00000,4.40318,1.82418,0.10501,32.00000,30.00000,manual
601,1.00000,4.41195,1.78022,0.11477,32.00000,30.00000,manual
606,1.00000,4.42111,1.73627,0.11477,32.00000,30.00000,manual
611,1.00000,4.42988,1.73627,0.10989,32.00000,30.00000,manual
616,1.00000,4.43866,1.75092,0.10501,32.00000,30.00000,manual
622,1.00000,4.44743,1.73627,0.10501,32.00000,30.00000,manual
627,1.00000,4.45697,1.82418,0.10501,32.00000,30.00000,manual
632,1.00000,4.46574,1.70696,0.11966,32.00000,30.00000,manual
637,1.00000,4.47452,1.70696,0.10989,32.00000,30.00000,manual
642,1.00000,4.48367,1.80952,0.10012,32.00000,30.00000,manual
647,1.00000,4.49245,1.73627,0.10989,32.00000,30.00000,manual
652,1.00000,4.50122,1.78022,0.10989,32.00000,30.00000,manual
657,1.00000,4.51038,1.79487,0.10989,32.00000,30.00000,manual
662,1.00000,4.51915,1.67766,0.11477,32.00000,30.00000,manual
667,1.00000,4.52792,1.76557,0.10501,32.00000,30.00000,manual
672,1.00000,4.53708,1.80952,0.10012,32.00000,30.00000,manual
677,1.00000,4.54585,1.75092,0.11477,32.00000,30.00000,manual
682,1.00000,4.55501,1.76557,0.11477,32.00000,30.00000,manual
687,1.00000,4.56378,1.73627,0.10989,32.00000,30.00000,manual
692,1.00000,4.57256,1.72161,0.10989,32.00000,30.00000,manual
697,1.00000,4.58133,1.76557,0.10989,32.00000,30.00000,manual
702,1.00000,4.59049,1.82418,0.10989,32.00000,30.00000,manual
707,1.00000,4.59926,1.72161,0.12454,32.00000,30.00000,manual
713,1.00000,4.60803,1.72161,0.11477,32.00000,30.00000,manual
718,1.00000,4.61719,1.78022,0.10989,32.00000,30.00000,manual
723,1.00000,4.62596,1.72161,0.11477,32.00000,30.00000,manual
728,1.00000,4.63512,1.82418,0.10989,32.00000,30.00000,manual
733,1.00000,4.64389,1.78022,0.11477,32.00000,30.00000,manual
738,1.00000,4.65267,1.64835,0.12454,32.00000,30.00000,manual
743,1.00000,4.66182,1.79487,0.10501,32.00000,30.00000,manual
748,1.00000,4.67060,1.78022,0.10501,32.00000,30.00000,manual
753,1.00000,4.67975,1.73627,0.11477,32.00000,30.00000,manual
758,1.00000,4.68853,1.80952,0.11477,32.00000,30.00000,manual
763,1.00000,4.69730,1.70696,0.11477,32.00000,30.00000,manual
768,1.00000,4.70607,1.69231,0.10501,32.00000,30.00000,manual
773,1.00000,4.71523,1.80952,0.10501,32.00000,30.00000,manual
778,1.00000,4.72438,1.79487,0.10989,32.00000,30.00000,manual
783,1.00000,4.73316,1.72161,0.12454,32.00000,30.00000,manual
788,1.00000,4.74193,1.73627,0.11477,32.00000,30.00000,manual
793,1.00000,4.75071,1.75092,0.10989,32.00000,30.00000,manual
799,1.00000,4.75948,1.72161,0.10989,32.00000,30.00000,manual
804,1.00000,4.76902,1.82418,0.10989,32.00000,30.00000,manual
809,1.00000,4.77779,1.75092,0.12454,32.00000,30.00000,manual
814,1.00000,4.78618,1.66301,0.11966,32.00000,30.00000,manual
819,1.00000,4.79534,1.78022,0.10501,32.00000,30.00000,manual
824,1.00000,4.80411,1.76557,0.10501,32.00000,30.00000,manual
829,1.00000,4.81327,1.73627,0.10989,32.00000,30.00000,manual
834,1.00000,4.82242,1.80952,0.11477,32.00000,30.00000,manual
839,1.00000,4.83081,1.67766,0.12454,32.00000,30.00000,manual
844,1.00000,4.83959,1.69231,0.11477,32.00000,30.00000,manual
849,1.00000,4.84875,1.79487,0.10989,32.00000,30.00000,manual
854,1.00000,4.85752,1.76557,0.11477,32.00000,30.00000,manual
859,1.00000,4.86629,1.76557,0.12454,32.00000,30.00000,manual
864,1.00000,4.87545,1.75092,0.11966,32.00000,30.00000,manual
869,1.00000,4.88422,1.70696,0.11477,32.00000,30.00000,manual
874,1.00000,4.89300,1.72161,0.10989,32.00000,30.00000,manual
879,1.00000,4.90215,1.78022,0.10989,32.00000,30.00000,manual
885,1.00000,4.91092,1.76557,0.12454,32.00000,30.00000,manual
890,1.00000,4.91970,1.70696,0.12454,32.00000,30.00000,manual
895,1.00000,4.92847,1.78022,0.10501,32.00000,30.00000,manual
900,1.00000,4.93763,1.73627,0.10501,32.00000,30.00000,manual
905,1.00000,4.94640,1.78022,0.10989,32.00000,30.00000,manual
910,1.00000,4.95556,1.80952,0.11477,32.00000,30.00000,manual
915,1.00000,4.96395,1.64835,0.13431,32.00000,30.00000,manual
920,1.00000,4.97272,1.73627,0.11966,32.00000,30.00000,manual
925,1.00000,4.98188,1.79487,0.10501,32.00000,30.00000,manual
930,1.00000,4.99065,1.72161,0.10989,32.00000,30.00000,manual
935,1.00000,4.99981,1.80952,0.11477,32.00000,30.00000,manual
940,1.00000,5.00858,1.73627,0.11966,32.00000,30.00000,manual
945,1.00000,5.01736,1.66301,0.12454,33.00000,30.00000,manual
950,1.00000,5.02613,1.76557,0.11477,32.00000,30.00000,manual
955,1.00000,5.03529,1.79487,0.10501,32.00000,30.00000,manual
960,1.00000,5.04406,1.73627,0.11966,32.00000,30.00000,manual
965,1.00000,5.05284,1.75092,0.11966,32.00000,30.00000,manual
970,1.00000,5.06199,1.73627,0.10989,32.00000,30.00000,manual
975,1.00000,5.07038,1.70696,0.11966,32.00000,30.00000,manual
981,1.00000,5.07954,1.76557,0.11966,32.00000,30.00000,manual
986,1.00000,5.08831,1.79487,0.11966,32.00000,30.00000,manual
991,1.00000,5.09709,1.64835,0.13431,32.00000,30.00000,manual
996,1.00000,5.10586,1.75092,0.11966,32.00000,30.00000,manual
1001,1.00000,5.11502,1.79487,0.10989,32.00000,30.00000,manual
1006,1.00000,5.12379,1.70696,0.11477,32.00000,30.00000,manual
1011,1.00000,5.13256,1.79487,0.11477,32.00000,30.00000,manual
1016,1.00000,5.14134,1.73627,0.12454,32.00000,30.00000,manual
1021,1.00000,5.15011,1.64835,0.12943,32.00000,30.00000,manual
1026,1.00000,5.15888,1.79487,0.11966,32.00000,30.00000,manual
1031,1.00000,5.16804,1.78022,0.11477,32.00000,30.00000,manual
1036,1.00000,5.17681,1.75092,0.11477,32.00000,30.00000,manual
1041,1.00000,5.18597,1.78022,0.11477,32.00000,30.00000,manual
1046,1.00000,5.19474,1.72161,0.11477,32.00000,30.00000,manual
1051,1.00000,5.20313,1.70696,0.11966,32.00000,30.00000,manual
1056,1.00000,5.21229,1.78022,0.11477,32.00000,30.00000,manual
1061,1.00000,5.22145,1.80952,0.11477,32.00000,30.00000,manual
1066,1.00000,5.23022,1.70696,0.11966,32.00000,30.00000,manual
1072,1.00000,5.23899,1.75092,0.11477,32.00000,30.00000,manual
1077,1.00000,5.24777,1.75092,0.11477,32.00000,30.00000,manual
1082,1.00000,5.25654,1.70696,0.11966,32.00000,30.00000,manual
1087,1.00000,5.26570,1.82418,0.10989,32.00000,30.00000,manual
1092,1.00000,5.27447,1.75092,0.11966,32.00000,30.00000,manual
1097,1.00000,5.28325,1.67766,0.11966,32.00000,30.00000,manual
1102,1.00000,5.29240,1.80952,0.10501,32.00000,30.00000,manual
1107,1.00000,5.30117,1.75092,0.11477,32.00000,30.00000,manual
1112,1.00000,5.30995,1.73627,0.11966,32.00000,30.00000,manual
1117,1.00000,5.31872,1.76557,0.12454,32.00000,30.00000,manual
1122,1.00000,5.32750,1.67766,0.12454,32.00000,30.00000,manual
1127,1.00000,5.33627,1.72161,0.11477,32.00000,30.00000,manual
1132,1.00000,5.34543,1.82418,0.10989,32.00000,30.00000,manual
1137,1.00000,5.35458,1.78022,0.11477,32.00000,30.00000,manual
1142,1.00000,5.36336,1.70696,0.12454,32.00000,30.00000,manual
1147,1.00000,5.37213,1.72161,0.12454,32.00000,30.00000,manual
1152,1.00000,5.38090,1.73627,0.10989,32.00000,30.00000,manual
1158,1.00000,5.38968,1.72161,0.10989,32.00000,30.00000,manual
1163,1.00000,5.39883,1.82418,0.10989,32.00000,30.00000,manual
1168,1.00000,5.40761,1.72161,0.12454,32.00000,30.00000,manual
1173,1.00000,5.41638,1.66301,0.12454,32.00000,30.00000,manual
1178,1.00000,5.42516,1.76557,0.11477,32.00000,30.00000,manual
1183,1.00000,5.43393,1.72161,0.11966,32.00000,30.00000,manual
1188,1.00000,5.44308,1.78022,0.11966,32.00000,30.00000,manual
1193,1.00000,5.45186,1.80952,0.11966,33.00000,30.00000,manual
1198,1.00000,5.46063,1.67766,0.12454,33.00000,30.00000,manual
1203,1.00000,5.46941,1.73627,0.10501,32.00000,30.00000,manual
1208,1.00000,5.47818,1.76557,0.11477,32.00000,30.00000,manual
1213,1.00000,5.48695,1.70696,0.12943,32.00000,30.00000,manual
1218,1.00000,5.49611,1.76557,0.12943,32.00000,30.00000,manual
1223,1.00000,5.50488,1.76557,0.11966,32.00000,30.00000,manual
1228,1.00000,5.51366,1.72161,0.11477,32.00000,30.00000,manual
1233,1.00000,5.52281,1.76557,0.10012,32.00000,30.00000,manual
1238,1.00000,5.53197,1.80952,0.10501,32.00000,30.00000,manual
1244,1.00000,5.54036,1.72161,0.12943,32.00000,30.00000,manual
1249,1.00000,5.54914,1.67766,0.12943,32.00000,30.00000,manual
1254,1.00000,5.55829,1.76557,0.10989,32.00000,30.00000,manual
1259,1.00000,5.56668,1.72161,0.11477,32.00000,30.00000,manual
1264,1.00000,5.57622,1.80952,0.10501,32.00000,30.00000,manual
1269,1.00000,5.58537,1.82418,0.10989,32.00000,30.00000,manual
1274,1.00000,5.59377,1.64835,0.12454,32.00000,30.00000,manual
1279,1.00000,5.60254,1.73627,0.10501,32.00000,30.00000,manual
1284,1.00000,5.61170,1.78022,0.10501,32.00000,30.00000,manual
1289,1.00000,5.62047,1.72161,0.11477,32.00000,30.00000,manual
1294,1.00000,5.62963,1.83883,0.11477,32.00000,30.00000,manual
1299,1.00000,5.63840,1.75092,0.11477,32.00000,30.00000,manual
1304,1.00000,5.64717,1.67766,0.11477,32.00000,30.00000,manual
1309,1.00000,5.65595,1.75092,0.11477,32.00000,30.00000,manual
1314,1.00000,5.66472,1.75092,0.11966,32.00000,30.00000,manual
1319,1.00000,5.67349,1.72161,0.12943,32.00000,30.00000,manual
1324,1.00000,5.68227,1.75092,0.12454,32.00000,30.00000,manual
1329,1.00000,5.69142,1.75092,0.10989,32.00000,30.00000,manual
1334,1.00000,5.70020,1.72161,0.10989,32.00000,30.00000,manual
1340,1.00000,5.70935,1.79487,0.10989,32.00000,30.00000,manual
1345,1.00000,5.71813,1.76557,0.12454,32.00000,30.00000,manual
1350,1.00000,5.72652,1.64835,0.13431,32.00000,30.00000,manual
1355,1.00000,5.73529,1.76557,0.11966,32.00000,30.00000,manual
1360,1.00000,5.74445,1.79487,0.10012,32.00000,30.00000,manual
1365,1.00000,5.75322,1.72161,0.10501,33.00000,30.00000,manual
1370,1.00000,5.76238,1.82418,0.10989,32.00000,30.00000,manual
1375,1.00000,5.77115,1.72161,0.12454,32.00000,30.00000,manual
1380,1.00000,5.77954,1.63370,0.12943,32.00000,30.00000,manual
1385,1.00000,5.78870,1.78022,0.11966,32.00000,30.00000,manual
1390,1.00000,5.79747,1.76557,0.11477,32.00000,30.00000,manual
1395,1.00000,5.80625,1.73627,0.11966,32.00000,30.00000,manual
1400,1.00000,5.81540,1.78022,0.11966,32.00000,30.00000,manual
1405,1.00000,5.82418,1.72161,0.11966,32.00000,30.00000,manual
1410,1.00000,5.83257,1.69231,0.12454,32.00000,30.00000,manual
1415,1.00000,5.84173,1.75092,0.11966,32.00000,30.00000,manual
1420,1.00000,5.85050,1.79487,0.11966,32.00000,30.00000,manual
1426,1.00000,5.85927,1.70696,0.12454,32.00000,30.00000,manual
1431,1.00000,5.86843,1.76557,0.11477,32.00000,30.00000,manual
1436,1.00000,5.87720,1.75092,0.11966,32.00000,30.00000,manual
1441,1.00000,5.88598,1.70696,0.11966,32.00000,30.00000,manual
1446,1.00000,5.89475,1.79487,0.11966,32.00000,30.00000,manual
1451,1.00000,5.90352,1.69231,0.13431,32.00000,30.00000,manual
1456,1.00000,5.91192,1.66301,0.12943,32.00000,30.00000,manual
1461,1.00000,5.92146,1.82418,0.10989,32.00000,30.00000,manual
1466,1.00000,5.93023,1.76557,0.10989,32.00000,30.00000,manual
1471,1.00000,5.93900,1.75092,0.10989,32.00000,30.00000,manual
1476,1.00000,5.94816,1.75092,0.11966,32.00000,30.00000,manual
1481,1.00000,5.95655,1.66301,0.12454,32.00000,30.00000,manual
1486,1.00000,5.96532,1.72161,0.11966,32.00000,30.00000,manual
1491,1.00000,5.97448,1.82418,0.10501,32.00000,30.00000,manual
1496,1.00000,5.98363,1.79487,0.10989,32.00000,30.00000,manual
1501,1.00000,5.99241,1.75092,0.11477,32.00000,30.00000,manual
1506,1.00000,6.00118,1.72161,0.10989,32.00000,30.00000,manual
1511,1.00000,6.00996,1.70696,0.11477,32.00000,30.00000,manual
1517,1.00000,6.01873,1.70696,0.11966,32.00000,30.00000,manual
1522,1.00000,6.02789,1.82418,0.10989,32.00000,30.00000,manual
1527,1.00000,6.03666,1.72161,0.11966,32.00000,30.00000,manual
1532,1.00000,6.04543,1.70696,0.10989,32.00000,30.00000,manual
1537,1.00000,6.05459,1.80952,0.10501,32.00000,30.00000,manual
1542,1.00000,6.06336,1.72161,0.11477,32.00000,30.00000,manual
1547,1.00000,6.07252,1.78022,0.11477,32.00000,30.00000,manual
1552,1.00000,6.08129,1.79487,0.11477,32.00000,30.00000,manual
1557,1.00000,6.09007,1.67766,0.11966,32.00000,30.00000,manual
1562,1.00000,6.09922,1.78022,0.10989,32.00000,30.00000,manual
1567,1.00000,6.10838,1.79487,0.10501,32.00000,30.00000,manual
1572,1.00000,6.11677,1.72161,0.11477,32.00000,30.00000,manual
1577,1.00000,6.12593,1.76557,0.11966,32.00000,30.00000,manual
1582,1.00000,6.13470,1.73627,0.11477,32.00000,30.00000,manual
1587,1.00000,6.14347,1.70696,0.11477,32.00000,30.00000,manual
1592,1.00000,6.15263,1.78022,0.10989,32.00000,30.00000,manual
1597,1.00000,6.16178,1.83883,0.10501,32.00000,30.00000,manual
1602,1.00000,6.17056,1.72161,0.11966,32.00000,30.00000,manual
1608,1.00000,6.17933,1.73627,0.10989,32.00000,30.00000,manual
1613,1.00000,6.18849,1.78022,0.10989,32.00000,30.00000,manual
1618,1.00000,6.19726,1.72161,0.11477,32.00000,30.00000,manual
1623,1.00000,6.20642,1.82418,0.10501,32.00000,30.00000,manual
1628,1.00000,6.21557,1.79487,0.10989,32.00000,30.00000,manual
1633,1.00000,6.22396,1.67766,0.11477,32.00000,30.00000,manual
1638,1.00000,6.23312,1.80952,0.10501,32.00000,30.00000,manual
1643,1.00000,6.24228,1.78022,0.10989,32.00000,30.00000,manual
1648,1.00000,6.25105,1.73627,0.10989,32.00000,30.00000,manual
1653,1.00000,6.26020,1.82418,0.10989,32.00000,30.00000,manual
1658,1.00000,6.26898,1.73627,0.10989,32.00000,30.00000,manual
1663,1.00000,6.27775,1.72161,0.10501,32.00000,30.00000,manual
1668,1.00000,6.28691,1.82418,0.10012,32.00000,30.00000,manual
1673,1.00000,6.29606,1.79487,0.10501,32.00000,30.00000,manual
1678,1.00000,6.30484,1.73627,0.11966,32.00000,30.00000,manual
1683,1.00000,6.31399,1.75092,0.11477,32.00000,30.00000,manual
1688,1.00000,6.32277,1.76557,0.10501,32.00000,30.00000,manual
1694,1.00000,6.33154,1.72161,0.10989,32.00000,30.00000,manual
1699,1.00000,6.34070,1.82418,0.10501,32.00000,30.00000,manual
1704,1.00000,6.34947,1.75092,0.11477,33.00000,30.00000,manual
1709,1.00000,6.35824,1.69231,0.11477,32.00000,30.00000,manual
1714,1.00000,6.36740,1.79487,0.10501,32.00000,30.00000,manual
1719,1.00000,6.37617,1.73627,0.10989,32.00000,30.00000,manual
1724,1.00000,6.38495,1.76557,0.10989,32.00000,30.00000,manual
1729,1.00000,6.39410,1.82418,0.10989,32.00000,30.00000,manual
1734,1.00000,6.40326,1.70696,0.11477,32.00000,30.00000,manual
1739,1.00000,6.41203,1.75092,0.10012,32.00000,30.00000,manual
1744,1.00000,6.42119,1.80952,0.10012,32.00000,30.00000,manual
1749,1.00000,6.42996,1.73627,0.11477,32.00000,30.00000,manual
1754,1.00000,6.43874,1.78022,0.11477,32.00000,30.00000,manual
1759,1.00000,6.44789,1.76557,0.10989,32.00000,30.00000,manual
1764,1.00000,6.45667,1.72161,0.10501,32.00000,30.00000,manual
1769,1.00000,6.46582,1.75092,0.10012,32.00000,30.00000,manual
1774,1.00000,6.47498,1.80952,0.10501,32.00000,30.00000,manual
1779,1.00000,6.48375,1.73627,0.12454,32.00000,30.00000,manual
1785,1.00000,6.49252,1.72161,0.11966,32.00000,30.00000,manual
1790,1.00000,6.50130,1.78022,0.10501,32.00000,30.00000,manual
1795,1.00000,6.51045,1.70696,0.10989,32.00000,30.00000,manual
1800,1.00000,6.51923,1.80952,0.10501,32.00000,30.00000,manual
1805,1.00000,6.52838,1.82418,0.10989,32.00000,30.00000,manual
1810,1.00000,6.53716,1.67766,0.11966,32.00000,30.00000,manual
1815,1.00000,6.54631,1.79487,0.10501,32.00000,30.00000,manual
1820,1.00000,6.55547,1.79487,0.10012,32.00000,30.00000,manual
1825,1.00000,6.56424,1.73627,0.10989,32.00000,30.00000,manual
1830,1.00000,6.57339,1.82418,0.11477,32.00000,30.00000,manual
1835,1.00000,6.58217,1.73627,0.11477,32.00000,30.00000,manual
1840,1.00000,6.59056,1.67766,0.11477,32.00000,30.00000,manual
1845,1.00000,6.59972,1.78022,0.10501,32.00000,30.00000,manual
1850,1.00000,6.60887,1.78022,0.10989,32.00000,30.00000,manual
1855,1.00000,6.61765,1.75092,0.12454,32.00000,30.00000,manual
1860,1.00000,6.62680,1.76557,0.11966,32.00000,30.00000,manual
1865,1.00000,6.63558,1.75092,0.10989,32.00000,30.00000,manual
1870,1.00000,6.64397,1.67766,0.11966,33.00000,30.00000,manual
1876,1.00000,6.65312,1.79487,0.11966,32.00000,30.00000,manual
1881,1.00000,6.66190,1.76557,0.12943,32.00000,30.00000,manual
1886,1.00000,6.67067,1.67766,0.13431,32.00000,30.00000,manual
1891,1.00000,6.67945,1.78022,0.11477,32.00000,30.00000,manual
1896,1.00000,6.68860,1.75092,0.10989,32.00000,30.00000,manual
1901,1.00000,6.69699,1.69231,0.11966,32.00000,30.00000,manual
1906,1.00000,6.70615,1.79487,0.11966,32.00000,30.00000,manual
1911,1.00000,6.71454,1.70696,0.12943,32.00000,30.00000,manual
1916,1.00000,6.72332,1.67766,0.12943,32.00000,30.00000,manual
1921,1.00000,6.73247,1.79487,0.11477,32.00000,30.00000,manual
1926,1.00000,6.74125,1.75092,0.10989,32.00000,30.00000,manual
1931,1.00000,6.75002,1.73627,0.11966,32.00000,30.00000,manual
1936,1.00000,6.75879,1.76557,0.12454,32.00000,30.00000,manual
1941,1.00000,6.76757,1.69231,0.12454,32.00000,30.00000,manual
1946,1.00000,6.77634,1.69231,0.12943,32.00000,30.00000,manual
1951,1.00000,6.78511,1.78022,0.11477,32.00000,30.00000,manual
1956,1.00000,6.79427,1.79487,0.11477,32.00000,30.00000,manual
1961,1.00000,6.80305,1.69231,0.12454,32.00000,30.00000,manual
1967,1.00000,6.81182,1.75092,0.11966,32.00000,30.00000,manual
1972,1.00000,6.82059,1.72161,0.12454,32.00000,30.00000,manual
1977,1.00000,6.82899,1.70696,0.12454,32.00000,30.00000,manual
1982,1.00000,6.83814,1.80952,0.11966,32.00000,30.00000,manual
1987,1.00000,6.84691,1.72161,0.12943,32.00000,30.00000,manual
1992,1.00000,6.85569,1.72161,0.11966,32.00000,30.00000,manual
1997,1.00000,6.86484,1.78022,0.11966,32.00000,30.00000,manual
2002,1.00000,6.87362,1.69231,0.11966,32.00000,30.00000,manual
2007,1.00000,6.88239,1.73627,0.11966,32.00000,30.00000,manual
2012,1.00000,6.89116,1.76557,0.12454,32.00000,30.00000,manual
2017,1.00000,6.89994,1.69231,0.12943,32.00000,30.00000,manual
2022,1.00000,6.90871,1.75092,0.11966,32.00000,30.00000,manual
2027,1.00000,6.91787,1.79487,0.11477,32.00000,30.00000,manual
2032,1.00000,6.92664,1.75092,0.11477,33.00000,30.00000,manual
2037,1.00000,6.93542,1.73627,0.12454,32.00000,30.00000,manual
2042,1.00000,6.94419,1.72161,0.11966,32.00000,30.00000,manual
2047,1.00000,6.95296,1.72161,0.12454,32.00000,30.00000,manual
2052,1.00000,6.96174,1.72161,0.12454,32.00000,30.00000,manual
2058,1.00000,6.97089,1.80952,0.11477,32.00000,30.00000,manual
2063,1.00000,6.97967,1.70696,0.11966,32.00000,30.00000,manual
2068,1.00000,6.98844,1.70696,0.11966,32.00000,30.00000,manual
2073,1.00000,6.99722,1.78022,0.11477,32.00000,30.00000,manual
2078,1.00000,7.00599,1.66301,0.12454,32.00000,30.00000,manual
2083,1.00000,7.01476,1.76557,0.11966,32.00000,30.00000,manual
2088,1.00000,7.02392,1.79487,0.11477,32.00000,30.00000,manual
2093,1.00000,7.03269,1.67766,0.12454,32.00000,30.00000,manual
2098,1.00000,7.04147,1.75092,0.11477,32.00000,30.00000,manual
2103,1.00000,7.05024,1.75092,0.11477,32.00000,30.00000,manual
2108,1.00000,7.05901,1.67766,0.13431,32.00000,30.00000,manual
2113,1.00000,7.06779,1.73627,0.13431,32.00000,30.00000,manual
2118,1.00000,7.07656,1.73627,0.12454,32.00000,30.00000,manual
2123,1.00000,7.08534,1.70696,0.12454,32.00000,30.00000,manual
2128,1.00000,7.09411,1.72161,0.11477,32.00000,30.00000,manual
2133,1.00000,7.10288,1.78022,0.11477,32.00000,30.00000,manual
2138,1.00000,7.11166,1.70696,0.12943,32.00000,30.00000,manual
2144,1.00000,7.12043,1.70696,0.12943,32.00000,30.00000,manual
2149,1.00000,7.12959,1.76557,0.11477,32.00000,30.00000,manual
2154,1.00000,7.13798,1.69231,0.12454,32.00000,30.00000,manual
2159,1.00000,7.14713,1.79487,0.11477,32.00000,30.00000,manual
2164,1.00000,7.15629,1.79487,0.11966,32.00000,30.00000,manual
2169,1.00000,7.16468,1.63370,0.13431,32.00000,30.00000,manual
2174,1.00000,7.17346,1.75092,0.12454,32.00000,30.00000,manual
2179,1.00000,7.18261,1.76557,0.11966,32.00000,30.00000,manual
2184,1.00000,7.19101,1.69231,0.12454,32.00000,30.00000,manual
2189,1.00000,7.20016,1.82418,0.11477,32.00000,30.00000,manual
2194,1.00000,7.20932,1.78022,0.10989,32.00000,30.00000,manual
2199,1.00000,7.21809,1.67766,0.11477,32.00000,30.00000,manual
2204,1.00000,7.22686,1.73627,0.11477,32.00000,30.00000,manual
2209,1.00000,7.23564,1.75092,0.11477,32.00000,30.00000,manual
2214,1.00000,7.24441,1.70696,0.13431,32.00000,30.00000,manual
2219,1.00000,7.25319,1.76557,0.12943,32.00000,30.00000,manual
2224,1.00000,7.26234,1.78022,0.10989,32.00000,30.00000,manual
2230,1.00000,7.27111,1.70696,0.11477,32.00000,30.00000,manual
2235,1.00000,7.27989,1.73627,0.10989,32.00000,30.00000,manual
2240,1.00000,7.28866,1.76557,0.11966,32.00000,30.00000,manual
2245,1.00000,7.29744,1.66301,0.13431,32.00000,30.00000,manual
2250,1.00000,7.30621,1.76557,0.11966,32.00000,30.00000,manual
2255,1.00000,7.31537,1.79487,0.10989,32.00000,30.00000,manual
2260,1.00000,7.32414,1.72161,0.10989,32.00000,30.00000,manual
2265,1.00000,7.33330,1.83883,0.10501,32.00000,30.00000,manual
2270,1.00000,7.34207,1.73627,0.11966,32.00000,30.00000,manual
2275,1.00000,7.35084,1.63370,0.12943,32.00000,30.00000,manual
2280,1.00000,7.35962,1.78022,0.12454,32.00000,30.00000,manual
2285,1.00000,7.36839,1.75092,0.11477,32.00000,30.00000,manual
2290,1.00000,7.37755,1.75092,0.11477,33.00000,30.00000,manual
2295,1.00000,7.38670,1.80952,0.10989,32.00000,30.00000,manual
2300,1.00000,7.39548,1.73627,0.10989,32.00000,30.00000,manual
2305,1.00000,7.40387,1.70696,0.11966,32.00000,30.00000,manual
2310,1.00000,7.41302,1.76557,0.11477,32.00000,30.00000,manual
2315,1.00000,7.42180,1.78022,0.11477,32.00000,30.00000,manual
2320,1.00000,7.43057,1.70696,0.11966,32.00000,30.00000,manual
2326,1.00000,7.43973,1.80952,0.10501,32.00000,30.00000,manual
2331,1.00000,7.44888,1.73627,0.11477,32.00000,30.00000,manual
2336,1.00000,7.45765,1.70696,0.11477,32.00000,30.00000,manual
2341,1.00000,7.46643,1.78022,0.11477,32.00000,30.00000,manual
2346,1.00000,7.47520,1.72161,0.12454,32.00000,30.00000,manual
2351,1.00000,7.48398,1.73627,0.11477,32.00000,30.00000,manual
2356,1.00000,7.49313,1.83883,0.10501,32.00000,30.00000,manual
2361,1.00000,7.50229,1.73627,0.10501,32.00000,30.00000,manual
2366,1.00000,7.51106,1.76557,0.10501,32.00000,30.00000,manual
2371,1.00000,7.51984,1.76557,0.11477,32.00000,30.00000,manual
2376,1.00000,7.52861,1.69231,0.12454,32.00000,30.00000,manual
2381,1.00000,7.53738,1.75092,0.11966,32.00000,30.00000,manual
2386,1.00000,7.54654,1.78022,0.10989,32.00000,30.00000,manual
2391,1.00000,7.55531,1.75092,0.10989,32.00000,30.00000,manual
2396,1.00000,7.56447,1.76557,0.10989,32.00000,30.00000,manual
2401,1.00000,7.57324,1.75092,0.10989,32.00000,30.00000,manual
2406,1.00000,7.58202,1.70696,0.12454,32.00000,30.00000,manual
2411,1.00000,7.59079,1.70696,0.11966,32.00000,30.00000,manual
2417,1.00000,7.59957,1.79487,0.11966,32.00000,30.00000,manual
2422,1.00000,7.60872,1.72161,0.12454,32.00000,30.00000,manual
2427,1.00000,7.61749,1.78022,0.10989,32.00000,30.00000,manual
2432,1.00000,7.62703,1.82418,0.10012,32.00000,30.00000,manual
2437,1.00000,7.63542,1.67766,0.10989,32.00000,30.00000,manual
2442,1.00000,7.64458,1.79487,0.10501,32.00000,30.00000,manual
2447,1.00000,7.65373,1.79487,0.10989,32.00000,30.00000,manual
2452,1.00000,7.66213,1.70696,0.11477,32.00000,30.00000,manual
2457,1.00000,7.67167,1.82418,0.10012,32.00000,30.00000,manual
2462,1.00000,7.68044,1.78022,0.10012,32.00000,30.00000,manual
2467,1.00000,7.68921,1.70696,0.11966,32.00000,30.00000,manual
2472,1.00000,7.69799,1.76557,0.11477,32.00000,30.00000,manual
2477,1.00000,7.70714,1.75092,0.11477,32.00000,30.00000,manual
2482,1.00000,7.71592,1.73627,0.11966,32.00000,30.00000,manual
2487,1.00000,7.72507,1.79487,0.10989,32.00000,30.00000,manual
2492,1.00000,7.73423,1.80952,0.10012,32.00000,30.00000,manual
2497,1.00000,7.74300,1.72161,0.11477,32.00000,30.00000,manual
2502,1.00000,7.75177,1.75092,0.10989,32.00000,30.00000,manual
2508,1.00000,7.76055,1.78022,0.10989,32.00000,30.00000,manual
2513,1.00000,7.76932,1.69231,0.12454,32.00000,30.00000,manual
2518,1.00000,7.77848,1.80952,0.10989,32.00000,30.00000,manual
2523,1.00000,7.78763,1.78022,0.10989,32.00000,30.00000,manual
2528,1.00000,7.79641,1.72161,0.10989,32.00000,30.00000,manual
2533,1.00000,7.80556,1.82418,0.10012,32.00000,30.00000,manual
2538,1.00000,7.81433,1.75092,0.10989,33.00000,30.00000,manual
2543,1.00000,7.82311,1.73627,0.11477,32.00000,30.00000,manual
2548,1.00000,7.83226,1.80952,0.10501,32.00000,30.00000,manual
2553,1.00000,7.84142,1.75092,0.10989,32.00000,30.00000,manual
2558,1.00000,7.85019,1.75092,0.10501,32.00000,30.00000,manual
2563,1.00000,7.85935,1.79487,0.10501,32.00000,30.00000,manual
2568,1.00000,7.86812,1.76557,0.10501,32.00000,30.00000,manual
2573,1.00000,7.87728,1.75092,0.10989,32.00000,30.00000,manual
2578,1.00000,7.88605,1.76557,0.10501,32.00000,30.00000,manual
2583,1.00000,7.89521,1.76557,0.10989,32.00000,30.00000,manual
2588,1.00000,7.90398,1.75092,0.10501,32.00000,30.00000,manual
2594,1.00000,7.91352,1.82418,0.09524,32.00000,30.00000,manual
2599,1.00000,7.92229,1.75092,0.10989,32.00000,30.00000,manual
2604,1.00000,7.93107,1.73627,0.10501,32.00000,30.00000,manual
2609,1.00000,7.94022,1.82418,0.10501,32.00000,30.00000,manual
2614,1.00000,7.94900,1.70696,0.10989,32.00000,30.00000,manual
2619,1.00000,7.95815,1.79487,0.10501,32.00000,30.00000,manual
2624,1.00000,7.96731,1.80952,0.10012,32.00000,30.00000,manual
2629,1.00000,7.97570,1.69231,0.10989,32.00000,30.00000,manual
2634,1.00000,7.98486,1.80952,0.10501,32.00000,30.00000,manual
2639,1.00000,7.99401,1.78022,0.10501,32.00000,30.00000,manual
2644,1.00000,8.00278,1.72161,0.11477,32.00000,30.00000,manual
2649,1.00000,8.01194,1.79487,0.10989,32.00000,30.00000,manual
2654,1.00000,8.02110,1.78022,0.10012,32.00000,30.00000,manual
2659,1.00000,8.02987,1.75092,0.10501,32.00000,30.00000,manual
2664,1.00000,8.03902,1.79487,0.10012,32.00000,30.00000,manual
2669,1.00000,8.04818,1.80952,0.10012,32.00000,30.00000,manual
2674,1.00000,8.05696,1.72161,0.11477,32.00000,30.00000,manual
2679,1.00000,8.06573,1.78022,0.10501,32.00000,30.00000,manual
2685,1.00000,8.07488,1.80952,0.10012,32.00000,30.00000,manual
2690,1.00000,8.08366,1.73627,0.10501,32.00000,30.00000,manual
2695,1.00000,8.09319,1.82418,0.10012,32.00000,30.00000,manual
2700,1.00000,8.10197,1.76557,0.10501,32.00000,30.00000,manual
2705,1.00000,8.11074,1.70696,0.10501,33.00000,30.00000,manual
2710,1.00000,8.11990,1.83883,0.10012,32.00000,30.00000,manual
2715,1.00000,8.12905,1.75092,0.10501,32.00000,30.00000,manual
2720,1.00000,8.13783,1.75092,0.10501,32.00000,30.00000,manual
2725,1.00000,8.14698,1.80952,0.10012,32.00000,30.00000,manual
2730,1.00000,8.15576,1.73627,0.10501,32.00000,30.00000,manual
2735,1.00000,8.16491,1.76557,0.10989,32.00000,30.00000,manual
2740,1.00000,8.17407,1.80952,0.10012,32.00000,30.00000,manual
2745,1.00000,8.18284,1.75092,0.10989,32.00000,30.00000,manual
2750,1.00000,8.19162,1.75092,0.10989,32.00000,30.00000,manual
2755,1.00000,8.20077,1.78022,0.10501,32.00000,30.00000,manual
2760,1.00000,8.20955,1.76557,0.10501,32.00000,30.00000,manual
2765,1.00000,8.21870,1.75092,0.10501,32.00000,30.00000,manual
2771,1.00000,8.22786,1.82418,0.10012,32.00000,30.00000,manual
2776,1.00000,8.23663,1.73627,0.10989,32.00000,30.00000,manual
2781,1.00000,8.24578,1.76557,0.10501,32.00000,30.00000,manual
2786,1.00000,8.25494,1.82418,0.10501,32.00000,30.00000,manual
2791,1.00000,8.26333,1.69231,0.10989,33.00000,30.00000,manual
2796,1.00000,8.27287,1.80952,0.10501,32.00000,30.00000,manual
2801,1.00000,8.28164,1.80952,0.10012,32.00000,30.00000,manual
2806,1.00000,8.29042,1.70696,0.10989,32.00000,30.00000,manual
2811,1.00000,8.29957,1.80952,0.10501,32.00000,30.00000,manual
2816,1.00000,8.30873,1.78022,0.10012,32.00000,30.00000,manual
2821,1.00000,8.31750,1.72161,0.10501,32.00000,30.00000,manual
2826,1.00000,8.32666,1.80952,0.10012,32.00000,30.00000,manual
2831,1.00000,8.33581,1.79487,0.10012,32.00000,30.00000,manual
2836,1.00000,8.34459,1.75092,0.10501,32.00000,30.00000,manual
2841,1.00000,8.35374,1.79487,0.10012,32.00000,30.00000,manual
2846,1.00000,8.36290,1.79487,0.10012,32.00000,30.00000,manual
2851,1.00000,8.37167,1.70696,0.10989,32.00000,30.00000,manual
2857,1.00000,8.38045,1.78022,0.10501,32.00000,30.00000,manual
2862,1.00000,8.38960,1.82418,0.10012,32.00000,30.00000,manual
2867,1.00000,8.39837,1.72161,0.10501,32.00000,30.00000,manual
2872,1.00000,8.40791,1.82418,0.09524,32.00000,30.00000,manual
2877,1.00000,8.41669,1.75092,0.10989,32.00000,30.00000,manual
2882,1.00000,8.42546,1.70696,0.10989,32.00000,30.00000,manual
2887,1.00000,8.43461,1.82418,0.10501,32.00000,30.00000,manual
2892,1.00000,8.44339,1.75092,0.10989,32.00000,30.00000,manual
2897,1.00000,8.45255,1.78022,0.10989,32.00000,30.00000,manual
2902,1.00000,8.46170,1.80952,0.10012,32.00000,30.00000,manual
2907,1.00000,8.47047,1.73627,0.10501,32.00000,30.00000,manual
2912,1.00000,8.47963,1.76557,0.10501,32.00000,30.00000,manual
2917,1.00000,8.48840,1.80952,0.10501,32.00000,30.00000,manual
2922,1.00000,8.49756,1.76557,0.10989,32.00000,30.00000,manual
2927,1.00000,8.50633,1.76557,0.10989,32.00000,30.00000,manual
2932,1.00000,8.51549,1.78022,0.10012,32.00000,30.00000,manual
2937,1.00000,8.52464,1.76557,0.10501,32.00000,30.00000,manual
2942,1.00000,8.53342,1.73627,0.10501,32.00000,30.00000,manual
2948,1.00000,8.54257,1.80952,0.10501,32.00000,30.00000,manual
2953,1.00000,8.55135,1.73627,0.11477,32.00000,30.00000,manual
2958,1.00000,8.56050,1.75092,0.10501,32.00000,30.00000,manual
2963,1.00000,8.56966,1.83883,0.10012,32.00000,30.00000,manual
2968,1.00000,8.57843,1.70696,0.10989,32.00000,30.00000,manual
2973,1.00000,8.58721,1.80952,0.10501,32.00000,30.00000,manual
2978,1.00000,8.59636,1.76557,0.10501,32.00000,30.00000,manual
2983,1.00000,8.60475,1.67766,0.11477,32.00000,30.00000,manual
2988,1.00000,8.61391,1.80952,0.10501,32.00000,30.00000,manual
2993,1.00000,8.62306,1.78022,0.10501,32.00000,30.00000,manual
2998,1.00000,8.63184,1.72161,0.10989,32.00000,30.00000,manual
3003,1.00000,8.64099,1.79487,0.10501,32.00000,30.00000,manual
3008,1.00000,8.64977,1.75092,0.10501,32.00000,30.00000,manual
3013,1.00000,8.65854,1.73627,0.11477,32.00000,30.00000,manual
3018,1.00000,8.66770,1.78022,0.10989,32.00000,30.00000,manual
3023,1.00000,8.67685,1.79487,0.10501,32.00000,30.00000,manual
3028,1.00000,8.68563,1.72161,0.11477,32.00000,30.00000,manual
3034,1.00000,8.69478,1.78022,0.10012,32.00000,30.00000,manual
3039,1.00000,8.70356,1.79487,0.10501,32.00000,30.00000,manual
3044,1.00000,8.71233,1.70696,0.11477,32.00000,30.00000,manual
3049,1.00000,8.72149,1.79487,0.10989,32.00000,30.00000,manual
3054,1.00000,8.73026,1.73627,0.11477,32.00000,30.00000,manual
3059,1.00000,8.73903,1.69231,0.11477,32.00000,30.00000,manual
3064,1.00000,8.74819,1.82418,0.10989,32.00000,30.00000,manual
3069,1.00000,8.75696,1.73627,0.11966,32.00000,30.00000,manual
3074,1.00000,8.76574,1.70696,0.12454,32.00000,30.00000,manual
3079,1.00000,8.77489,1.78022,0.11966,32.00000,30.00000,manual
3084,1.00000,8.78328,1.70696,0.11966,32.00000,30.00000,manual
3089,1.00000,8.79244,1.75092,0.11477,32.00000,30.00000,manual
3094,1.00000,8.80121,1.80952,0.10989,32.00000,30.00000,manual
3099,1.00000,8.81037,1.75092,0.11477,32.00000,30.00000,manual
3104,1.00000,8.81914,1.70696,0.11966,32.00000,30.00000,manual
3109,1.00000,8.82792,1.73627,0.11966,32.00000,30.00000,manual
3114,1.00000,8.83669,1.72161,0.11966,32.00000,30.00000,manual
3119,1.00000,8.84546,1.70696,0.12454,32.00000,30.00000,manual
3125,1.00000,8.85424,1.79487,0.11966,32.00000,30.00000,manual
3130,1.00000,8.86301,1.75092,0.12943,32.00000,30.00000,manual
3135,1.00000,8.87179,1.70696,0.11477,33.00000,30.00000,manual
3140,1.00000,8.88094,1.79487,0.10989,32.00000,30.00000,manual
3145,1.00000,8.88972,1.69231,0.12943,32.00000,30.00000,manual
3150,1.00000,8.89811,1.70696,0.12943,32.00000,30.00000,manual
3155,1.00000,8.90726,1.78022,0.12454,32.00000,30.00000,manual
3160,1.00000,8.91604,1.70696,0.11966,32.00000,30.00000,manual
3165,1.00000,8.92519,1.76557,0.10989,32.00000,30.00000,manual
3170,1.00000,8.93435,1.79487,0.10989,32.00000,30.00000,manual
3175,1.00000,8.94274,1.67766,0.12454,32.00000,30.00000,manual
3180,1.00000,8.95113,1.69231,0.13431,32.00000,30.00000,manual
3185,1.00000,8.95991,1.72161,0.12943,32.00000,30.00000,manual
3190,1.00000,8.96906,1.73627,0.11966,32.00000,30.00000,manual
3195,1.00000,8.97784,1.76557,0.10989,32.00000,30.00000,manual
3200,1.00000,8.98699,1.80952,0.10501,32.00000,30.00000,manual
3205,1.00000,8.99577,1.70696,0.12454,32.00000,30.00000,manual
3210,1.00000,9.00416,1.66301,0.12943,32.00000,30.00000,manual
3216,1.00000,9.01331,1.75092,0.12454,32.00000,30.00000,manual
3221,1.00000,9.02171,1.69231,0.12943,32.00000,30.00000,manual
3226,1.00000,9.03086,1.76557,0.11966,32.00000,30.00000,manual
3231,1.00000,9.04002,1.82418,0.11477,32.00000,30.00000,manual
3236,1.00000,9.04841,1.67766,0.11966,32.00000,30.00000,manual
3241,1.00000,9.05757,1.75092,0.10989,32.00000,30.00000,manual
3246,1.00000,9.06634,1.76557,0.11477,32.00000,30.00000,manual
3251,1.00000,9.07473,1.66301,0.12943,32.00000,30.00000,manual
3256,1.00000,9.08389,1.78022,0.12454,32.00000,30.00000,manual
3261,1.00000,9.09304,1.78022,0.11477,32.00000,30.00000,manual
3266,1.00000,9.10182,1.72161,0.11477,32.00000,30.00000,manual
3271,1.00000,9.11059,1.78022,0.10989,32.00000,30.00000,manual
3276,1.00000,9.11975,1.75092,0.10989,32.00000,30.00000,manual
3281,1.00000,9.12814,1.67766,0.12943,32.00000,30.00000,manual
3286,1.00000,9.13691,1.72161,0.12943,32.00000,30.00000,manual
3291,1.00000,9.14607,1.78022,0.11477,32.00000,30.00000,manual
3296,1.00000,9.15484,1.76557,0.11477,32.00000,30.00000,manual
3302,1.00000,9.16400,1.78022,0.10501,32.00000,30.00000,manual
3307,1.00000,9.17315,1.76557,0.11477,32.00000,30.00000,manual
3312,1.00000,9.18116,1.61905,0.13431,32.00000,30.00000,manual
3317,1.00000,9.18994,1.73627,0.12454,32.00000,30.00000,manual
3322,1.00000,9.19909,1.80952,0.11477,32.00000,30.00000,manual
3327,1.00000,9.20786,1.72161,0.11477,32.00000,30.00000,manual
3332,1.00000,9.21702,1.82418,0.10501,32.00000,30.00000,manual
3337,1.00000,9.22618,1.76557,0.10989,32.00000,30.00000,manual
3342,1.00000,9.23457,1.64835,0.11966,32.00000,30.00000,manual
3347,1.00000,9.24372,1.79487,0.11966,32.00000,30.00000,manual
3352,1.00000,9.25250,1.75092,0.11966,32.00000,30.00000,manual
3357,1.00000,9.26127,1.72161,0.11966,32.00000,30.00000,manual
3362,1.00000,9.27005,1.79487,0.11477,32.00000,30.00000,manual
3367,1.00000,9.27920,1.76557,0.10989,32.00000,30.00000,manual
3372,1.00000,9.28798,1.72161,0.11966,32.00000,30.00000,manual
3377,1.00000,9.29675,1.76557,0.11477,32.00000,30.00000,manual
3382,1.00000,9.30590,1.76557,0.11966,32.00000,30.00000,manual
3387,1.00000,9.31430,1.67766,0.12943,32.00000,30.00000,manual
3393,1.00000,9.32345,1.76557,0.11477,33.00000,30.00000,manual
3398,1.00000,9.33261,1.79487,0.10989,32.00000,30.00000,manual
3403,1.00000,9.34138,1.72161,0.11477,32.00000,30.00000,manual
3408,1.00000,9.35016,1.76557,0.11477,32.00000,30.00000,manual
3413,1.00000,9.35893,1.70696,0.12454,32.00000,30.00000,manual
3418,1.00000,9.36732,1.67766,0.12454,32.00000,30.00000,manual
3423,1.00000,9.37686,1.83883,0.10989,32.00000,30.00000,manual
3428,1.00000,9.38563,1.76557,0.10989,32.00000,30.00000,manual
3433,1.00000,9.39441,1.75092,0.10501,32.00000,30.00000,manual
3438,1.00000,9.40356,1.76557,0.11477,32.00000,30.00000,manual
3443,1.00000,9.41195,1.67766,0.12454,32.00000,30.00000,manual
3448,1.00000,9.42073,1.72161,0.11966,32.00000,30.00000,manual
3453,1.00000,9.42989,1.80952,0.11966,32.00000,30.00000,manual
3458,1.00000,9.43866,1.75092,0.11966,32.00000,30.00000,manual
3463,1.00000,9.44743,1.73627,0.11966,32.00000,30.00000,manual
3468,1.00000,9.45659,1.75092,0.10501,32.00000,30.00000,manual
3473,1.00000,9.46536,1.75092,0.10989,32.00000,30.00000,manual
3478,1.00000,9.47414,1.70696,0.11966,32.00000,30.00000,manual
3484,1.00000,9.48291,1.76557,0.11966,32.00000,30.00000,manual
3489,1.00000,9.49168,1.70696,0.12454,32.00000,30.00000,manual
3494,1.00000,9.50046,1.73627,0.11477,32.00000,30.00000,manual
3499,1.00000,9.50999,1.83883,0.10012,32.00000,30.00000,manual
3504,1.00000,9.51839,1.70696,0.11966,32.00000,30.00000,manual
3509,1.00000,9.52716,1.72161,0.11966,32.00000,30.00000,manual
3514,1.00000,9.53594,1.73627,0.12454,32.00000,30.00000,manual
3519,1.00000,9.54471,1.66301,0.12943,32.00000,30.00000,manual
3524,1.00000,9.55348,1.76557,0.10989,32.00000,30.00000,manual
3529,1.00000,9.56302,1.82418,0.10501,32.00000,30.00000,manual
3534,1.00000,9.57179,1.73627,0.11477,32.00000,30.00000,manual
3539,1.00000,9.58057,1.72161,0.11966,32.00000,30.00000,manual
3544,1.00000,9.58934,1.70696,0.11966,32.00000,30.00000,manual
3549,1.00000,9.59812,1.70696,0.11966,32.00000,30.00000,manual
3554,1.00000,9.60689,1.75092,0.11477,32.00000,30.00000,manual
3559,1.00000,9.61604,1.80952,0.10989,32.00000,30.00000,manual
3564,1.00000,9.62482,1.73627,0.11966,32.00000,30.00000,manual
3570,1.00000,9.63397,1.72161,0.11966,32.00000,30.00000,manual
3575,1.00000,9.64275,1.76557,0.11477,32.00000,30.00000,manual
3580,1.00000,9.65114,1.67766,0.12943,32.00000,30.00000,manual
3585,1.00000,9.66030,1.76557,0.11966,32.00000,30.00000,manual
3590,1.00000,9.66907,1.79487,0.12454,32.00000,30.00000,manual
3595,1.00000,9.67784,1.69231,0.11966,32.00000,30.00000,manual
3600,1.00000,9.68700,1.82418,0.09524,32.00000,30.00000,manual
3605,1.00000,9.69615,1.79487,0.10012,32.00000,30.00000,manual
3610,1.00000,9.70493,1.67766,0.11966,32.00000,30.00000,manual
3615,1.00000,9.71370,1.75092,0.12943,32.00000,30.00000,manual
3620,1.00000,9.72248,1.73627,0.12454,32.00000,30.00000,manual
3625,1.00000,9.73125,1.72161,0.10989,32.00000,30.00000,manual
3630,1.00000,9.74079,1.83883,0.09035,32.00000,30.00000,manual
3635,1.00000,9.74956,1.80952,0.10012,32.00000,30.00000,manual
3640,1.00000,9.75834,1.70696,0.12454,32.00000,30.00000,manual
3645,1.00000,9.76711,1.72161,0.12454,32.00000,30.00000,manual
3650,1.00000,9.77588,1.76557,0.10989,32.00000,30.00000,manual
3655,1.00000,9.78504,1.75092,0.10989,32.00000,30.00000,manual
3661,1.00000,9.79419,1.82418,0.10012,32.00000,30.00000,manual
3666,1.00000,9.80335,1.82418,0.10501,32.00000,30.00000,manual
3671,1.00000,9.81174,1.66301,0.11477,32.00000,30.00000,manual
3676,1.00000,9.82090,1.76557,0.10501,32.00000,30.00000,manual
3681,1.00000,9.82967,1.76557,0.10989,32.00000,30.00000,manual
3686,1.00000,9.83845,1.72161,0.11477,32.00000,30.00000,manual
3691,1.00000,9.84760,1.82418,0.11477,32.00000,30.00000,manual
3696,1.00000,9.85637,1.73627,0.11966,32.00000,30.00000,manual
3701,1.00000,9.86515,1.70696,0.10989,32.00000,30.00000,manual
3706,1.00000,9.87430,1.80952,0.10989,32.00000,30.00000,manual
3711,1.00000,9.88308,1.72161,0.11966,32.00000,30.00000,manual
3716,1.00000,9.89185,1.72161,0.12454,32.00000,30.00000,manual
3721,1.00000,9.90101,1.78022,0.11477,32.00000,30.00000,manual
3726,1.00000,9.90978,1.76557,0.10989,32.00000,30.00000,manual
3731,1.00000,9.91894,1.78022,0.10501,32.00000,30.00000,manual
3736,1.00000,9.92809,1.80952,0.10012,32.00000,30.00000,manual
3741,1.00000,9.93687,1.73627,0.11477,32.00000,30.00000,manual
3747,1.00000,9.94564,1.66301,0.12454,32.00000,30.00000,manual
3752,1.00000,9.95441,1.78022,0.11477,32.00000,30.00000,manual
3757,1.00000,9.96357,1.78022,0.10501,32.00000,30.00000,manual
3762,1.00000,9.97272,1.79487,0.10012,32.00000,30.00000,manual
3767,1.00000,9.98188,1.80952,0.10501,32.00000,30.00000,manual
3772,1.00000,9.99027,1.66301,0.12454,32.00000,30.00000,manual
3777,1.00000,9.99905,1.73627,0.11966,32.00000,30.00000,manual
3782,1.00000,10.00820,1.80952,0.10501,32.00000,30.00000,manual
3787,1.00000,10.01698,1.72161,0.11477,32.00000,30.00000,manual
3792,1.00000,10.02613,1.80952,0.10989,32.00000,30.00000,manual
3797,1.00000,10.03529,1.76557,0.11477,32.00000,30.00000,manual
3802,1.00000,10.04368,1.69231,0.11477,32.00000,30.00000,manual
3807,1.00000,10.05283,1.79487,0.10501,32.00000,30.00000,manual
3812,1.00000,10.06199,1.78022,0.10501,32.00000,30.00000,manual
3817,1.00000,10.07038,1.70696,0.11966,33.00000,30.00000,manual
3822,1.00000,10.07954,1.75092,0.12454,32.00000,30.00000,manual
3827,1.00000,10.08869,1.78022,0.10989,32.00000,30.00000,manual
3832,1.00000,10.09747,1.73627,0.10989,32.00000,30.00000,manual
3838,1.00000,10.10662,1.76557,0.10501,32.00000,30.00000,manual
3843,1.00000,10.11540,1.78022,0.10989,32.00000,30.00000,manual
3848,1.00000,10.12379,1.63370,0.12943,32.00000,30.00000,manual
3853,1.00000,10.13294,1.76557,0.11477,32.00000,30.00000,manual
3858,1.00000,10.14210,1.82418,0.10012,32.00000,30.00000,manual
3863,1.00000,10.15087,1.73627,0.10501,32.00000,30.00000,manual
3868,1.00000,10.16003,1.80952,0.10501,32.00000,30.00000,manual
3873,1.00000,10.16880,1.73627,0.11966,32.00000,30.00000,manual
3878,1.00000,10.17719,1.66301,0.12454,32.00000,30.00000,manual
3883,1.00000,10.18635,1.80952,0.10989,32.00000,30.00000,manual
3888,1.00000,10.19551,1.79487,0.10501,32.00000,30.00000,manual
3893,1.00000,10.20428,1.75092,0.10989,32.00000,30.00000,manual
3898,1.00000,10.21344,1.78022,0.10989,32.00000,30.00000,manual
3903,1.00000,10.22221,1.72161,0.10989,32.00000,30.00000,manual
3908,1.00000,10.23098,1.72161,0.11477,32.00000,30.00000,manual
3913,1.00000,10.24014,1.80952,0.10989,32.00000,30.00000,manual
3918,1.00000,10.24929,1.79487,0.10989,32.00000,30.00000,manual
3924,1.00000,10.25769,1.70696,0.11966,32.00000,30.00000,manual
3929,1.00000,10.26684,1.79487,0.10501,32.00000,30.00000,manual
3934,1.00000,10.27600,1.78022,0.10501,32.00000,30.00000,manual
3939,1.00000,10.28515,1.75092,0.10501,32.00000,30.00000,manual
3944,1.00000,10.29393,1.80952,0.10501,32.00000,30.00000,manual
3949,1.00000,10.30270,1.70696,0.12454,32.00000,30.00000,manual
3954,1.00000,10.31148,1.72161,0.11477,32.00000,30.00000,manual
3959,1.00000,10.32101,1.83883,0.10012,32.00000,30.00000,manual
3964,1.00000,10.32979,1.76557,0.10501,32.00000,30.00000,manual
3969,1.00000,10.33894,1.79487,0.10501,32.00000,30.00000,manual
3974,1.00000,10.34772,1.76557,0.11477,32.00000,30.00000,manual
3979,1.00000,10.35649,1.69231,0.11477,32.00000,30.00000,manual
3984,1.00000,10.36526,1.78022,0.10989,32.00000,30.00000,manual
3989,1.00000,10.37480,1.82418,0.10012,32.00000,30.00000,manual
3994,1.00000,10.38357,1.78022,0.10989,33.00000,30.00000,manual
3999,1.00000,10.39235,1.75092,0.10989,32.00000,30.00000,manual
4004,1.00000,10.40150,1.76557,0.10012,32.00000,30.00000,manual
4009,1.00000,10.41028,1.75092,0.10989,32.00000,30.00000,manual
4015,1.00000,10.41943,1.76557,0.10501,32.00000,30.00000,manual
4020,1.00000,10.42859,1.82418,0.10012,32.00000,30.00000,manual
4025,1.00000,10.43736,1.67766,0.11966,32.00000,30.00000,manual
4030,1.00000,10.44614,1.76557,0.10989,32.00000,30.00000,manual
4035,1.00000,10.45529,1.82418,0.09524,32.00000,30.00000,manual
4040,1.00000,10.46407,1.73627,0.10501,32.00000,30.00000,manual
4045,1.00000,10.47322,1.80952,0.10501,32.00000,30.00000,manual
4050,1.00000,10.48238,1.75092,0.11477,32.00000,30.00000,manual
4055,1.00000,10.49077,1.66301,0.11477,32.00000,30.00000,manual
4060,1.00000,10.50031,1.83883,0.10012,32.00000,30.00000,manual
4065,1.00000,10.50908,1.80952,0.10012,32.00000,30.00000,manual
4070,1.00000,10.51823,1.75092,0.10989,32.00000,30.00000,manual
4075,1.00000,10.52701,1.78022,0.10989,32.00000,30.00000,manual
4080,1.00000,10.53578,1.73627,0.10501,32.00000,30.00000,manual
4085,1.00000,10.54494,1.73627,0.10989,32.00000,30.00000,manual
4090,1.00000,10.55409,1.82418,0.10501,32.00000,30.00000,manual
4095,1.00000,10.56325,1.80952,0.10012,32.00000,30.00000,manual
4100,1.00000,10.57202,1.69231,0.10989,32.00000,30.00000,manual
4106,1.00000,10.58080,1.78022,0.10501,32.00000,30.00000,manual
4111,1.00000,10.58995,1.79487,0.10012,32.00000,30.00000,manual
4116,1.00000,10.59873,1.76557,0.10012,32.00000,30.00000,manual
4121,1.00000,10.60788,1.82418,0.10012,32.00000,30.00000,manual
4126,1.00000,10.61704,1.72161,0.11477,32.00000,30.00000,manual
4131,1.00000,10.62581,1.72161,0.10501,32.00000,30.00000,manual
4136,1.00000,10.63497,1.82418,0.10012,32.00000,30.00000,manual
4141,1.00000,10.64374,1.75092,0.10501,32.00000,30.00000,manual
4146,1.00000,10.65289,1.78022,0.10012,32.00000,30.00000,manual
4151,1.00000,10.66167,1.78022,0.10989,32.00000,30.00000,manual
4156,1.00000,10.67044,1.70696,0.11477,32.00000,30.00000,manual
4161,1.00000,10.67960,1.78022,0.10501,32.00000,30.00000,manual
4166,1.00000,10.68875,1.80952,0.10012,32.00000,30.00000,manual
4171,1.00000,10.69753,1.75092,0.10989,32.00000,30.00000,manual
4176,1.00000,10.70668,1.73627,0.11477,32.00000,30.00000,manual
4181,1.00000,10.71546,1.75092,0.10501,32.00000,30.00000,manual
4186,1.00000,10.72423,1.75092,0.10989,32.00000,30.00000,manual
4191,1.00000,10.73339,1.76557,0.10501,32.00000,30.00000,manual
4197,1.00000,10.74254,1.80952,0.10012,32.00000,30.00000,manual
4202,1.00000,10.75093,1.66301,0.12454,32.00000,30.00000,manual
4207,1.00000,10.76009,1.75092,0.10989,32.00000,30.00000,manual
4212,1.00000,10.76886,1.80952,0.10012,32.00000,30.00000,manual
4217,1.00000,10.77764,1.70696,0.10989,32.00000,30.00000,manual
4222,1.00000,10.78679,1.80952,0.10012,32.00000,30.00000,manual
4227,1.00000,10.79595,1.76557,0.11477,32.00000,30.00000,manual
4232,1.00000,10.80434,1.66301,0.11966,32.00000,30.00000,manual
4237,1.00000,10.81350,1.80952,0.10989,32.00000,30.00000,manual
4242,1.00000,10.82265,1.79487,0.10989,32.00000,30.00000,manual
4247,1.00000,10.83143,1.72161,0.11966,33.00000,30.00000,manual
4252,1.00000,10.84020,1.76557,0.11477,32.00000,30.00000,manual
4257,1.00000,10.84897,1.72161,0.11477,32.00000,30.00000,manual
4262,1.00000,10.85775,1.72161,0.11477,32.00000,30.00000,manual
4267,1.00000,10.86690,1.79487,0.10501,32.00000,30.00000,manual
4272,1.00000,10.87606,1.80952,0.10989,32.00000,30.00000,manual
4277,1.00000,10.88445,1.67766,0.12454,32.00000,30.00000,manual
4283,1.00000,10.89323,1.72161,0.11966,32.00000,30.00000,manual
4288,1.00000,10.90238,1.76557,0.10989,32.00000,30.00000,manual
4293,1.00000,10.91116,1.72161,0.11966,32.00000,30.00000,manual
4298,1.00000,10.91993,1.82418,0.11477,32.00000,30.00000,manual
4303,1.00000,10.92870,1.72161,0.12454,32.00000,30.00000,manual
4308,1.00000,10.93710,1.61905,0.12943,32.00000,30.00000,manual
4313,1.00000,10.94625,1.76557,0.11966,32.00000,30.00000,manual
4318,1.00000,10.95502,1.75092,0.12943,32.00000,30.00000,manual
4323,1.00000,10.96380,1.72161,0.12943,32.00000,30.00000,manual
4328,1.00000,10.97257,1.78022,0.12454,32.00000,30.00000,manual
4333,1.00000,10.98135,1.69231,0.12454,32.00000,30.00000,manual
4338,1.00000,10.99012,1.67766,0.11966,32.00000,30.00000,manual
4343,1.00000,10.99889,1.75092,0.12454,32.00000,30.00000,manual
4348,1.00000,11.00767,1.73627,0.13431,32.00000,30.00000,manual
4353,1.00000,11.01606,1.66301,0.14896,32.00000,30.00000,manual
4358,1.00000,11.02483,1.70696,0.14408,32.00000,30.00000,manual
4363,1.00000,11.03361,1.75092,0.12454,32.00000,30.00000,manual
4368,1.00000,11.04200,1.69231,0.12454,32.00000,30.00000,manual
4374,1.00000,11.05116,1.75092,0.12454,32.00000,30.00000,manual
4379,1.00000,11.05955,1.73627,0.13919,32.00000,30.00000,manual
4384,1.00000,11.06794,1.60440,0.15385,32.00000,30.00000,manual
4389,1.00000,11.07671,1.72161,0.13431,32.00000,30.00000,manual
4394,1.00000,11.08549,1.76557,0.12454,32.00000,30.00000,manual
4399,1.00000,11.09426,1.69231,0.12943,32.00000,30.00000,manual
4404,1.00000,11.10304,1.78022,0.12943,32.00000,30.00000,manual
4409,1.00000,11.11143,1.67766,0.13919,32.00000,30.00000,manual
4414,1.00000,11.11982,1.58974,0.14896,32.00000,30.00000,manual
4419,1.00000,11.12860,1.75092,0.13919,32.00000,30.00000,manual
4424,1.00000,11.13737,1.73627,0.13431,32.00000,30.00000,manual
4429,1.00000,11.14614,1.70696,0.13431,32.00000,30.00000,manual
4434,1.00000,11.15492,1.76557,0.12943,32.00000,30.00000,manual
4439,1.00000,11.16369,1.69231,0.12943,32.00000,30.00000,manual
4444,1.00000,11.17208,1.67766,0.13431,32.00000,30.00000,manual
4449,1.00000,11.18086,1.72161,0.13431,32.00000,30.00000,manual
4454,1.00000,11.18963,1.72161,0.14408,32.00000,30.00000,manual
4459,1.00000,11.19802,1.64835,0.15385,32.00000,30.00000,manual
4465,1.00000,11.20680,1.72161,0.13431,32.00000,30.00000,manual
4470,1.00000,11.21557,1.76557,0.11477,32.00000,30.00000,manual
4475,1.00000,11.22396,1.67766,0.12943,32.00000,30.00000,manual
4480,1.00000,11.23312,1.75092,0.13431,32.00000,30.00000,manual
4485,1.00000,11.24151,1.67766,0.14408,32.00000,30.00000,manual
4490,1.00000,11.24990,1.57509,0.15385,32.00000,30.00000,manual
4495,1.00000,11.25868,1.76557,0.12943,33.00000,30.00000,manual
4500,1.00000,11.26745,1.76557,0.12454,32.00000,30.00000,manual
4505,1.00000,11.27623,1.69231,0.13431,32.00000,30.00000,manual
4510,1.00000,11.28500,1.76557,0.13919,32.00000,30.00000,manual
4515,1.00000,11.29339,1.66301,0.14408,32.00000,30.00000,manual
4520,1.00000,11.30179,1.60440,0.14896,32.00000,30.00000,manual
4525,1.00000,11.31056,1.73627,0.13919,32.00000,30.00000,manual
4530,1.00000,11.31933,1.76557,0.12454,32.00000,30.00000,manual
4535,1.00000,11.32811,1.72161,0.13431,32.00000,30.00000,manual
4540,1.00000,11.33688,1.72161,0.13431,32.00000,30.00000,manual
4545,1.00000,11.34566,1.69231,0.12943,32.00000,30.00000,manual
4550,1.00000,11.35405,1.63370,0.14408,32.00000,30.00000,manual
4556,1.00000,11.36244,1.67766,0.14408,32.00000,30.00000,manual
4561,1.00000,11.37121,1.75092,0.13919,32.00000,30.00000,manual
4566,1.00000,11.37961,1.61905,0.15385,32.00000,30.00000,manual
4571,1.00000,11.38838,1.73627,0.13431,32.00000,30.00000,manual
4576,1.00000,11.39754,1.78022,0.12454,32.00000,30.00000,manual
4581,1.00000,11.40593,1.63370,0.14408,32.00000,30.00000,manual
4586,1.00000,11.41432,1.70696,0.14408,32.00000,30.00000,manual
4591,1.00000,11.42309,1.67766,0.15385,32.00000,30.00000,manual
4596,1.00000,11.43110,1.60440,0.15873,32.00000,30.00000,manual
4601,1.00000,11.44026,1.76557,0.13431,32.00000,30.00000,manual
4606,1.00000,11.44903,1.78022,0.12454,32.00000,30.00000,manual
4611,1.00000,11.45781,1.72161,0.13431,32.00000,30.00000,manual
4616,1.00000,11.46658,1.73627,0.13431,32.00000,30.00000,manual
4621,1.00000,11.47498,1.64835,0.13919,32.00000,30.00000,manual
4626,1.00000,11.48337,1.63370,0.14896,32.00000,30.00000,manual
4631,1.00000,11.49214,1.70696,0.13431,32.00000,30.00000,manual
4636,1.00000,11.50130,1.79487,0.12943,32.00000,30.00000,manual
4642,1.00000,11.51007,1.70696,0.13919,32.00000,30.00000,manual
4647,1.00000,11.51846,1.67766,0.13919,32.00000,30.00000,manual
4652,1.00000,11.52724,1.69231,0.12943,32.00000,30.00000,manual
4657,1.00000,11.53525,1.58974,0.14896,32.00000,30.00000,manual
4662,1.00000,11.54402,1.70696,0.14408,32.00000,30.00000,manual
4667,1.00000,11.55280,1.79487,0.13919,33.00000,30.00000,manual
4672,1.00000,11.56157,1.67766,0.14408,33.00000,30.00000,manual
4677,1.00000,11.57034,1.72161,0.12454,32.00000,30.00000,manual
4682,1.00000,11.57912,1.75092,0.11966,32.00000,30.00000,manual
4687,1.00000,11.58751,1.63370,0.13919,32.00000,30.00000,manual
4692,1.00000,11.59628,1.70696,0.14896,32.00000,30.00000,manual
4697,1.00000,11.60506,1.70696,0.14896,32.00000,30.00000,manual
4702,1.00000,11.61345,1.67766,0.14408,32.00000,30.00000,manual
4707,1.00000,11.62222,1.73627,0.12454,32.00000,30.00000,manual
4712,1.00000,11.63138,1.76557,0.11966,32.00000,30.00000,manual
4717,1.00000,11.63977,1.70696,0.13431,32.00000,30.00000,manual
4722,1.00000,11.64816,1.66301,0.13919,32.00000,30.00000,manual
4728,1.00000,11.65694,1.67766,0.13919,32.00000,30.00000,manual
4733,1.00000,11.66533,1.72161,0.13431,32.00000,30.00000,manual
4738,1.00000,11.67449,1.76557,0.11966,32.00000,30.00000,manual
4743,1.00000,11.68364,1.80952,0.11477,32.00000,30.00000,manual
4748,1.00000,11.69204,1.64835,0.13919,32.00000,30.00000,manual
4753,1.00000,11.70043,1.63370,0.13431,32.00000,30.00000,manual
4758,1.00000,11.70920,1.72161,0.13431,32.00000,30.00000,manual
4763,1.00000,11.71798,1.67766,0.13919,32.00000,30.00000,manual
4768,1.00000,11.72675,1.76557,0.13431,32.00000,30.00000,manual
4773,1.00000,11.73552,1.79487,0.12943,32.00000,30.00000,manual
4778,1.00000,11.74430,1.64835,0.13431,32.00000,30.00000,manual
4783,1.00000,11.75307,1.70696,0.12454,32.00000,30.00000,manual
4788,1.00000,11.76146,1.72161,0.12454,32.00000,30.00000,manual
4793,1.00000,11.76986,1.66301,0.14896,32.00000,30.00000,manual
4798,1.00000,11.77863,1.72161,0.14896,32.00000,30.00000,manual
4803,1.00000,11.78779,1.76557,0.13431,32.00000,30.00000,manual
4808,1.00000,11.79656,1.72161,0.11966,32.00000,30.00000,manual
4813,1.00000,11.80533,1.73627,0.10989,32.00000,30.00000,manual
4818,1.00000,11.81411,1.76557,0.11477,32.00000,30.00000,manual
4824,1.00000,11.82288,1.69231,0.13919,32.00000,30.00000,manual
4829,1.00000,11.83127,1.64835,0.14408,32.00000,30.00000,manual
4834,1.00000,11.84005,1.75092,0.12454,32.00000,30.00000,manual
4839,1.00000,11.84882,1.72161,0.11966,33.00000,30.00000,manual
4844,1.00000,11.85798,1.79487,0.10989,32.00000,30.00000,manual
4849,1.00000,11.86675,1.82418,0.11477,32.00000,30.00000,manual
4854,1.00000,11.87552,1.64835,0.13431,32.00000,30.00000,manual
4859,1.00000,11.88392,1.67766,0.13431,32.00000,30.00000,manual
4864,1.00000,11.89307,1.76557,0.12454,32.00000,30.00000,manual
4869,1.00000,11.90146,1.72161,0.12454,32.00000,30.00000,manual
4874,1.00000,11.91062,1.79487,0.11966,32.00000,30.00000,manual
4879,1.00000,11.91939,1.76557,0.11966,32.00000,30.00000,manual
4884,1.00000,11.92817,1.67766,0.12454,32.00000,30.00000,manual
4889,1.00000,11.93694,1.72161,0.12454,32.00000,30.00000,manual
4894,1.00000,11.94571,1.72161,0.12454,32.00000,30.00000,manual
4899,1.00000,11.95449,1.70696,0.13919,32.00000,30.00000,manual
4904,1.00000,11.96326,1.73627,0.12943,32.00000,30.00000,manual
4909,1.00000,11.97204,1.75092,0.11477,32.00000,30.00000,manual
4915,1.00000,11.98081,1.73627,0.10989,32.00000,30.00000,manual
4920,1.00000,11.98997,1.75092,0.10989,32.00000,30.00000,manual
4925,1.00000,11.99874,1.78022,0.11477,32.00000,30.00000,manual
4930,1.00000,12.00713,1.63370,0.13919,32.00000,30.00000,manual
4935,1.00000,12.01591,1.72161,0.12943,32.00000,30.00000,manual
4940,1.00000,12.02506,1.80952,0.10989,32.00000,30.00000,manual
4945,1.00000,12.03384,1.72161,0.10989,32.00000,30.00000,manual
4950,1.00000,12.04299,1.79487,0.10989,32.00000,30.00000,manual
4955,1.00000,12.05177,1.75092,0.11966,32.00000,30.00000,manual
4960,1.00000,12.06016,1.61905,0.13431,32.00000,30.00000,manual
4965,1.00000,12.06893,1.75092,0.11966,32.00000,30.00000,manual
4970,1.00000,12.07809,1.78022,0.11477,32.00000,30.00000,manual
4975,1.00000,12.08686,1.73627,0.11966,32.00000,30.00000,manual
4980,1.00000,12.09564,1.78022,0.11966,32.00000,30.00000,manual
4985,1.00000,12.10479,1.72161,0.11477,32.00000,30.00000,manual
4990,1.00000,12.11318,1.67766,0.11966,32.00000,30.00000,manual
4995,1.00000,12.12196,1.75092,0.11477,32.00000,30.00000,manual
5000,1.00000,12.13111,1.80952,0.11477,32.00000,30.00000,manual
5005,1.00000,12.13989,1.72161,0.12454,32.00000,30.00000,manual
5011,1.00000,12.14866,1.73627,0.10989,32.00000,30.00000,manual
5016,1.00000,12.15782,1.76557,0.10501,32.00000,30.00000,manual
5021,1.00000,12.16621,1.69231,0.11966,32.00000,30.00000,manual
5026,1.00000,12.17537,1.79487,0.11966,32.00000,30.00000,manual
5031,1.00000,12.18414,1.75092,0.12943,32.00000,30.00000,manual
5036,1.00000,12.19253,1.64835,0.13431,32.00000,30.00000,manual
5041,1.00000,12.20169,1.79487,0.10989,32.00000,30.00000,manual
5046,1.00000,12.21084,1.79487,0.10501,32.00000,30.00000,manual
5051,1.00000,12.21962,1.73627,0.11966,32.00000,30.00000,manual
5056,1.00000,12.22839,1.78022,0.12454,32.00000,30.00000,manual
5061,1.00000,12.23716,1.69231,0.12943,32.00000,30.00000,manual
5066,1.00000,12.24556,1.67766,0.11966,32.00000,30.00000,manual
5071,1.00000,12.25509,1.80952,0.10989,32.00000,30.00000,manual
5076,1.00000,12.26387,1.80952,0.10989,32.00000,30.00000,manual
5081,1.00000,12.27264,1.73627,0.11966,32.00000,30.00000,manual
5086,1.00000,12.28180,1.75092,0.12454,33.00000,30.00000,manual
5091,1.00000,12.29057,1.75092,0.10989,32.00000,30.00000,manual
5096,1.00000,12.29934,1.69231,0.11477,32.00000,30.00000,manual
5102,1.00000,12.30850,1.80952,0.10989,32.00000,30.00000,manual
5107,1.00000,12.31727,1.80952,0.11477,32.00000,30.00000,manual
5112,1.00000,12.32605,1.67766,0.11966,32.00000,30.00000,manual
5117,1.00000,12.33482,1.79487,0.10501,32.00000,30.00000,manual
5122,1.00000,12.34398,1.75092,0.10501,32.00000,30.00000,manual
5127,1.00000,12.35275,1.73627,0.10989,32.00000,30.00000,manual
5132,1.00000,12.36191,1.82418,0.10989,32.00000,30.00000,manual
5137,1.00000,12.37068,1.70696,0.11966,32.00000,30.00000,manual
5142,1.00000,12.37945,1.73627,0.10989,32.00000,30.00000,manual
5147,1.00000,12.38861,1.80952,0.09524,32.00000,30.00000,manual
5152,1.00000,12.39776,1.76557,0.10989,32.00000,30.00000,manual
5157,1.00000,12.40654,1.78022,0.11966,32.00000,30.00000,manual
5162,1.00000,12.41569,1.76557,0.11477,32.00000,30.00000,manual
5167,1.00000,12.42447,1.72161,0.10989,33.00000,30.00000,manual
5172,1.00000,12.43324,1.76557,0.10501,32.00000,30.00000,manual
5177,1.00000,12.44278,1.82418,0.10012,32.00000,30.00000,manual
5182,1.00000,12.45155,1.78022,0.10989,32.00000,30.00000,manual
5188,1.00000,12.46033,1.72161,0.11477,32.00000,30.00000,manual
5193,1.00000,12.46948,1.78022,0.10012,32.00000,30.00000,manual
5198,1.00000,12.47826,1.73627,0.10501,32.00000,30.00000,manual
5203,1.00000,12.48741,1.80952,0.10012,32.00000,30.00000,manual
5208,1.00000,12.49657,1.82418,0.10501,32.00000,30.00000,manual
5213,1.00000,-12.49504,1.69231,0.11477,32.00000,30.00000,manual
5218,1.00000,-12.48589,1.79487,0.09524,32.00000,30.00000,manual
5223,1.00000,-12.47673,1.79487,0.09035,32.00000,30.00000,manual
5228,1.00000,-12.46796,1.73627,0.10501,32.00000,30.00000,manual
5233,1.00000,-12.45880,1.83883,0.10989,32.00000,30.00000,manual
5238,1.00000,-12.44965,1.76557,0.10501,32.00000,30.00000,manual
5243,1.00000,-12.44087,1.70696,0.10501,32.00000,30.00000,manual
5248,1.00000,-12.43172,1.80952,0.09524,32.00000,30.00000,manual
5253,1.00000,-12.42294,1.80952,0.10012,32.00000,30.00000,manual
5258,1.00000,-12.41379,1.75092,0.11477,32.00000,30.00000,manual
5263,1.00000,-12.40501,1.76557,0.10989,32.00000,30.00000,manual
5268,1.00000,-12.39586,1.76557,0.10501,32.00000,30.00000,manual
5273,1.00000,-12.38708,1.72161,0.10012,32.00000,30.00000,manual
5279,1.00000,-12.37793,1.82418,0.10012,32.00000,30.00000,manual
5284,1.00000,-12.36877,1.80952,0.10989,32.00000,30.00000,manual
5289,1.00000,-12.36038,1.69231,0.11477,32.00000,30.00000,manual
5294,1.00000,-12.35122,1.80952,0.10012,32.00000,30.00000,manual
5299,1.00000,-12.34207,1.76557,0.10501,32.00000,30.00000,manual
5304,1.00000,-12.33329,1.75092,0.10501,32.00000,30.00000,manual
5309,1.00000,-12.32414,1.83883,0.10012,32.00000,30.00000,manual
5314,1.00000,-12.31537,1.70696,0.11477,32.00000,30.00000,manual
5319,1.00000,-12.30621,1.72161,0.10501,32.00000,30.00000,manual
5324,1.00000,-12.29706,1.80952,0.10012,32.00000,30.00000,manual
5329,1.00000,-12.28828,1.75092,0.10989,32.00000,30.00000,manual
5334,1.00000,-12.27951,1.78022,0.11477,33.00000,30.00000,manual
5339,1.00000,-12.27035,1.76557,0.10989,32.00000,30.00000,manual
5344,1.00000,-12.26158,1.72161,0.10989,32.00000,30.00000,manual
5349,1.00000,-12.25280,1.73627,0.10501,32.00000,30.00000,manual
5354,1.00000,-12.24365,1.79487,0.10501,32.00000,30.00000,manual
5359,1.00000,-12.23449,1.76557,0.11966,32.00000,30.00000,manual
5364,1.00000,-12.22572,1.73627,0.11966,32.00000,30.00000,manual
5370,1.00000,-12.21656,1.78022,0.10012,32.00000,30.00000,manual
5375,1.00000,-12.20779,1.72161,0.10501,32.00000,30.00000,manual
5380,1.00000,-12.19902,1.76557,0.10501,32.00000,30.00000,manual
5385,1.00000,-12.18986,1.80952,0.10501,32.00000,30.00000,manual
5390,1.00000,-12.18109,1.67766,0.12454,32.00000,30.00000,manual
5395,1.00000,-12.17193,1.76557,0.10501,32.00000,30.00000,manual
5400,1.00000,-12.16316,1.79487,0.10012,32.00000,30.00000,manual
5405,1.00000,-12.15438,1.72161,0.10989,32.00000,30.00000,manual
5410,1.00000,-12.14523,1.82418,0.10989,32.00000,30.00000,manual
5415,1.00000,-12.13607,1.75092,0.11477,33.00000,30.00000,manual
5420,1.00000,-12.12768,1.69231,0.11477,32.00000,30.00000,manual
5425,1.00000,-12.11852,1.79487,0.10501,32.00000,30.00000,manual
5430,1.00000,-12.10937,1.79487,0.10501,32.00000,30.00000,manual
5435,1.00000,-12.10060,1.75092,0.11477,32.00000,30.00000,manual
5440,1.00000,-12.09144,1.76557,0.11477,32.00000,30.00000,manual
5445,1.00000,-12.08267,1.76557,0.10989,32.00000,30.00000,manual
5450,1.00000,-12.07389,1.69231,0.11477,32.00000,30.00000,manual
5455,1.00000,-12.06474,1.78022,0.10501,32.00000,30.00000,manual
5461,1.00000,-12.05596,1.82418,0.10989,32.00000,30.00000,manual
5466,1.00000,-12.04719,1.69231,0.12454,32.00000,30.00000,manual
5471,1.00000,-12.03803,1.78022,0.10501,32.00000,30.00000,manual
5476,1.00000,-12.02926,1.76557,0.10501,32.00000,30.00000,manual
5481,1.00000,-12.02048,1.70696,0.10989,32.00000,30.00000,manual
5486,1.00000,-12.01133,1.82418,0.10989,32.00000,30.00000,manual
5491,1.00000,-12.00256,1.72161,0.11966,32.00000,30.00000,manual
5496,1.00000,-11.99378,1.69231,0.11477,32.00000,30.00000,manual
5501,1.00000,-11.98463,1.80952,0.10501,32.00000,30.00000,manual
5506,1.00000,-11.97585,1.75092,0.10989,32.00000,30.00000,manual
5511,1.00000,-11.96708,1.75092,0.11477,32.00000,30.00000,manual
5516,1.00000,-11.95792,1.78022,0.11966,32.00000,30.00000,manual
5521,1.00000,-11.94915,1.72161,0.11966,32.00000,30.00000,manual
5526,1.00000,-11.94038,1.72161,0.11477,32.00000,30.00000,manual
5531,1.00000,-11.93122,1.79487,0.10501,32.00000,30.00000,manual
5536,1.00000,-11.92245,1.78022,0.10989,32.00000,30.00000,manual
5541,1.00000,-11.91367,1.72161,0.11966,32.00000,30.00000,manual
5546,1.00000,-11.90452,1.76557,0.11477,32.00000,30.00000,manual
5552,1.00000,-11.89612,1.72161,0.11966,32.00000,30.00000,manual
5557,1.00000,-11.88697,1.70696,0.11966,32.00000,30.00000,manual
5562,1.00000,-11.87781,1.82418,0.11477,32.00000,30.00000,manual
5567,1.00000,-11.86942,1.70696,0.12943,32.00000,30.00000,manual
5572,1.00000,-11.86027,1.73627,0.11966,32.00000,30.00000,manual
5577,1.00000,-11.85149,1.78022,0.10501,32.00000,30.00000,manual
5582,1.00000,-11.84272,1.69231,0.11477,33.00000,30.00000,manual
5587,1.00000,-11.83394,1.76557,0.11966,32.00000,30.00000,manual
5592,1.00000,-11.82479,1.76557,0.11966,32.00000,30.00000,manual
5597,1.00000,-11.81640,1.69231,0.12454,32.00000,30.00000,manual
5602,1.00000,-11.80724,1.76557,0.11477,32.00000,30.00000,manual
5607,1.00000,-11.79809,1.78022,0.10989,32.00000,30.00000,manual
5612,1.00000,-11.78931,1.72161,0.11966,32.00000,30.00000,manual
5617,1.00000,-11.78054,1.73627,0.11966,32.00000,30.00000,manual
5622,1.00000,-11.77176,1.75092,0.11477,32.00000,30.00000,manual
5627,1.00000,-11.76299,1.72161,0.12454,32.00000,30.00000,manual
5632,1.00000,-11.75422,1.73627,0.11966,32.00000,30.00000,manual
5637,1.00000,-11.74506,1.80952,0.10989,32.00000,30.00000,manual
5642,1.00000,-11.73629,1.70696,0.12454,32.00000,30.00000,manual
5648,1.00000,-11.72751,1.70696,0.11966,32.00000,30.00000,manual
5653,1.00000,-11.71874,1.76557,0.11966,32.00000,30.00000,manual
5658,1.00000,-11.71035,1.64835,0.13431,32.00000,30.00000,manual
5663,1.00000,-11.70119,1.78022,0.11966,32.00000,30.00000,manual
5668,1.00000,-11.69242,1.79487,0.11477,32.00000,30.00000,manual
5673,1.00000,-11.68364,1.67766,0.12454,32.00000,30.00000,manual
5678,1.00000,-11.67487,1.76557,0.11477,32.00000,30.00000,manual
5683,1.00000,-11.66609,1.73627,0.11966,32.00000,30.00000,manual
5688,1.00000,-11.65732,1.67766,0.13431,32.00000,30.00000,manual
5693,1.00000,-11.64855,1.76557,0.12943,32.00000,30.00000,manual
5698,1.00000,-11.63977,1.75092,0.11966,32.00000,30.00000,manual
5703,1.00000,-11.63100,1.70696,0.12454,32.00000,30.00000,manual
5708,1.00000,-11.62222,1.75092,0.11477,32.00000,30.00000,manual
5713,1.00000,-11.61307,1.78022,0.11477,32.00000,30.00000,manual
5718,1.00000,-11.60430,1.69231,0.13431,32.00000,30.00000,manual
5723,1.00000,-11.59590,1.70696,0.12454,32.00000,30.00000,manual
5728,1.00000,-11.58675,1.78022,0.11477,32.00000,30.00000,manual
5733,1.00000,-11.57797,1.69231,0.11966,32.00000,30.00000,manual
5739,1.00000,-11.56882,1.78022,0.10989,32.00000,30.00000,manual
5744,1.00000,-11.56004,1.80952,0.11966,32.00000,30.00000,manual
5749,1.00000,-11.55165,1.63370,0.12943,32.00000,30.00000,manual
5754,1.00000,-11.54250,1.75092,0.11966,32.00000,30.00000,manual
5759,1.00000,-11.53372,1.75092,0.12454,32.00000,30.00000,manual
5764,1.00000,-11.52533,1.69231,0.12943,32.00000,30.00000,manual
5769,1.00000,-11.51617,1.82418,0.12454,32.00000,30.00000,manual
5774,1.00000,-11.50702,1.76557,0.11477,32.00000,30.00000,manual
5779,1.00000,-11.49863,1.67766,0.11477,32.00000,30.00000,manual
5784,1.00000,-11.48985,1.73627,0.11477,32.00000,30.00000,manual
5789,1.00000,-11.48108,1.73627,0.11966,32.00000,30.00000,manual
5794,1.00000,-11.47231,1.70696,0.12943,32.00000,30.00000,manual
5799,1.00000,-11.46315,1.76557,0.12943,32.00000,30.00000,manual
5804,1.00000,-11.45399,1.79487,0.11477,32.00000,30.00000,manual
5809,1.00000,-11.44560,1.72161,0.11477,32.00000,30.00000,manual
5814,1.00000,-11.43645,1.76557,0.10989,32.00000,30.00000,manual
5819,1.00000,-11.42767,1.78022,0.11966,32.00000,30.00000,manual
5824,1.00000,-11.41928,1.66301,0.13431,33.00000,30.00000,manual
5830,1.00000,-11.41012,1.76557,0.11966,32.00000,30.00000,manual
5835,1.00000,-11.40097,1.80952,0.10989,32.00000,30.00000,manual
5840,1.00000,-11.39219,1.70696,0.11477,32.00000,30.00000,manual
5845,1.00000,-11.38304,1.82418,0.10989,32.00000,30.00000,manual
5850,1.00000,-11.37465,1.70696,0.12454,32.00000,30.00000,manual
5855,1.00000,-11.36587,1.66301,0.12943,32.00000,30.00000,manual
5860,1.00000,-11.35672,1.79487,0.11477,32.00000,30.00000,manual
5865,1.00000,-11.34794,1.73627,0.10989,32.00000,30.00000,manual
5870,1.00000,-11.33917,1.75092,0.11477,32.00000,30.00000,manual
5875,1.00000,-11.33001,1.80952,0.10989,32.00000,30.00000,manual
5880,1.00000,-11.32124,1.73627,0.10989,32.00000,30.00000,manual
5885,1.00000,-11.31247,1.70696,0.11966,32.00000,30.00000,manual
5890,1.00000,-11.30369,1.75092,0.11477,32.00000,30.00000,manual
5895,1.00000,-11.29492,1.75092,0.11966,32.00000,30.00000,manual
5900,1.00000,-11.28615,1.70696,0.12454,32.00000,30.00000,manual
5905,1.00000,-11.27699,1.80952,0.10989,32.00000,30.00000,manual
5910,1.00000,-11.26783,1.76557,0.11477,32.00000,30.00000,manual
5915,1.00000,-11.25906,1.70696,0.10989,32.00000,30.00000,manual
5920,1.00000,-11.25029,1.78022,0.10989,32.00000,30.00000,manual
5925,1.00000,-11.24151,1.70696,0.12454,32.00000,30.00000,manual
5931,1.00000,-11.23274,1.73627,0.11477,32.00000,30.00000,manual
5936,1.00000,-11.22358,1.82418,0.10501,32.00000,30.00000,manual
5941,1.00000,-11.21481,1.70696,0.10989,32.00000,30.00000,manual
5946,1.00000,-11.20603,1.76557,0.11477,32.00000,30.00000,manual
5951,1.00000,-11.19688,1.75092,0.11966,32.00000,30.00000,manual
5956,1.00000,-11.18849,1.67766,0.12943,32.00000,30.00000,manual
5961,1.00000,-11.17933,1.76557,0.11966,32.00000,30.00000,manual
5966,1.00000,-11.17056,1.78022,0.10989,32.00000,30.00000,manual
5971,1.00000,-11.16140,1.73627,0.10989,32.00000,30.00000,manual
5976,1.00000,-11.15263,1.75092,0.11477,32.00000,30.00000,manual
5981,1.00000,-11.14385,1.75092,0.11477,32.00000,30.00000,manual
5986,1.00000,-11.13508,1.70696,0.11966,32.00000,30.00000,manual
5991,1.00000,-11.12631,1.73627,0.11966,32.00000,30.00000,manual
5996,1.00000,-11.11715,1.80952,0.10989,32.00000,30.00000,manual
6001,1.00000,-11.10838,1.70696,0.11966,32.00000,30.00000,manual
6006,1.00000,-11.09922,1.73627,0.11477,32.00000,30.00000,manual
6011,1.00000,-11.09045,1.80952,0.10989,32.00000,30.00000,manual
6017,1.00000,-11.08167,1.67766,0.11966,32.00000,30.00000,manual
6022,1.00000,-11.07290,1.75092,0.11966,32.00000,30.00000,manual
6027,1.00000,-11.06374,1.76557,0.11477,32.00000,30.00000,manual
6032,1.00000,-11.05535,1.69231,0.12454,32.00000,30.00000,manual
6037,1.00000,-11.04620,1.82418,0.10501,32.00000,30.00000,manual
6042,1.00000,-11.03704,1.78022,0.10989,32.00000,30.00000,manual
6047,1.00000,-11.02827,1.69231,0.11966,32.00000,30.00000,manual
6052,1.00000,-11.01949,1.76557,0.11477,32.00000,30.00000,manual
6057,1.00000,-11.01072,1.73627,0.11477,32.00000,30.00000,manual
6062,1.00000,-11.00195,1.73627,0.11477,32.00000,30.00000,manual
6067,1.00000,-10.99279,1.78022,0.10501,32.00000,30.00000,manual
6072,1.00000,-10.98363,1.80952,0.10012,33.00000,30.00000,manual
6077,1.00000,-10.97486,1.70696,0.11477,32.00000,30.00000,manual
6082,1.00000,-10.96609,1.73627,0.11477,32.00000,30.00000,manual
6087,1.00000,-10.95731,1.76557,0.11477,32.00000,30.00000,manual
6092,1.00000,-10.94854,1.69231,0.12454,32.00000,30.00000,manual
6097,1.00000,-10.93938,1.79487,0.11477,32.00000,30.00000,manual
6102,1.00000,-10.93023,1.79487,0.10989,32.00000,30.00000,manual
6108,1.00000,-10.92184,1.69231,0.10989,32.00000,30.00000,manual
6113,1.00000,-10.91230,1.80952,0.10501,32.00000,30.00000,manual
6118,1.00000,-10.90352,1.75092,0.10989,32.00000,30.00000,manual
6123,1.00000,-10.89475,1.73627,0.11477,32.00000,30.00000,manual
6128,1.00000,-10.88560,1.80952,0.11477,32.00000,30.00000,manual
6133,1.00000,-10.87682,1.75092,0.10989,32.00000,30.00000,manual
6138,1.00000,-10.86767,1.76557,0.10989,32.00000,30.00000,manual
6143,1.00000,-10.85889,1.79487,0.10501,32.00000,30.00000,manual
6148,1.00000,-10.84974,1.76557,0.10989,32.00000,30.00000,manual
6153,1.00000,-10.84096,1.73627,0.11477,32.00000,30.00000,manual
6158,1.00000,-10.83181,1.76557,0.10989,32.00000,30.00000,manual
6163,1.00000,-10.82303,1.78022,0.10501,32.00000,30.00000,manual
6168,1.00000,-10.81388,1.75092,0.10501,32.00000,30.00000,manual
6173,1.00000,-10.80472,1.82418,0.10012,32.00000,30.00000,manual
6178,1.00000,-10.79595,1.75092,0.10989,32.00000,30.00000,manual
6183,1.00000,-10.78718,1.70696,0.10989,32.00000,30.00000,manual
6188,1.00000,-10.77802,1.80952,0.10012,32.00000,30.00000,manual
6193,1.00000,-10.76925,1.73627,0.10989,32.00000,30.00000,manual
6199,1.00000,-10.76009,1.73627,0.10989,32.00000,30.00000,manual
6204,1.00000,-10.75093,1.82418,0.10501,32.00000,30.00000,manual
6209,1.00000,-10.74254,1.69231,0.10989,32.00000,30.00000,manual
6214,1.00000,-10.73339,1.80952,0.10501,32.00000,30.00000,manual
6219,1.00000,-10.72423,1.79487,0.10012,32.00000,30.00000,manual
6224,1.00000,-10.71546,1.72161,0.11477,32.00000,30.00000,manual
6229,1.00000,-10.70630,1.78022,0.10501,32.00000,30.00000,manual
6234,1.00000,-10.69753,1.78022,0.10012,32.00000,30.00000,manual
6239,1.00000,-10.68837,1.75092,0.10501,33.00000,30.00000,manual
6244,1.00000,-10.67922,1.79487,0.10012,32.00000,30.00000,manual
6249,1.00000,-10.67006,1.80952,0.10012,32.00000,30.00000,manual
6254,1.00000,-10.66129,1.72161,0.11477,32.00000,30.00000,manual
6259,1.00000,-10.65251,1.76557,0.10501,32.00000,30.00000,manual
6264,1.00000,-10.64336,1.80952,0.10012,32.00000,30.00000,manual
6269,1.00000,-10.63458,1.73627,0.10501,32.00000,30.00000,manual
6274,1.00000,-10.62543,1.80952,0.10012,32.00000,30.00000,manual
6279,1.00000,-10.61627,1.79487,0.10989,32.00000,30.00000,manual
6284,1.00000,-10.60750,1.69231,0.10989,32.00000,30.00000,manual
6290,1.00000,-10.59834,1.82418,0.10012,32.00000,30.00000,manual
6295,1.00000,-10.58957,1.79487,0.10501,32.00000,30.00000,manual
6300,1.00000,-10.58041,1.75092,0.10501,32.00000,30.00000,manual
6305,1.00000,-10.57126,1.82418,0.10501,32.00000,30.00000,manual
6310,1.00000,-10.56249,1.73627,0.10501,32.00000,30.00000,manual
6315,1.00000,-10.55371,1.76557,0.10012,32.00000,30.00000,manual
6320,1.00000,-10.54456,1.80952,0.10012,33.00000,30.00000,manual
6325,1.00000,-10.53540,1.75092,0.10989,32.00000,30.00000,manual
6330,1.00000,-10.52663,1.75092,0.11477,32.00000,30.00000,manual
6335,1.00000,-10.51747,1.78022,0.10501,32.00000,30.00000,manual
6340,1.00000,-10.50870,1.78022,0.10501,32.00000,30.00000,manual
6345,1.00000,-10.49954,1.75092,0.10501,32.00000,30.00000,manual
6350,1.00000,-10.49039,1.80952,0.10012,32.00000,30.00000,manual
6355,1.00000,-10.48161,1.75092,0.10989,32.00000,30.00000,manual
6360,1.00000,-10.47284,1.73627,0.10501,32.00000,30.00000,manual
6365,1.00000,-10.46368,1.82418,0.10012,32.00000,30.00000,manual
6370,1.00000,-10.45491,1.75092,0.10989,32.00000,30.00000,manual
6375,1.00000,-10.44575,1.76557,0.10501,32.00000,30.00000,manual
6381,1.00000,-10.43660,1.80952,0.10501,32.00000,30.00000,manual
6386,1.00000,-10.42782,1.72161,0.10989,32.00000,30.00000,manual
6391,1.00000,-10.41867,1.80952,0.10012,32.00000,30.00000,manual
6396,1.00000,-10.40951,1.79487,0.10012,32.00000,30.00000,manual
6401,1.00000,-10.40074,1.72161,0.10989,32.00000,30.00000,manual
6406,1.00000,-10.39158,1.79487,0.10501,32.00000,30.00000,manual
6411,1.00000,-10.38281,1.78022,0.10501,32.00000,30.00000,manual
6416,1.00000,-10.37404,1.75092,0.10501,32.00000,30.00000,manual
6421,1.00000,-10.36488,1.79487,0.10501,32.00000,30.00000,manual
6426,1.00000,-10.35573,1.80952,0.10501,32.00000,30.00000,manual
6431,1.00000,-10.34695,1.72161,0.10989,32.00000,30.00000,manual
6436,1.00000,-10.33818,1.76557,0.10501,32.00000,30.00000,manual
6441,1.00000,-10.32902,1.80952,0.10012,32.00000,30.00000,manual
6446,1.00000,-10.31987,1.72161,0.10989,32.00000,30.00000,manual
6451,1.00000,-10.31071,1.80952,0.10501,32.00000,30.00000,manual
6456,1.00000,-10.30194,1.79487,0.10989,32.00000,30.00000,manual
6461,1.00000,-10.29316,1.69231,0.10989,32.00000,30.00000,manual
6466,1.00000,-10.28401,1.83883,0.10012,32.00000,30.00000,manual
6472,1.00000,-10.27485,1.79487,0.09524,32.00000,30.00000,manual
6477,1.00000,-10.26608,1.75092,0.10989,32.00000,30.00000,manual
6482,1.00000,-10.25692,1.82418,0.10501,33.00000,30.00000,manual
6487,1.00000,-10.24777,1.75092,0.10501,33.00000,30.00000,manual
6492,1.00000,-10.23899,1.76557,0.10012,32.00000,30.00000,manual
6497,1.00000,-10.22984,1.80952,0.10012,32.00000,30.00000,manual
6502,1.00000,-10.22068,1.78022,0.10501,32.00000,30.00000,manual
6507,1.00000,-10.21191,1.75092,0.10501,32.00000,30.00000,manual
6512,1.00000,-10.20275,1.78022,0.10012,32.00000,30.00000,manual
6517,1.00000,-10.19398,1.78022,0.10501,32.00000,30.00000,manual
6522,1.00000,-10.18482,1.75092,0.10012,32.00000,30.00000,manual
6527,1.00000,-10.17567,1.80952,0.10012,32.00000,30.00000,manual
6532,1.00000,-10.16690,1.73627,0.10989,32.00000,30.00000,manual
6537,1.00000,-10.15812,1.72161,0.10501,32.00000,30.00000,manual
6542,1.00000,-10.14897,1.83883,0.10501,32.00000,30.00000,manual
6547,1.00000,-10.14019,1.73627,0.10989,32.00000,30.00000,manual
6552,1.00000,-10.13104,1.76557,0.10501,32.00000,30.00000,manual
6557,1.00000,-10.12188,1.80952,0.10501,32.00000,30.00000,manual
6562,1.00000,-10.11349,1.69231,0.10989,32.00000,30.00000,manual
6568,1.00000,-10.10433,1.79487,0.10012,32.00000,30.00000,manual
6573,1.00000,-10.09518,1.79487,0.10012,32.00000,30.00000,manual
6578,1.00000,-10.08640,1.72161,0.10989,32.00000,30.00000,manual
6583,1.00000,-10.07725,1.79487,0.10501,32.00000,30.00000,manual
6588,1.00000,-10.06847,1.76557,0.10012,32.00000,30.00000,manual
6593,1.00000,-10.05932,1.73627,0.10501,32.00000,30.00000,manual
6598,1.00000,-10.05016,1.79487,0.10501,32.00000,30.00000,manual
6603,1.00000,-10.04139,1.80952,0.10501,32.00000,30.00000,manual
6608,1.00000,-10.03262,1.72161,0.11477,32.00000,30.00000,manual
6613,1.00000,-10.02346,1.78022,0.10501,32.00000,30.00000,manual
6618,1.00000,-10.01431,1.82418,0.10012,32.00000,30.00000,manual
6623,1.00000,-10.00553,1.72161,0.10989,32.00000,30.00000,manual
6628,1.00000,-9.99638,1.79487,0.10501,32.00000,30.00000,manual
6633,1.00000,-9.98760,1.76557,0.10989,32.00000,30.00000,manual
6638,1.00000,-9.97883,1.69231,0.11477,32.00000,30.00000,manual
6643,1.00000,-9.96967,1.83883,0.10012,32.00000,30.00000,manual
6648,1.00000,-9.96052,1.78022,0.10501,32.00000,30.00000,manual
6653,1.00000,-9.95174,1.72161,0.10989,32.00000,30.00000,manual
6659,1.00000,-9.94297,1.79487,0.11477,32.00000,30.00000,manual
6664,1.00000,-9.93381,1.73627,0.11477,32.00000,30.00000,manual
6669,1.00000,-9.92504,1.76557,0.10989,32.00000,30.00000,manual
6674,1.00000,-9.91588,1.80952,0.10501,32.00000,30.00000,manual
6679,1.00000,-9.90711,1.73627,0.11966,32.00000,30.00000,manual
6684,1.00000,-9.89834,1.72161,0.11966,32.00000,30.00000,manual
6689,1.00000,-9.88956,1.73627,0.11477,32.00000,30.00000,manual
6694,1.00000,-9.88041,1.75092,0.11477,32.00000,30.00000,manual
6699,1.00000,-9.87201,1.72161,0.11966,32.00000,30.00000,manual
6704,1.00000,-9.86286,1.79487,0.11477,32.00000,30.00000,manual
6709,1.00000,-9.85409,1.73627,0.11966,32.00000,30.00000,manual
6714,1.00000,-9.84531,1.70696,0.11966,32.00000,30.00000,manual
6719,1.00000,-9.83616,1.80952,0.10989,32.00000,30.00000,manual
6724,1.00000,-9.82738,1.72161,0.11966,32.00000,30.00000,manual
6729,1.00000,-9.81861,1.70696,0.12454,32.00000,30.00000,manual
6734,1.00000,-9.80945,1.78022,0.12454,32.00000,30.00000,manual
6739,1.00000,-9.80106,1.70696,0.12943,32.00000,30.00000,manual
6745,1.00000,-9.79191,1.75092,0.10989,32.00000,30.00000,manual
6750,1.00000,-9.78275,1.80952,0.10501,32.00000,30.00000,manual
6755,1.00000,-9.77436,1.67766,0.12454,32.00000,30.00000,manual
6760,1.00000,-9.76558,1.70696,0.12943,32.00000,30.00000,manual
6765,1.00000,-9.75681,1.73627,0.12454,32.00000,30.00000,manual
6770,1.00000,-9.74804,1.73627,0.11966,32.00000,30.00000,manual
6775,1.00000,-9.73888,1.76557,0.10989,32.00000,30.00000,manual
6780,1.00000,-9.72972,1.79487,0.10989,32.00000,30.00000,manual
6785,1.00000,-9.72133,1.69231,0.12943,32.00000,30.00000,manual
6790,1.00000,-9.71256,1.67766,0.13431,32.00000,30.00000,manual
6795,1.00000,-9.70378,1.75092,0.12454,32.00000,30.00000,manual
6800,1.00000,-9.69539,1.70696,0.12454,32.00000,30.00000,manual
6805,1.00000,-9.68624,1.75092,0.11966,32.00000,30.00000,manual
6810,1.00000,-9.67708,1.82418,0.11477,32.00000,30.00000,manual
6815,1.00000,-9.66869,1.69231,0.12943,32.00000,30.00000,manual
6820,1.00000,-9.65953,1.72161,0.11966,32.00000,30.00000,manual
6825,1.00000,-9.65076,1.76557,0.11477,32.00000,30.00000,manual
6830,1.00000,-9.64237,1.66301,0.12943,32.00000,30.00000,manual
6836,1.00000,-9.63359,1.75092,0.12943,32.00000,30.00000,manual
6841,1.00000,-9.62444,1.78022,0.11966,32.00000,30.00000,manual
6846,1.00000,-9.61566,1.70696,0.11966,32.00000,30.00000,manual
6851,1.00000,-9.60651,1.79487,0.10989,32.00000,30.00000,manual
6856,1.00000,-9.59773,1.73627,0.11477,32.00000,30.00000,manual
6861,1.00000,-9.58934,1.66301,0.13431,32.00000,30.00000,manual
6866,1.00000,-9.58057,1.72161,0.12943,32.00000,30.00000,manual
6871,1.00000,-9.57141,1.76557,0.11966,32.00000,30.00000,manual
6876,1.00000,-9.56264,1.73627,0.11966,32.00000,30.00000,manual
6881,1.00000,-9.55348,1.78022,0.10989,32.00000,30.00000,manual
6886,1.00000,-9.54471,1.75092,0.11966,32.00000,30.00000,manual
6891,1.00000,-9.53670,1.60440,0.14408,32.00000,30.00000,manual
6896,1.00000,-9.52792,1.67766,0.13919,33.00000,30.00000,manual
6901,1.00000,-9.51877,1.80952,0.12943,32.00000,30.00000,manual
6906,1.00000,-9.51038,1.69231,0.12943,32.00000,30.00000,manual
6911,1.00000,-9.50122,1.79487,0.11477,32.00000,30.00000,manual
6916,1.00000,-9.49207,1.76557,0.11477,32.00000,30.00000,manual
6922,1.00000,-9.48367,1.63370,0.12943,32.00000,30.00000,manual
6927,1.00000,-9.47490,1.73627,0.12943,32.00000,30.00000,manual
6932,1.00000,-9.46612,1.73627,0.12943,32.00000,30.00000,manual
6937,1.00000,-9.45773,1.69231,0.13431,32.00000,30.00000,manual
6942,1.00000,-9.44858,1.76557,0.11966,32.00000,30.00000,manual
6947,1.00000,-9.43980,1.75092,0.11477,32.00000,30.00000,manual
6952,1.00000,-9.43103,1.70696,0.12454,32.00000,30.00000,manual
6957,1.00000,-9.42226,1.73627,0.12943,32.00000,30.00000,manual
6962,1.00000,-9.41348,1.72161,0.13431,32.00000,30.00000,manual
6967,1.00000,-9.40509,1.64835,0.14896,32.00000,30.00000,manual
6972,1.00000,-9.39631,1.72161,0.12943,32.00000,30.00000,manual
6977,1.00000,-9.38716,1.80952,0.10989,33.00000,30.00000,manual
6982,1.00000,-9.37839,1.72161,0.11966,33.00000,30.00000,manual
6987,1.00000,-9.36961,1.73627,0.12454,32.00000,30.00000,manual
6992,1.00000,-9.36122,1.70696,0.13431,32.00000,30.00000,manual
6997,1.00000,-9.35283,1.60440,0.14896,32.00000,30.00000,manual
7002,1.00000,-9.34367,1.78022,0.12454,32.00000,30.00000,manual
7007,1.00000,-9.33452,1.79487,0.10989,32.00000,30.00000,manual
7013,1.00000,-9.32574,1.70696,0.11477,32.00000,30.00000,manual
7018,1.00000,-9.31697,1.78022,0.12454,32.00000,30.00000,manual
7023,1.00000,-9.30858,1.66301,0.13431,32.00000,30.00000,manual
7028,1.00000,-9.30018,1.64835,0.13431,32.00000,30.00000,manual
7033,1.00000,-9.29103,1.78022,0.12943,32.00000,30.00000,manual
7038,1.00000,-9.28225,1.75092,0.12454,32.00000,30.00000,manual
7043,1.00000,-9.27348,1.69231,0.13431,32.00000,30.00000,manual
7048,1.00000,-9.26471,1.75092,0.12943,32.00000,30.00000,manual
7053,1.00000,-9.25593,1.75092,0.11966,32.00000,30.00000,manual
7058,1.00000,-9.24754,1.64835,0.13431,32.00000,30.00000,manual
7063,1.00000,-9.23877,1.72161,0.13431,32.00000,30.00000,manual
7068,1.00000,-9.22999,1.75092,0.13919,32.00000,30.00000,manual
7073,1.00000,-9.22160,1.63370,0.14408,32.00000,30.00000,manual
7078,1.00000,-9.21282,1.78022,0.11966,32.00000,30.00000,manual
7083,1.00000,-9.20329,1.82418,0.10501,32.00000,30.00000,manual
7088,1.00000,-9.19490,1.64835,0.12454,32.00000,30.00000,manual
7093,1.00000,-9.18650,1.70696,0.13431,32.00000,30.00000,manual
7098,1.00000,-9.17811,1.67766,0.13919,32.00000,30.00000,manual
7104,1.00000,-9.16934,1.63370,0.14896,32.00000,30.00000,manual
7109,1.00000,-9.16018,1.82418,0.12454,32.00000,30.00000,manual
7114,1.00000,-9.15103,1.82418,0.10989,32.00000,30.00000,manual
7119,1.00000,-9.14225,1.70696,0.11966,32.00000,30.00000,manual
7124,1.00000,-9.13386,1.70696,0.12943,32.00000,30.00000,manual
7129,1.00000,-9.12509,1.66301,0.13919,32.00000,30.00000,manual
7134,1.00000,-9.11669,1.69231,0.14408,32.00000,30.00000,manual
7139,1.00000,-9.10792,1.78022,0.12943,33.00000,30.00000,manual
7144,1.00000,-9.09876,1.80952,0.11477,33.00000,30.00000,manual
7149,1.00000,-9.08999,1.69231,0.12943,32.00000,30.00000,manual
7154,1.00000,-9.08122,1.70696,0.12454,32.00000,30.00000,manual
7159,1.00000,-9.07282,1.70696,0.12943,32.00000,30.00000,manual
7164,1.00000,-9.06443,1.63370,0.14408,33.00000,30.00000,manual
7169,1.00000,-9.05566,1.76557,0.13431,33.00000,30.00000,manual
7174,1.00000,-9.04650,1.76557,0.12943,32.00000,30.00000,manual
7179,1.00000,-9.03811,1.66301,0.12943,32.00000,30.00000,manual
7184,1.00000,-9.02857,1.80952,0.10501,32.00000,30.00000,manual
7189,1.00000,-9.01980,1.76557,0.11966,32.00000,30.00000,manual
7195,1.00000,-9.01179,1.60440,0.14408,32.00000,30.00000,manual
7200,1.00000,-9.00301,1.70696,0.14896,32.00000,30.00000,manual
7205,1.00000,-8.99424,1.69231,0.13919,32.00000,30.00000,manual
7210,1.00000,-8.98547,1.72161,0.12943,32.00000,30.00000,manual
7215,1.00000,-8.97631,1.83883,0.10501,32.00000,30.00000,manual
7220,1.00000,-8.96715,1.79487,0.10989,32.00000,30.00000,manual
7225,1.00000,-8.95876,1.66301,0.12943,32.00000,30.00000,manual
7230,1.00000,-8.94999,1.67766,0.13919,32.00000,30.00000,manual
7235,1.00000,-8.94121,1.73627,0.12454,32.00000,30.00000,manual
7240,1.00000,-8.93244,1.73627,0.11966,32.00000,30.00000,manual
7245,1.00000,-8.92328,1.80952,0.10989,32.00000,30.00000,manual
7250,1.00000,-8.91413,1.80952,0.11477,32.00000,30.00000,manual
7255,1.00000,-8.90574,1.64835,0.12454,32.00000,30.00000,manual
7260,1.00000,-8.89696,1.72161,0.11966,32.00000,30.00000,manual
7265,1.00000,-8.88819,1.75092,0.11966,32.00000,30.00000,manual
7270,1.00000,-8.87980,1.69231,0.12943,32.00000,30.00000,manual
7275,1.00000,-8.87064,1.79487,0.11966,32.00000,30.00000,manual
7281,1.00000,-8.86187,1.75092,0.12454,32.00000,30.00000,manual
7286,1.00000,-8.85309,1.67766,0.11966,32.00000,30.00000,manual
7291,1.00000,-8.84394,1.79487,0.10501,32.00000,30.00000,manual
7296,1.00000,-8.83517,1.72161,0.11966,32.00000,30.00000,manual
7301,1.00000,-8.82677,1.69231,0.13919,32.00000,30.00000,manual
7306,1.00000,-8.81800,1.75092,0.12943,32.00000,30.00000,manual
7311,1.00000,-8.80884,1.75092,0.11966,33.00000,30.00000,manual
7316,1.00000,-8.79969,1.78022,0.10989,32.00000,30.00000,manual
7321,1.00000,-8.79053,1.82418,0.10012,33.00000,30.00000,manual
7326,1.00000,-8.78176,1.72161,0.11966,32.00000,30.00000,manual
7331,1.00000,-8.77375,1.61905,0.13431,32.00000,30.00000,manual
7336,1.00000,-8.76459,1.73627,0.12454,33.00000,30.00000,manual
7341,1.00000,-8.75582,1.78022,0.11966,32.00000,30.00000,manual
7346,1.00000,-8.74666,1.76557,0.10989,32.00000,30.00000,manual
7351,1.00000,-8.73751,1.83883,0.10501,32.00000,30.00000,manual
7356,1.00000,-8.72873,1.69231,0.11966,33.00000,30.00000,manual
7361,1.00000,-8.72034,1.63370,0.12943,32.00000,30.00000,manual
7367,1.00000,-8.71157,1.78022,0.11966,32.00000,30.00000,manual
7372,1.00000,-8.70241,1.76557,0.12454,32.00000,30.00000,manual
7377,1.00000,-8.69364,1.75092,0.11477,32.00000,30.00000,manual
7382,1.00000,-8.68448,1.79487,0.10989,32.00000,30.00000,manual
7387,1.00000,-8.67571,1.69231,0.11477,32.00000,30.00000,manual
7392,1.00000,-8.66693,1.75092,0.11477,32.00000,30.00000,manual
7397,1.00000,-8.65778,1.75092,0.11477,33.00000,30.00000,manual
7402,1.00000,-8.64939,1.70696,0.12943,32.00000,30.00000,manual
7407,1.00000,-8.64061,1.72161,0.12454,32.00000,30.00000,manual
7412,1.00000,-8.63146,1.76557,0.11477,32.00000,30.00000,manual
7417,1.00000,-8.62268,1.76557,0.11477,32.00000,30.00000,manual
7422,1.00000,-8.61353,1.75092,0.11477,33.00000,30.00000,manual
7427,1.00000,-8.60475,1.76557,0.11966,33.00000,30.00000,manual
7432,1.00000,-8.59636,1.66301,0.13919,32.00000,30.00000,manual
7437,1.00000,-8.58759,1.67766,0.12943,32.00000,30.00000,manual
7442,1.00000,-8.57843,1.80952,0.10989,32.00000,30.00000,manual
7447,1.00000,-8.56966,1.75092,0.11477,32.00000,30.00000,manual
7452,1.00000,-8.56050,1.78022,0.11477,33.00000,30.00000,manual
7458,1.00000,-8.55173,1.76557,0.11966,32.00000,30.00000,manual
7463,1.00000,-8.54334,1.61905,0.13431,32.00000,30.00000,manual
7468,1.00000,-8.53456,1.69231,0.12454,32.00000,30.00000,manual
7473,1.00000,-8.52579,1.78022,0.12454,32.00000,30.00000,manual
7478,1.00000,-8.51701,1.72161,0.13431,32.00000,30.00000,manual
7483,1.00000,-8.50786,1.76557,0.12454,33.00000,30.00000,manual
7488,1.00000,-8.49908,1.72161,0.11477,32.00000,30.00000,manual
7493,1.00000,-8.49069,1.67766,0.12454,32.00000,30.00000,manual
7498,1.00000,-8.48192,1.70696,0.12454,33.00000,30.00000,manual
7503,1.00000,-8.47314,1.75092,0.12943,32.00000,30.00000,manual
7508,1.00000,-8.46437,1.67766,0.14408,32.00000,30.00000,manual
7513,1.00000,-8.45560,1.70696,0.13431,32.00000,30.00000,manual
7518,1.00000,-8.44682,1.78022,0.11477,32.00000,30.00000,manual
7523,1.00000,-8.43805,1.70696,0.12454,32.00000,30.00000,manual
7528,1.00000,-8.42927,1.72161,0.12454,32.00000,30.00000,manual
7533,1.00000,-8.42050,1.73627,0.13431,32.00000,30.00000,manual
7538,1.00000,-8.41211,1.63370,0.14896,32.00000,30.00000,manual
7544,1.00000,-8.40333,1.70696,0.13431,32.00000,30.00000,manual
7549,1.00000,-8.39418,1.79487,0.11966,33.00000,30.00000,manual
7554,1.00000,-8.38540,1.70696,0.12454,32.00000,30.00000,manual
7559,1.00000,-8.37663,1.78022,0.13431,32.00000,30.00000,manual
7564,1.00000,-8.36786,1.69231,0.13919,32.00000,30.00000,manual
7569,1.00000,-8.35946,1.63370,0.13919,32.00000,30.00000,manual
7574,1.00000,-8.35069,1.76557,0.12454,33.00000,30.00000,manual
7579,1.00000,-8.34192,1.78022,0.11966,33.00000,30.00000,manual
7584,1.00000,-8.33314,1.72161,0.12943,32.00000,30.00000,manual
7589,1.00000,-8.32437,1.73627,0.12454,33.00000,30.00000,manual
7594,1.00000,-8.31521,1.72161,0.11966,33.00000,30.00000,manual
7599,1.00000,-8.30682,1.69231,0.12943,32.00000,30.00000,manual
7604,1.00000,-8.29805,1.73627,0.12454,32.00000,30.00000,manual
7609,1.00000,-8.28889,1.78022,0.11966,33.00000,30.00000,manual
7614,1.00000,-8.28050,1.66301,0.13919,32.00000,30.00000,manual
7619,1.00000,-8.27172,1.69231,0.12943,32.00000,30.00000,manual
7624,1.00000,-8.26295,1.79487,0.11477,32.00000,30.00000,manual
7629,1.00000,-8.25418,1.70696,0.12454,32.00000,30.00000,manual
7634,1.00000,-8.24502,1.75092,0.12454,33.00000,30.00000,manual
7640,1.00000,-8.23625,1.75092,0.12454,33.00000,30.00000,manual
7645,1.00000,-8.22824,1.61905,0.13431,32.00000,30.00000,manual
7650,1.00000,-8.21908,1.78022,0.11966,33.00000,30.00000,manual
7655,1.00000,-8.21031,1.78022,0.11966,32.00000,30.00000,manual
7660,1.00000,-8.20153,1.72161,0.12943,32.00000,30.00000,manual
7665,1.00000,-8.19238,1.75092,0.12454,33.00000,30.00000,manual
7670,1.00000,-8.18399,1.70696,0.11966,33.00000,30.00000,manual
7675,1.00000,-8.17521,1.69231,0.12454,32.00000,30.00000,manual
7680,1.00000,-8.16606,1.78022,0.11966,33.00000,30.00000,manual
7685,1.00000,-8.15728,1.79487,0.11966,32.00000,30.00000,manual
7690,1.00000,-8.14851,1.69231,0.12943,33.00000,30.00000,manual
7695,1.00000,-8.13973,1.73627,0.11477,32.00000,30.00000,manual
7700,1.00000,-8.13058,1.78022,0.10501,33.00000,30.00000,manual
7705,1.00000,-8.12181,1.70696,0.11966,32.00000,30.00000,manual
7710,1.00000,-8.11303,1.78022,0.11477,33.00000,30.00000,manual
7715,1.00000,-8.10426,1.76557,0.11966,33.00000,30.00000,manual
7720,1.00000,-8.09548,1.64835,0.12943,32.00000,30.00000,manual
7725,1.00000,-8.08633,1.78022,0.10989,32.00000,30.00000,manual
7731,1.00000,-8.07755,1.79487,0.10501,32.00000,30.00000,manual
7736,1.00000,-8.06878,1.70696,0.11966,33.00000,30.00000,manual
7741,1.00000,-8.06001,1.78022,0.12454,32.00000,30.00000,manual
7746,1.00000,-8.05123,1.70696,0.12454,33.00000,30.00000,manual
7751,1.00000,-8.04246,1.70696,0.11477,33.00000,30.00000,manual
7756,1.00000,-8.03330,1.80952,0.10989,33.00000,30.00000,manual
7761,1.00000,-8.02453,1.78022,0.11477,33.00000,30.00000,manual
7766,1.00000,-8.01575,1.70696,0.12454,32.00000,30.00000,manual
7771,1.00000,-8.00698,1.73627,0.12454,32.00000,30.00000,manual
7776,1.00000,-7.99783,1.73627,0.11477,33.00000,30.00000,manual
7781,1.00000,-7.98943,1.70696,0.11477,32.00000,30.00000,manual
7786,1.00000,-7.98028,1.80952,0.11477,32.00000,30.00000,manual
7791,1.00000,-7.97150,1.78022,0.11966,33.00000,30.00000,manual
7796,1.00000,-7.96273,1.66301,0.12943,32.00000,30.00000,manual
7801,1.00000,-7.95357,1.76557,0.11477,32.00000,30.00000,manual
7806,1.00000,-7.94480,1.78022,0.10989,33.00000,30.00000,manual
7811,1.00000,-7.93603,1.69231,0.11966,33.00000,30.00000,manual
7816,1.00000,-7.92725,1.79487,0.11966,33.00000,30.00000,manual
7822,1.00000,-7.91848,1.72161,0.12943,32.00000,30.00000,manual
7827,1.00000,-7.90970,1.67766,0.12943,33.00000,30.00000,manual
7832,1.00000,-7.90055,1.80952,0.10989,33.00000,30.00000,manual
7837,1.00000,-7.89178,1.72161,0.11966,33.00000,30.00000,manual
7842,1.00000,-7.88338,1.70696,0.13431,33.00000,30.00000,manual
7847,1.00000,-7.87461,1.72161,0.13431,32.00000,30.00000,manual
7852,1.00000,-7.86584,1.70696,0.12943,33.00000,30.00000,manual
7857,1.00000,-7.85706,1.72161,0.11966,32.00000,30.00000,manual
7862,1.00000,-7.84791,1.80952,0.11477,33.00000,30.00000,manual
7867,1.00000,-7.83913,1.75092,0.12454,33.00000,30.00000,manual
7872,1.00000,-7.83074,1.63370,0.13919,33.00000,30.00000,manual
7877,1.00000,-7.82197,1.70696,0.12943,33.00000,30.00000,manual
7882,1.00000,-7.81319,1.73627,0.13431,33.00000,30.00000,manual
7887,1.00000,-7.80442,1.72161,0.12943,33.00000,30.00000,manual
7892,1.00000,-7.79526,1.80952,0.11966,32.00000,30.00000,manual
7897,1.00000,-7.78687,1.70696,0.13431,32.00000,30.00000,manual
7902,1.00000,-7.77848,1.61905,0.13431,33.00000,30.00000,manual
7907,1.00000,-7.76970,1.75092,0.13431,33.00000,30.00000,manual
7913,1.00000,-7.76093,1.70696,0.13919,33.00000,30.00000,manual
7918,1.00000,-7.75216,1.70696,0.13919,33.00000,30.00000,manual
7923,1.00000,-7.74338,1.76557,0.12943,33.00000,30.00000,manual
7928,1.00000,-7.73461,1.69231,0.12943,33.00000,30.00000,manual
7933,1.00000,-7.72583,1.72161,0.11966,33.00000,30.00000,manual
7938,1.00000,-7.71706,1.76557,0.12454,33.00000,30.00000,manual
7943,1.00000,-7.70829,1.70696,0.13919,33.00000,30.00000,manual
7948,1.00000,-7.69989,1.64835,0.14408,33.00000,30.00000,manual
7953,1.00000,-7.69112,1.70696,0.13431,33.00000,30.00000,manual
7958,1.00000,-7.68235,1.73627,0.12454,33.00000,30.00000,manual
7963,1.00000,-7.67357,1.70696,0.12454,32.00000,30.00000,manual
7968,1.00000,-7.66480,1.78022,0.12454,33.00000,30.00000,manual
7973,1.00000,-7.65602,1.72161,0.14408,32.00000,30.00000,manual
7978,1.00000,-7.64763,1.60440,0.14896,33.00000,30.00000,manual
7983,1.00000,-7.63886,1.73627,0.13431,33.00000,30.00000,manual
7988,1.00000,-7.63008,1.76557,0.11966,33.00000,30.00000,manual
7993,1.00000,-7.62131,1.69231,0.12943,33.00000,30.00000,manual
7999,1.00000,-7.61254,1.79487,0.12943,33.00000,30.00000,manual
8004,1.00000,-7.60376,1.69231,0.13919,33.00000,30.00000,manual
8009,1.00000,-7.59537,1.63370,0.13919,33.00000,30.00000,manual
8014,1.00000,-7.58660,1.75092,0.12454,32.00000,30.00000,manual
8019,1.00000,-7.57782,1.72161,0.13431,32.00000,30.00000,manual
8024,1.00000,-7.56905,1.75092,0.12943,33.00000,30.00000,manual
8029,1.00000,-7.56027,1.76557,0.12943,33.00000,30.00000,manual
8034,1.00000,-7.55150,1.69231,0.12454,33.00000,30.00000,manual
8039,1.00000,-7.54311,1.69231,0.12943,33.00000,30.00000,manual
8044,1.00000,-7.53433,1.72161,0.13431,33.00000,30.00000,manual
8049,1.00000,-7.52556,1.70696,0.14408,33.00000,30.00000,manual
8054,1.00000,-7.51717,1.66301,0.14896,33.00000,30.00000,manual
8059,1.00000,-7.50801,1.75092,0.12943,33.00000,30.00000,manual
8064,1.00000,-7.49924,1.76557,0.12454,32.00000,30.00000,manual
8069,1.00000,-7.49046,1.69231,0.12454,33.00000,30.00000,manual
8074,1.00000,-7.48169,1.76557,0.12943,33.00000,30.00000,manual
8079,1.00000,-7.47330,1.66301,0.14408,33.00000,30.00000,manual
8084,1.00000,-7.46490,1.60440,0.14408,33.00000,30.00000,manual
8090,1.00000,-7.45575,1.79487,0.12454,33.00000,30.00000,manual
8095,1.00000,-7.44697,1.76557,0.12454,33.00000,30.00000,manual
8100,1.00000,-7.43820,1.69231,0.12943,33.00000,30.00000,manual
8105,1.00000,-7.42943,1.73627,0.13431,33.00000,30.00000,manual
8110,1.00000,-7.42103,1.63370,0.13919,33.00000,30.00000,manual
8115,1.00000,-7.41264,1.67766,0.13431,33.00000,30.00000,manual
8120,1.00000,-7.40349,1.79487,0.12943,33.00000,30.00000,manual
8125,1.00000,-7.39471,1.78022,0.12943,33.00000,30.00000,manual
8130,1.00000,-7.38594,1.70696,0.12943,33.00000,30.00000,manual
8135,1.00000,-7.37716,1.70696,0.12454,33.00000,30.00000,manual
8140,1.00000,-7.36839,1.70696,0.12454,33.00000,30.00000,manual
8145,1.00000,-7.36000,1.64835,0.13431,32.00000,30.00000,manual
8150,1.00000,-7.35122,1.75092,0.13919,33.00000,30.00000,manual
8155,1.00000,-7.34283,1.73627,0.14408,32.00000,30.00000,manual
8160,1.00000,-7.33406,1.64835,0.13919,32.00000,30.00000,manual
8165,1.00000,-7.32490,1.79487,0.11477,33.00000,30.00000,manual
8170,1.00000,-7.31613,1.79487,0.10501,33.00000,30.00000,manual
8176,1.00000,-7.30735,1.67766,0.11966,33.00000,30.00000,manual
8181,1.00000,-7.29896,1.73627,0.13431,33.00000,30.00000,manual
8186,1.00000,-7.29019,1.66301,0.14896,33.00000,30.00000,manual
8191,1.00000,-7.28180,1.64835,0.13919,33.00000,30.00000,manual
8196,1.00000,-7.27264,1.82418,0.11477,33.00000,30.00000,manual
8201,1.00000,-7.26349,1.75092,0.11477,33.00000,30.00000,manual
8206,1.00000,-7.25471,1.75092,0.12454,33.00000,30.00000,manual
8211,1.00000,-7.24594,1.72161,0.12943,33.00000,30.00000,manual
8216,1.00000,-7.23754,1.66301,0.12943,33.00000,30.00000,manual
8221,1.00000,-7.22877,1.70696,0.12943,33.00000,30.00000,manual
8226,1.00000,-7.21962,1.80952,0.11477,32.00000,30.00000,manual
8231,1.00000,-7.21084,1.78022,0.11966,33.00000,30.00000,manual
8236,1.00000,-7.20207,1.69231,0.12454,33.00000,30.00000,manual
8241,1.00000,-7.19329,1.75092,0.11477,33.00000,30.00000,manual
8246,1.00000,-7.18452,1.72161,0.12454,33.00000,30.00000,manual
8251,1.00000,-7.17613,1.67766,0.12943,32.00000,30.00000,manual
8256,1.00000,-7.16697,1.80952,0.11966,33.00000,30.00000,manual
8261,1.00000,-7.15820,1.73627,0.12943,33.00000,30.00000,manual
8267,1.00000,-7.14942,1.67766,0.11966,33.00000,30.00000,manual
8272,1.00000,-7.14027,1.80952,0.10989,33.00000,30.00000,manual
8277,1.00000,-7.13149,1.69231,0.11966,33.00000,30.00000,manual
8282,1.00000,-7.12272,1.73627,0.12454,33.00000,30.00000,manual
8287,1.00000,-7.11395,1.76557,0.12454,32.00000,30.00000,manual
8292,1.00000,-7.10517,1.69231,0.12454,33.00000,30.00000,manual
8297,1.00000,-7.09640,1.76557,0.11477,33.00000,30.00000,manual
8302,1.00000,-7.08724,1.82418,0.10989,33.00000,30.00000,manual
8307,1.00000,-7.07809,1.76557,0.11966,33.00000,30.00000,manual
8312,1.00000,-7.06970,1.70696,0.12454,33.00000,30.00000,manual
8317,1.00000,-7.06054,1.70696,0.11966,33.00000,30.00000,manual
8322,1.00000,-7.05177,1.73627,0.11966,32.00000,30.00000,manual
8327,1.00000,-7.04299,1.75092,0.11477,33.00000,30.00000,manual
8332,1.00000,-7.03384,1.83883,0.10501,32.00000,30.00000,manual
8337,1.00000,-7.02506,1.72161,0.11966,33.00000,30.00000,manual
8342,1.00000,-7.01629,1.67766,0.11477,33.00000,30.00000,manual
8347,1.00000,-7.00713,1.78022,0.10989,33.00000,30.00000,manual
8353,1.00000,-6.99874,1.72161,0.11477,33.00000,30.00000,manual
8358,1.00000,-6.98959,1.76557,0.11477,33.00000,30.00000,manual
8363,1.00000,-6.98043,1.80952,0.11966,33.00000,30.00000,manual
8368,1.00000,-6.97204,1.66301,0.11966,33.00000,30.00000,manual
8373,1.00000,-6.96288,1.79487,0.10501,33.00000,30.00000,manual
8378,1.00000,-6.95373,1.78022,0.10501,33.00000,30.00000,manual
8383,1.00000,-6.94533,1.72161,0.11966,33.00000,30.00000,manual
8388,1.00000,-6.93618,1.78022,0.11477,33.00000,30.00000,manual
8393,1.00000,-6.92741,1.73627,0.10989,33.00000,30.00000,manual
8398,1.00000,-6.91863,1.72161,0.10989,33.00000,30.00000,manual
8403,1.00000,-6.90948,1.80952,0.10501,33.00000,30.00000,manual
8408,1.00000,-6.90032,1.80952,0.10501,33.00000,30.00000,manual
8413,1.00000,-6.89155,1.69231,0.12454,33.00000,30.00000,manual
8418,1.00000,-6.88277,1.72161,0.11966,33.00000,30.00000,manual
8423,1.00000,-6.87362,1.79487,0.10501,33.00000,30.00000,manual
8428,1.00000,-6.86484,1.73627,0.10989,33.00000,30.00000,manual
8433,1.00000,-6.85569,1.83883,0.10012,33.00000,30.00000,manual
8438,1.00000,-6.84653,1.80952,0.10989,33.00000,30.00000,manual
8444,1.00000,-6.83814,1.64835,0.11477,33.00000,30.00000,manual
8449,1.00000,-6.82898,1.78022,0.10012,33.00000,30.00000,manual
8454,1.00000,-6.82021,1.79487,0.10501,33.00000,30.00000,manual
8459,1.00000,-6.81106,1.75092,0.11477,33.00000,30.00000,manual
8464,1.00000,-6.80190,1.80952,0.11477,33.00000,30.00000,manual
8469,1.00000,-6.79313,1.72161,0.10989,33.00000,30.00000,manual
8474,1.00000,-6.78435,1.72161,0.10989,33.00000,30.00000,manual
8479,1.00000,-6.77558,1.79487,0.10501,32.00000,30.00000,manual
8484,1.00000,-6.76642,1.78022,0.10989,33.00000,30.00000,manual
8489,1.00000,-6.75765,1.73627,0.11966,33.00000,30.00000,manual
8494,1.00000,-6.74849,1.75092,0.10989,33.00000,30.00000,manual
8499,1.00000,-6.73972,1.75092,0.10501,33.00000,30.00000,manual
8504,1.00000,-6.73095,1.75092,0.10501,32.00000,30.00000,manual
8509,1.00000,-6.72179,1.82418,0.10501,33.00000,30.00000,manual
8514,1.00000,-6.71263,1.75092,0.11966,33.00000,30.00000,manual
8519,1.00000,-6.70386,1.69231,0.11966,33.00000,30.00000,manual
8524,1.00000,-6.69509,1.79487,0.10012,33.00000,30.00000,manual
8529,1.00000,-6.68593,1.76557,0.10012,33.00000,30.00000,manual
8535,1.00000,-6.67716,1.76557,0.10501,33.00000,30.00000,manual
8540,1.00000,-6.66800,1.82418,0.10501,33.00000,30.00000,manual
8545,1.00000,-6.65923,1.69231,0.11966,33.00000,30.00000,manual
8550,1.00000,-6.65045,1.75092,0.10501,33.00000,30.00000,manual
8555,1.00000,-6.64130,1.80952,0.10012,33.00000,30.00000,manual
8560,1.00000,-6.63252,1.75092,0.10989,33.00000,30.00000,manual
8565,1.00000,-6.62337,1.78022,0.11477,33.00000,30.00000,manual
8570,1.00000,-6.61421,1.75092,0.10501,33.00000,30.00000,manual
8575,1.00000,-6.60544,1.70696,0.10501,33.00000,30.00000,manual
8580,1.00000,-6.59667,1.76557,0.10012,33.00000,30.00000,manual
8585,1.00000,-6.58751,1.82418,0.10012,33.00000,30.00000,manual
8590,1.00000,-6.57874,1.73627,0.11966,33.00000,30.00000,manual
8595,1.00000,-6.56958,1.73627,0.11477,33.00000,30.00000,manual
8600,1.00000,-6.56081,1.78022,0.10012,33.00000,30.00000,manual
8605,1.00000,-6.55203,1.70696,0.10501,33.00000,30.00000,manual
8610,1.00000,-6.54288,1.80952,0.10501,33.00000,30.00000,manual
8615,1.00000,-6.53372,1.82418,0.10989,33.00000,30.00000,manual
8620,1.00000,-6.52495,1.66301,0.11966,33.00000,30.00000,manual
8626,1.00000,-6.51579,1.78022,0.10012,33.00000,30.00000,manual
8631,1.00000,-6.50702,1.80952,0.10012,33.00000,30.00000,manual
8636,1.00000,-6.49786,1.73627,0.10989,33.00000,30.00000,manual
8641,1.00000,-6.48871,1.80952,0.11477,33.00000,30.00000,manual
8646,1.00000,-6.47993,1.72161,0.10989,33.00000,30.00000,manual
8651,1.00000,-6.47116,1.70696,0.10989,33.00000,30.00000,manual
8656,1.00000,-6.46201,1.82418,0.09524,33.00000,30.00000,manual
8661,1.00000,-6.45285,1.80952,0.10012,33.00000,30.00000,manual
8666,1.00000,-6.44408,1.75092,0.11477,32.00000,30.00000,manual
8671,1.00000,-6.43492,1.76557,0.10501,33.00000,30.00000,manual
8676,1.00000,-6.42615,1.76557,0.10012,33.00000,30.00000,manual
8681,1.00000,-6.41699,1.73627,0.09524,33.00000,30.00000,manual
8686,1.00000,-6.40784,1.83883,0.10012,33.00000,30.00000,manual
8691,1.00000,-6.39868,1.79487,0.10501,33.00000,30.00000,manual
8696,1.00000,-6.39029,1.69231,0.10989,33.00000,30.00000,manual
8701,1.00000,-6.38075,1.79487,0.09524,33.00000,30.00000,manual
8706,1.00000,-6.37198,1.76557,0.10012,33.00000,30.00000,manual
8712,1.00000,-6.36282,1.76557,0.10012,33.00000,30.00000,manual
8717,1.00000,-6.35367,1.83883,0.10012,33.00000,30.00000,manual
8722,1.00000,-6.34489,1.72161,0.10989,33.00000,30.00000,manual
8727,1.00000,-6.33574,1.78022,0.09524,33.00000,30.00000,manual
8732,1.00000,-6.32696,1.80952,0.09035,33.00000,30.00000,manual
8737,1.00000,-6.31781,1.75092,0.10501,33.00000,30.00000,manual
8742,1.00000,-6.30865,1.80952,0.10501,33.00000,30.00000,manual
8747,1.00000,-6.29988,1.76557,0.10012,33.00000,30.00000,manual
8752,1.00000,-6.29072,1.72161,0.10012,32.00000,30.00000,manual
8757,1.00000,-6.28195,1.79487,0.09524,33.00000,30.00000,manual
8762,1.00000,-6.27241,1.82418,0.09524,33.00000,30.00000,manual
8767,1.00000,-6.26364,1.73627,0.11477,33.00000,30.00000,manual
8772,1.00000,-6.25486,1.75092,0.10501,33.00000,30.00000,manual
8777,1.00000,-6.24571,1.79487,0.09524,33.00000,30.00000,manual
8782,1.00000,-6.23693,1.73627,0.10012,33.00000,30.00000,manual
8787,1.00000,-6.22740,1.82418,0.10012,33.00000,30.00000,manual
8792,1.00000,-6.21824,1.80952,0.10501,33.00000,30.00000,manual
8797,1.00000,-6.20985,1.67766,0.10989,33.00000,30.00000,manual
8803,1.00000,-6.20069,1.80952,0.09524,33.00000,30.00000,manual
8808,1.00000,-6.19154,1.80952,0.09524,33.00000,30.00000,manual
8813,1.00000,-6.18277,1.75092,0.10501,33.00000,30.00000,manual
8818,1.00000,-6.17323,1.82418,0.10501,33.00000,30.00000,manual
8823,1.00000,-6.16445,1.72161,0.10989,32.00000,30.00000,manual
8828,1.00000,-6.15568,1.73627,0.10501,33.00000,30.00000,manual
8833,1.00000,-6.14652,1.82418,0.09524,33.00000,30.00000,manual
8838,1.00000,-6.13737,1.79487,0.10501,33.00000,30.00000,manual
8843,1.00000,-6.12860,1.76557,0.10989,33.00000,30.00000,manual
8848,1.00000,-6.11982,1.76557,0.10501,33.00000,30.00000,manual
8853,1.00000,-6.11067,1.75092,0.10501,33.00000,30.00000,manual
8858,1.00000,-6.10189,1.73627,0.10501,33.00000,30.00000,manual
8863,1.00000,-6.09236,1.82418,0.10012,33.00000,30.00000,manual
8868,1.00000,-6.08358,1.76557,0.11477,33.00000,30.00000,manual
8873,1.00000,-6.07481,1.70696,0.10989,33.00000,30.00000,manual
8878,1.00000,-6.06565,1.80952,0.10012,33.00000,30.00000,manual
8883,1.00000,-6.05688,1.75092,0.10501,33.00000,30.00000,manual
8888,1.00000,-6.04772,1.78022,0.10012,33.00000,30.00000,manual
8894,1.00000,-6.03857,1.82418,0.10989,33.00000,30.00000,manual
8899,1.00000,-6.03017,1.70696,0.11477,33.00000,30.00000,manual
8904,1.00000,-6.02102,1.75092,0.10012,33.00000,30.00000,manual
8909,1.00000,-6.01186,1.80952,0.10012,33.00000,30.00000,manual
8914,1.00000,-6.00309,1.73627,0.10989,33.00000,30.00000,manual
8919,1.00000,-5.99393,1.79487,0.10501,32.00000,30.00000,manual
8924,1.00000,-5.98516,1.75092,0.10501,33.00000,30.00000,manual
8929,1.00000,-5.97639,1.72161,0.10501,33.00000,30.00000,manual
8934,1.00000,-5.96723,1.78022,0.10501,33.00000,30.00000,manual
8939,1.00000,-5.95808,1.82418,0.10501,33.00000,30.00000,manual
8944,1.00000,-5.94930,1.72161,0.11966,33.00000,30.00000,manual
8949,1.00000,-5.94053,1.75092,0.10989,33.00000,30.00000,manual
8954,1.00000,-5.93137,1.78022,0.10501,33.00000,30.00000,manual
8959,1.00000,-5.92260,1.70696,0.10989,33.00000,30.00000,manual
8964,1.00000,-5.91344,1.82418,0.10501,33.00000,30.00000,manual
8969,1.00000,-5.90429,1.80952,0.10989,33.00000,30.00000,manual
8974,1.00000,-5.89590,1.67766,0.11477,33.00000,30.00000,manual
8979,1.00000,-5.88674,1.79487,0.10012,33.00000,30.00000,manual
8984,1.00000,-5.87758,1.79487,0.10012,33.00000,30.00000,manual
8990,1.00000,-5.86881,1.75092,0.10989,33.00000,30.00000,manual
8995,1.00000,-5.85966,1.82418,0.10989,32.00000,30.00000,manual
9000,1.00000,-5.85088,1.75092,0.10501,33.00000,30.00000,manual
9005,1.00000,-5.84173,1.72161,0.10989,33.00000,30.00000,manual
9010,1.00000,-5.83295,1.79487,0.10501,33.00000,30.00000,manual
9015,1.00000,-5.82380,1.78022,0.10989,33.00000,30.00000,manual
9020,1.00000,-5.81502,1.75092,0.11477,33.00000,30.00000,manual
9025,1.00000,-5.80587,1.76557,0.10501,33.00000,30.00000,manual
9030,1.00000,-5.79709,1.75092,0.10501,33.00000,30.00000,manual
9035,1.00000,-5.78832,1.72161,0.10989,33.00000,30.00000,manual
9040,1.00000,-5.77916,1.80952,0.10501,33.00000,30.00000,manual
9045,1.00000,-5.77001,1.75092,0.11966,33.00000,30.00000,manual
9050,1.00000,-5.76162,1.69231,0.11477,33.00000,30.00000,manual
9055,1.00000,-5.75246,1.79487,0.10501,33.00000,30.00000,manual
9060,1.00000,-5.74369,1.73627,0.10989,33.00000,30.00000,manual
9065,1.00000,-5.73453,1.73627,0.11477,33.00000,30.00000,manual
9070,1.00000,-5.72576,1.80952,0.11966,33.00000,30.00000,manual
9075,1.00000,-5.71698,1.69231,0.12454,33.00000,30.00000,manual
9081,1.00000,-5.70821,1.72161,0.11966,33.00000,30.00000,manual
9086,1.00000,-5.69905,1.79487,0.10989,33.00000,30.00000,manual
9091,1.00000,-5.69028,1.73627,0.11477,33.00000,30.00000,manual
9096,1.00000,-5.68151,1.76557,0.11966,33.00000,30.00000,manual
9101,1.00000,-5.67273,1.73627,0.11966,33.00000,30.00000,manual
9106,1.00000,-5.66396,1.69231,0.12454,33.00000,30.00000,manual
9111,1.00000,-5.65518,1.73627,0.11477,33.00000,30.00000,manual
9116,1.00000,-5.64603,1.78022,0.11477,33.00000,30.00000,manual
9121,1.00000,-5.63725,1.73627,0.12943,33.00000,30.00000,manual
9126,1.00000,-5.62848,1.72161,0.12454,33.00000,30.00000,manual
9131,1.00000,-5.61971,1.75092,0.10989,33.00000,30.00000,manual
9136,1.00000,-5.61093,1.67766,0.12454,33.00000,30.00000,manual
9141,1.00000,-5.60216,1.72161,0.12454,33.00000,30.00000,manual
9146,1.00000,-5.59339,1.79487,0.11966,33.00000,30.00000,manual
9151,1.00000,-5.58461,1.67766,0.13431,33.00000,30.00000,manual
9156,1.00000,-5.57584,1.73627,0.12454,33.00000,30.00000,manual
9161,1.00000,-5.56668,1.76557,0.11477,32.00000,30.00000,manual
9167,1.00000,-5.55829,1.66301,0.12943,33.00000,30.00000,manual
9172,1.00000,-5.54952,1.75092,0.12943,33.00000,30.00000,manual
9177,1.00000,-5.54074,1.75092,0.12943,33.00000,30.00000,manual
9182,1.00000,-5.53197,1.67766,0.12943,33.00000,30.00000,manual
9187,1.00000,-5.52281,1.78022,0.10989,33.00000,30.00000,manual
9192,1.00000,-5.51404,1.76557,0.10989,33.00000,30.00000,manual
9197,1.00000,-5.50526,1.69231,0.12454,33.00000,30.00000,manual
9202,1.00000,-5.49649,1.72161,0.12943,33.00000,30.00000,manual
9207,1.00000,-5.48772,1.73627,0.12454,33.00000,30.00000,manual
9212,1.00000,-5.47894,1.70696,0.12943,33.00000,30.00000,manual
9217,1.00000,-5.47017,1.75092,0.11966,33.00000,30.00000,manual
9222,1.00000,-5.46101,1.79487,0.11477,33.00000,30.00000,manual
9227,1.00000,-5.45262,1.67766,0.12943,33.00000,30.00000,manual
9232,1.00000,-5.44385,1.72161,0.12454,33.00000,30.00000,manual
9237,1.00000,-5.43507,1.75092,0.11966,33.00000,30.00000,manual
9242,1.00000,-5.42630,1.64835,0.12943,33.00000,30.00000,manual
9247,1.00000,-5.41752,1.76557,0.12454,33.00000,30.00000,manual
9252,1.00000,-5.40837,1.78022,0.11966,33.00000,30.00000,manual
9258,1.00000,-5.39998,1.67766,0.12454,33.00000,30.00000,manual
9263,1.00000,-5.39082,1.76557,0.11966,33.00000,30.00000,manual
9268,1.00000,-5.38205,1.75092,0.11966,33.00000,30.00000,manual
9273,1.00000,-5.37366,1.67766,0.13431,33.00000,30.00000,manual
9278,1.00000,-5.36488,1.75092,0.12943,33.00000,30.00000,manual
9283,1.00000,-5.35611,1.73627,0.12454,33.00000,30.00000,manual
9288,1.00000,-5.34733,1.72161,0.12943,33.00000,30.00000,manual
9293,1.00000,-5.33818,1.76557,0.11966,33.00000,30.00000,manual
9298,1.00000,-5.32940,1.78022,0.11966,33.00000,30.00000,manual
9303,1.00000,-5.32101,1.66301,0.12943,33.00000,30.00000,manual
9308,1.00000,-5.31224,1.72161,0.12454,33.00000,30.00000,manual
9313,1.00000,-5.30308,1.76557,0.11966,33.00000,30.00000,manual
9318,1.00000,-5.29469,1.67766,0.12454,33.00000,30.00000,manual
9323,1.00000,-5.28553,1.79487,0.11966,33.00000,30.00000,manual
9328,1.00000,-5.27638,1.79487,0.11966,33.00000,30.00000,manual
9333,1.00000,-5.26799,1.64835,0.12943,33.00000,30.00000,manual
9338,1.00000,-5.25921,1.75092,0.11966,33.00000,30.00000,manual
9344,1.00000,-5.25044,1.75092,0.11966,33.00000,30.00000,manual
9349,1.00000,-5.24166,1.66301,0.12454,33.00000,30.00000,manual
9354,1.00000,-5.23251,1.80952,0.11966,33.00000,30.00000,manual
9359,1.00000,-5.22374,1.78022,0.11477,33.00000,30.00000,manual
9364,1.00000,-5.21496,1.69231,0.11477,33.00000,30.00000,manual
9369,1.00000,-5.20619,1.75092,0.11966,33.00000,30.00000,manual
9374,1.00000,-5.19741,1.73627,0.12454,33.00000,30.00000,manual
9379,1.00000,-5.18864,1.70696,0.13431,33.00000,30.00000,manual
9384,1.00000,-5.17987,1.75092,0.12943,33.00000,30.00000,manual
9389,1.00000,-5.17071,1.79487,0.10989,33.00000,30.00000,manual
9394,1.00000,-5.16194,1.72161,0.11477,33.00000,30.00000,manual
9399,1.00000,-5.15278,1.78022,0.10989,33.00000,30.00000,manual
9404,1.00000,-5.14401,1.75092,0.12943,33.00000,30.00000,manual
9409,1.00000,-5.13561,1.63370,0.13919,33.00000,30.00000,manual
9414,1.00000,-5.12684,1.76557,0.12943,33.00000,30.00000,manual
9419,1.00000,-5.11769,1.79487,0.10989,33.00000,30.00000,manual
9424,1.00000,-5.10891,1.70696,0.11477,33.00000,30.00000,manual
9429,1.00000,-5.09976,1.82418,0.10989,33.00000,30.00000,manual
9435,1.00000,-5.09098,1.72161,0.12454,33.00000,30.00000,manual
9440,1.00000,-5.08259,1.64835,0.13431,33.00000,30.00000,manual
9445,1.00000,-5.07382,1.78022,0.12454,33.00000,30.00000,manual
9450,1.00000,-5.06504,1.73627,0.11966,33.00000,30.00000,manual
9455,1.00000,-5.05589,1.75092,0.11966,33.00000,30.00000,manual
9460,1.00000,-5.04711,1.79487,0.11477,33.00000,30.00000,manual
9465,1.00000,-5.03834,1.72161,0.11966,33.00000,30.00000,manual
9470,1.00000,-5.02956,1.70696,0.11477,33.00000,30.00000,manual
9475,1.00000,-5.02041,1.75092,0.11477,33.00000,30.00000,manual
9480,1.00000,-5.01164,1.75092,0.12454,33.00000,30.00000,manual
9485,1.00000,-5.00286,1.72161,0.12454,33.00000,30.00000,manual
9490,1.00000,-4.99371,1.79487,0.10989,33.00000,30.00000,manual
9495,1.00000,-4.98493,1.75092,0.11477,33.00000,30.00000,manual
9500,1.00000,-4.97616,1.70696,0.11477,33.00000,30.00000,manual
9505,1.00000,-4.96700,1.79487,0.10989,33.00000,30.00000,manual
9510,1.00000,-4.95861,1.70696,0.12943,33.00000,30.00000,manual
9515,1.00000,-4.94984,1.70696,0.12454,33.00000,30.00000,manual
9520,1.00000,-4.94030,1.82418,0.10989,33.00000,30.00000,manual
9526,1.00000,-4.93191,1.73627,0.11477,33.00000,30.00000,manual
9531,1.00000,-4.92275,1.73627,0.11477,33.00000,30.00000,manual
9536,1.00000,-4.91398,1.75092,0.11966,33.00000,30.00000,manual
9541,1.00000,-4.90558,1.67766,0.13431,33.00000,30.00000,manual
9546,1.00000,-4.89643,1.76557,0.11966,33.00000,30.00000,manual
9551,1.00000,-4.88727,1.78022,0.10501,33.00000,30.00000,manual
9556,1.00000,-4.87850,1.75092,0.11477,33.00000,30.00000,manual
9561,1.00000,-4.86973,1.75092,0.11477,33.00000,30.00000,manual
9566,1.00000,-4.86057,1.75092,0.11477,33.00000,30.00000,manual
9571,1.00000,-4.85180,1.72161,0.12454,33.00000,30.00000,manual
9576,1.00000,-4.84302,1.73627,0.11477,33.00000,30.00000,manual
9581,1.00000,-4.83425,1.79487,0.10501,33.00000,30.00000,manual
9586,1.00000,-4.82548,1.70696,0.11966,33.00000,30.00000,manual
9591,1.00000,-4.81632,1.75092,0.11477,33.00000,30.00000,manual
9596,1.00000,-4.80716,1.80952,0.10501,33.00000,30.00000,manual
9601,1.00000,-4.79877,1.69231,0.11966,33.00000,30.00000,manual
9606,1.00000,-4.78962,1.76557,0.11477,33.00000,30.00000,manual
9611,1.00000,-4.78084,1.78022,0.10989,33.00000,30.00000,manual
9617,1.00000,-4.77207,1.69231,0.11966,33.00000,30.00000,manual
9622,1.00000,-4.76291,1.79487,0.10989,33.00000,30.00000,manual
9627,1.00000,-4.75376,1.79487,0.10501,33.00000,30.00000,manual
9632,1.00000,-4.74537,1.70696,0.11477,33.00000,30.00000,manual
9637,1.00000,-4.73621,1.76557,0.11477,33.00000,30.00000,manual
9642,1.00000,-4.72744,1.73627,0.11477,33.00000,30.00000,manual
9647,1.00000,-4.71866,1.72161,0.11966,33.00000,30.00000,manual
9652,1.00000,-4.70951,1.79487,0.10501,33.00000,30.00000,manual
9657,1.00000,-4.70035,1.80952,0.10012,33.00000,30.00000,manual
9662,1.00000,-4.69158,1.70696,0.11477,33.00000,30.00000,manual
9667,1.00000,-4.68280,1.75092,0.11477,33.00000,30.00000,manual
9672,1.00000,-4.67403,1.76557,0.11477,33.00000,30.00000,manual
9677,1.00000,-4.66526,1.69231,0.11966,33.00000,30.00000,manual
9682,1.00000,-4.65610,1.80952,0.11477,33.00000,30.00000,manual
9687,1.00000,-4.64733,1.80952,0.10989,33.00000,30.00000,manual
9692,1.00000,-4.63855,1.70696,0.10989,33.00000,30.00000,manual
9697,1.00000,-4.62940,1.82418,0.10501,33.00000,30.00000,manual
9702,1.00000,-4.62024,1.78022,0.10501,33.00000,30.00000,manual
9708,1.00000,-4.61147,1.73627,0.11477,33.00000,30.00000,manual
9713,1.00000,-4.60231,1.80952,0.10989,33.00000,30.00000,manual
9718,1.00000,-4.59354,1.75092,0.10501,33.00000,30.00000,manual
9723,1.00000,-4.58438,1.73627,0.10501,33.00000,30.00000,manual
9728,1.00000,-4.57561,1.80952,0.10501,33.00000,30.00000,manual
9733,1.00000,-4.56645,1.76557,0.10989,33.00000,30.00000,manual
9738,1.00000,-4.55768,1.73627,0.10989,33.00000,30.00000,manual
9743,1.00000,-4.54852,1.76557,0.10012,33.00000,30.00000,manual
9748,1.00000,-4.53975,1.76557,0.10989,33.00000,30.00000,manual
9753,1.00000,-4.53059,1.75092,0.10501,33.00000,30.00000,manual
9758,1.00000,-4.52144,1.80952,0.10012,33.00000,30.00000,manual
9763,1.00000,-4.51266,1.75092,0.10989,33.00000,30.00000,manual
9768,1.00000,-4.50389,1.70696,0.10989,33.00000,30.00000,manual
9773,1.00000,-4.49474,1.82418,0.10501,33.00000,30.00000,manual
9778,1.00000,-4.48596,1.73627,0.10989,33.00000,30.00000,manual
9783,1.00000,-4.47681,1.76557,0.10501,33.00000,30.00000,manual
9788,1.00000,-4.46765,1.82418,0.10012,33.00000,30.00000,manual
9793,1.00000,-4.45888,1.72161,0.10989,33.00000,30.00000,manual
9798,1.00000,-4.45010,1.78022,0.10012,33.00000,30.00000,manual
9804,1.00000,-4.44095,1.79487,0.10501,33.00000,30.00000,manual
9809,1.00000,-4.43217,1.70696,0.11966,33.00000,30.00000,manual
9814,1.00000,-4.42302,1.78022,0.11966,33.00000,30.00000,manual
9819,1.00000,-4.41386,1.78022,0.10012,33.00000,30.00000,manual
9824,1.00000,-4.40509,1.75092,0.10501,33.00000,30.00000,manual
9829,1.00000,-4.39593,1.79487,0.10012,33.00000,30.00000,manual
9834,1.00000,-4.38678,1.80952,0.10012,33.00000,30.00000,manual
9839,1.00000,-4.37800,1.72161,0.10989,33.00000,30.00000,manual
9844,1.00000,-4.36923,1.78022,0.10501,33.00000,30.00000,manual
9849,1.00000,-4.36007,1.82418,0.10501,33.00000,30.00000,manual
9854,1.00000,-4.35130,1.73627,0.10501,33.00000,30.00000,manual
9859,1.00000,-4.34176,1.80952,0.10012,33.00000,30.00000,manual
9864,1.00000,-4.33299,1.79487,0.10012,33.00000,30.00000,manual
9869,1.00000,-4.32422,1.70696,0.10501,33.00000,30.00000,manual
9874,1.00000,-4.31506,1.83883,0.10012,33.00000,30.00000,manual
9879,1.00000,-4.30591,1.78022,0.10012,33.00000,30.00000,manual
9884,1.00000,-4.29713,1.72161,0.10989,33.00000,30.00000,manual
9889,1.00000,-4.28798,1.82418,0.10501,33.00000,30.00000,manual
9894,1.00000,-4.27920,1.75092,0.10501,33.00000,30.00000,manual
9900,1.00000,-4.27005,1.75092,0.10012,33.00000,30.00000,manual
9905,1.00000,-4.26089,1.82418,0.10012,33.00000,30.00000,manual
9910,1.00000,-4.25212,1.76557,0.10501,33.00000,30.00000,manual
9915,1.00000,-4.24296,1.75092,0.10501,33.00000,30.00000,manual
9920,1.00000,-4.23419,1.78022,0.10012,33.00000,30.00000,manual
9925,1.00000,-4.22503,1.78022,0.10501,33.00000,30.00000,manual
9930,1.00000,-4.21626,1.75092,0.10501,33.00000,30.00000,manual
9935,1.00000,-4.20710,1.80952,0.10012,33.00000,30.00000,manual
9940,1.00000,-4.19795,1.73627,0.11477,33.00000,30.00000,manual
9945,1.00000,-4.18917,1.73627,0.10501,33.00000,30.00000,manual
9950,1.00000,-4.18002,1.83883,0.10012,33.00000,30.00000,manual
9955,1.00000,-4.17124,1.72161,0.10989,33.00000,30.00000,manual
9960,1.00000,-4.16209,1.76557,0.10501,33.00000,30.00000,manual
9965,1.00000,-4.15293,1.80952,0.10012,33.00000,30.00000,manual
9970,1.00000,-4.14454,1.72161,0.10989,33.00000,30.00000,manual
9975,1.00000,-4.13539,1.79487,0.10012,33.00000,30.00000,manual
9980,1.00000,-4.12623,1.79487,0.10012,33.00000,30.00000,manual
9985,1.00000,-4.11746,1.72161,0.10989,33.00000,30.00000,manual
9991,1.00000,-4.10830,1.78022,0.10501,33.00000,30.00000,manual
9996,1.00000,-4.09915,1.78022,0.09524,33.00000,30.00000,manual
10001,1.00000,-4.09037,1.73627,0.10012,33.00000,30.00000,manual
10006,1.00000,-4.08160,1.78022,0.10012,33.00000,30.00000,manual
10011,1.00000,-4.07206,1.79487,0.10012,33.00000,30.00000,manual
10016,1.00000,-4.06367,1.72161,0.10989,33.00000,30.00000,manual
10021,1.00000,-4.05451,1.78022,0.10501,33.00000,30.00000,manual
10026,1.00000,-4.04536,1.80952,0.10012,33.00000,30.00000,manual
10031,1.00000,-4.03658,1.72161,0.10989,33.00000,30.00000,manual
10036,1.00000,-4.02743,1.80952,0.10501,33.00000,30.00000,manual
10041,1.00000,-4.01865,1.78022,0.10501,33.00000,30.00000,manual
10046,1.00000,-4.00988,1.69231,0.10989,33.00000,30.00000,manual
10051,1.00000,-4.00034,1.83883,0.10012,33.00000,30.00000,manual
10056,1.00000,-3.99157,1.78022,0.10501,33.00000,30.00000,manual
10061,1.00000,-3.98280,1.75092,0.10501,33.00000,30.00000,manual
10066,1.00000,-3.97364,1.82418,0.10501,33.00000,30.00000,manual
10071,1.00000,-3.96448,1.75092,0.10501,33.00000,30.00000,manual
10076,1.00000,-3.95571,1.75092,0.10501,33.00000,30.00000,manual
10082,1.00000,-3.94656,1.80952,0.10501,33.00000,30.00000,manual
10087,1.00000,-3.93778,1.76557,0.10989,33.00000,30.00000,manual
10092,1.00000,-3.92863,1.75092,0.10989,33.00000,30.00000,manual
10097,1.00000,-3.91947,1.79487,0.10501,33.00000,30.00000,manual
10102,1.00000,-3.91070,1.76557,0.10989,33.00000,30.00000,manual
10107,1.00000,-3.90154,1.75092,0.10501,33.00000,30.00000,manual
10112,1.00000,-3.89239,1.80952,0.10012,33.00000,30.00000,manual
10117,1.00000,-3.88361,1.72161,0.11477,33.00000,30.00000,manual
10122,1.00000,-3.87484,1.73627,0.10501,33.00000,30.00000,manual
10127,1.00000,-3.86568,1.83883,0.09524,33.00000,30.00000,manual
10132,1.00000,-3.85691,1.72161,0.10501,33.00000,30.00000,manual
10137,1.00000,-3.84775,1.76557,0.10501,33.00000,30.00000,manual
10142,1.00000,-3.83860,1.78022,0.10501,33.00000,30.00000,manual
10147,1.00000,-3.83020,1.69231,0.11477,33.00000,30.00000,manual
10152,1.00000,-3.82105,1.79487,0.10989,33.00000,30.00000,manual
10157,1.00000,-3.81189,1.79487,0.10501,33.00000,30.00000,manual
10162,1.00000,-3.80312,1.72161,0.11477,33.00000,30.00000,manual
10167,1.00000,-3.79397,1.78022,0.10501,33.00000,30.00000,manual
10173,1.00000,-3.78519,1.76557,0.10501,33.00000,30.00000,manual
10178,1.00000,-3.77642,1.72161,0.10989,33.00000,30.00000,manual
10183,1.00000,-3.76726,1.76557,0.10501,33.00000,30.00000,manual
10188,1.00000,-3.75849,1.79487,0.10989,33.00000,30.00000,manual
10193,1.00000,-3.74971,1.70696,0.11477,33.00000,30.00000,manual
10198,1.00000,-3.74056,1.78022,0.10501,33.00000,30.00000,manual
10203,1.00000,-3.73140,1.80952,0.10989,33.00000,30.00000,manual
10208,1.00000,-3.72301,1.69231,0.11966,33.00000,30.00000,manual
10213,1.00000,-3.71385,1.76557,0.11477,33.00000,30.00000,manual
10218,1.00000,-3.70508,1.76557,0.11966,33.00000,30.00000,manual
10223,1.00000,-3.69669,1.67766,0.11966,33.00000,30.00000,manual
10228,1.00000,-3.68715,1.83883,0.10989,33.00000,30.00000,manual
10233,1.00000,-3.67838,1.78022,0.10989,33.00000,30.00000,manual
10238,1.00000,-3.66960,1.67766,0.11966,32.00000,30.00000,manual
10243,1.00000,-3.66083,1.78022,0.12454,33.00000,30.00000,manual
10248,1.00000,-3.65206,1.72161,0.12454,33.00000,30.00000,manual
10253,1.00000,-3.64328,1.70696,0.11966,33.00000,30.00000,manual
10259,1.00000,-3.63413,1.79487,0.11477,33.00000,30.00000,manual
10264,1.00000,-3.62535,1.76557,0.11477,33.00000,30.00000,manual
10269,1.00000,-3.61658,1.69231,0.12943,33.00000,30.00000,manual
10274,1.00000,-3.60819,1.72161,0.12943,33.00000,30.00000,manual
10279,1.00000,-3.59941,1.72161,0.12943,33.00000,30.00000,manual
10284,1.00000,-3.59064,1.67766,0.12943,33.00000,30.00000,manual
10289,1.00000,-3.58186,1.78022,0.12454,33.00000,30.00000,manual
10294,1.00000,-3.57271,1.76557,0.12943,33.00000,30.00000,manual
10299,1.00000,-3.56432,1.67766,0.12943,33.00000,30.00000,manual
10304,1.00000,-3.55516,1.78022,0.11966,33.00000,30.00000,manual
10309,1.00000,-3.54677,1.70696,0.12943,33.00000,30.00000,manual
10314,1.00000,-3.53838,1.61905,0.13919,33.00000,30.00000,manual
10319,1.00000,-3.52960,1.76557,0.13919,33.00000,30.00000,manual
10324,1.00000,-3.52083,1.70696,0.13431,33.00000,30.00000,manual
10329,1.00000,-3.51205,1.69231,0.12943,33.00000,30.00000,manual
10334,1.00000,-3.50290,1.79487,0.12454,33.00000,30.00000,manual
10339,1.00000,-3.49451,1.70696,0.12943,33.00000,30.00000,manual
10344,1.00000,-3.48611,1.63370,0.14408,33.00000,30.00000,manual
10350,1.00000,-3.47772,1.69231,0.14896,33.00000,30.00000,manual
10355,1.00000,-3.46895,1.70696,0.13919,33.00000,30.00000,manual
10360,1.00000,-3.46017,1.72161,0.13919,33.00000,30.00000,manual
10365,1.00000,-3.45140,1.78022,0.12454,33.00000,30.00000,manual
10370,1.00000,-3.44224,1.73627,0.12454,33.00000,30.00000,manual
10375,1.00000,-3.43423,1.60440,0.14408,33.00000,30.00000,manual
10380,1.00000,-3.42584,1.66301,0.14896,33.00000,30.00000,manual
10385,1.00000,-3.41707,1.72161,0.14896,33.00000,30.00000,manual
10390,1.00000,-3.40868,1.67766,0.14408,33.00000,30.00000,manual
10395,1.00000,-3.39952,1.78022,0.13431,33.00000,30.00000,manual
10400,1.00000,-3.39075,1.75092,0.12943,33.00000,30.00000,manual
10405,1.00000,-3.38235,1.61905,0.13919,33.00000,30.00000,manual
10410,1.00000,-3.37358,1.73627,0.13431,33.00000,30.00000,manual
10415,1.00000,-3.36519,1.67766,0.14408,33.00000,30.00000,manual
10420,1.00000,-3.35718,1.61905,0.15873,33.00000,30.00000,manual
10425,1.00000,-3.34840,1.75092,0.15385,33.00000,30.00000,manual
10430,1.00000,-3.33963,1.72161,0.13919,33.00000,30.00000,manual
10435,1.00000,-3.33085,1.67766,0.13919,33.00000,30.00000,manual
10441,1.00000,-3.32208,1.75092,0.13431,33.00000,30.00000,manual
10446,1.00000,-3.31369,1.66301,0.14408,33.00000,30.00000,manual
10451,1.00000,-3.30568,1.58974,0.16850,33.00000,30.00000,manual
10456,1.00000,-3.29690,1.66301,0.16361,33.00000,30.00000,manual
10461,1.00000,-3.28851,1.72161,0.14896,33.00000,30.00000,manual
10466,1.00000,-3.27974,1.70696,0.14408,33.00000,30.00000,manual
10471,1.00000,-3.27096,1.75092,0.12943,33.00000,30.00000,manual
10476,1.00000,-3.26219,1.70696,0.14408,33.00000,30.00000,manual
10481,1.00000,-3.25456,1.51649,0.16850,33.00000,30.00000,manual
10486,1.00000,-3.24617,1.60440,0.16850,33.00000,30.00000,manual
10491,1.00000,-3.23739,1.75092,0.15385,33.00000,30.00000,manual
10496,1.00000,-3.22900,1.67766,0.15385,33.00000,30.00000,manual
10501,1.00000,-3.22023,1.72161,0.13919,33.00000,30.00000,manual
10506,1.00000,-3.21145,1.75092,0.13431,33.00000,30.00000,manual
10511,1.00000,-3.20306,1.58974,0.15385,33.00000,30.00000,manual
10516,1.00000,-3.19505,1.61905,0.15873,33.00000,30.00000,manual
10521,1.00000,-3.18666,1.66301,0.15873,33.00000,30.00000,manual
10526,1.00000,-3.17826,1.63370,0.16361,33.00000,30.00000,manual
10532,1.00000,-3.16987,1.66301,0.16361,33.00000,30.00000,manual
10537,1.00000,-3.16110,1.70696,0.15873,33.00000,30.00000,manual
10542,1.00000,-3.15271,1.64835,0.15873,33.00000,30.00000,manual
10547,1.00000,-3.14469,1.60440,0.16850,33.00000,30.00000,manual
10552,1.00000,-3.13668,1.61905,0.17338,33.00000,30.00000,manual
10557,1.00000,-3.12829,1.60440,0.19292,33.00000,30.00000,manual
10562,1.00000,-3.12066,1.53114,0.19780,33.00000,30.00000,manual
10567,1.00000,-3.11227,1.63370,0.18315,33.00000,30.00000,manual
10572,1.00000,-3.10388,1.69231,0.16850,33.00000,30.00000,manual
10577,1.00000,-3.09586,1.57509,0.18315,33.00000,30.00000,manual
10582,1.00000,-3.08785,1.60440,0.18804,33.00000,30.00000,manual
10587,1.00000,-3.07984,1.54579,0.21245,33.00000,30.00000,manual
10592,1.00000,-3.07259,1.42857,0.24176,33.00000,30.00000,manual
10597,1.00000,-3.06497,1.51649,0.22711,33.00000,30.00000,manual
10602,1.00000,-3.05657,1.64835,0.20757,33.00000,30.00000,manual
10607,1.00000,-3.04856,1.57509,0.20757,33.00000,30.00000,manual
10612,1.00000,-3.04093,1.54579,0.21245,33.00000,30.00000,manual
10617,1.00000,-3.03292,1.57509,0.21734,33.00000,30.00000,manual
10623,1.00000,-3.02567,1.42857,0.23687,33.00000,30.00000,manual
10628,1.00000,-3.01842,1.38462,0.26618,33.00000,30.00000,manual
10633,1.00000,-3.01080,1.50183,0.25153,33.00000,30.00000,manual
10638,1.00000,-3.00317,1.51649,0.24176,33.00000,30.00000,manual
10643,1.00000,-2.99554,1.47253,0.25153,33.00000,30.00000,manual
10648,1.00000,-2.98829,1.45788,0.24664,33.00000,30.00000,manual
10653,1.00000,-2.98066,1.50183,0.24664,33.00000,30.00000,manual
10658,1.00000,-2.97303,1.48718,0.25153,33.00000,30.00000,manual
10663,1.00000,-2.96616,1.35531,0.28083,33.00000,30.00000,manual
10668,1.00000,-2.95930,1.38462,0.28572,33.00000,30.00000,manual
10673,1.00000,-2.95205,1.44323,0.29060,33.00000,30.00000,manual
10678,1.00000,-2.94480,1.39927,0.30037,33.00000,30.00000,manual
10683,1.00000,-2.93832,1.31136,0.30525,33.00000,30.00000,manual
10688,1.00000,-2.93069,1.47253,0.27595,33.00000,30.00000,manual
10693,1.00000,-2.92306,1.50183,0.26618,33.00000,30.00000,manual
10698,1.00000,-2.91619,1.35531,0.29060,33.00000,30.00000,manual
10703,1.00000,-2.90971,1.28205,0.31502,33.00000,30.00000,manual
10709,1.00000,-2.90284,1.35531,0.32479,33.00000,30.00000,manual
10714,1.00000,-2.89635,1.26740,0.33455,33.00000,30.00000,manual
10719,1.00000,-2.89025,1.23810,0.35409,33.00000,30.00000,manual
10724,1.00000,-2.88338,1.32601,0.33455,33.00000,30.00000,manual
10729,1.00000,-2.87613,1.42857,0.30525,33.00000,30.00000,manual
10734,1.00000,-2.86927,1.36996,0.30525,33.00000,30.00000,manual
10739,1.00000,-2.86240,1.31136,0.32479,33.00000,30.00000,manual
10744,1.00000,-2.85592,1.29671,0.32967,33.00000,30.00000,manual
10749,1.00000,-2.84943,1.25275,0.34921,33.00000,30.00000,manual
10754,1.00000,-2.84333,1.22345,0.35897,33.00000,30.00000,manual
10759,1.00000,-2.83722,1.22345,0.37363,33.00000,30.00000,manual
10764,1.00000,-2.83074,1.25275,0.35897,33.00000,30.00000,manual
10769,1.00000,-2.82425,1.31136,0.35409,33.00000,30.00000,manual
10774,1.00000,-2.81739,1.34066,0.34432,33.00000,30.00000,manual
10779,1.00000,-2.81128,1.23810,0.35897,33.00000,30.00000,manual
10784,1.00000,-2.80480,1.19414,0.36874,33.00000,30.00000,manual
10789,1.00000,-2.79870,1.25275,0.36874,33.00000,30.00000,manual
10795,1.00000,-2.79259,1.22345,0.37363,33.00000,30.00000,manual
10800,1.00000,-2.78687,1.13553,0.40293,33.00000,30.00000,manual
10805,1.00000,-2.78115,1.12088,0.41270,33.00000,30.00000,manual
10810,1.00000,-2.77466,1.22345,0.39805,33.00000,30.00000,manual
10815,1.00000,-2.76856,1.20879,0.38828,33.00000,30.00000,manual
10820,1.00000,-2.76284,1.12088,0.40781,33.00000,30.00000,manual
10825,1.00000,-2.75711,1.10623,0.41270,33.00000,30.00000,manual
10830,1.00000,-2.75101,1.25275,0.38828,33.00000,30.00000,manual
10835,1.00000,-2.74453,1.26740,0.37851,33.00000,30.00000,manual
10840,1.00000,-2.73842,1.15018,0.39805,33.00000,30.00000,manual
10845,1.00000,-2.73308,1.04762,0.43223,33.00000,30.00000,manual
10850,1.00000,-2.72774,1.10623,0.44200,33.00000,30.00000,manual
10855,1.00000,-2.72202,1.15018,0.43712,33.00000,30.00000,manual
10860,1.00000,-2.71630,1.06227,0.43223,33.00000,30.00000,manual
10865,1.00000,-2.71096,1.06227,0.44200,33.00000,30.00000,manual
10870,1.00000,-2.70523,1.09158,0.44689,33.00000,30.00000,manual
10875,1.00000,-2.69913,1.19414,0.41270,33.00000,30.00000,manual
10880,1.00000,-2.69303,1.22345,0.39805,33.00000,30.00000,manual
10886,1.00000,-2.68692,1.19414,0.39805,33.00000,30.00000,manual
10891,1.00000,-2.68158,1.10623,0.42735,33.00000,30.00000,manual
10896,1.00000,-2.67624,1.06227,0.44689,33.00000,30.00000,manual
10901,1.00000,-2.67052,1.07693,0.44200,33.00000,30.00000,manual
10906,1.00000,-2.66480,1.09158,0.43712,33.00000,30.00000,manual
10911,1.00000,-2.65907,1.13553,0.43712,33.00000,30.00000,manual
10916,1.00000,-2.65373,1.06227,0.44689,33.00000,30.00000,manual
10921,1.00000,-2.64839,1.07693,0.43712,33.00000,30.00000,manual
10926,1.00000,-2.64229,1.17949,0.42735,33.00000,30.00000,manual
10931,1.00000,-2.63657,1.16484,0.42247,33.00000,30.00000,manual
10936,1.00000,-2.63123,1.04762,0.45177,33.00000,30.00000,manual
10941,1.00000,-2.62627,0.93040,0.47619,33.00000,30.00000,manual
10946,1.00000,-2.62093,1.01832,0.47619,33.00000,30.00000,manual
10951,1.00000,-2.61559,1.09158,0.46642,33.00000,30.00000,manual
10956,1.00000,-2.61025,1.04762,0.46642,33.00000,30.00000,manual
10961,1.00000,-2.60567,0.95971,0.48596,33.00000,30.00000,manual
10966,1.00000,-2.60071,0.93040,0.51038,33.00000,30.00000,manual
10971,1.00000,-2.59575,1.00366,0.49084,33.00000,30.00000,manual
10977,1.00000,-2.59003,1.10623,0.47619,33.00000,30.00000,manual
10982,1.00000,-2.58507,1.00366,0.48596,33.00000,30.00000,manual
10987,1.00000,-2.58011,0.97436,0.49084,33.00000,30.00000,manual
10992,1.00000,-2.57515,0.94506,0.50061,33.00000,30.00000,manual
10997,1.00000,-2.56981,1.04762,0.47619,33.00000,30.00000,manual
11002,1.00000,-2.56447,1.07693,0.47131,33.00000,30.00000,manual
11007,1.00000,-2.55951,0.95971,0.48596,33.00000,30.00000,manual
11012,1.00000,-2.55455,0.94506,0.51038,33.00000,30.00000,manual
11017,1.00000,-2.54997,0.91575,0.52503,33.00000,30.00000,manual
11022,1.00000,-2.54501,0.97436,0.51526,33.00000,30.00000,manual
11027,1.00000,-2.54006,1.00366,0.49573,33.00000,30.00000,manual
11032,1.00000,-2.53471,1.00366,0.48596,33.00000,30.00000,manual
11037,1.00000,-2.52976,1.03297,0.47619,33.00000,30.00000,manual
11042,1.00000,-2.52442,1.03297,0.47131,33.00000,30.00000,manual
11047,1.00000,-2.51869,1.06227,0.46154,33.00000,30.00000,manual
11052,1.00000,-2.51335,1.10623,0.44689,33.00000,30.00000,manual
11057,1.00000,-2.50801,1.06227,0.45666,33.00000,30.00000,manual
11063,1.00000,-2.50267,1.00366,0.48108,33.00000,30.00000,manual
11068,1.00000,-2.49809,0.88645,0.51526,33.00000,30.00000,manual
11073,1.00000,-2.49390,0.84249,0.52991,33.00000,30.00000,manual
11078,1.00000,-2.48894,0.95971,0.52015,33.00000,30.00000,manual
11083,1.00000,-2.48360,1.01832,0.49573,33.00000,30.00000,manual
11088,1.00000,-2.47864,1.01832,0.48596,33.00000,30.00000,manual
11093,1.00000,-2.47406,0.93040,0.51038,33.00000,30.00000,manual
11098,1.00000,-2.46910,0.91575,0.51526,33.00000,30.00000,manual
11103,1.00000,-2.46376,1.04762,0.49084,33.00000,30.00000,manual
11108,1.00000,-2.45842,1.07693,0.48108,33.00000,30.00000,manual
11113,1.00000,-2.45346,0.97436,0.49573,33.00000,30.00000,manual
11118,1.00000,-2.44926,0.84249,0.53480,33.00000,30.00000,manual
11123,1.00000,-2.44507,0.79854,0.56410,33.00000,30.00000,manual
11128,1.00000,-2.44087,0.87180,0.55433,33.00000,30.00000,manual
11133,1.00000,-2.43553,0.98901,0.52503,33.00000,30.00000,manual
11138,1.00000,-2.43057,0.97436,0.51526,33.00000,30.00000,manual
11143,1.00000,-2.42599,0.93040,0.51526,33.00000,30.00000,manual
11148,1.00000,-2.42142,0.91575,0.53480,33.00000,30.00000,manual
11154,1.00000,-2.41684,0.90110,0.52991,33.00000,30.00000,manual
11159,1.00000,-2.41150,1.00366,0.50550,33.00000,30.00000,manual
11164,1.00000,-2.40654,1.04762,0.50061,33.00000,30.00000,manual
11169,1.00000,-2.40158,0.94506,0.49573,33.00000,30.00000,manual
11174,1.00000,-2.39662,0.94506,0.51526,33.00000,30.00000,manual
11179,1.00000,-2.39204,0.91575,0.52503,33.00000,30.00000,manual
11184,1.00000,-2.38708,0.95971,0.51038,33.00000,30.00000,manual
11189,1.00000,-2.38212,0.95971,0.51038,33.00000,30.00000,manual
11194,1.00000,-2.37755,0.94506,0.52015,33.00000,30.00000,manual
11199,1.00000,-2.37297,0.93040,0.52503,33.00000,30.00000,manual
11204,1.00000,-2.36839,0.88645,0.53968,33.00000,30.00000,manual
11209,1.00000,-2.36381,0.87180,0.53968,33.00000,30.00000,manual
11214,1.00000,-2.35924,0.91575,0.53480,33.00000,30.00000,manual
11219,1.00000,-2.35428,0.98901,0.51526,33.00000,30.00000,manual
11224,1.00000,-2.34894,0.98901,0.49573,33.00000,30.00000,manual
11229,1.00000,-2.34360,1.03297,0.49084,33.00000,30.00000,manual
11235,1.00000,-2.33902,0.94506,0.51038,33.00000,30.00000,manual
11240,1.00000,-2.33406,0.95971,0.50061,33.00000,30.00000,manual
11245,1.00000,-2.32872,1.03297,0.49084,33.00000,30.00000,manual
11250,1.00000,-2.32376,1.00366,0.49573,33.00000,30.00000,manual
11255,1.00000,-2.31880,0.94506,0.51526,33.00000,30.00000,manual
11260,1.00000,-2.31460,0.84249,0.53480,33.00000,30.00000,manual
11265,1.00000,-2.31003,0.93040,0.52503,33.00000,30.00000,manual
11270,1.00000,-2.30430,1.06227,0.48596,33.00000,30.00000,manual
11275,1.00000,-2.29896,1.10623,0.46642,33.00000,30.00000,manual
11280,1.00000,-2.29362,1.06227,0.46642,33.00000,30.00000,manual
11285,1.00000,-2.28828,1.01832,0.47131,33.00000,30.00000,manual
11290,1.00000,-2.28256,1.07693,0.45666,33.00000,30.00000,manual
11295,1.00000,-2.27684,1.16484,0.44200,33.00000,30.00000,manual
11300,1.00000,-2.27150,1.07693,0.44689,33.00000,30.00000,manual
11305,1.00000,-2.26616,1.01832,0.45666,33.00000,30.00000,manual
11310,1.00000,-2.26120,1.00366,0.46642,33.00000,30.00000,manual
11315,1.00000,-2.25547,1.10623,0.44689,33.00000,30.00000,manual
11320,1.00000,-2.24937,1.19414,0.42247,33.00000,30.00000,manual
11326,1.00000,-2.24365,1.13553,0.41758,33.00000,30.00000,manual
11331,1.00000,-2.23793,1.13553,0.42735,33.00000,30.00000,manual
11336,1.00000,-2.23182,1.13553,0.42735,33.00000,30.00000,manual
11341,1.00000,-2.22572,1.19414,0.40781,33.00000,30.00000,manual
11346,1.00000,-2.22000,1.16484,0.40293,33.00000,30.00000,manual
11351,1.00000,-2.21389,1.17949,0.40293,33.00000,30.00000,manual
11356,1.00000,-2.20817,1.15018,0.40781,33.00000,30.00000,manual
11361,1.00000,-2.20207,1.17949,0.40293,33.00000,30.00000,manual
11366,1.00000,-2.19596,1.22345,0.39316,33.00000,30.00000,manual
11371,1.00000,-2.18948,1.23810,0.39316,33.00000,30.00000,manual
11376,1.00000,-2.18376,1.13553,0.41270,33.00000,30.00000,manual
11381,1.00000,-2.17803,1.12088,0.40781,33.00000,30.00000,manual
11386,1.00000,-2.17155,1.25275,0.38340,33.00000,30.00000,manual
11391,1.00000,-2.16506,1.29671,0.35897,33.00000,30.00000,manual
11396,1.00000,-2.15896,1.23810,0.37363,33.00000,30.00000,manual
11401,1.00000,-2.15248,1.20879,0.37363,33.00000,30.00000,manual
11406,1.00000,-2.14599,1.31136,0.36386,33.00000,30.00000,manual
11411,1.00000,-2.13951,1.28205,0.35897,33.00000,30.00000,manual
11417,1.00000,-2.13340,1.19414,0.37363,33.00000,30.00000,manual
11422,1.00000,-2.12730,1.17949,0.37363,33.00000,30.00000,manual
11427,1.00000,-2.12005,1.36996,0.33455,33.00000,30.00000,manual
11432,1.00000,-2.11280,1.41392,0.31013,33.00000,30.00000,manual
11437,1.00000,-2.10594,1.38462,0.30525,33.00000,30.00000,manual
11442,1.00000,-2.09831,1.45788,0.29060,33.00000,30.00000,manual
11447,1.00000,-2.09144,1.41392,0.30037,33.00000,30.00000,manual
11452,1.00000,-2.08457,1.28205,0.31502,33.00000,30.00000,manual
11457,1.00000,-2.07847,1.23810,0.33944,33.00000,30.00000,manual
11462,1.00000,-2.07160,1.32601,0.32479,33.00000,30.00000,manual
11467,1.00000,-2.06474,1.38462,0.31502,33.00000,30.00000,manual
11472,1.00000,-2.05787,1.35531,0.31502,33.00000,30.00000,manual
11477,1.00000,-2.05100,1.31136,0.33455,33.00000,30.00000,manual
11482,1.00000,-2.04452,1.29671,0.33455,33.00000,30.00000,manual
11487,1.00000,-2.03765,1.32601,0.33455,33.00000,30.00000,manual
11492,1.00000,-2.03117,1.34066,0.32479,33.00000,30.00000,manual
11497,1.00000,-2.02430,1.29671,0.33944,33.00000,30.00000,manual
11503,1.00000,-2.01743,1.32601,0.32479,33.00000,30.00000,manual
11508,1.00000,-2.01057,1.39927,0.31990,33.00000,30.00000,manual
11513,1.00000,-2.00370,1.35531,0.32479,33.00000,30.00000,manual
11518,1.00000,-1.99722,1.23810,0.33455,33.00000,30.00000,manual
11523,1.00000,-1.99073,1.34066,0.31990,33.00000,30.00000,manual
11528,1.00000,-1.98348,1.39927,0.30525,33.00000,30.00000,manual
11533,1.00000,-1.97661,1.32601,0.31990,33.00000,30.00000,manual
11538,1.00000,-1.97013,1.26740,0.32967,33.00000,30.00000,manual
11543,1.00000,-1.96326,1.36996,0.32967,33.00000,30.00000,manual
11548,1.00000,-1.95678,1.29671,0.33944,33.00000,30.00000,manual
11553,1.00000,-1.95029,1.22345,0.35897,33.00000,30.00000,manual
11558,1.00000,-1.94419,1.22345,0.35409,33.00000,30.00000,manual
11563,1.00000,-1.93732,1.36996,0.32967,33.00000,30.00000,manual
11568,1.00000,-1.93046,1.32601,0.32967,33.00000,30.00000,manual
11573,1.00000,-1.92397,1.28205,0.34432,33.00000,30.00000,manual
11578,1.00000,-1.91749,1.22345,0.35897,33.00000,30.00000,manual
11583,1.00000,-1.91138,1.25275,0.35897,33.00000,30.00000,manual
11588,1.00000,-1.90528,1.22345,0.37363,33.00000,30.00000,manual
11594,1.00000,-1.89879,1.22345,0.36874,33.00000,30.00000,manual
11599,1.00000,-1.89269,1.19414,0.37363,33.00000,30.00000,manual
11604,1.00000,-1.88621,1.23810,0.37363,33.00000,30.00000,manual
11609,1.00000,-1.88010,1.26740,0.36386,33.00000,30.00000,manual
11614,1.00000,-1.87362,1.26740,0.37851,33.00000,30.00000,manual
11619,1.00000,-1.86790,1.10623,0.40781,33.00000,30.00000,manual
11624,1.00000,-1.86217,1.12088,0.40781,33.00000,30.00000,manual
11629,1.00000,-1.85607,1.19414,0.39805,33.00000,30.00000,manual
11634,1.00000,-1.84997,1.19414,0.39805,33.00000,30.00000,manual
11639,1.00000,-1.84463,1.07693,0.42247,33.00000,30.00000,manual
11644,1.00000,-1.83890,1.07693,0.43223,33.00000,30.00000,manual
11649,1.00000,-1.83318,1.16484,0.42247,33.00000,30.00000,manual
11654,1.00000,-1.82708,1.16484,0.42247,33.00000,30.00000,manual
11659,1.00000,-1.82174,1.07693,0.43712,33.00000,30.00000,manual
11664,1.00000,-1.81678,1.00366,0.46154,33.00000,30.00000,manual
11669,1.00000,-1.81106,1.04762,0.45666,33.00000,30.00000,manual
11674,1.00000,-1.80533,1.16484,0.43223,33.00000,30.00000,manual
11679,1.00000,-1.79999,1.09158,0.43712,33.00000,30.00000,manual
11685,1.00000,-1.79465,1.04762,0.45177,33.00000,30.00000,manual
11690,1.00000,-1.78969,1.00366,0.47619,33.00000,30.00000,manual
11695,1.00000,-1.78397,1.06227,0.47131,33.00000,30.00000,manual
11700,1.00000,-1.77863,1.10623,0.46154,33.00000,30.00000,manual
11705,1.00000,-1.77329,0.98901,0.46642,33.00000,30.00000,manual
11710,1.00000,-1.76833,1.03297,0.47131,33.00000,30.00000,manual
11715,1.00000,-1.76299,1.04762,0.46642,33.00000,30.00000,manual
11720,1.00000,-1.75727,1.12088,0.44689,33.00000,30.00000,manual
11725,1.00000,-1.75154,1.10623,0.44689,33.00000,30.00000,manual
11730,1.00000,-1.74620,1.04762,0.45177,33.00000,30.00000,manual
11735,1.00000,-1.74125,1.01832,0.48108,33.00000,30.00000,manual
11740,1.00000,-1.73629,0.94506,0.50061,33.00000,30.00000,manual
11745,1.00000,-1.73133,0.94506,0.50550,33.00000,30.00000,manual
11750,1.00000,-1.72637,0.98901,0.50061,33.00000,30.00000,manual
11755,1.00000,-1.72141,0.97436,0.50061,33.00000,30.00000,manual
11760,1.00000,-1.71645,1.00366,0.49573,33.00000,30.00000,manual
11765,1.00000,-1.71149,0.94506,0.50550,33.00000,30.00000,manual
11771,1.00000,-1.70653,0.98901,0.49084,33.00000,30.00000,manual
11776,1.00000,-1.70119,1.06227,0.47619,33.00000,30.00000,manual
11781,1.00000,-1.69585,1.04762,0.47619,33.00000,30.00000,manual
11786,1.00000,-1.69089,0.98901,0.49084,33.00000,30.00000,manual
11791,1.00000,-1.68669,0.81319,0.52991,33.00000,30.00000,manual
11796,1.00000,-1.68212,0.90110,0.52991,33.00000,30.00000,manual
11801,1.00000,-1.67716,1.00366,0.50550,33.00000,30.00000,manual
11806,1.00000,-1.67182,1.01832,0.49084,33.00000,30.00000,manual
11811,1.00000,-1.66686,0.97436,0.49573,33.00000,30.00000,manual
11816,1.00000,-1.66228,0.90110,0.52015,33.00000,30.00000,manual
11821,1.00000,-1.65770,0.87180,0.52991,33.00000,30.00000,manual
11826,1.00000,-1.65236,1.00366,0.50550,33.00000,30.00000,manual
11831,1.00000,-1.64740,1.06227,0.49573,33.00000,30.00000,manual
11836,1.00000,-1.64244,0.93040,0.50550,33.00000,30.00000,manual
11841,1.00000,-1.63787,0.90110,0.52015,33.00000,30.00000,manual
11846,1.00000,-1.63329,0.85715,0.53480,33.00000,30.00000,manual
11851,1.00000,-1.62871,0.94506,0.52015,33.00000,30.00000,manual
11856,1.00000,-1.62337,1.04762,0.49573,33.00000,30.00000,manual
11862,1.00000,-1.61841,0.97436,0.49573,33.00000,30.00000,manual
11867,1.00000,-1.61383,0.94506,0.51038,33.00000,30.00000,manual
11872,1.00000,-1.60887,0.91575,0.52991,33.00000,30.00000,manual
11877,1.00000,-1.60430,0.90110,0.52991,33.00000,30.00000,manual
11882,1.00000,-1.59934,0.95971,0.52015,33.00000,30.00000,manual
11887,1.00000,-1.59438,0.97436,0.51038,33.00000,30.00000,manual
11892,1.00000,-1.58942,0.95971,0.50061,33.00000,30.00000,manual
11897,1.00000,-1.58446,1.00366,0.50550,33.00000,30.00000,manual
11902,1.00000,-1.57950,0.95971,0.50550,33.00000,30.00000,manual
11907,1.00000,-1.57454,0.98901,0.49573,33.00000,30.00000,manual
11912,1.00000,-1.56920,1.04762,0.48596,33.00000,30.00000,manual
11917,1.00000,-1.56424,1.01832,0.48596,33.00000,30.00000,manual
11922,1.00000,-1.55890,1.00366,0.49573,33.00000,30.00000,manual
11927,1.00000,-1.55470,0.90110,0.52015,33.00000,30.00000,manual
11932,1.00000,-1.54974,0.90110,0.52015,33.00000,30.00000,manual
11937,1.00000,-1.54440,1.00366,0.50061,33.00000,30.00000,manual
11942,1.00000,-1.53944,1.06227,0.48108,33.00000,30.00000,manual
11948,1.00000,-1.53372,1.06227,0.46642,33.00000,30.00000,manual
11953,1.00000,-1.52876,0.97436,0.48108,33.00000,30.00000,manual
11958,1.00000,-1.52380,1.01832,0.48596,33.00000,30.00000,manual
11963,1.00000,-1.51808,1.09158,0.46642,33.00000,30.00000,manual
11968,1.00000,-1.51274,1.04762,0.47131,33.00000,30.00000,manual
11973,1.00000,-1.50778,0.94506,0.49084,33.00000,30.00000,manual
11978,1.00000,-1.50320,0.90110,0.51526,33.00000,30.00000,manual
11983,1.00000,-1.49825,0.95971,0.50550,33.00000,30.00000,manual
11988,1.00000,-1.49290,1.09158,0.47131,33.00000,30.00000,manual
11993,1.00000,-1.48718,1.07693,0.46154,33.00000,30.00000,manual
11998,1.00000,-1.48222,1.01832,0.46642,33.00000,30.00000,manual
12003,1.00000,-1.47688,0.98901,0.48108,33.00000,30.00000,manual
12008,1.00000,-1.47154,1.07693,0.47619,33.00000,30.00000,manual
12013,1.00000,-1.46620,1.10623,0.46154,33.00000,30.00000,manual
12018,1.00000,-1.46086,1.00366,0.47131,33.00000,30.00000,manual
12023,1.00000,-1.45590,0.97436,0.48108,33.00000,30.00000,manual
12028,1.00000,-1.45094,0.97436,0.49084,33.00000,30.00000,manual
12034,1.00000,-1.44560,1.01832,0.48108,33.00000,30.00000,manual
12039,1.00000,-1.44026,1.07693,0.46642,33.00000,30.00000,manual
12044,1.00000,-1.43492,1.04762,0.47131,33.00000,30.00000,manual
12049,1.00000,-1.42958,1.04762,0.47131,33.00000,30.00000,manual
12054,1.00000,-1.42462,0.98901,0.49084,33.00000,30.00000,manual
12059,1.00000,-1.41928,1.00366,0.49084,33.00000,30.00000,manual
12064,1.00000,-1.41394,1.04762,0.47131,33.00000,30.00000,manual
12069,1.00000,-1.40860,1.06227,0.46154,33.00000,30.00000,manual
12074,1.00000,-1.40326,1.07693,0.46154,33.00000,30.00000,manual
12079,1.00000,-1.39792,1.01832,0.47131,33.00000,30.00000,manual
12084,1.00000,-1.39258,1.03297,0.47131,33.00000,30.00000,manual
12089,1.00000,-1.38724,1.10623,0.45666,33.00000,30.00000,manual
12094,1.00000,-1.38151,1.09158,0.45666,33.00000,30.00000,manual
12099,1.00000,-1.37617,1.04762,0.47131,33.00000,30.00000,manual
12104,1.00000,-1.37160,0.91575,0.49573,33.00000,30.00000,manual
12109,1.00000,-1.36664,0.97436,0.49573,33.00000,30.00000,manual
12114,1.00000,-1.36091,1.12088,0.45177,33.00000,30.00000,manual
12119,1.00000,-1.35481,1.17949,0.43223,33.00000,30.00000,manual
12124,1.00000,-1.34947,1.12088,0.42735,33.00000,30.00000,manual
12129,1.00000,-1.34413,1.04762,0.44689,33.00000,30.00000,manual
12135,1.00000,-1.33841,1.10623,0.43712,33.00000,30.00000,manual
12140,1.00000,-1.33230,1.17949,0.43223,33.00000,30.00000,manual
12145,1.00000,-1.32696,1.06227,0.44689,33.00000,30.00000,manual
12150,1.00000,-1.32200,1.01832,0.46642,33.00000,30.00000,manual
12155,1.00000,-1.31666,1.01832,0.46642,33.00000,30.00000,manual
12160,1.00000,-1.31094,1.16484,0.43712,33.00000,30.00000,manual
12165,1.00000,-1.30484,1.16484,0.42247,33.00000,30.00000,manual
12170,1.00000,-1.29912,1.15018,0.41758,33.00000,30.00000,manual
12175,1.00000,-1.29339,1.13553,0.42735,33.00000,30.00000,manual
12180,1.00000,-1.28767,1.15018,0.42247,33.00000,30.00000,manual
12185,1.00000,-1.28157,1.15018,0.41758,33.00000,30.00000,manual
12190,1.00000,-1.27584,1.10623,0.41758,33.00000,30.00000,manual
12195,1.00000,-1.27012,1.15018,0.41758,33.00000,30.00000,manual
12200,1.00000,-1.26440,1.12088,0.41758,33.00000,30.00000,manual
12205,1.00000,-1.25830,1.17949,0.40293,33.00000,30.00000,manual
12210,1.00000,-1.25219,1.22345,0.39805,33.00000,30.00000,manual
12215,1.00000,-1.24609,1.22345,0.39316,33.00000,30.00000,manual
12221,1.00000,-1.24037,1.15018,0.40781,33.00000,30.00000,manual
12226,1.00000,-1.23426,1.15018,0.40293,33.00000,30.00000,manual
12231,1.00000,-1.22778,1.23810,0.38340,33.00000,30.00000,manual
12236,1.00000,-1.22129,1.26740,0.36874,33.00000,30.00000,manual
12241,1.00000,-1.21519,1.17949,0.38340,33.00000,30.00000,manual
12246,1.00000,-1.20947,1.19414,0.38340,33.00000,30.00000,manual
12251,1.00000,-1.20298,1.28205,0.37851,33.00000,30.00000,manual
12256,1.00000,-1.19650,1.23810,0.38340,33.00000,30.00000,manual
12261,1.00000,-1.19078,1.12088,0.39805,33.00000,30.00000,manual
12266,1.00000,-1.18467,1.15018,0.39316,33.00000,30.00000,manual
12271,1.00000,-1.17819,1.32601,0.36386,33.00000,30.00000,manual
12276,1.00000,-1.17132,1.31136,0.34921,33.00000,30.00000,manual
12281,1.00000,-1.16522,1.26740,0.35897,33.00000,30.00000,manual
12286,1.00000,-1.15873,1.22345,0.36874,33.00000,30.00000,manual
12291,1.00000,-1.15225,1.31136,0.35897,33.00000,30.00000,manual
12296,1.00000,-1.14576,1.25275,0.35409,33.00000,30.00000,manual
12301,1.00000,-1.13966,1.22345,0.36386,33.00000,30.00000,manual
12307,1.00000,-1.13317,1.23810,0.36386,33.00000,30.00000,manual
12312,1.00000,-1.12631,1.35531,0.33944,33.00000,30.00000,manual
12317,1.00000,-1.11944,1.36996,0.31990,33.00000,30.00000,manual
12322,1.00000,-1.11257,1.36996,0.32479,33.00000,30.00000,manual
12327,1.00000,-1.10571,1.29671,0.32967,33.00000,30.00000,manual
12332,1.00000,-1.09884,1.35531,0.31990,33.00000,30.00000,manual
12337,1.00000,-1.09197,1.36996,0.30525,33.00000,30.00000,manual
12342,1.00000,-1.08473,1.41392,0.29548,33.00000,30.00000,manual
12347,1.00000,-1.07748,1.42857,0.27595,33.00000,30.00000,manual
12352,1.00000,-1.06985,1.50183,0.27106,33.00000,30.00000,manual
12357,1.00000,-1.06260,1.44323,0.28083,33.00000,30.00000,manual
12362,1.00000,-1.05612,1.26740,0.30525,33.00000,30.00000,manual
12367,1.00000,-1.04925,1.34066,0.30037,33.00000,30.00000,manual
12372,1.00000,-1.04162,1.45788,0.28083,33.00000,30.00000,manual
12377,1.00000,-1.03437,1.44323,0.28572,33.00000,30.00000,manual
12382,1.00000,-1.02750,1.34066,0.29548,33.00000,30.00000,manual
12387,1.00000,-1.02026,1.44323,0.29060,33.00000,30.00000,manual
12392,1.00000,-1.01339,1.39927,0.29548,33.00000,30.00000,manual
12398,1.00000,-1.00652,1.32601,0.30525,33.00000,30.00000,manual
12403,1.00000,-0.99928,1.35531,0.29548,33.00000,30.00000,manual
12408,1.00000,-0.99203,1.48718,0.28083,33.00000,30.00000,manual
12413,1.00000,-0.98478,1.44323,0.27106,33.00000,30.00000,manual
12418,1.00000,-0.97753,1.38462,0.29060,33.00000,30.00000,manual
12423,1.00000,-0.97066,1.39927,0.29548,33.00000,30.00000,manual
12428,1.00000,-0.96342,1.36996,0.30037,33.00000,30.00000,manual
12433,1.00000,-0.95655,1.36996,0.30037,33.00000,30.00000,manual
12438,1.00000,-0.94968,1.36996,0.29548,33.00000,30.00000,manual
12443,1.00000,-0.94244,1.42857,0.28083,33.00000,30.00000,manual
12448,1.00000,-0.93519,1.44323,0.28083,33.00000,30.00000,manual
12453,1.00000,-0.92794,1.38462,0.29548,33.00000,30.00000,manual
12458,1.00000,-0.92145,1.31136,0.31013,33.00000,30.00000,manual
12463,1.00000,-0.91421,1.38462,0.30037,33.00000,30.00000,manual
12468,1.00000,-0.90696,1.39927,0.28572,33.00000,30.00000,manual
12473,1.00000,-0.90047,1.34066,0.30525,33.00000,30.00000,manual
12478,1.00000,-0.89322,1.36996,0.30037,33.00000,30.00000,manual
12484,1.00000,-0.88598,1.47253,0.29548,33.00000,30.00000,manual
12489,1.00000,-0.87911,1.38462,0.30037,33.00000,30.00000,manual
12494,1.00000,-0.87224,1.28205,0.31990,33.00000,30.00000,manual
12499,1.00000,-0.86538,1.36996,0.30037,33.00000,30.00000,manual
12504,1.00000,-0.85813,1.42857,0.29060,33.00000,30.00000,manual
12509,1.00000,-0.85126,1.36996,0.30525,33.00000,30.00000,manual
12514,1.00000,-0.84440,1.34066,0.31013,33.00000,30.00000,manual
12519,1.00000,-0.83715,1.41392,0.30525,33.00000,30.00000,manual
12524,1.00000,-0.83028,1.35531,0.30525,33.00000,30.00000,manual
12529,1.00000,-0.82341,1.31136,0.31990,33.00000,30.00000,manual
12534,1.00000,-0.81655,1.32601,0.31502,33.00000,30.00000,manual
12539,1.00000,-0.80968,1.39927,0.30037,33.00000,30.00000,manual
12544,1.00000,-0.80281,1.36996,0.30525,33.00000,30.00000,manual
12549,1.00000,-0.79595,1.32601,0.32967,33.00000,30.00000,manual
12554,1.00000,-0.78946,1.26740,0.33455,33.00000,30.00000,manual
12559,1.00000,-0.78298,1.29671,0.33944,33.00000,30.00000,manual
12564,1.00000,-0.77611,1.32601,0.32967,33.00000,30.00000,manual
12570,1.00000,-0.76963,1.29671,0.32967,33.00000,30.00000,manual
12575,1.00000,-0.76314,1.28205,0.32967,33.00000,30.00000,manual
12580,1.00000,-0.75628,1.35531,0.32479,33.00000,30.00000,manual
12585,1.00000,-0.74941,1.35531,0.32967,33.00000,30.00000,manual
12590,1.00000,-0.74331,1.19414,0.35897,33.00000,30.00000,manual
12595,1.00000,-0.73720,1.19414,0.36874,33.00000,30.00000,manual
12600,1.00000,-0.73072,1.29671,0.35409,33.00000,30.00000,manual
12605,1.00000,-0.72385,1.31136,0.34921,33.00000,30.00000,manual
12610,1.00000,-0.71775,1.22345,0.35897,33.00000,30.00000,manual
12615,1.00000,-0.71126,1.26740,0.35409,33.00000,30.00000,manual
12620,1.00000,-0.70439,1.34066,0.34921,33.00000,30.00000,manual
12625,1.00000,-0.69829,1.22345,0.36386,33.00000,30.00000,manual
12630,1.00000,-0.69257,1.13553,0.38828,33.00000,30.00000,manual
12635,1.00000,-0.68647,1.16484,0.38828,33.00000,30.00000,manual
12640,1.00000,-0.67998,1.26740,0.36874,33.00000,30.00000,manual
12645,1.00000,-0.67388,1.20879,0.37363,33.00000,30.00000,manual
12650,1.00000,-0.66777,1.17949,0.38828,33.00000,30.00000,manual
12656,1.00000,-0.66205,1.16484,0.40293,33.00000,30.00000,manual
12661,1.00000,-0.65595,1.22345,0.39316,33.00000,30.00000,manual
12666,1.00000,-0.64984,1.17949,0.39805,33.00000,30.00000,manual
12671,1.00000,-0.64412,1.15018,0.39805,33.00000,30.00000,manual
12676,1.00000,-0.63840,1.12088,0.41270,33.00000,30.00000,manual
12681,1.00000,-0.63230,1.15018,0.40781,33.00000,30.00000,manual
12686,1.00000,-0.62657,1.20879,0.40781,33.00000,30.00000,manual
12691,1.00000,-0.62047,1.16484,0.41270,33.00000,30.00000,manual
12696,1.00000,-0.61475,1.09158,0.43223,33.00000,30.00000,manual
12701,1.00000,-0.60979,1.00366,0.45177,33.00000,30.00000,manual
12706,1.00000,-0.60407,1.09158,0.44689,33.00000,30.00000,manual
12711,1.00000,-0.59834,1.17949,0.42735,33.00000,30.00000,manual
12716,1.00000,-0.59224,1.15018,0.41758,33.00000,30.00000,manual
12721,1.00000,-0.58690,1.04762,0.44200,33.00000,30.00000,manual
12726,1.00000,-0.58156,1.07693,0.44689,33.00000,30.00000,manual
12731,1.00000,-0.57546,1.16484,0.43223,33.00000,30.00000,manual
12736,1.00000,-0.57012,1.13553,0.43712,33.00000,30.00000,manual
12741,1.00000,-0.56477,1.01832,0.46154,33.00000,30.00000,manual
12746,1.00000,-0.56020,0.93040,0.48596,33.00000,30.00000,manual
12752,1.00000,-0.55486,1.00366,0.48108,33.00000,30.00000,manual
12757,1.00000,-0.54913,1.13553,0.45177,33.00000,30.00000,manual
12762,1.00000,-0.54341,1.10623,0.44200,33.00000,30.00000,manual
12767,1.00000,-0.53807,1.07693,0.45177,33.00000,30.00000,manual
12772,1.00000,-0.53273,1.03297,0.46154,33.00000,30.00000,manual
12777,1.00000,-0.52739,1.10623,0.45177,33.00000,30.00000,manual
12782,1.00000,-0.52167,1.07693,0.46154,33.00000,30.00000,manual
12787,1.00000,-0.51671,0.97436,0.47131,33.00000,30.00000,manual
12792,1.00000,-0.51175,0.97436,0.49084,33.00000,30.00000,manual
12797,1.00000,-0.50679,0.95971,0.50061,33.00000,30.00000,manual
12802,1.00000,-0.50183,1.00366,0.48596,33.00000,30.00000,manual
12807,1.00000,-0.49649,1.03297,0.47619,33.00000,30.00000,manual
12812,1.00000,-0.49153,1.01832,0.47619,33.00000,30.00000,manual
12817,1.00000,-0.48619,1.03297,0.48108,33.00000,30.00000,manual
12822,1.00000,-0.48123,0.97436,0.49573,33.00000,30.00000,manual
12827,1.00000,-0.47627,0.95971,0.50550,33.00000,30.00000,manual
12832,1.00000,-0.47131,0.97436,0.49573,33.00000,30.00000,manual
12837,1.00000,-0.46635,0.97436,0.49573,33.00000,30.00000,manual
12843,1.00000,-0.46101,1.00366,0.49573,33.00000,30.00000,manual
12848,1.00000,-0.45644,0.93040,0.51038,33.00000,30.00000,manual
12853,1.00000,-0.45186,0.90110,0.51526,33.00000,30.00000,manual
12858,1.00000,-0.44652,1.00366,0.50550,33.00000,30.00000,manual
12863,1.00000,-0.44156,1.01832,0.50061,33.00000,30.00000,manual
12868,1.00000,-0.43660,0.98901,0.50550,33.00000,30.00000,manual
12873,1.00000,-0.43202,0.88645,0.52503,33.00000,30.00000,manual
12878,1.00000,-0.42744,0.84249,0.53480,33.00000,30.00000,manual
12883,1.00000,-0.42248,0.95971,0.51526,33.00000,30.00000,manual
12888,1.00000,-0.41714,1.06227,0.49084,33.00000,30.00000,manual
12893,1.00000,-0.41218,1.00366,0.48596,33.00000,30.00000,manual
12898,1.00000,-0.40722,0.93040,0.49573,33.00000,30.00000,manual
12903,1.00000,-0.40265,0.90110,0.51526,33.00000,30.00000,manual
12908,1.00000,-0.39807,0.97436,0.51526,33.00000,30.00000,manual
12913,1.00000,-0.39273,1.03297,0.49573,33.00000,30.00000,manual
12918,1.00000,-0.38777,0.95971,0.51038,33.00000,30.00000,manual
12923,1.00000,-0.38319,0.87180,0.52991,33.00000,30.00000,manual
12929,1.00000,-0.37900,0.82784,0.55433,33.00000,30.00000,manual
12934,1.00000,-0.37442,0.88645,0.54457,33.00000,30.00000,manual
12939,1.00000,-0.36946,0.98901,0.51038,33.00000,30.00000,manual
12944,1.00000,-0.36412,1.04762,0.49084,33.00000,30.00000,manual
12949,1.00000,-0.35916,0.97436,0.49084,33.00000,30.00000,manual
12954,1.00000,-0.35420,0.95971,0.51038,33.00000,30.00000,manual
12959,1.00000,-0.34962,0.93040,0.52503,33.00000,30.00000,manual
12964,1.00000,-0.34466,0.95971,0.52015,33.00000,30.00000,manual
12969,1.00000,-0.33970,0.94506,0.52015,33.00000,30.00000,manual
12974,1.00000,-0.33513,0.90110,0.52503,33.00000,30.00000,manual
12979,1.00000,-0.33055,0.91575,0.52991,33.00000,30.00000,manual
12984,1.00000,-0.32597,0.87180,0.53968,33.00000,30.00000,manual
12989,1.00000,-0.32139,0.88645,0.53968,33.00000,30.00000,manual
12994,1.00000,-0.31682,0.94506,0.52015,33.00000,30.00000,manual
12999,1.00000,-0.31147,1.01832,0.50550,33.00000,30.00000,manual
13004,1.00000,-0.30652,1.00366,0.50061,33.00000,30.00000,manual
13009,1.00000,-0.30156,0.95971,0.51526,33.00000,30.00000,manual
13014,1.00000,-0.29736,0.82784,0.55433,33.00000,30.00000,manual
13019,1.00000,-0.29316,0.85715,0.55433,33.00000,30.00000,manual
13025,1.00000,-0.28821,0.93040,0.53480,33.00000,30.00000,manual
13030,1.00000,-0.28363,0.94506,0.52991,33.00000,30.00000,manual
13035,1.00000,-0.27867,0.93040,0.52991,33.00000,30.00000,manual
13040,1.00000,-0.27447,0.84249,0.55433,33.00000,30.00000,manual
13045,1.00000,-0.27066,0.79854,0.56410,33.00000,30.00000,manual
13050,1.00000,-0.26570,0.91575,0.53968,33.00000,30.00000,manual
13055,1.00000,-0.26074,1.00366,0.52991,33.00000,30.00000,manual
13060,1.00000,-0.25616,0.93040,0.52503,33.00000,30.00000,manual
13065,1.00000,-0.25158,0.85715,0.54457,33.00000,30.00000,manual
13070,1.00000,-0.24777,0.78388,0.56410,33.00000,30.00000,manual
13075,1.00000,-0.24319,0.81319,0.56899,33.00000,30.00000,manual
13080,1.00000,-0.23861,0.93040,0.54457,33.00000,30.00000,manual
13085,1.00000,-0.23365,0.95971,0.52991,33.00000,30.00000,manual
13090,1.00000,-0.22946,0.84249,0.54457,33.00000,30.00000,manual
13095,1.00000,-0.22526,0.84249,0.55922,33.00000,30.00000,manual
13100,1.00000,-0.22107,0.76923,0.57876,33.00000,30.00000,manual
13105,1.00000,-0.21687,0.81319,0.57387,33.00000,30.00000,manual
13111,1.00000,-0.21229,0.88645,0.56410,33.00000,30.00000,manual
13116,1.00000,-0.20809,0.87180,0.56410,33.00000,30.00000,manual
13121,1.00000,-0.20390,0.78388,0.57876,33.00000,30.00000,manual
13126,1.00000,-0.19970,0.82784,0.57876,33.00000,30.00000,manual
13131,1.00000,-0.19551,0.84249,0.57876,33.00000,30.00000,manual
13136,1.00000,-0.19093,0.85715,0.55433,33.00000,30.00000,manual
13141,1.00000,-0.18635,0.95971,0.52991,33.00000,30.00000,manual
13146,1.00000,-0.18139,0.94506,0.52503,33.00000,30.00000,manual
13151,1.00000,-0.17681,0.91575,0.52503,33.00000,30.00000,manual
13156,1.00000,-0.17224,0.91575,0.53480,33.00000,30.00000,manual
13161,1.00000,-0.16766,0.87180,0.54945,33.00000,30.00000,manual
13166,1.00000,-0.16346,0.85715,0.55433,33.00000,30.00000,manual
13171,1.00000,-0.15850,0.90110,0.53968,33.00000,30.00000,manual
13176,1.00000,-0.15392,0.91575,0.53968,33.00000,30.00000,manual
13181,1.00000,-0.14897,0.93040,0.52503,33.00000,30.00000,manual
13186,1.00000,-0.14439,0.95971,0.52503,33.00000,30.00000,manual
13191,1.00000,-0.13981,0.91575,0.52503,33.00000,30.00000,manual
13196,1.00000,-0.13447,0.98901,0.50061,33.00000,30.00000,manual
13202,1.00000,-0.12913,1.10623,0.47131,33.00000,30.00000,manual
13207,1.00000,-0.12341,1.07693,0.47131,33.00000,30.00000,manual
13212,1.00000,-0.11845,1.00366,0.49573,33.00000,30.00000,manual
13217,1.00000,-0.11387,0.87180,0.52015,33.00000,30.00000,manual
13222,1.00000,-0.10891,0.97436,0.50550,33.00000,30.00000,manual
13227,1.00000,-0.10357,1.07693,0.48108,33.00000,30.00000,manual
13232,1.00000,-0.09823,1.04762,0.47131,33.00000,30.00000,manual
13237,1.00000,-0.09327,0.97436,0.48596,33.00000,30.00000,manual
13242,1.00000,-0.08869,0.93040,0.50061,33.00000,30.00000,manual
13247,1.00000,-0.08335,1.01832,0.49084,33.00000,30.00000,manual
13252,1.00000,-0.07763,1.12088,0.47131,33.00000,30.00000,manual
13257,1.00000,-0.07229,1.03297,0.47619,33.00000,30.00000,manual
13262,1.00000,-0.06733,0.95971,0.49084,33.00000,30.00000,manual
13267,1.00000,-0.06275,0.91575,0.51038,33.00000,30.00000,manual
13272,1.00000,-0.05779,1.00366,0.49084,33.00000,30.00000,manual
13277,1.00000,-0.05207,1.09158,0.46642,33.00000,30.00000,manual
13282,1.00000,-0.04673,1.04762,0.46642,33.00000,30.00000,manual
13288,1.00000,-0.04177,1.01832,0.47131,33.00000,30.00000,manual
13293,1.00000,-0.03643,1.00366,0.48596,33.00000,30.00000,manual
13298,1.00000,-0.03147,1.03297,0.48108,33.00000,30.00000,manual
13303,1.00000,-0.02575,1.06227,0.47131,33.00000,30.00000,manual
13308,1.00000,-0.02041,1.04762,0.47619,33.00000,30.00000,manual
13313,1.00000,-0.01507,1.04762,0.46642,33.00000,30.00000,manual
13318,1.00000,-0.01011,1.03297,0.47131,33.00000,30.00000,manual
13323,1.00000,-0.00477,1.04762,0.46154,33.00000,30.00000,manual
13328,1.00000,0.00095,1.10623,0.45177,33.00000,30.00000,manual
13333,1.00000,0.00629,1.09158,0.44689,33.00000,30.00000,manual
13338,1.00000,0.01202,1.09158,0.46154,33.00000,30.00000,manual
13343,1.00000,0.01659,0.95971,0.48596,33.00000,30.00000,manual
13348,1.00000,0.02193,0.98901,0.48108,33.00000,30.00000,manual
13353,1.00000,0.02728,1.09158,0.46154,33.00000,30.00000,manual
13358,1.00000,0.03300,1.10623,0.44689,33.00000,30.00000,manual
13363,1.00000,0.03872,1.10623,0.44689,33.00000,30.00000,manual
13368,1.00000,0.04406,1.03297,0.45177,33.00000,30.00000,manual
13373,1.00000,0.04978,1.13553,0.43712,33.00000,30.00000,manual
13379,1.00000,0.05551,1.17949,0.43223,33.00000,30.00000,manual
13384,1.00000,0.06123,1.12088,0.43712,33.00000,30.00000,manual
13389,1.00000,0.06619,0.98901,0.45666,33.00000,30.00000,manual
13394,1.00000,0.07153,0.98901,0.46642,33.00000,30.00000,manual
13399,1.00000,0.07725,1.16484,0.44200,33.00000,30.00000,manual
13404,1.00000,0.08335,1.16484,0.42735,33.00000,30.00000,manual
13409,1.00000,0.08908,1.10623,0.42735,33.00000,30.00000,manual
13414,1.00000,0.09442,1.09158,0.43223,33.00000,30.00000,manual
13419,1.00000,0.10052,1.17949,0.41270,33.00000,30.00000,manual
13424,1.00000,0.10662,1.20879,0.41270,33.00000,30.00000,manual
13429,1.00000,0.11234,1.12088,0.41270,33.00000,30.00000,manual
13434,1.00000,0.11807,1.12088,0.42247,33.00000,30.00000,manual
13439,1.00000,0.12379,1.12088,0.42247,33.00000,30.00000,manual
13444,1.00000,0.12989,1.19414,0.40781,33.00000,30.00000,manual
13449,1.00000,0.13600,1.19414,0.39805,33.00000,30.00000,manual
13454,1.00000,0.14210,1.17949,0.39805,33.00000,30.00000,manual
13459,1.00000,0.14782,1.13553,0.41758,33.00000,30.00000,manual
13465,1.00000,0.15393,1.15018,0.40781,33.00000,30.00000,manual
13470,1.00000,0.16003,1.20879,0.40293,33.00000,30.00000,manual
13475,1.00000,0.16613,1.20879,0.38828,33.00000,30.00000,manual
13480,1.00000,0.17224,1.17949,0.39316,33.00000,30.00000,manual
13485,1.00000,0.17796,1.15018,0.39316,33.00000,30.00000,manual
13490,1.00000,0.18444,1.28205,0.37363,33.00000,30.00000,manual
13495,1.00000,0.19093,1.26740,0.36874,33.00000,30.00000,manual
13500,1.00000,0.19703,1.17949,0.39316,33.00000,30.00000,manual
13505,1.00000,0.20275,1.12088,0.39805,33.00000,30.00000,manual
13510,1.00000,0.20924,1.25275,0.37363,33.00000,30.00000,manual
13515,1.00000,0.21572,1.31136,0.35409,33.00000,30.00000,manual
13520,1.00000,0.22221,1.25275,0.35897,33.00000,30.00000,manual
13525,1.00000,0.22831,1.19414,0.36386,33.00000,30.00000,manual
13530,1.00000,0.23480,1.31136,0.35897,33.00000,30.00000,manual
13535,1.00000,0.24128,1.31136,0.36386,33.00000,30.00000,manual
13540,1.00000,0.24777,1.22345,0.36874,33.00000,30.00000,manual
13545,1.00000,0.25387,1.19414,0.37851,33.00000,30.00000,manual
13551,1.00000,0.26036,1.29671,0.35897,33.00000,30.00000,manual
13556,1.00000,0.26722,1.32601,0.34432,33.00000,30.00000,manual
13561,1.00000,0.27371,1.29671,0.33944,33.00000,30.00000,manual
13566,1.00000,0.28019,1.28205,0.34921,33.00000,30.00000,manual
13571,1.00000,0.28706,1.32601,0.33944,33.00000,30.00000,manual
13576,1.00000,0.29355,1.32601,0.32967,33.00000,30.00000,manual
13581,1.00000,0.30079,1.36996,0.31502,33.00000,30.00000,manual
13586,1.00000,0.30804,1.42857,0.29548,33.00000,30.00000,manual
13591,1.00000,0.31491,1.38462,0.29548,33.00000,30.00000,manual
13596,1.00000,0.32177,1.34066,0.31013,33.00000,30.00000,manual
13601,1.00000,0.32826,1.26740,0.33944,33.00000,30.00000,manual
13606,1.00000,0.33436,1.23810,0.34432,33.00000,30.00000,manual
13611,1.00000,0.34123,1.32601,0.33455,33.00000,30.00000,manual
13616,1.00000,0.34772,1.32601,0.33455,33.00000,30.00000,manual
13621,1.00000,0.35420,1.26740,0.34921,33.00000,30.00000,manual
13626,1.00000,0.36069,1.20879,0.35897,33.00000,30.00000,manual
13631,1.00000,0.36717,1.32601,0.34432,33.00000,30.00000,manual
13636,1.00000,0.37404,1.31136,0.34432,33.00000,30.00000,manual
13641,1.00000,0.38014,1.20879,0.36386,33.00000,30.00000,manual
13647,1.00000,0.38624,1.17949,0.37363,33.00000,30.00000,manual
13652,1.00000,0.39311,1.31136,0.35409,33.00000,30.00000,manual
13657,1.00000,0.39960,1.29671,0.34921,33.00000,30.00000,manual
13662,1.00000,0.40570,1.22345,0.36386,33.00000,30.00000,manual
13667,1.00000,0.41142,1.19414,0.38340,33.00000,30.00000,manual
13672,1.00000,0.41791,1.26740,0.37363,33.00000,30.00000,manual
13677,1.00000,0.42401,1.20879,0.38340,33.00000,30.00000,manual
13682,1.00000,0.43011,1.15018,0.39805,33.00000,30.00000,manual
13687,1.00000,0.43583,1.13553,0.40781,33.00000,30.00000,manual
13692,1.00000,0.44194,1.20879,0.39316,33.00000,30.00000,manual
13697,1.00000,0.44804,1.23810,0.38340,33.00000,30.00000,manual
13702,1.00000,0.45453,1.22345,0.37851,33.00000,30.00000,manual
13707,1.00000,0.46025,1.17949,0.39805,33.00000,30.00000,manual
13712,1.00000,0.46635,1.13553,0.40781,33.00000,30.00000,manual
13717,1.00000,0.47208,1.16484,0.40293,33.00000,30.00000,manual
13722,1.00000,0.47818,1.16484,0.40293,33.00000,30.00000,manual
13727,1.00000,0.48390,1.16484,0.41270,33.00000,30.00000,manual
13733,1.00000,0.48924,1.06227,0.43223,33.00000,30.00000,manual
13738,1.00000,0.49496,1.10623,0.42247,33.00000,30.00000,manual
13743,1.00000,0.50107,1.19414,0.41270,33.00000,30.00000,manual
13748,1.00000,0.50717,1.17949,0.41270,33.00000,30.00000,manual
13753,1.00000,0.51213,1.04762,0.44689,33.00000,30.00000,manual
13758,1.00000,0.51747,1.03297,0.45666,33.00000,30.00000,manual
13763,1.00000,0.52319,1.12088,0.43712,33.00000,30.00000,manual
13768,1.00000,0.52892,1.13553,0.43712,33.00000,30.00000,manual
13773,1.00000,0.53426,1.04762,0.45177,33.00000,30.00000,manual
13778,1.00000,0.53922,0.95971,0.47619,33.00000,30.00000,manual
13783,1.00000,0.54456,1.03297,0.47619,33.00000,30.00000,manual
13788,1.00000,0.54990,1.12088,0.46154,33.00000,30.00000,manual
13793,1.00000,0.55524,1.04762,0.47131,33.00000,30.00000,manual
13798,1.00000,0.56020,0.97436,0.48108,33.00000,30.00000,manual
13803,1.00000,0.56516,0.91575,0.50061,33.00000,30.00000,manual
13808,1.00000,0.57012,0.98901,0.50061,33.00000,30.00000,manual
13813,1.00000,0.57546,1.06227,0.48108,33.00000,30.00000,manual
13818,1.00000,0.58041,0.98901,0.49573,33.00000,30.00000,manual
13824,1.00000,0.58537,0.94506,0.50061,33.00000,30.00000,manual
13829,1.00000,0.58995,0.91575,0.52503,33.00000,30.00000,manual
13834,1.00000,0.59453,0.88645,0.52991,33.00000,30.00000,manual
13839,1.00000,0.59911,0.93040,0.52503,33.00000,30.00000,manual
13844,1.00000,0.60368,0.91575,0.52991,33.00000,30.00000,manual
13849,1.00000,0.60826,0.85715,0.54457,33.00000,30.00000,manual
13854,1.00000,0.61284,0.88645,0.54457,33.00000,30.00000,manual
13859,1.00000,0.61704,0.87180,0.54945,33.00000,30.00000,manual
13864,1.00000,0.62161,0.88645,0.54457,33.00000,30.00000,manual
13869,1.00000,0.62619,0.91575,0.52991,33.00000,30.00000,manual
13874,1.00000,0.63115,0.93040,0.52991,33.00000,30.00000,manual
13879,1.00000,0.63573,0.88645,0.53480,33.00000,30.00000,manual
13884,1.00000,0.63993,0.88645,0.55433,33.00000,30.00000,manual
13889,1.00000,0.64412,0.78388,0.58364,33.00000,30.00000,manual
13894,1.00000,0.64794,0.75458,0.58852,33.00000,30.00000,manual
13899,1.00000,0.65213,0.87180,0.57387,33.00000,30.00000,manual
13904,1.00000,0.65671,0.88645,0.56410,33.00000,30.00000,manual
13909,1.00000,0.66129,0.84249,0.55922,33.00000,30.00000,manual
13915,1.00000,0.66510,0.81319,0.57876,33.00000,30.00000,manual
13920,1.00000,0.66892,0.69597,0.60318,33.00000,30.00000,manual
13925,1.00000,0.67273,0.76923,0.59829,33.00000,30.00000,manual
13930,1.00000,0.67769,0.88645,0.56899,33.00000,30.00000,manual
13935,1.00000,0.68227,0.94506,0.54457,33.00000,30.00000,manual
13940,1.00000,0.68685,0.87180,0.54945,33.00000,30.00000,manual
13945,1.00000,0.69066,0.78388,0.57387,33.00000,30.00000,manual
13950,1.00000,0.69448,0.71062,0.59829,33.00000,30.00000,manual
13955,1.00000,0.69829,0.75458,0.59829,33.00000,30.00000,manual
13960,1.00000,0.70287,0.88645,0.56899,33.00000,30.00000,manual
13965,1.00000,0.70745,0.91575,0.55433,33.00000,30.00000,manual
13970,1.00000,0.71164,0.82784,0.56410,33.00000,30.00000,manual
13975,1.00000,0.71584,0.79854,0.58364,33.00000,30.00000,manual
13980,1.00000,0.71965,0.76923,0.60318,33.00000,30.00000,manual
13985,1.00000,0.72347,0.75458,0.60806,33.00000,30.00000,manual
13990,1.00000,0.72766,0.85715,0.58364,33.00000,30.00000,manual
13995,1.00000,0.73224,0.90110,0.56410,33.00000,30.00000,manual
14000,1.00000,0.73644,0.81319,0.57387,33.00000,30.00000,manual
14005,1.00000,0.74063,0.78388,0.57387,33.00000,30.00000,manual
14010,1.00000,0.74445,0.79854,0.58852,33.00000,30.00000,manual
14016,1.00000,0.74865,0.78388,0.59341,33.00000,30.00000,manual
14021,1.00000,0.75284,0.82784,0.57876,33.00000,30.00000,manual
14026,1.00000,0.75704,0.87180,0.56899,33.00000,30.00000,manual
14031,1.00000,0.76162,0.84249,0.56410,33.00000,30.00000,manual
14036,1.00000,0.76581,0.79854,0.57387,33.00000,30.00000,manual
14041,1.00000,0.77001,0.82784,0.58364,33.00000,30.00000,manual
14046,1.00000,0.77382,0.75458,0.59341,33.00000,30.00000,manual
14051,1.00000,0.77764,0.75458,0.60318,33.00000,30.00000,manual
14056,1.00000,0.78145,0.76923,0.59829,33.00000,30.00000,manual
14061,1.00000,0.78603,0.84249,0.58364,33.00000,30.00000,manual
14066,1.00000,0.79023,0.82784,0.57876,33.00000,30.00000,manual
14071,1.00000,0.79442,0.88645,0.56899,33.00000,30.00000,manual
14076,1.00000,0.79862,0.84249,0.57387,33.00000,30.00000,manual
14081,1.00000,0.80281,0.76923,0.58364,33.00000,30.00000,manual
14086,1.00000,0.80701,0.84249,0.56899,33.00000,30.00000,manual
14091,1.00000,0.81197,0.91575,0.54945,33.00000,30.00000,manual
14096,1.00000,0.81655,0.90110,0.54457,33.00000,30.00000,manual
14102,1.00000,0.82074,0.87180,0.55922,33.00000,30.00000,manual
14107,1.00000,0.82456,0.78388,0.58364,33.00000,30.00000,manual
14112,1.00000,0.82837,0.72528,0.60806,33.00000,30.00000,manual
14117,1.00000,0.83219,0.81319,0.59829,33.00000,30.00000,manual
14122,1.00000,0.83677,0.87180,0.57387,33.00000,30.00000,manual
14127,1.00000,0.84134,0.85715,0.56410,33.00000,30.00000,manual
14132,1.00000,0.84554,0.81319,0.56899,33.00000,30.00000,manual
14137,1.00000,0.84974,0.79854,0.58852,33.00000,30.00000,manual
14142,1.00000,0.85355,0.79854,0.58364,33.00000,30.00000,manual
14147,1.00000,0.85813,0.88645,0.56899,33.00000,30.00000,manual
14152,1.00000,0.86309,0.97436,0.53968,33.00000,30.00000,manual
14157,1.00000,0.86767,0.91575,0.53968,33.00000,30.00000,manual
14162,1.00000,0.87186,0.82784,0.54945,33.00000,30.00000,manual
14167,1.00000,0.87606,0.82784,0.56899,33.00000,30.00000,manual
14172,1.00000,0.88025,0.81319,0.57876,33.00000,30.00000,manual
14177,1.00000,0.88483,0.88645,0.55922,33.00000,30.00000,manual
14182,1.00000,0.88941,0.95971,0.53480,33.00000,30.00000,manual
14187,1.00000,0.89399,0.87180,0.53968,33.00000,30.00000,manual
14193,1.00000,0.89857,0.85715,0.54945,33.00000,30.00000,manual
14198,1.00000,0.90276,0.85715,0.55922,33.00000,30.00000,manual
14203,1.00000,0.90696,0.85715,0.56410,33.00000,30.00000,manual
14208,1.00000,0.91154,0.93040,0.54457,33.00000,30.00000,manual
14213,1.00000,0.91649,0.94506,0.52991,33.00000,30.00000,manual
14218,1.00000,0.92145,0.91575,0.52991,33.00000,30.00000,manual
14223,1.00000,0.92603,0.93040,0.52991,33.00000,30.00000,manual
14228,1.00000,0.93061,0.87180,0.53968,33.00000,30.00000,manual
14233,1.00000,0.93519,0.88645,0.53480,33.00000,30.00000,manual
14238,1.00000,0.93977,0.91575,0.52015,33.00000,30.00000,manual
14243,1.00000,0.94473,0.97436,0.52015,33.00000,30.00000,manual
14248,1.00000,0.94968,0.94506,0.51526,33.00000,30.00000,manual
14253,1.00000,0.95426,0.93040,0.52991,33.00000,30.00000,manual
14258,1.00000,0.95846,0.84249,0.55433,33.00000,30.00000,manual
14263,1.00000,0.96304,0.85715,0.54945,33.00000,30.00000,manual
14268,1.00000,0.96799,0.97436,0.52015,33.00000,30.00000,manual
14273,1.00000,0.97334,1.03297,0.50061,33.00000,30.00000,manual
14279,1.00000,0.97829,1.03297,0.48596,33.00000,30.00000,manual
14284,1.00000,0.98325,0.91575,0.50550,33.00000,30.00000,manual
14289,1.00000,0.98821,0.93040,0.50550,33.00000,30.00000,manual
14294,1.00000,0.99355,1.06227,0.48108,33.00000,30.00000,manual
14299,1.00000,0.99889,1.10623,0.46642,33.00000,30.00000,manual
14304,1.00000,1.00423,1.01832,0.48108,33.00000,30.00000,manual
14309,1.00000,1.00881,0.91575,0.50550,33.00000,30.00000,manual
14314,1.00000,1.01377,0.93040,0.50550,33.00000,30.00000,manual
14319,1.00000,1.01911,1.06227,0.48108,33.00000,30.00000,manual
14324,1.00000,1.02483,1.10623,0.46154,33.00000,30.00000,manual
14329,1.00000,1.03018,1.06227,0.45666,33.00000,30.00000,manual
14334,1.00000,1.03513,1.00366,0.47131,33.00000,30.00000,manual
14339,1.00000,1.04086,1.07693,0.46154,33.00000,30.00000,manual
14344,1.00000,1.04658,1.16484,0.43712,33.00000,30.00000,manual
14349,1.00000,1.05230,1.12088,0.43223,33.00000,30.00000,manual
14354,1.00000,1.05802,1.09158,0.43712,33.00000,30.00000,manual
14359,1.00000,1.06336,1.06227,0.45177,33.00000,30.00000,manual
14365,1.00000,1.06909,1.09158,0.44200,33.00000,30.00000,manual
14370,1.00000,1.07481,1.13553,0.43223,33.00000,31.00000,manual
14375,1.00000,1.08053,1.12088,0.42735,33.00000,31.00000,manual
14380,1.00000,1.08625,1.15018,0.42735,33.00000,31.00000,manual
14385,1.00000,1.09197,1.12088,0.42247,33.00000,31.00000,manual
14390,1.00000,1.09808,1.16484,0.40781,33.00000,31.00000,manual
14395,1.00000,1.10418,1.22345,0.39316,33.00000,31.00000,manual
14400,1.00000,1.11067,1.26740,0.37851,33.00000,31.00000,manual
14405,1.00000,1.11677,1.20879,0.38340,33.00000,31.00000,manual
14410,1.00000,1.12326,1.25275,0.36386,33.00000,31.00000,manual
14415,1.00000,1.13012,1.32601,0.35409,33.00000,31.00000,manual
14420,1.00000,1.13661,1.29671,0.34921,33.00000,31.00000,manual
14425,1.00000,1.14271,1.19414,0.36874,33.00000,31.00000,manual
14430,1.00000,1.14920,1.28205,0.35409,33.00000,31.00000,manual
14435,1.00000,1.15606,1.36996,0.33455,33.00000,31.00000,manual
14440,1.00000,1.16293,1.35531,0.32479,33.00000,31.00000,manual
14445,1.00000,1.16941,1.25275,0.33944,33.00000,31.00000,manual
14450,1.00000,1.17628,1.34066,0.32479,33.00000,31.00000,manual
14456,1.00000,1.18315,1.38462,0.32479,33.00000,31.00000,manual
14461,1.00000,1.18963,1.28205,0.32967,33.00000,31.00000,manual
14466,1.00000,1.19612,1.22345,0.34921,33.00000,31.00000,manual
14471,1.00000,1.20298,1.34066,0.33455,33.00000,31.00000,manual
14476,1.00000,1.20985,1.36996,0.31502,33.00000,31.00000,manual
14481,1.00000,1.21672,1.34066,0.31502,33.00000,31.00000,manual
14486,1.00000,1.22358,1.34066,0.31990,33.00000,31.00000,manual
14491,1.00000,1.23045,1.39927,0.31013,33.00000,31.00000,manual
14496,1.00000,1.23770,1.36996,0.30525,33.00000,31.00000,manual
14501,1.00000,1.24456,1.35531,0.31013,33.00000,31.00000,manual
14506,1.00000,1.25143,1.34066,0.31502,33.00000,31.00000,manual
14511,1.00000,1.25830,1.39927,0.30525,33.00000,31.00000,manual
14516,1.00000,1.26554,1.41392,0.29060,33.00000,31.00000,manual
14521,1.00000,1.27241,1.36996,0.30037,33.00000,31.00000,manual
14526,1.00000,1.27928,1.32601,0.30525,33.00000,31.00000,manual
14531,1.00000,1.28653,1.41392,0.29548,33.00000,31.00000,manual
14536,1.00000,1.29377,1.39927,0.29060,33.00000,31.00000,manual
14541,1.00000,1.30026,1.29671,0.31013,33.00000,31.00000,manual
14547,1.00000,1.30713,1.34066,0.31013,33.00000,31.00000,manual
14552,1.00000,1.31437,1.41392,0.30525,33.00000,31.00000,manual
14557,1.00000,1.32124,1.36996,0.31013,33.00000,31.00000,manual
14562,1.00000,1.32773,1.28205,0.32479,33.00000,31.00000,manual
14567,1.00000,1.33497,1.39927,0.30525,33.00000,31.00000,manual
14572,1.00000,1.34222,1.41392,0.29548,33.00000,31.00000,manual
14577,1.00000,1.34871,1.34066,0.31013,33.00000,31.00000,manual
14582,1.00000,1.35557,1.34066,0.31502,33.00000,31.00000,manual
14587,1.00000,1.36282,1.41392,0.31502,33.00000,31.00000,manual
14592,1.00000,1.36969,1.32601,0.31502,33.00000,31.00000,manual
14597,1.00000,1.37617,1.29671,0.32479,33.00000,31.00000,manual
14602,1.00000,1.38304,1.34066,0.31990,33.00000,31.00000,manual
14607,1.00000,1.38991,1.38462,0.31013,33.00000,31.00000,manual
14612,1.00000,1.39715,1.35531,0.30525,33.00000,31.00000,manual
14617,1.00000,1.40364,1.32601,0.31502,33.00000,31.00000,manual
14622,1.00000,1.41051,1.31136,0.32479,33.00000,31.00000,manual
14627,1.00000,1.41699,1.34066,0.32479,33.00000,31.00000,manual
14632,1.00000,1.42386,1.32601,0.32967,33.00000,31.00000,manual
14638,1.00000,1.43034,1.29671,0.33944,33.00000,31.00000,manual
14643,1.00000,1.43721,1.29671,0.32967,33.00000,31.00000,manual
14648,1.00000,1.44446,1.41392,0.31013,33.00000,31.00000,manual
14653,1.00000,1.45132,1.39927,0.30525,33.00000,31.00000,manual
14658,1.00000,1.45781,1.29671,0.31990,33.00000,31.00000,manual
14663,1.00000,1.46506,1.39927,0.30037,33.00000,31.00000,manual
14668,1.00000,1.47269,1.45788,0.28083,33.00000,31.00000,manual
14673,1.00000,1.47955,1.38462,0.29548,33.00000,31.00000,manual
14678,1.00000,1.48642,1.29671,0.31013,33.00000,31.00000,manual
14683,1.00000,1.49329,1.38462,0.31502,33.00000,31.00000,manual
14688,1.00000,1.49977,1.31136,0.32967,33.00000,31.00000,manual
14693,1.00000,1.50626,1.25275,0.34432,33.00000,31.00000,manual
14698,1.00000,1.51274,1.28205,0.34432,33.00000,31.00000,manual
14703,1.00000,1.51961,1.38462,0.32967,33.00000,31.00000,manual
14708,1.00000,1.52609,1.29671,0.32967,33.00000,31.00000,manual
14713,1.00000,1.53258,1.25275,0.34432,33.00000,31.00000,manual
14718,1.00000,1.53906,1.26740,0.35409,33.00000,31.00000,manual
14724,1.00000,1.54593,1.31136,0.34432,33.00000,31.00000,manual
14729,1.00000,1.55241,1.29671,0.33944,33.00000,31.00000,manual
14734,1.00000,1.55890,1.31136,0.34432,33.00000,31.00000,manual
14739,1.00000,1.56577,1.29671,0.33944,33.00000,31.00000,manual
14744,1.00000,1.57225,1.32601,0.32967,33.00000,31.00000,manual
14749,1.00000,1.57912,1.35531,0.32967,33.00000,31.00000,manual
14754,1.00000,1.58560,1.28205,0.34432,33.00000,31.00000,manual
14759,1.00000,1.59209,1.25275,0.34432,33.00000,31.00000,manual
14764,1.00000,1.59895,1.34066,0.33455,33.00000,31.00000,manual
14769,1.00000,1.60582,1.35531,0.32479,33.00000,31.00000,manual
14774,1.00000,1.61231,1.28205,0.33944,33.00000,31.00000,manual
14779,1.00000,1.61917,1.32601,0.32479,33.00000,31.00000,manual
14784,1.00000,1.62604,1.42857,0.31502,33.00000,31.00000,manual
14789,1.00000,1.63329,1.36996,0.31502,33.00000,31.00000,manual
14794,1.00000,1.63977,1.26740,0.32967,33.00000,31.00000,manual
14799,1.00000,1.64664,1.34066,0.31990,33.00000,31.00000,manual
14804,1.00000,1.65351,1.41392,0.31013,33.00000,31.00000,manual
14809,1.00000,1.66037,1.34066,0.31013,33.00000,31.00000,manual
14814,1.00000,1.66686,1.28205,0.32479,33.00000,31.00000,manual
14820,1.00000,1.67411,1.38462,0.31990,33.00000,31.00000,manual
14825,1.00000,1.68097,1.35531,0.31990,33.00000,31.00000,manual
14830,1.00000,1.68746,1.29671,0.32479,33.00000,31.00000,manual
14835,1.00000,1.69432,1.31136,0.32479,33.00000,31.00000,manual
14840,1.00000,1.70119,1.39927,0.31502,33.00000,31.00000,manual
14845,1.00000,1.70844,1.36996,0.30525,33.00000,31.00000,manual
14850,1.00000,1.71531,1.34066,0.31990,33.00000,31.00000,manual
14855,1.00000,1.72179,1.31136,0.31990,33.00000,31.00000,manual
14860,1.00000,1.72866,1.36996,0.31502,33.00000,31.00000,manual
14865,1.00000,1.73590,1.35531,0.31013,33.00000,31.00000,manual
14870,1.00000,1.74239,1.32601,0.31990,33.00000,31.00000,manual
14875,1.00000,1.74887,1.26740,0.32479,33.00000,31.00000,manual
14880,1.00000,1.75574,1.36996,0.31502,33.00000,31.00000,manual
14885,1.00000,1.76261,1.36996,0.31990,33.00000,31.00000,manual
14890,1.00000,1.76909,1.23810,0.34432,33.00000,31.00000,manual
14895,1.00000,1.77558,1.22345,0.35409,33.00000,31.00000,manual
14900,1.00000,1.78244,1.35531,0.33455,33.00000,31.00000,manual
14905,1.00000,1.78931,1.36996,0.32479,33.00000,31.00000,manual
14911,1.00000,1.79541,1.23810,0.33944,33.00000,31.00000,manual
14916,1.00000,1.80190,1.25275,0.34432,33.00000,31.00000,manual
14921,1.00000,1.80915,1.38462,0.32967,33.00000,31.00000,manual
14926,1.00000,1.81563,1.29671,0.33455,33.00000,31.00000,manual
14931,1.00000,1.82174,1.20879,0.35897,33.00000,31.00000,manual
14936,1.00000,1.82822,1.28205,0.34921,33.00000,31.00000,manual
14941,1.00000,1.83509,1.36996,0.33944,33.00000,31.00000,manual
14946,1.00000,1.84196,1.29671,0.32967,33.00000,31.00000,manual
14951,1.00000,1.84844,1.28205,0.34432,33.00000,31.00000,manual
14956,1.00000,1.85493,1.31136,0.33455,33.00000,31.00000,manual
14961,1.00000,1.86179,1.34066,0.32967,33.00000,31.00000,manual
14966,1.00000,1.86866,1.31136,0.32479,33.00000,31.00000,manual
14971,1.00000,1.87514,1.29671,0.33455,33.00000,31.00000,manual
14976,1.00000,1.88163,1.29671,0.32967,33.00000,31.00000,manual
14981,1.00000,1.88849,1.34066,0.32479,33.00000,31.00000,manual
14986,1.00000,1.89536,1.35531,0.32479,33.00000,31.00000,manual
14991,1.00000,1.90185,1.28205,0.33944,33.00000,31.00000,manual
14997,1.00000,1.90871,1.29671,0.32967,33.00000,31.00000,manual
15002,1.00000,1.91558,1.36996,0.31990,33.00000,31.00000,manual
15007,1.00000,1.92245,1.35531,0.31502,33.00000,31.00000,manual
15012,1.00000,1.92893,1.25275,0.33944,33.00000,31.00000,manual
15017,1.00000,1.93580,1.31136,0.32479,33.00000,31.00000,manual
15022,1.00000,1.94266,1.36996,0.31990,33.00000,31.00000,manual
15027,1.00000,1.94915,1.29671,0.32967,33.00000,31.00000,manual
15032,1.00000,1.95563,1.26740,0.34432,33.00000,31.00000,manual
15037,1.00000,1.96288,1.41392,0.31502,33.00000,31.00000,manual
15042,1.00000,1.96975,1.38462,0.31013,33.00000,31.00000,manual
15047,1.00000,1.97661,1.31136,0.32479,33.00000,31.00000,manual
15052,1.00000,1.98310,1.31136,0.32479,33.00000,31.00000,manual
15057,1.00000,1.99035,1.41392,0.31502,33.00000,31.00000,manual
15062,1.00000,1.99721,1.34066,0.31013,33.00000,31.00000,manual
15067,1.00000,2.00408,1.32601,0.31502,33.00000,31.00000,manual
15072,1.00000,2.01095,1.36996,0.30525,33.00000,31.00000,manual
15077,1.00000,2.01820,1.44323,0.28572,33.00000,31.00000,manual
15082,1.00000,2.02544,1.41392,0.28572,33.00000,31.00000,manual
15088,1.00000,2.03231,1.36996,0.30037,33.00000,31.00000,manual
15093,1.00000,2.03956,1.36996,0.30037,33.00000,31.00000,manual
15098,1.00000,2.04681,1.41392,0.29548,33.00000,31.00000,manual
15103,1.00000,2.05406,1.42857,0.29060,33.00000,31.00000,manual
15108,1.00000,2.06092,1.35531,0.30037,33.00000,31.00000,manual
15113,1.00000,2.06817,1.42857,0.28083,33.00000,31.00000,manual
15118,1.00000,2.07542,1.47253,0.27106,33.00000,31.00000,manual
15123,1.00000,2.08267,1.39927,0.28572,33.00000,31.00000,manual
15128,1.00000,2.08953,1.36996,0.29060,33.00000,31.00000,manual
15133,1.00000,2.09716,1.48718,0.27595,33.00000,31.00000,manual
15138,1.00000,2.10441,1.45788,0.27106,33.00000,31.00000,manual
15143,1.00000,2.11166,1.36996,0.28083,33.00000,31.00000,manual
15148,1.00000,2.11891,1.45788,0.26618,33.00000,31.00000,manual
15153,1.00000,2.12654,1.50183,0.26618,33.00000,31.00000,manual
15158,1.00000,2.13378,1.44323,0.27106,33.00000,31.00000,manual
15163,1.00000,2.14103,1.41392,0.27106,33.00000,31.00000,manual
15168,1.00000,2.14866,1.53114,0.25641,33.00000,31.00000,manual
15173,1.00000,2.15629,1.45788,0.25641,33.00000,31.00000,manual
15179,1.00000,2.16354,1.41392,0.26618,33.00000,31.00000,manual
15184,1.00000,2.17079,1.47253,0.26130,33.00000,31.00000,manual
15189,1.00000,2.17842,1.50183,0.25641,33.00000,31.00000,manual
15194,1.00000,2.18604,1.48718,0.25153,33.00000,31.00000,manual
15199,1.00000,2.19367,1.48718,0.25153,33.00000,31.00000,manual
15204,1.00000,2.20131,1.51649,0.24664,33.00000,31.00000,manual
15209,1.00000,2.20893,1.51649,0.24176,33.00000,31.00000,manual
15214,1.00000,2.21618,1.42857,0.25641,33.00000,31.00000,manual
15219,1.00000,2.22381,1.48718,0.25153,33.00000,31.00000,manual
15224,1.00000,2.23144,1.56044,0.23687,33.00000,31.00000,manual
15229,1.00000,2.23945,1.51649,0.24176,33.00000,31.00000,manual
15234,1.00000,2.24708,1.48718,0.23687,33.00000,31.00000,manual
15239,1.00000,2.25509,1.60440,0.22222,33.00000,31.00000,manual
15244,1.00000,2.26310,1.56044,0.22222,33.00000,31.00000,manual
15249,1.00000,2.27035,1.47253,0.22711,33.00000,31.00000,manual
15254,1.00000,2.27874,1.60440,0.20757,33.00000,31.00000,manual
15259,1.00000,2.28675,1.61905,0.19780,33.00000,31.00000,manual
15265,1.00000,2.29477,1.53114,0.20757,33.00000,31.00000,manual
15270,1.00000,2.30278,1.61905,0.19780,33.00000,31.00000,manual
15275,1.00000,2.31117,1.63370,0.19292,33.00000,31.00000,manual
15280,1.00000,2.31918,1.57509,0.19292,33.00000,31.00000,manual
15285,1.00000,2.32719,1.58974,0.18804,33.00000,31.00000,manual
15290,1.00000,2.33558,1.63370,0.18315,33.00000,31.00000,manual
15295,1.00000,2.34360,1.60440,0.18804,33.00000,31.00000,manual
15300,1.00000,2.35199,1.58974,0.19292,33.00000,31.00000,manual
15305,1.00000,2.36038,1.66301,0.17827,33.00000,31.00000,manual
15310,1.00000,2.36877,1.67766,0.16850,33.00000,31.00000,manual
15315,1.00000,2.37678,1.60440,0.17338,33.00000,31.00000,manual
15320,1.00000,2.38556,1.66301,0.16361,33.00000,31.00000,manual
15325,1.00000,2.39395,1.67766,0.16361,33.00000,31.00000,manual
15330,1.00000,2.40196,1.56044,0.17827,33.00000,31.00000,manual
15335,1.00000,2.41035,1.67766,0.16361,33.00000,31.00000,manual
15340,1.00000,2.41913,1.75092,0.15385,33.00000,31.00000,manual
15345,1.00000,2.42752,1.60440,0.16361,33.00000,31.00000,manual
15351,1.00000,2.43591,1.67766,0.15873,33.00000,31.00000,manual
15356,1.00000,2.44430,1.66301,0.15873,33.00000,31.00000,manual
