timestamp_ms,tau_cmd_Nm,pos_rad,vel_rad_s,tau_feedback_Nm,Tmos_C,Tcoil_C,label
0,0.00000,-0.11502,-0.00733,-0.00733,32.00000,30.00000,tau_0
5,0.00000,-0.11502,-0.00733,0.00244,32.00000,30.00000,tau_0
10,0.00000,-0.11502,-0.00733,-0.00244,32.00000,30.00000,tau_0
15,0.00000,-0.11502,-0.00733,-0.00244,32.00000,30.00000,tau_0
20,0.00000,-0.11502,-0.00733,-0.00244,32.00000,30.00000,tau_0
25,0.00000,-0.11502,-0.00733,-0.00244,32.00000,30.00000,tau_0
30,0.00000,-0.11502,-0.00733,-0.00244,32.00000,30.00000,tau_0
35,0.00000,-0.11502,-0.00733,-0.00244,32.00000,30.00000,tau_0
40,0.00000,-0.11502,-0.00733,-0.00733,32.00000,30.00000,tau_0
45,0.00000,-0.11502,-0.00733,-0.00733,32.00000,30.00000,tau_0
50,0.00000,-0.11502,-0.00733,-0.00733,32.00000,30.00000,tau_0
55,0.00000,-0.11502,-0.00733,-0.00733,32.00000,30.00000,tau_0
60,0.00000,-0.11502,-0.00733,-0.00733,32.00000,30.00000,tau_0
65,0.00000,-0.11502,-0.00733,-0.01221,32.00000,30.00000,tau_0
70,0.00000,-0.11502,-0.00733,-0.00733,32.00000,30.00000,tau_0
75,0.00000,-0.11502,-0.00733,-0.00733,32.00000,30.00000,tau_0
80,0.00000,-0.11502,-0.00733,-0.00733,32.00000,30.00000,tau_0
85,0.00000,-0.11502,-0.00733,-0.00733,32.00000,30.00000,tau_0
91,0.00000,-0.11502,-0.00733,-0.01221,32.00000,30.00000,tau_0
96,0.00000,-0.11502,-0.00733,-0.01221,32.00000,30.00000,tau_0
101,0.00000,-0.11502,-0.00733,-0.00733,32.00000,30.00000,tau_0
106,0.00000,-0.11502,-0.00733,-0.00733,32.00000,30.00000,tau_0
111,0.00000,-0.11502,-0.00733,-0.00733,32.00000,30.00000,tau_0
116,0.00000,-0.11502,-0.00733,-0.00733,32.00000,30.00000,tau_0
121,0.00000,-0.11502,-0.00733,-0.00733,32.00000,30.00000,tau_0
126,0.00000,-0.11502,-0.00733,-0.00733,32.00000,30.00000,tau_0
131,0.00000,-0.11502,-0.00733,-0.00733,32.00000,30.00000,tau_0
136,0.00000,-0.11502,-0.00733,-0.00733,32.00000,30.00000,tau_0
141,0.00000,-0.11502,-0.00733,-0.00733,32.00000,30.00000,tau_0
146,0.00000,-0.11502,-0.00733,-0.01221,32.00000,30.00000,tau_0
151,0.00000,-0.11502,-0.00733,-0.00733,32.00000,30.00000,tau_0
156,0.00000,-0.11502,-0.00733,-0.00733,32.00000,30.00000,tau_0
161,0.00000,-0.11502,-0.00733,-0.00733,32.00000,30.00000,tau_0
166,0.00000,-0.11502,-0.00733,-0.00733,32.00000,30.00000,tau_0
171,0.00000,-0.11502,-0.00733,-0.00733,32.00000,30.00000,tau_0
176,0.00000,-0.11502,-0.00733,-0.00733,32.00000,30.00000,tau_0
182,0.00000,-0.11502,-0.00733,-0.00733,32.00000,30.00000,tau_0
187,0.00000,-0.11502,-0.00733,-0.00733,32.00000,30.00000,tau_0
192,0.00000,-0.11502,-0.00733,-0.01221,32.00000,30.00000,tau_0
197,0.00000,-0.11502,-0.00733,-0.00733,32.00000,30.00000,tau_0
202,0.00000,-0.11502,-0.00733,-0.00733,32.00000,30.00000,tau_0
207,0.00000,-0.11502,-0.00733,-0.00733,32.00000,30.00000,tau_0
212,0.00000,-0.11502,-0.00733,-0.01221,32.00000,30.00000,tau_0
217,0.00000,-0.11502,-0.00733,-0.01221,32.00000,30.00000,tau_0
222,0.00000,-0.11502,-0.00733,-0.00733,32.00000,30.00000,tau_0
227,0.00000,-0.11502,-0.00733,-0.00733,32.00000,30.00000,tau_0
232,0.00000,-0.11502,-0.00733,-0.00733,32.00000,30.00000,tau_0
237,0.00000,-0.11502,-0.00733,-0.00733,32.00000,30.00000,tau_0
242,0.00000,-0.11502,-0.00733,-0.00733,32.00000,30.00000,tau_0
247,0.00000,-0.11502,-0.00733,-0.00733,32.00000,30.00000,tau_0
252,0.00000,-0.11502,-0.00733,-0.00733,32.00000,30.00000,tau_0
257,0.00000,-0.11502,-0.00733,-0.00733,32.00000,30.00000,tau_0
262,0.00000,-0.11502,-0.00733,-0.00733,32.00000,30.00000,tau_0
267,0.00000,-0.11502,-0.00733,-0.00733,32.00000,30.00000,tau_0
272,0.00000,-0.11502,-0.00733,-0.00733,32.00000,30.00000,tau_0
278,0.00000,-0.11502,-0.00733,-0.00733,32.00000,30.00000,tau_0
283,0.00000,-0.11502,-0.00733,-0.00733,32.00000,30.00000,tau_0
288,0.00000,-0.11502,-0.00733,-0.00733,32.00000,30.00000,tau_0
293,0.00000,-0.11502,-0.00733,-0.00733,32.00000,30.00000,tau_0
298,0.00000,-0.11502,-0.00733,-0.00733,32.00000,30.00000,tau_0
303,0.00000,-0.11502,-0.00733,-0.00733,32.00000,30.00000,tau_0
308,0.00000,-0.11502,-0.00733,-0.01221,32.00000,30.00000,tau_0
313,0.00000,-0.11502,-0.00733,-0.00733,32.00000,30.00000,tau_0
318,0.00000,-0.11502,-0.00733,-0.01221,32.00000,30.00000,tau_0
323,0.00000,-0.11502,-0.00733,-0.00733,32.00000,30.00000,tau_0
328,0.00000,-0.11502,-0.00733,-0.00733,32.00000,30.00000,tau_0
333,0.00000,-0.11502,-0.00733,-0.01221,32.00000,30.00000,tau_0
338,0.00000,-0.11502,-0.00733,-0.00733,32.00000,30.00000,tau_0
343,0.00000,-0.11502,-0.00733,-0.00733,32.00000,30.00000,tau_0
348,0.00000,-0.11502,-0.00733,-0.00733,32.00000,30.00000,tau_0
353,0.00000,-0.11502,-0.00733,-0.00733,32.00000,30.00000,tau_0
358,0.00000,-0.11502,-0.00733,-0.00733,32.00000,30.00000,tau_0
363,0.00000,-0.11502,-0.00733,-0.00733,32.00000,30.00000,tau_0
369,0.00000,-0.11502,-0.00733,-0.00733,32.00000,30.00000,tau_0
374,0.00000,-0.11502,-0.00733,-0.00733,32.00000,30.00000,tau_0
379,0.00000,-0.11502,-0.00733,-0.00733,32.00000,30.00000,tau_0
384,0.00000,-0.11502,-0.00733,-0.00733,32.00000,30.00000,tau_0
389,0.00000,-0.11502,-0.00733,-0.00733,32.00000,30.00000,tau_0
394,0.00000,-0.11502,-0.00733,-0.00733,32.00000,30.00000,tau_0
399,0.00000,-0.11502,-0.00733,-0.00733,32.00000,30.00000,tau_0
404,0.00000,-0.11502,-0.00733,-0.00733,32.00000,30.00000,tau_0
409,0.00000,-0.11502,-0.00733,-0.00733,32.00000,30.00000,tau_0
414,0.00000,-0.11502,-0.00733,-0.00733,32.00000,30.00000,tau_0
419,0.00000,-0.11502,-0.00733,-0.00733,32.00000,30.00000,tau_0
424,0.00000,-0.11502,-0.00733,-0.00733,32.00000,30.00000,tau_0
429,0.00000,-0.11502,-0.00733,-0.00733,32.00000,30.00000,tau_0
434,0.00000,-0.11502,-0.00733,-0.00733,32.00000,30.00000,tau_0
439,0.00000,-0.11502,-0.00733,-0.00733,32.00000,30.00000,tau_0
444,0.00000,-0.11502,-0.00733,-0.00733,32.00000,30.00000,tau_0
449,0.00000,-0.11502,-0.00733,-0.01221,32.00000,30.00000,tau_0
454,0.00000,-0.11502,-0.00733,-0.01221,32.00000,30.00000,tau_0
459,0.00000,-0.11502,-0.00733,-0.00733,32.00000,30.00000,tau_0
465,0.00000,-0.11502,-0.00733,-0.00733,32.00000,30.00000,tau_0
470,0.00000,-0.11502,-0.00733,-0.00733,32.00000,30.00000,tau_0
475,0.00000,-0.11502,-0.00733,-0.00733,32.00000,30.00000,tau_0
480,0.00000,-0.11502,-0.00733,-0.00733,32.00000,30.00000,tau_0
485,0.00000,-0.11502,-0.00733,-0.00733,32.00000,30.00000,tau_0
490,0.00000,-0.11502,-0.00733,-0.00733,32.00000,30.00000,tau_0
495,0.00000,-0.11502,-0.00733,-0.01221,32.00000,30.00000,tau_0
500,0.00000,-0.11502,-0.00733,-0.01221,32.00000,30.00000,tau_0
505,0.00000,-0.11502,-0.00733,-0.01221,32.00000,30.00000,tau_0
510,0.00000,-0.11502,-0.00733,-0.00733,32.00000,30.00000,tau_0
515,0.00000,-0.11502,-0.00733,-0.01221,32.00000,30.00000,tau_0
520,0.00000,-0.11502,-0.00733,-0.01221,32.00000,30.00000,tau_0
525,0.00000,-0.11502,-0.00733,-0.01221,32.00000,30.00000,tau_0
530,0.00000,-0.11502,-0.00733,-0.00733,32.00000,30.00000,tau_0
535,0.00000,-0.11502,-0.00733,-0.00733,32.00000,30.00000,tau_0
540,0.00000,-0.11502,-0.00733,-0.00733,32.00000,30.00000,tau_0
545,0.00000,-0.11502,-0.00733,-0.00733,32.00000,30.00000,tau_0
550,0.00000,-0.11502,-0.00733,-0.00733,32.00000,30.00000,tau_0
555,0.00000,-0.11502,-0.00733,-0.00733,32.00000,30.00000,tau_0
561,0.00000,-0.11502,-0.00733,-0.00733,32.00000,30.00000,tau_0
566,0.00000,-0.11502,-0.00733,-0.00733,32.00000,30.00000,tau_0
571,0.00000,-0.11502,-0.00733,-0.00733,32.00000,30.00000,tau_0
576,0.00000,-0.11502,-0.00733,-0.00733,32.00000,30.00000,tau_0
581,0.00000,-0.11502,-0.00733,-0.00733,32.00000,30.00000,tau_0
586,0.00000,-0.11502,-0.00733,-0.00733,32.00000,30.00000,tau_0
591,0.00000,-0.11502,-0.00733,-0.00733,32.00000,30.00000,tau_0
596,0.00000,-0.11502,-0.00733,-0.00733,32.00000,30.00000,tau_0
601,0.00000,-0.11502,-0.00733,-0.00733,32.00000,30.00000,tau_0
606,0.00000,-0.11502,-0.00733,-0.01221,32.00000,30.00000,tau_0
611,0.00000,-0.11502,-0.00733,-0.00733,32.00000,30.00000,tau_0
616,0.00000,-0.11502,-0.00733,-0.01221,32.00000,30.00000,tau_0
621,0.00000,-0.11502,-0.00733,-0.00733,32.00000,30.00000,tau_0
626,0.00000,-0.11502,-0.00733,-0.00733,32.00000,30.00000,tau_0
631,0.00000,-0.11502,-0.00733,-0.00733,32.00000,30.00000,tau_0
636,0.00000,-0.11502,-0.00733,-0.00733,32.00000,30.00000,tau_0
641,0.00000,-0.11502,-0.00733,-0.00733,32.00000,30.00000,tau_0
646,0.00000,-0.11502,-0.00733,-0.00733,32.00000,30.00000,tau_0
652,0.00000,-0.11502,-0.00733,-0.00733,32.00000,30.00000,tau_0
657,0.00000,-0.11502,-0.00733,-0.01221,32.00000,30.00000,tau_0
662,0.00000,-0.11502,-0.00733,-0.00733,32.00000,30.00000,tau_0
667,0.00000,-0.11502,-0.00733,-0.00733,32.00000,30.00000,tau_0
672,0.00000,-0.11502,-0.00733,-0.01221,32.00000,30.00000,tau_0
677,0.00000,-0.11502,-0.00733,-0.00733,32.00000,30.00000,tau_0
682,0.00000,-0.11502,-0.00733,-0.00733,32.00000,30.00000,tau_0
687,0.00000,-0.11502,-0.00733,-0.00733,32.00000,30.00000,tau_0
692,0.00000,-0.11502,-0.00733,-0.00733,32.00000,30.00000,tau_0
697,0.00000,-0.11502,-0.00733,-0.00733,32.00000,30.00000,tau_0
702,0.00000,-0.11502,-0.00733,-0.00244,32.00000,30.00000,tau_0
707,0.00000,-0.11502,-0.00733,-0.00733,32.00000,30.00000,tau_0
712,0.00000,-0.11502,-0.00733,-0.00733,32.00000,30.00000,tau_0
717,0.00000,-0.11502,-0.00733,-0.00733,32.00000,30.00000,tau_0
722,0.00000,-0.11502,-0.00733,-0.00733,32.00000,30.00000,tau_0
727,0.00000,-0.11502,-0.00733,-0.01221,32.00000,30.00000,tau_0
732,0.00000,-0.11502,-0.00733,-0.01221,32.00000,30.00000,tau_0
737,0.00000,-0.11502,-0.00733,-0.00733,32.00000,30.00000,tau_0
743,0.00000,-0.11502,-0.00733,-0.00733,32.00000,30.00000,tau_0
748,0.00000,-0.11502,-0.00733,-0.01221,32.00000,30.00000,tau_0
753,0.00000,-0.11502,-0.00733,-0.00733,32.00000,30.00000,tau_0
758,0.00000,-0.11502,-0.00733,-0.00733,32.00000,30.00000,tau_0
763,0.00000,-0.11502,-0.00733,-0.00733,32.00000,30.00000,tau_0
768,0.00000,-0.11502,-0.00733,-0.00733,32.00000,30.00000,tau_0
773,0.00000,-0.11502,-0.00733,-0.00733,32.00000,30.00000,tau_0
778,0.00000,-0.11502,-0.00733,-0.01221,32.00000,30.00000,tau_0
783,0.00000,-0.11502,-0.00733,-0.01221,32.00000,30.00000,tau_0
788,0.00000,-0.11502,-0.00733,-0.01221,32.00000,30.00000,tau_0
793,0.00000,-0.11502,-0.00733,-0.00733,32.00000,30.00000,tau_0
798,0.00000,-0.11502,-0.00733,-0.00733,32.00000,30.00000,tau_0
803,0.00000,-0.11502,-0.00733,-0.00733,32.00000,30.00000,tau_0
808,0.00000,-0.11502,-0.00733,-0.00733,32.00000,30.00000,tau_0
813,0.00000,-0.11502,-0.00733,-0.00733,32.00000,30.00000,tau_0
818,0.00000,-0.11502,-0.00733,-0.00733,32.00000,30.00000,tau_0
823,0.00000,-0.11502,-0.00733,-0.00733,32.00000,30.00000,tau_0
828,0.00000,-0.11502,-0.00733,-0.00733,32.00000,30.00000,tau_0
834,0.00000,-0.11502,-0.00733,-0.01221,32.00000,30.00000,tau_0
839,0.00000,-0.11502,-0.00733,-0.00733,32.00000,30.00000,tau_0
844,0.00000,-0.11502,-0.00733,-0.00733,32.00000,30.00000,tau_0
849,0.00000,-0.11502,-0.00733,-0.00733,32.00000,30.00000,tau_0
854,0.00000,-0.11502,-0.00733,-0.00733,32.00000,30.00000,tau_0
859,0.00000,-0.11502,-0.00733,-0.00733,32.00000,30.00000,tau_0
864,0.00000,-0.11502,-0.00733,-0.00733,32.00000,30.00000,tau_0
869,0.00000,-0.11502,-0.00733,-0.00733,32.00000,30.00000,tau_0
874,0.00000,-0.11502,-0.00733,-0.00733,32.00000,30.00000,tau_0
879,0.00000,-0.11502,-0.00733,-0.00733,32.00000,30.00000,tau_0
884,0.00000,-0.11502,-0.00733,-0.00733,32.00000,30.00000,tau_0
889,0.00000,-0.11502,-0.00733,-0.00733,32.00000,30.00000,tau_0
894,0.00000,-0.11502,-0.00733,-0.01221,32.00000,30.00000,tau_0
899,0.00000,-0.11502,-0.00733,-0.01221,32.00000,30.00000,tau_0
904,0.00000,-0.11502,-0.00733,-0.01221,32.00000,30.00000,tau_0
909,0.00000,-0.11502,-0.00733,-0.01221,32.00000,30.00000,tau_0
914,0.00000,-0.11502,-0.00733,-0.00733,32.00000,30.00000,tau_0
919,0.00000,-0.11502,-0.00733,-0.00733,32.00000,30.00000,tau_0
924,0.00000,-0.11502,-0.00733,-0.00733,32.00000,30.00000,tau_0
930,0.00000,-0.11502,-0.00733,-0.00733,32.00000,30.00000,tau_0
935,0.00000,-0.11502,-0.00733,-0.00733,32.00000,30.00000,tau_0
940,0.00000,-0.11502,-0.00733,-0.00733,32.00000,30.00000,tau_0
945,0.00000,-0.11502,-0.00733,-0.01221,32.00000,30.00000,tau_0
950,0.00000,-0.11502,-0.00733,-0.00733,32.00000,30.00000,tau_0
955,0.00000,-0.11502,-0.00733,-0.01221,32.00000,30.00000,tau_0
960,0.00000,-0.11502,-0.00733,-0.00733,32.00000,30.00000,tau_0
965,0.00000,-0.11502,-0.00733,-0.00733,32.00000,30.00000,tau_0
970,0.00000,-0.11502,-0.00733,-0.00733,32.00000,30.00000,tau_0
975,0.00000,-0.11502,-0.00733,-0.00733,32.00000,30.00000,tau_0
980,0.00000,-0.11502,-0.00733,-0.00733,32.00000,30.00000,tau_0
985,0.00000,-0.11502,-0.00733,-0.00733,32.00000,30.00000,tau_0
990,0.00000,-0.11502,-0.00733,-0.01221,32.00000,30.00000,tau_0
995,0.00000,-0.11502,-0.00733,-0.00733,32.00000,30.00000,tau_0
1000,0.00000,-0.11502,-0.00733,-0.00733,32.00000,30.00000,tau_0
1005,0.00000,-0.11502,-0.00733,-0.00733,32.00000,30.00000,tau_0
1010,0.00000,-0.11502,-0.00733,-0.00733,32.00000,30.00000,tau_0
1015,0.00000,-0.11502,-0.00733,-0.00733,32.00000,30.00000,tau_0
1021,0.00000,-0.11502,-0.00733,-0.00733,32.00000,30.00000,tau_0
1026,0.00000,-0.11502,-0.00733,-0.00733,32.00000,30.00000,tau_0
1031,0.00000,-0.11502,-0.00733,-0.00733,32.00000,30.00000,tau_0
1036,0.00000,-0.11502,-0.00733,-0.00733,32.00000,30.00000,tau_0
1041,0.00000,-0.11502,-0.00733,-0.00733,32.00000,30.00000,tau_0
1046,0.00000,-0.11502,-0.00733,-0.00733,32.00000,30.00000,tau_0
1051,0.00000,-0.11502,-0.00733,-0.00733,32.00000,30.00000,tau_0
1056,0.00000,-0.11502,-0.00733,-0.00733,32.00000,30.00000,tau_0
1061,0.00000,-0.11502,-0.00733,-0.00733,32.00000,30.00000,tau_0
1066,0.00000,-0.11502,-0.00733,-0.00733,32.00000,30.00000,tau_0
1071,0.00000,-0.11502,-0.00733,-0.01221,32.00000,30.00000,tau_0
1076,0.00000,-0.11502,-0.00733,-0.00733,32.00000,30.00000,tau_0
1081,0.00000,-0.11502,-0.00733,-0.00733,32.00000,30.00000,tau_0
1086,0.00000,-0.11502,-0.00733,-0.00733,32.00000,30.00000,tau_0
1091,0.00000,-0.11502,-0.00733,-0.00733,32.00000,30.00000,tau_0
1096,0.00000,-0.11502,-0.00733,-0.00733,32.00000,30.00000,tau_0
1101,0.00000,-0.11502,-0.00733,-0.00733,32.00000,30.00000,tau_0
1107,0.00000,-0.11502,-0.00733,-0.00733,32.00000,30.00000,tau_0
1112,0.00000,-0.11502,-0.00733,-0.00733,32.00000,30.00000,tau_0
1117,0.00000,-0.11502,-0.00733,-0.00733,32.00000,30.00000,tau_0
1122,0.00000,-0.11502,-0.00733,-0.00733,32.00000,30.00000,tau_0
1127,0.00000,-0.11502,-0.00733,-0.01221,32.00000,30.00000,tau_0
1132,0.00000,-0.11502,-0.00733,-0.00733,32.00000,30.00000,tau_0
1137,0.00000,-0.11502,-0.00733,-0.00733,32.00000,30.00000,tau_0
1142,0.00000,-0.11502,-0.00733,-0.00733,32.00000,30.00000,tau_0
1147,0.00000,-0.11502,-0.00733,-0.00733,32.00000,30.00000,tau_0
1152,0.00000,-0.11502,-0.00733,-0.00733,32.00000,30.00000,tau_0
1157,0.00000,-0.11502,-0.00733,-0.00733,32.00000,30.00000,tau_0
1162,0.00000,-0.11502,-0.00733,-0.00733,32.00000,30.00000,tau_0
1167,0.00000,-0.11502,-0.00733,-0.00733,32.00000,30.00000,tau_0
1172,0.00000,-0.11502,-0.00733,-0.00733,32.00000,30.00000,tau_0
1177,0.00000,-0.11502,-0.00733,-0.00733,32.00000,30.00000,tau_0
1182,0.00000,-0.11502,-0.00733,-0.00733,32.00000,30.00000,tau_0
1187,0.00000,-0.11502,-0.00733,-0.00733,32.00000,30.00000,tau_0
1192,0.00000,-0.11502,-0.00733,-0.00733,32.00000,30.00000,tau_0
1198,0.00000,-0.11502,-0.00733,-0.00733,32.00000,30.00000,tau_0
1203,0.00000,-0.11502,-0.00733,-0.01221,32.00000,30.00000,tau_0
1208,0.00000,-0.11502,-0.00733,-0.00733,32.00000,30.00000,tau_0
1213,0.00000,-0.11502,-0.00733,-0.01221,32.00000,30.00000,tau_0
1218,0.00000,-0.11502,-0.00733,-0.00733,32.00000,30.00000,tau_0
1223,0.00000,-0.11502,-0.00733,-0.00733,32.00000,30.00000,tau_0
1228,0.00000,-0.11502,-0.00733,-0.00733,32.00000,30.00000,tau_0
1233,0.00000,-0.11502,-0.00733,-0.00733,32.00000,30.00000,tau_0
1238,0.00000,-0.11502,-0.00733,-0.00733,32.00000,30.00000,tau_0
1243,0.00000,-0.11502,-0.00733,-0.01221,32.00000,30.00000,tau_0
1248,0.00000,-0.11502,-0.00733,-0.00733,32.00000,30.00000,tau_0
1253,0.00000,-0.11502,-0.00733,-0.00733,32.00000,30.00000,tau_0
1258,0.00000,-0.11502,-0.00733,-0.00733,32.00000,30.00000,tau_0
1263,0.00000,-0.11502,-0.00733,-0.00733,32.00000,30.00000,tau_0
1268,0.00000,-0.11502,-0.00733,-0.00733,32.00000,30.00000,tau_0
1273,0.00000,-0.11502,-0.00733,-0.00733,32.00000,30.00000,tau_0
1278,0.00000,-0.11502,-0.00733,-0.00733,32.00000,30.00000,tau_0
1284,0.00000,-0.11502,-0.00733,-0.00733,32.00000,30.00000,tau_0
1289,0.00000,-0.11502,-0.00733,-0.00733,32.00000,30.00000,tau_0
1294,0.00000,-0.11502,-0.00733,-0.00733,32.00000,30.00000,tau_0
1299,0.00000,-0.11502,-0.00733,-0.01221,32.00000,30.00000,tau_0
1304,0.00000,-0.11502,-0.00733,-0.00733,32.00000,30.00000,tau_0
1309,0.00000,-0.11502,-0.00733,-0.00733,32.00000,30.00000,tau_0
1314,0.00000,-0.11502,-0.00733,-0.01221,32.00000,30.00000,tau_0
1319,0.00000,-0.11502,-0.00733,-0.01221,32.00000,30.00000,tau_0
1324,0.00000,-0.11502,-0.00733,-0.00733,32.00000,30.00000,tau_0
1329,0.00000,-0.11502,-0.00733,-0.00733,32.00000,30.00000,tau_0
1334,0.00000,-0.11502,-0.00733,-0.00733,32.00000,30.00000,tau_0
1339,0.00000,-0.11502,-0.00733,-0.00733,32.00000,30.00000,tau_0
1344,0.00000,-0.11502,-0.00733,-0.01221,32.00000,30.00000,tau_0
1349,0.00000,-0.11502,-0.00733,-0.00733,32.00000,30.00000,tau_0
1354,0.00000,-0.11502,-0.00733,-0.01221,32.00000,30.00000,tau_0
1359,0.00000,-0.11502,-0.00733,-0.00733,32.00000,30.00000,tau_0
1364,0.00000,-0.11502,-0.00733,-0.00733,32.00000,30.00000,tau_0
1369,0.00000,-0.11502,-0.00733,-0.01221,32.00000,30.00000,tau_0
1375,0.00000,-0.11502,-0.00733,-0.00733,32.00000,30.00000,tau_0
1380,0.00000,-0.11502,-0.00733,-0.00733,32.00000,30.00000,tau_0
1385,0.00000,-0.11502,-0.00733,-0.00733,32.00000,30.00000,tau_0
1390,0.00000,-0.11502,-0.00733,-0.00733,32.00000,30.00000,tau_0
1395,0.00000,-0.11502,-0.00733,-0.00733,32.00000,30.00000,tau_0
1400,0.00000,-0.11502,-0.00733,-0.00733,32.00000,30.00000,tau_0
1405,0.00000,-0.11502,-0.00733,-0.00733,32.00000,30.00000,tau_0
1410,0.00000,-0.11502,-0.00733,-0.00733,32.00000,30.00000,tau_0
1415,0.00000,-0.11502,-0.00733,-0.00733,32.00000,30.00000,tau_0
1420,0.00000,-0.11502,-0.00733,-0.00733,32.00000,30.00000,tau_0
1425,0.00000,-0.11502,-0.00733,-0.00733,32.00000,30.00000,tau_0
1430,0.00000,-0.11502,-0.00733,-0.00733,32.00000,30.00000,tau_0
1435,0.00000,-0.11502,-0.00733,-0.00733,32.00000,30.00000,tau_0
1440,0.00000,-0.11502,-0.00733,-0.00733,32.00000,30.00000,tau_0
1445,0.00000,-0.11502,-0.00733,-0.00733,32.00000,30.00000,tau_0
1450,0.00000,-0.11502,-0.00733,-0.00733,32.00000,30.00000,tau_0
1455,0.00000,-0.11502,-0.00733,-0.00733,32.00000,30.00000,tau_0
1460,0.00000,-0.11502,-0.00733,-0.00733,32.00000,30.00000,tau_0
1466,0.00000,-0.11502,-0.00733,-0.01221,32.00000,30.00000,tau_0
1471,0.00000,-0.11502,-0.00733,-0.00733,32.00000,30.00000,tau_0
1476,0.00000,-0.11502,-0.00733,-0.00733,32.00000,30.00000,tau_0
1481,0.00000,-0.11502,-0.00733,-0.00733,32.00000,30.00000,tau_0
1486,0.00000,-0.11502,-0.00733,-0.00733,32.00000,30.00000,tau_0
1491,0.00000,-0.11502,-0.00733,-0.00733,32.00000,30.00000,tau_0
1496,0.00000,-0.11502,-0.00733,-0.00733,32.00000,30.00000,tau_0
1501,0.00000,-0.11502,-0.00733,-0.00733,32.00000,30.00000,tau_0
1506,0.00000,-0.11502,-0.00733,-0.00733,32.00000,30.00000,tau_0
1511,0.00000,-0.11502,-0.00733,-0.01221,32.00000,30.00000,tau_0
1516,0.00000,-0.11502,-0.00733,-0.00733,32.00000,30.00000,tau_0
1521,0.00000,-0.11502,-0.00733,-0.01221,32.00000,30.00000,tau_0
1526,0.00000,-0.11502,-0.00733,-0.01221,32.00000,30.00000,tau_0
1531,0.00000,-0.11502,-0.00733,-0.00733,32.00000,30.00000,tau_0
1536,0.00000,-0.11502,-0.00733,-0.00733,32.00000,30.00000,tau_0
1541,0.00000,-0.11502,-0.00733,-0.00733,32.00000,30.00000,tau_0
1546,0.00000,-0.11502,-0.00733,-0.00733,32.00000,30.00000,tau_0
1551,0.00000,-0.11502,-0.00733,-0.00733,32.00000,30.00000,tau_0
1557,0.00000,-0.11502,-0.00733,-0.00733,32.00000,30.00000,tau_0
1562,0.00000,-0.11502,-0.00733,-0.01221,32.00000,30.00000,tau_0
1567,0.00000,-0.11502,-0.00733,-0.01221,32.00000,30.00000,tau_0
1572,0.00000,-0.11502,-0.00733,-0.00733,32.00000,30.00000,tau_0
1577,0.00000,-0.11502,-0.00733,-0.00733,32.00000,30.00000,tau_0
1582,0.00000,-0.11502,-0.00733,-0.00733,32.00000,30.00000,tau_0
1587,0.00000,-0.11502,-0.00733,-0.00733,32.00000,30.00000,tau_0
1592,0.00000,-0.11502,-0.00733,-0.01221,32.00000,30.00000,tau_0
1597,0.00000,-0.11502,-0.00733,-0.01221,32.00000,30.00000,tau_0
1602,0.00000,-0.11502,-0.00733,-0.00733,32.00000,30.00000,tau_0
1607,0.00000,-0.11502,-0.00733,-0.00733,32.00000,30.00000,tau_0
1612,0.00000,-0.11502,-0.00733,-0.00733,32.00000,30.00000,tau_0
1617,0.00000,-0.11502,-0.00733,-0.00733,32.00000,30.00000,tau_0
1622,0.00000,-0.11502,-0.00733,-0.00733,32.00000,30.00000,tau_0
1627,0.00000,-0.11502,-0.00733,-0.00733,32.00000,30.00000,tau_0
1632,0.00000,-0.11502,-0.00733,-0.00733,32.00000,30.00000,tau_0
1637,0.00000,-0.11502,-0.00733,-0.00733,32.00000,30.00000,tau_0
1643,0.00000,-0.11502,-0.00733,-0.01221,32.00000,30.00000,tau_0
1648,0.00000,-0.11502,-0.00733,-0.00733,32.00000,30.00000,tau_0
1653,0.00000,-0.11502,-0.00733,-0.00733,32.00000,30.00000,tau_0
1658,0.00000,-0.11502,-0.00733,-0.00733,32.00000,30.00000,tau_0
1663,0.00000,-0.11502,-0.00733,-0.00733,32.00000,30.00000,tau_0
1668,0.00000,-0.11502,-0.00733,-0.00733,32.00000,30.00000,tau_0
1673,0.00000,-0.11502,-0.00733,-0.00733,32.00000,30.00000,tau_0
1678,0.00000,-0.11502,-0.00733,-0.00733,32.00000,30.00000,tau_0
1683,0.00000,-0.11502,-0.00733,-0.00733,32.00000,30.00000,tau_0
1688,0.00000,-0.11502,-0.00733,-0.00733,32.00000,30.00000,tau_0
1693,0.00000,-0.11502,-0.00733,-0.00733,32.00000,30.00000,tau_0
1698,0.00000,-0.11502,-0.00733,-0.00733,32.00000,30.00000,tau_0
1703,0.00000,-0.11502,-0.00733,-0.00733,32.00000,30.00000,tau_0
1708,0.00000,-0.11502,-0.00733,-0.00733,32.00000,30.00000,tau_0
1713,0.00000,-0.11502,-0.00733,-0.01221,32.00000,30.00000,tau_0
1718,0.00000,-0.11502,-0.00733,-0.00733,32.00000,30.00000,tau_0
1723,0.00000,-0.11502,-0.00733,-0.00733,32.00000,30.00000,tau_0
1728,0.00000,-0.11502,-0.00733,-0.00733,32.00000,30.00000,tau_0
1734,0.00000,-0.11502,-0.00733,-0.00733,32.00000,30.00000,tau_0
1739,0.00000,-0.11502,-0.00733,-0.00733,32.00000,30.00000,tau_0
1744,0.00000,-0.11502,-0.00733,-0.00733,32.00000,30.00000,tau_0
1749,0.00000,-0.11502,-0.00733,-0.00733,32.00000,30.00000,tau_0
1754,0.00000,-0.11502,-0.00733,-0.00733,32.00000,30.00000,tau_0
1759,0.00000,-0.11502,-0.00733,-0.01221,32.00000,30.00000,tau_0
1764,0.00000,-0.11502,-0.00733,-0.01221,32.00000,30.00000,tau_0
1769,0.00000,-0.11502,-0.00733,-0.00733,32.00000,30.00000,tau_0
1774,0.00000,-0.11502,-0.00733,-0.00733,32.00000,30.00000,tau_0
1779,0.00000,-0.11502,-0.00733,-0.00733,32.00000,30.00000,tau_0
1784,0.00000,-0.11502,-0.00733,-0.00733,32.00000,30.00000,tau_0
1789,0.00000,-0.11502,-0.00733,-0.01221,32.00000,30.00000,tau_0
1794,0.00000,-0.11502,-0.00733,-0.01221,32.00000,30.00000,tau_0
1799,0.00000,-0.11502,-0.00733,-0.00733,32.00000,30.00000,tau_0
1804,0.00000,-0.11502,-0.00733,-0.00733,32.00000,30.00000,tau_0
1809,0.00000,-0.11502,-0.00733,-0.00733,32.00000,30.00000,tau_0
1814,0.00000,-0.11502,-0.00733,-0.00733,32.00000,30.00000,tau_0
1820,0.00000,-0.11502,-0.00733,-0.00733,32.00000,30.00000,tau_0
1825,0.00000,-0.11502,-0.00733,-0.00733,32.00000,30.00000,tau_0
1830,0.00000,-0.11502,-0.00733,-0.00733,32.00000,30.00000,tau_0
1835,0.00000,-0.11502,-0.00733,-0.00733,32.00000,30.00000,tau_0
1840,0.00000,-0.11502,-0.00733,-0.00733,32.00000,30.00000,tau_0
1845,0.00000,-0.11502,-0.00733,-0.00733,32.00000,30.00000,tau_0
1850,0.00000,-0.11502,-0.00733,-0.00733,32.00000,30.00000,tau_0
1855,0.00000,-0.11502,-0.00733,-0.01221,32.00000,30.00000,tau_0
1860,0.00000,-0.11502,-0.00733,-0.00733,32.00000,30.00000,tau_0
1865,0.00000,-0.11502,-0.00733,-0.01221,32.00000,30.00000,tau_0
1870,0.00000,-0.11502,-0.00733,-0.00733,32.00000,30.00000,tau_0
1875,0.00000,-0.11502,-0.00733,-0.00733,32.00000,30.00000,tau_0
1880,0.00000,-0.11502,-0.00733,-0.00733,32.00000,30.00000,tau_0
1885,0.00000,-0.11502,-0.00733,-0.00733,32.00000,30.00000,tau_0
1890,0.00000,-0.11502,-0.00733,-0.00733,32.00000,30.00000,tau_0
1895,0.00000,-0.11502,-0.00733,-0.00733,32.00000,30.00000,tau_0
1900,0.00000,-0.11502,-0.00733,-0.00733,32.00000,30.00000,tau_0
1905,0.00000,-0.11502,-0.00733,-0.00733,32.00000,30.00000,tau_0
1911,0.00000,-0.11502,-0.00733,-0.00733,32.00000,30.00000,tau_0
1916,0.00000,-0.11502,-0.00733,-0.01221,32.00000,30.00000,tau_0
1921,0.00000,-0.11502,-0.00733,-0.00733,32.00000,30.00000,tau_0
1926,0.00000,-0.11502,-0.00733,-0.00733,32.00000,30.00000,tau_0
1931,0.00000,-0.11502,-0.00733,-0.00733,32.00000,30.00000,tau_0
1936,0.00000,-0.11502,-0.00733,-0.00733,32.00000,30.00000,tau_0
1941,0.00000,-0.11502,-0.00733,-0.01221,32.00000,30.00000,tau_0
1946,0.00000,-0.11502,-0.00733,-0.01221,32.00000,30.00000,tau_0
1951,0.00000,-0.11502,-0.00733,-0.00733,32.00000,30.00000,tau_0
1956,0.00000,-0.11502,-0.00733,-0.00733,32.00000,30.00000,tau_0
1961,0.00000,-0.11502,-0.00733,-0.00733,32.00000,30.00000,tau_0
1966,0.00000,-0.11502,-0.00733,-0.00733,32.00000,30.00000,tau_0
1971,0.00000,-0.11502,-0.00733,-0.00733,32.00000,30.00000,tau_0
1976,0.00000,-0.11502,-0.00733,-0.00733,32.00000,30.00000,tau_0
1981,0.00000,-0.11502,-0.00733,-0.00733,32.00000,30.00000,tau_0
1986,0.00000,-0.11502,-0.00733,-0.00733,32.00000,30.00000,tau_0
1991,0.00000,-0.11502,-0.00733,-0.00733,32.00000,30.00000,tau_0
1997,0.00000,-0.11502,-0.00733,-0.00733,32.00000,30.00000,tau_0
2002,0.00000,-0.11502,-0.00733,-0.01221,32.00000,30.00000,tau_0
2007,0.00000,-0.11502,-0.00733,-0.01221,32.00000,30.00000,tau_0
2012,0.00000,-0.11502,-0.00733,-0.00733,32.00000,30.00000,tau_0
2017,0.00000,-0.11502,-0.00733,-0.00733,32.00000,30.00000,tau_0
2022,0.00000,-0.11502,-0.00733,-0.00733,32.00000,30.00000,tau_0
2027,0.00000,-0.11502,-0.00733,-0.00733,32.00000,30.00000,tau_0
2032,0.00000,-0.11502,-0.00733,-0.00733,32.00000,30.00000,tau_0
2037,0.00000,-0.11502,-0.00733,-0.00733,32.00000,30.00000,tau_0
2042,0.00000,-0.11502,-0.00733,-0.00733,32.00000,30.00000,tau_0
2047,0.00000,-0.11502,-0.00733,-0.00733,32.00000,30.00000,tau_0
2052,0.00000,-0.11502,-0.00733,-0.01221,32.00000,30.00000,tau_0
2057,0.00000,-0.11502,-0.00733,-0.00733,32.00000,30.00000,tau_0
2062,0.00000,-0.11502,-0.00733,-0.01221,32.00000,30.00000,tau_0
2067,0.00000,-0.11502,-0.00733,-0.00733,32.00000,30.00000,tau_0
2072,0.00000,-0.11502,-0.00733,-0.00733,32.00000,30.00000,tau_0
2077,0.00000,-0.11502,-0.00733,-0.00733,32.00000,30.00000,tau_0
2083,0.00000,-0.11502,-0.00733,-0.00733,32.00000,30.00000,tau_0
2088,0.00000,-0.11502,-0.00733,-0.00733,32.00000,30.00000,tau_0
2093,0.00000,-0.11502,-0.00733,-0.01221,32.00000,30.00000,tau_0
2098,0.00000,-0.11502,-0.00733,-0.00733,32.00000,30.00000,tau_0
2103,0.00000,-0.11502,-0.00733,-0.00733,32.00000,30.00000,tau_0
2108,0.00000,-0.11502,-0.00733,-0.00733,32.00000,30.00000,tau_0
2113,0.00000,-0.11502,-0.00733,-0.00733,32.00000,30.00000,tau_0
2118,0.00000,-0.11502,-0.00733,-0.00733,32.00000,30.00000,tau_0
2123,0.00000,-0.11502,-0.00733,-0.00733,32.00000,30.00000,tau_0
2128,0.00000,-0.11502,-0.00733,-0.00733,32.00000,30.00000,tau_0
2133,0.00000,-0.11502,-0.00733,-0.00733,32.00000,30.00000,tau_0
2138,0.00000,-0.11502,-0.00733,-0.00733,32.00000,30.00000,tau_0
2143,0.00000,-0.11502,-0.00733,-0.00733,32.00000,30.00000,tau_0
2148,0.00000,-0.11502,-0.00733,-0.00733,32.00000,30.00000,tau_0
2153,0.00000,-0.11502,-0.00733,-0.00733,32.00000,30.00000,tau_0
2158,0.00000,-0.11502,-0.00733,-0.00733,32.00000,30.00000,tau_0
2163,0.00000,-0.11502,-0.00733,-0.00733,32.00000,30.00000,tau_0
2168,0.00000,-0.11502,-0.00733,-0.00733,32.00000,30.00000,tau_0
2174,0.00000,-0.11502,-0.00733,-0.00733,32.00000,30.00000,tau_0
2179,0.00000,-0.11502,-0.00733,-0.00733,32.00000,30.00000,tau_0
2184,0.00000,-0.11502,-0.00733,-0.00733,32.00000,30.00000,tau_0
2189,0.00000,-0.11502,-0.00733,-0.00733,32.00000,30.00000,tau_0
2194,0.00000,-0.11502,-0.00733,-0.00733,32.00000,30.00000,tau_0
2199,0.00000,-0.11502,-0.00733,-0.00733,32.00000,30.00000,tau_0
2204,0.00000,-0.11502,-0.00733,-0.00733,32.00000,30.00000,tau_0
2209,0.00000,-0.11502,-0.00733,-0.00733,32.00000,30.00000,tau_0
2214,0.00000,-0.11502,-0.00733,-0.00733,32.00000,30.00000,tau_0
2219,0.00000,-0.11502,-0.00733,-0.01221,32.00000,30.00000,tau_0
2224,0.00000,-0.11502,-0.00733,-0.00733,32.00000,30.00000,tau_0
2229,0.00000,-0.11502,-0.00733,-0.00733,32.00000,30.00000,tau_0
2234,0.00000,-0.11502,-0.00733,-0.00733,32.00000,30.00000,tau_0
2239,0.00000,-0.11502,-0.00733,-0.00733,32.00000,30.00000,tau_0
2244,0.00000,-0.11502,-0.00733,-0.00733,32.00000,30.00000,tau_0
2249,0.00000,-0.11502,-0.00733,-0.00733,32.00000,30.00000,tau_0
2254,0.00000,-0.11502,-0.00733,-0.00733,32.00000,30.00000,tau_0
2259,0.00000,-0.11502,-0.00733,-0.00733,32.00000,30.00000,tau_0
2265,0.00000,-0.11502,-0.00733,-0.01221,32.00000,30.00000,tau_0
2270,0.00000,-0.11502,-0.00733,-0.01221,32.00000,30.00000,tau_0
2275,0.00000,-0.11502,-0.00733,-0.00733,32.00000,30.00000,tau_0
2280,0.00000,-0.11502,-0.00733,-0.00733,32.00000,30.00000,tau_0
2285,0.00000,-0.11502,-0.00733,-0.00733,32.00000,30.00000,tau_0
2290,0.00000,-0.11502,-0.00733,-0.00733,32.00000,30.00000,tau_0
2295,0.00000,-0.11502,-0.00733,-0.00733,32.00000,30.00000,tau_0
2300,0.00000,-0.11502,-0.00733,-0.00733,32.00000,30.00000,tau_0
2305,0.00000,-0.11502,-0.00733,-0.00733,32.00000,30.00000,tau_0
2310,0.00000,-0.11502,-0.00733,-0.00733,32.00000,30.00000,tau_0
2315,0.00000,-0.11502,-0.00733,-0.00733,32.00000,30.00000,tau_0
2320,0.00000,-0.11502,-0.00733,-0.00733,32.00000,30.00000,tau_0
2325,0.00000,-0.11502,-0.00733,-0.00733,32.00000,30.00000,tau_0
2330,0.00000,-0.11502,-0.00733,-0.00733,32.00000,30.00000,tau_0
2335,0.00000,-0.11502,-0.00733,-0.00733,32.00000,30.00000,tau_0
2340,0.00000,-0.11502,-0.00733,-0.00733,32.00000,30.00000,tau_0
2345,0.00000,-0.11502,-0.00733,-0.00733,32.00000,30.00000,tau_0
2350,0.00000,-0.11502,-0.00733,-0.00733,32.00000,30.00000,tau_0
2356,0.00000,-0.11502,-0.00733,-0.00733,32.00000,30.00000,tau_0
2361,0.00000,-0.11502,-0.00733,-0.01221,32.00000,30.00000,tau_0
2366,0.00000,-0.11502,-0.00733,-0.00733,32.00000,30.00000,tau_0
2371,0.00000,-0.11502,-0.00733,-0.00733,32.00000,30.00000,tau_0
2376,0.00000,-0.11502,-0.00733,-0.01221,32.00000,30.00000,tau_0
2381,0.00000,-0.11502,-0.00733,-0.00733,32.00000,30.00000,tau_0
2386,0.00000,-0.11502,-0.00733,-0.00733,32.00000,30.00000,tau_0
2391,0.00000,-0.11502,-0.00733,-0.00733,32.00000,30.00000,tau_0
2396,0.00000,-0.11502,-0.00733,-0.00733,32.00000,30.00000,tau_0
2401,0.00000,-0.11502,-0.00733,-0.00733,32.00000,30.00000,tau_0
2406,0.00000,-0.11502,-0.00733,-0.00733,32.00000,30.00000,tau_0
2411,0.00000,-0.11502,-0.00733,-0.00733,32.00000,30.00000,tau_0
2416,0.00000,-0.11502,-0.00733,-0.00733,32.00000,30.00000,tau_0
2421,0.00000,-0.11502,-0.00733,-0.00733,32.00000,30.00000,tau_0
2426,0.00000,-0.11502,-0.00733,-0.00733,32.00000,30.00000,tau_0
2431,0.00000,-0.11502,-0.00733,-0.00733,32.00000,30.00000,tau_0
2436,0.00000,-0.11502,-0.00733,-0.01221,32.00000,30.00000,tau_0
2441,0.00000,-0.11502,-0.00733,-0.00733,32.00000,30.00000,tau_0
2446,0.00000,-0.11502,-0.00733,-0.00733,32.00000,30.00000,tau_0
2452,0.00000,-0.11502,-0.00733,-0.01221,32.00000,30.00000,tau_0
2457,0.00000,-0.11502,-0.00733,-0.01221,32.00000,30.00000,tau_0
2462,0.00000,-0.11502,-0.00733,-0.01221,32.00000,30.00000,tau_0
2467,0.00000,-0.11502,-0.00733,-0.00733,32.00000,30.00000,tau_0
2472,0.00000,-0.11502,-0.00733,-0.00733,32.00000,30.00000,tau_0
2477,0.00000,-0.11502,-0.00733,-0.00733,32.00000,30.00000,tau_0
2482,0.00000,-0.11502,-0.00733,-0.00733,32.00000,30.00000,tau_0
2487,0.00000,-0.11502,-0.00733,-0.00733,32.00000,30.00000,tau_0
2492,0.00000,-0.11502,-0.00733,-0.00733,32.00000,30.00000,tau_0
2497,0.00000,-0.11502,-0.00733,-0.00733,32.00000,30.00000,tau_0
2502,0.00000,-0.11502,-0.00733,-0.00733,32.00000,30.00000,tau_0
2507,0.00000,-0.11502,-0.00733,-0.00733,32.00000,30.00000,tau_0
2512,0.00000,-0.11502,-0.00733,-0.00733,32.00000,30.00000,tau_0
2517,0.00000,-0.11502,-0.00733,-0.00733,32.00000,30.00000,tau_0
2522,0.00000,-0.11502,-0.00733,-0.01221,32.00000,30.00000,tau_0
2527,0.00000,-0.11502,-0.00733,-0.00733,32.00000,30.00000,tau_0
2532,0.00000,-0.11502,-0.00733,-0.00733,32.00000,30.00000,tau_0
2537,0.00000,-0.11502,-0.00733,-0.00733,32.00000,30.00000,tau_0
2542,0.00000,-0.11502,-0.00733,-0.00733,32.00000,30.00000,tau_0
2548,0.00000,-0.11502,-0.00733,-0.01221,32.00000,30.00000,tau_0
2553,0.00000,-0.11502,-0.00733,-0.00733,32.00000,30.00000,tau_0
2558,0.00000,-0.11502,-0.00733,-0.00733,32.00000,30.00000,tau_0
2563,0.00000,-0.11502,-0.00733,-0.00733,32.00000,30.00000,tau_0
2568,0.00000,-0.11502,-0.00733,-0.00733,32.00000,30.00000,tau_0
2573,0.00000,-0.11502,-0.00733,-0.00733,32.00000,30.00000,tau_0
2578,0.00000,-0.11502,-0.00733,-0.00733,32.00000,30.00000,tau_0
2583,0.00000,-0.11502,-0.00733,-0.00733,32.00000,30.00000,tau_0
2588,0.00000,-0.11502,-0.00733,-0.00733,32.00000,30.00000,tau_0
2593,0.00000,-0.11502,-0.00733,-0.00733,32.00000,30.00000,tau_0
2598,0.00000,-0.11502,-0.00733,-0.00733,32.00000,30.00000,tau_0
2603,0.00000,-0.11502,-0.00733,-0.00733,32.00000,30.00000,tau_0
2608,0.00000,-0.11502,-0.00733,-0.00733,32.00000,30.00000,tau_0
2613,0.00000,-0.11502,-0.00733,-0.00733,32.00000,30.00000,tau_0
2618,0.00000,-0.11502,-0.00733,-0.00733,32.00000,30.00000,tau_0
2623,0.00000,-0.11502,-0.00733,-0.00733,32.00000,30.00000,tau_0
2628,0.00000,-0.11502,-0.00733,-0.00733,32.00000,30.00000,tau_0
2633,0.00000,-0.11502,-0.00733,-0.00733,32.00000,30.00000,tau_0
2639,0.00000,-0.11502,-0.00733,-0.00733,32.00000,30.00000,tau_0
2644,0.00000,-0.11502,-0.00733,-0.00733,32.00000,30.00000,tau_0
2649,0.00000,-0.11502,-0.00733,-0.01221,32.00000,30.00000,tau_0
2654,0.00000,-0.11502,-0.00733,-0.01221,32.00000,30.00000,tau_0
2659,0.00000,-0.11502,-0.00733,-0.00733,32.00000,30.00000,tau_0
2664,0.00000,-0.11502,-0.00733,-0.00733,32.00000,30.00000,tau_0
2669,0.00000,-0.11502,-0.00733,-0.00733,32.00000,30.00000,tau_0
2674,0.00000,-0.11502,-0.00733,-0.00733,32.00000,30.00000,tau_0
2679,0.00000,-0.11502,-0.00733,-0.00733,32.00000,30.00000,tau_0
2684,0.00000,-0.11502,-0.00733,-0.00733,32.00000,30.00000,tau_0
2689,0.00000,-0.11502,-0.00733,-0.00733,32.00000,30.00000,tau_0
2694,0.00000,-0.11502,-0.00733,-0.00733,32.00000,30.00000,tau_0
2699,0.00000,-0.11502,-0.00733,-0.01221,32.00000,30.00000,tau_0
2704,0.00000,-0.11502,-0.00733,-0.01221,32.00000,30.00000,tau_0
2709,0.00000,-0.11502,-0.00733,-0.01221,32.00000,30.00000,tau_0
2714,0.00000,-0.11502,-0.00733,-0.01221,32.00000,30.00000,tau_0
2719,0.00000,-0.11502,-0.00733,-0.00733,32.00000,30.00000,tau_0
2725,0.00000,-0.11502,-0.00733,-0.01221,32.00000,30.00000,tau_0
2730,0.00000,-0.11502,-0.00733,-0.00733,32.00000,30.00000,tau_0
2735,0.00000,-0.11502,-0.00733,-0.00733,32.00000,30.00000,tau_0
2740,0.00000,-0.11502,-0.00733,-0.01221,32.00000,30.00000,tau_0
2745,0.00000,-0.11502,-0.00733,-0.00733,32.00000,30.00000,tau_0
2750,0.00000,-0.11502,-0.00733,-0.00733,32.00000,30.00000,tau_0
2755,0.00000,-0.11502,-0.00733,-0.01221,32.00000,30.00000,tau_0
2760,0.00000,-0.11502,-0.00733,-0.01221,32.00000,30.00000,tau_0
2765,0.00000,-0.11502,-0.00733,-0.00733,32.00000,30.00000,tau_0
2770,0.00000,-0.11502,-0.00733,-0.00733,32.00000,30.00000,tau_0
2775,0.00000,-0.11502,-0.00733,-0.00733,32.00000,30.00000,tau_0
2780,0.00000,-0.11502,-0.00733,-0.00733,32.00000,30.00000,tau_0
2785,0.00000,-0.11502,-0.00733,-0.00733,32.00000,30.00000,tau_0
2790,0.00000,-0.11502,-0.00733,-0.00733,32.00000,30.00000,tau_0
2795,0.00000,-0.11502,-0.00733,-0.00733,32.00000,30.00000,tau_0
2800,0.00000,-0.11502,-0.00733,-0.00733,32.00000,30.00000,tau_0
2805,0.00000,-0.11502,-0.00733,-0.00733,32.00000,30.00000,tau_0
2810,0.00000,-0.11502,-0.00733,-0.00733,32.00000,30.00000,tau_0
2816,0.00000,-0.11502,-0.00733,-0.00733,32.00000,30.00000,tau_0
2821,0.00000,-0.11502,-0.00733,-0.00733,32.00000,30.00000,tau_0
2826,0.00000,-0.11502,-0.00733,-0.00733,32.00000,30.00000,tau_0
2831,0.00000,-0.11502,-0.00733,-0.00733,32.00000,30.00000,tau_0
2836,0.00000,-0.11502,-0.00733,-0.00733,32.00000,30.00000,tau_0
2841,0.00000,-0.11502,-0.00733,-0.00733,32.00000,30.00000,tau_0
2846,0.00000,-0.11502,-0.00733,-0.00733,32.00000,30.00000,tau_0
2851,0.00000,-0.11502,-0.00733,-0.01221,32.00000,30.00000,tau_0
2856,0.00000,-0.11502,-0.00733,-0.00733,32.00000,30.00000,tau_0
2861,0.00000,-0.11502,-0.00733,-0.00733,32.00000,30.00000,tau_0
2866,0.00000,-0.11502,-0.00733,-0.01221,32.00000,30.00000,tau_0
2871,0.00000,-0.11502,-0.00733,-0.01221,32.00000,30.00000,tau_0
2876,0.00000,-0.11502,-0.00733,-0.00733,32.00000,30.00000,tau_0
2881,0.00000,-0.11502,-0.00733,-0.00733,32.00000,30.00000,tau_0
2886,0.00000,-0.11502,-0.00733,-0.01221,32.00000,30.00000,tau_0
2891,0.00000,-0.11502,-0.00733,-0.00733,32.00000,30.00000,tau_0
2896,0.00000,-0.11502,-0.00733,-0.00733,32.00000,30.00000,tau_0
2901,0.00000,-0.11502,-0.00733,-0.01221,32.00000,30.00000,tau_0
2907,0.00000,-0.11502,-0.00733,-0.00733,32.00000,30.00000,tau_0
2912,0.00000,-0.11502,-0.00733,-0.00733,32.00000,30.00000,tau_0
2917,0.00000,-0.11502,-0.00733,-0.00733,32.00000,30.00000,tau_0
2922,0.00000,-0.11502,-0.00733,-0.00733,32.00000,30.00000,tau_0
2927,0.00000,-0.11502,-0.00733,-0.01221,32.00000,30.00000,tau_0
2932,0.00000,-0.11502,-0.00733,-0.00733,32.00000,30.00000,tau_0
2937,0.00000,-0.11502,-0.00733,-0.00733,32.00000,30.00000,tau_0
2942,0.00000,-0.11502,-0.00733,-0.01221,32.00000,30.00000,tau_0
2947,0.00000,-0.11502,-0.00733,-0.00733,32.00000,30.00000,tau_0
2952,0.00000,-0.11502,-0.00733,-0.00733,32.00000,30.00000,tau_0
2957,0.00000,-0.11502,-0.00733,-0.00733,32.00000,30.00000,tau_0
2962,0.00000,-0.11502,-0.00733,-0.00733,32.00000,30.00000,tau_0
2967,0.00000,-0.11502,-0.00733,-0.00733,32.00000,30.00000,tau_0
2972,0.00000,-0.11502,-0.00733,-0.00733,32.00000,30.00000,tau_0
2977,0.00000,-0.11502,-0.00733,-0.00733,32.00000,30.00000,tau_0
2982,0.00000,-0.11502,-0.00733,-0.00733,32.00000,30.00000,tau_0
2987,0.00000,-0.11502,-0.00733,-0.00733,32.00000,30.00000,tau_0
2992,0.00000,-0.11502,-0.00733,-0.00733,32.00000,30.00000,tau_0
2997,0.00000,-0.11502,-0.00733,-0.00733,32.00000,30.00000,tau_0
3003,0.00000,-0.11502,-0.00733,-0.00733,32.00000,30.00000,tau_0
3008,0.00000,-0.11502,-0.00733,-0.01221,32.00000,30.00000,tau_0
3013,0.00000,-0.11502,-0.00733,-0.01221,32.00000,30.00000,tau_0
3018,0.00000,-0.11502,-0.00733,-0.01221,32.00000,30.00000,tau_0
3023,0.00000,-0.11502,-0.00733,-0.00733,32.00000,30.00000,tau_0
3028,0.00000,-0.11502,-0.00733,-0.00733,32.00000,30.00000,tau_0
3033,0.00000,-0.11502,-0.00733,-0.00733,32.00000,30.00000,tau_0
3038,0.00000,-0.11502,-0.00733,-0.00733,32.00000,30.00000,tau_0
3043,0.00000,-0.11502,-0.00733,-0.00733,32.00000,30.00000,tau_0
3048,0.00000,-0.11502,-0.00733,-0.00733,32.00000,30.00000,tau_0
3053,0.00000,-0.11502,-0.00733,-0.00733,32.00000,30.00000,tau_0
3058,0.00000,-0.11502,-0.00733,-0.00733,32.00000,30.00000,tau_0
3063,0.00000,-0.11502,-0.00733,-0.00733,32.00000,30.00000,tau_0
3068,0.00000,-0.11502,-0.00733,-0.01221,32.00000,30.00000,tau_0
3073,0.00000,-0.11502,-0.00733,-0.00733,32.00000,30.00000,tau_0
3078,0.00000,-0.11502,-0.00733,-0.00733,32.00000,30.00000,tau_0
3083,0.00000,-0.11502,-0.00733,-0.00733,32.00000,30.00000,tau_0
3088,0.00000,-0.11502,-0.00733,-0.00733,32.00000,30.00000,tau_0
3094,0.00000,-0.11502,-0.00733,-0.01221,32.00000,30.00000,tau_0
3099,0.00000,-0.11502,-0.00733,-0.00733,32.00000,30.00000,tau_0
3104,0.00000,-0.11502,-0.00733,-0.00733,32.00000,30.00000,tau_0
3109,0.00000,-0.11502,-0.00733,-0.00733,32.00000,30.00000,tau_0
3114,0.00000,-0.11502,-0.00733,-0.00733,32.00000,30.00000,tau_0
3119,0.00000,-0.11502,-0.00733,-0.01221,32.00000,30.00000,tau_0
3124,0.00000,-0.11502,-0.00733,-0.01221,32.00000,30.00000,tau_0
3129,0.00000,-0.11502,-0.00733,-0.00733,32.00000,30.00000,tau_0
3134,0.00000,-0.11502,-0.00733,-0.00733,32.00000,30.00000,tau_0
3139,0.00000,-0.11502,-0.00733,-0.00733,32.00000,30.00000,tau_0
3144,0.00000,-0.11502,-0.00733,-0.00733,32.00000,30.00000,tau_0
3149,0.00000,-0.11502,-0.00733,-0.00733,32.00000,30.00000,tau_0
3154,0.00000,-0.11502,-0.00733,-0.00733,32.00000,30.00000,tau_0
3159,0.00000,-0.11502,-0.00733,-0.00733,32.00000,30.00000,tau_0
3164,0.00000,-0.11502,-0.00733,-0.00733,32.00000,30.00000,tau_0
3169,0.00000,-0.11502,-0.00733,-0.00733,32.00000,30.00000,tau_0
3174,0.00000,-0.11502,-0.00733,-0.01221,32.00000,30.00000,tau_0
3179,0.00000,-0.11502,-0.00733,-0.00733,32.00000,30.00000,tau_0
3185,0.00000,-0.11502,-0.00733,-0.00733,32.00000,30.00000,tau_0
3190,0.00000,-0.11502,-0.00733,-0.00733,32.00000,30.00000,tau_0
3195,0.00000,-0.11502,-0.00733,-0.00733,32.00000,30.00000,tau_0
3200,0.00000,-0.11502,-0.00733,-0.00733,32.00000,30.00000,tau_0
3205,0.00000,-0.11502,-0.00733,-0.00733,32.00000,30.00000,tau_0
3210,0.00000,-0.11502,-0.00733,-0.00733,32.00000,30.00000,tau_0
3215,0.00000,-0.11502,-0.00733,-0.00733,32.00000,30.00000,tau_0
3220,0.00000,-0.11502,-0.00733,-0.00733,32.00000,30.00000,tau_0
3225,0.00000,-0.11502,-0.00733,-0.01221,32.00000,30.00000,tau_0
3230,0.00000,-0.11502,-0.00733,-0.00733,32.00000,30.00000,tau_0
3235,0.00000,-0.11502,-0.00733,-0.00733,32.00000,30.00000,tau_0
3240,0.00000,-0.11502,-0.00733,-0.00733,32.00000,30.00000,tau_0
3245,0.00000,-0.11502,-0.00733,-0.00733,32.00000,30.00000,tau_0
3250,0.00000,-0.11502,-0.00733,-0.00733,32.00000,30.00000,tau_0
3255,0.00000,-0.11502,-0.00733,-0.00733,32.00000,30.00000,tau_0
3260,0.00000,-0.11502,-0.00733,-0.00733,32.00000,30.00000,tau_0
3265,0.00000,-0.11502,-0.00733,-0.00733,32.00000,30.00000,tau_0
3271,0.00000,-0.11502,-0.00733,-0.00733,32.00000,30.00000,tau_0
3276,0.00000,-0.11502,-0.00733,-0.00733,32.00000,30.00000,tau_0
3281,0.00000,-0.11502,-0.00733,-0.00733,32.00000,30.00000,tau_0
3286,0.00000,-0.11502,-0.00733,-0.00733,32.00000,30.00000,tau_0
3291,0.00000,-0.11502,-0.00733,-0.00733,32.00000,30.00000,tau_0
3296,0.00000,-0.11502,-0.00733,-0.00733,32.00000,30.00000,tau_0
3301,0.00000,-0.11502,-0.00733,-0.00733,32.00000,30.00000,tau_0
3306,0.00000,-0.11502,-0.00733,-0.00733,32.00000,30.00000,tau_0
3311,0.00000,-0.11502,-0.00733,-0.00733,32.00000,30.00000,tau_0
3316,0.00000,-0.11502,-0.00733,-0.00733,32.00000,30.00000,tau_0
3321,0.00000,-0.11502,-0.00733,-0.01221,32.00000,30.00000,tau_0
3326,0.00000,-0.11502,-0.00733,-0.00733,32.00000,30.00000,tau_0
3331,0.00000,-0.11502,-0.00733,-0.00733,32.00000,30.00000,tau_0
3336,0.00000,-0.11502,-0.00733,-0.00733,32.00000,30.00000,tau_0
3341,0.00000,-0.11502,-0.00733,-0.00733,32.00000,30.00000,tau_0
3346,0.00000,-0.11502,-0.00733,-0.00733,32.00000,30.00000,tau_0
3351,0.00000,-0.11502,-0.00733,-0.00733,32.00000,30.00000,tau_0
3356,0.00000,-0.11502,-0.00733,-0.00733,32.00000,30.00000,tau_0
3362,0.00000,-0.11502,-0.00733,-0.00733,32.00000,30.00000,tau_0
3367,0.00000,-0.11502,-0.00733,-0.00733,32.00000,30.00000,tau_0
3372,0.00000,-0.11502,-0.00733,-0.00733,32.00000,30.00000,tau_0
3377,0.00000,-0.11502,-0.00733,-0.00733,32.00000,30.00000,tau_0
3382,0.00000,-0.11502,-0.00733,-0.00733,32.00000,30.00000,tau_0
3387,0.00000,-0.11502,-0.00733,-0.00733,32.00000,30.00000,tau_0
3392,0.00000,-0.11502,-0.00733,-0.01221,32.00000,30.00000,tau_0
3397,0.00000,-0.11502,-0.00733,-0.01221,32.00000,30.00000,tau_0
3402,0.00000,-0.11502,-0.00733,-0.00733,32.00000,30.00000,tau_0
3407,0.00000,-0.11502,-0.00733,-0.00733,32.00000,30.00000,tau_0
3412,0.00000,-0.11502,-0.00733,-0.00733,32.00000,30.00000,tau_0
3417,0.00000,-0.11502,-0.00733,-0.00733,32.00000,30.00000,tau_0
3422,0.00000,-0.11502,-0.00733,-0.00733,32.00000,30.00000,tau_0
3427,0.00000,-0.11502,-0.00733,-0.00733,32.00000,30.00000,tau_0
3432,0.00000,-0.11502,-0.00733,-0.00733,32.00000,30.00000,tau_0
3437,0.00000,-0.11502,-0.00733,-0.00733,32.00000,30.00000,tau_0
3442,0.00000,-0.11502,-0.00733,-0.00733,32.00000,30.00000,tau_0
3447,0.00000,-0.11502,-0.00733,-0.00733,32.00000,30.00000,tau_0
3453,0.00000,-0.11502,-0.00733,-0.00733,32.00000,30.00000,tau_0
3458,0.00000,-0.11502,-0.00733,-0.00733,32.00000,30.00000,tau_0
3463,0.00000,-0.11502,-0.00733,-0.00733,32.00000,30.00000,tau_0
3468,0.00000,-0.11502,-0.00733,-0.00733,32.00000,30.00000,tau_0
3473,0.00000,-0.11502,-0.00733,-0.00733,32.00000,30.00000,tau_0
3478,0.00000,-0.11502,-0.00733,-0.00733,32.00000,30.00000,tau_0
3483,0.00000,-0.11502,-0.00733,-0.00733,32.00000,30.00000,tau_0
3488,0.00000,-0.11502,-0.00733,-0.01221,32.00000,30.00000,tau_0
3493,0.00000,-0.11502,-0.00733,-0.01221,32.00000,30.00000,tau_0
3498,0.00000,-0.11502,-0.00733,-0.00733,32.00000,30.00000,tau_0
3503,0.00000,-0.11502,-0.00733,-0.00733,32.00000,30.00000,tau_0
3508,0.00000,-0.11502,-0.00733,-0.00733,32.00000,30.00000,tau_0
3513,0.00000,-0.11502,-0.00733,-0.00733,32.00000,30.00000,tau_0
3518,0.00000,-0.11502,-0.00733,-0.00733,32.00000,30.00000,tau_0
3523,0.00000,-0.11502,-0.00733,-0.00733,32.00000,30.00000,tau_0
3528,0.00000,-0.11502,-0.00733,-0.00733,32.00000,30.00000,tau_0
3533,0.00000,-0.11502,-0.00733,-0.00733,32.00000,30.00000,tau_0
3538,0.00000,-0.11502,-0.00733,-0.00733,32.00000,30.00000,tau_0
3544,0.00000,-0.11502,-0.00733,-0.00733,32.00000,30.00000,tau_0
3549,0.00000,-0.11502,-0.00733,-0.00733,32.00000,30.00000,tau_0
3554,0.00000,-0.11502,-0.00733,-0.00733,32.00000,30.00000,tau_0
3559,0.00000,-0.11502,-0.00733,-0.01221,32.00000,30.00000,tau_0
3564,0.00000,-0.11502,-0.00733,-0.00733,32.00000,30.00000,tau_0
3569,0.00000,-0.11502,-0.00733,-0.00733,32.00000,30.00000,tau_0
3574,0.00000,-0.11502,-0.00733,-0.00733,32.00000,30.00000,tau_0
3579,0.00000,-0.11502,-0.00733,-0.01221,32.00000,30.00000,tau_0
3584,0.00000,-0.11502,-0.00733,-0.00733,32.00000,30.00000,tau_0
3589,0.00000,-0.11502,-0.00733,-0.00733,32.00000,30.00000,tau_0
3594,0.00000,-0.11502,-0.00733,-0.00733,32.00000,30.00000,tau_0
3599,0.00000,-0.11502,-0.00733,-0.00733,32.00000,30.00000,tau_0
3604,0.00000,-0.11502,-0.00733,-0.00733,32.00000,30.00000,tau_0
3609,0.00000,-0.11502,-0.00733,-0.00733,32.00000,30.00000,tau_0
3614,0.00000,-0.11502,-0.00733,-0.00733,32.00000,30.00000,tau_0
3619,0.00000,-0.11502,-0.00733,-0.00733,32.00000,30.00000,tau_0
3624,0.00000,-0.11502,-0.00733,-0.00733,32.00000,30.00000,tau_0
3629,0.00000,-0.11502,-0.00733,-0.00733,32.00000,30.00000,tau_0
3635,0.00000,-0.11502,-0.00733,-0.00733,32.00000,30.00000,tau_0
3640,0.00000,-0.11502,-0.00733,-0.01221,32.00000,30.00000,tau_0
3645,0.00000,-0.11502,-0.00733,-0.00733,32.00000,30.00000,tau_0
3650,0.00000,-0.11502,-0.00733,-0.00733,32.00000,30.00000,tau_0
3655,0.00000,-0.11502,-0.00733,-0.00733,32.00000,30.00000,tau_0
3660,0.00000,-0.11502,-0.00733,-0.00733,32.00000,30.00000,tau_0
3665,0.00000,-0.11502,-0.00733,-0.00733,32.00000,30.00000,tau_0
3670,0.00000,-0.11502,-0.00733,-0.00733,32.00000,30.00000,tau_0
3675,0.00000,-0.11502,-0.00733,-0.01221,32.00000,30.00000,tau_0
3680,0.00000,-0.11502,-0.00733,-0.00733,32.00000,30.00000,tau_0
3685,0.00000,-0.11502,-0.00733,-0.00733,32.00000,30.00000,tau_0
3690,0.00000,-0.11502,-0.00733,-0.00733,32.00000,30.00000,tau_0
3695,0.00000,-0.11502,-0.00733,-0.01221,32.00000,30.00000,tau_0
3700,0.00000,-0.11502,-0.00733,-0.01221,32.00000,30.00000,tau_0
3705,0.00000,-0.11502,-0.00733,-0.01221,32.00000,30.00000,tau_0
3710,0.00000,-0.11502,-0.00733,-0.00733,32.00000,30.00000,tau_0
3715,0.00000,-0.11502,-0.00733,-0.01221,32.00000,30.00000,tau_0
3721,0.00000,-0.11502,-0.00733,-0.00733,32.00000,30.00000,tau_0
3726,0.00000,-0.11502,-0.00733,-0.00733,32.00000,30.00000,tau_0
3731,0.00000,-0.11502,-0.00733,-0.00733,32.00000,30.00000,tau_0
3736,0.00000,-0.11502,-0.00733,-0.00733,32.00000,30.00000,tau_0
3741,0.00000,-0.11502,-0.00733,-0.00733,32.00000,30.00000,tau_0
3746,0.00000,-0.11502,-0.00733,-0.00733,32.00000,30.00000,tau_0
3751,0.00000,-0.11502,-0.00733,-0.00733,32.00000,30.00000,tau_0
3756,0.00000,-0.11502,-0.00733,-0.00733,32.00000,30.00000,tau_0
3761,0.00000,-0.11502,-0.00733,-0.00733,32.00000,30.00000,tau_0
3766,0.00000,-0.11502,-0.00733,-0.00733,32.00000,30.00000,tau_0
3771,0.00000,-0.11502,-0.00733,-0.00733,32.00000,30.00000,tau_0
3776,0.00000,-0.11502,-0.00733,-0.00733,32.00000,30.00000,tau_0
3781,0.00000,-0.11502,-0.00733,-0.00733,32.00000,30.00000,tau_0
3786,0.00000,-0.11502,-0.00733,-0.00733,32.00000,30.00000,tau_0
3791,0.00000,-0.11502,-0.00733,-0.00733,32.00000,30.00000,tau_0
3796,0.00000,-0.11502,-0.00733,-0.00733,32.00000,30.00000,tau_0
3801,0.00000,-0.11502,-0.00733,-0.00733,32.00000,30.00000,tau_0
3806,0.00000,-0.11502,-0.00733,-0.00733,32.00000,30.00000,tau_0
3812,0.00000,-0.11502,-0.00733,-0.00733,32.00000,30.00000,tau_0
3817,0.00000,-0.11502,-0.00733,-0.00733,32.00000,30.00000,tau_0
3822,0.00000,-0.11502,-0.00733,-0.00733,32.00000,30.00000,tau_0
3827,0.00000,-0.11502,-0.00733,-0.00733,32.00000,30.00000,tau_0
3832,0.00000,-0.11502,-0.00733,-0.00733,32.00000,30.00000,tau_0
3837,0.00000,-0.11502,-0.00733,-0.00733,32.00000,30.00000,tau_0
3842,0.00000,-0.11502,-0.00733,-0.00733,32.00000,30.00000,tau_0
3847,0.00000,-0.11502,-0.00733,-0.01221,32.00000,30.00000,tau_0
3852,0.00000,-0.11502,-0.00733,-0.00733,32.00000,30.00000,tau_0
3857,0.00000,-0.11502,-0.00733,-0.01221,32.00000,30.00000,tau_0
3862,0.00000,-0.11502,-0.00733,-0.00733,32.00000,30.00000,tau_0
3867,0.00000,-0.11502,-0.00733,-0.00733,32.00000,30.00000,tau_0
3872,0.00000,-0.11502,-0.00733,-0.00733,32.00000,30.00000,tau_0
3877,0.00000,-0.11502,-0.00733,-0.01221,32.00000,30.00000,tau_0
3882,0.00000,-0.11502,-0.00733,-0.00733,32.00000,30.00000,tau_0
3887,0.00000,-0.11502,-0.00733,-0.00733,32.00000,30.00000,tau_0
3892,0.00000,-0.11502,-0.00733,-0.00733,32.00000,30.00000,tau_0
3897,0.00000,-0.11502,-0.00733,-0.00733,32.00000,30.00000,tau_0
3903,0.00000,-0.11502,-0.00733,-0.00733,32.00000,30.00000,tau_0
3908,0.00000,-0.11502,-0.00733,-0.01221,32.00000,30.00000,tau_0
3913,0.00000,-0.11502,-0.00733,-0.00733,32.00000,30.00000,tau_0
3918,0.00000,-0.11502,-0.00733,-0.00733,32.00000,30.00000,tau_0
3923,0.00000,-0.11502,-0.00733,-0.00733,32.00000,30.00000,tau_0
3928,0.00000,-0.11502,-0.00733,-0.00733,32.00000,30.00000,tau_0
3933,0.00000,-0.11502,-0.00733,-0.00733,32.00000,30.00000,tau_0
3938,0.00000,-0.11502,-0.00733,-0.00733,32.00000,30.00000,tau_0
3943,0.00000,-0.11502,-0.00733,-0.01221,32.00000,30.00000,tau_0
3948,0.00000,-0.11502,-0.00733,-0.00733,32.00000,30.00000,tau_0
3953,0.00000,-0.11502,-0.00733,-0.00733,32.00000,30.00000,tau_0
3958,0.00000,-0.11502,-0.00733,-0.00733,32.00000,30.00000,tau_0
3963,0.00000,-0.11502,-0.00733,-0.00733,32.00000,30.00000,tau_0
3968,0.00000,-0.11502,-0.00733,-0.00733,32.00000,30.00000,tau_0
3973,0.00000,-0.11502,-0.00733,-0.00733,32.00000,30.00000,tau_0
3978,0.00000,-0.11502,-0.00733,-0.00733,32.00000,30.00000,tau_0
3983,0.00000,-0.11502,-0.00733,-0.00733,32.00000,30.00000,tau_0
3988,0.00000,-0.11502,-0.00733,-0.00733,32.00000,30.00000,tau_0
3994,0.00000,-0.11502,-0.00733,-0.00733,32.00000,30.00000,tau_0
3999,0.00000,-0.11502,-0.00733,-0.00733,32.00000,30.00000,tau_0
4004,0.00000,-0.11502,-0.00733,-0.00733,32.00000,30.00000,tau_0
4009,0.00000,-0.11502,-0.00733,-0.00733,32.00000,30.00000,tau_0
4014,0.00000,-0.11502,-0.00733,-0.01221,32.00000,30.00000,tau_0
4019,0.00000,-0.11502,-0.00733,-0.00733,32.00000,30.00000,tau_0
4024,0.00000,-0.11502,-0.00733,-0.00733,32.00000,30.00000,tau_0
4029,0.00000,-0.11502,-0.00733,-0.00733,32.00000,30.00000,tau_0
4034,0.00000,-0.11502,-0.00733,-0.00733,32.00000,30.00000,tau_0
4039,0.00000,-0.11502,-0.00733,-0.00733,32.00000,30.00000,tau_0
4044,0.00000,-0.11502,-0.00733,-0.00733,32.00000,30.00000,tau_0
4049,0.00000,-0.11502,-0.00733,-0.00733,32.00000,30.00000,tau_0
4054,0.00000,-0.11502,-0.00733,-0.00733,32.00000,30.00000,tau_0
4059,0.00000,-0.11502,-0.00733,-0.00733,32.00000,30.00000,tau_0
4064,0.00000,-0.11502,-0.00733,-0.00733,32.00000,30.00000,tau_0
4069,0.00000,-0.11502,-0.00733,-0.00733,32.00000,30.00000,tau_0
4074,0.00000,-0.11502,-0.00733,-0.00244,32.00000,30.00000,tau_0
4079,0.00000,-0.11502,-0.00733,-0.00733,32.00000,30.00000,tau_0
4084,0.00000,-0.11502,-0.00733,-0.00733,32.00000,30.00000,tau_0
4090,0.00000,-0.11502,-0.00733,-0.00733,32.00000,30.00000,tau_0
4095,0.00000,-0.11502,-0.00733,-0.00733,32.00000,30.00000,tau_0
4100,0.00000,-0.11502,-0.00733,-0.00733,32.00000,30.00000,tau_0
4105,0.00000,-0.11502,-0.00733,-0.00733,32.00000,30.00000,tau_0
4110,0.00000,-0.11502,-0.00733,-0.01221,32.00000,30.00000,tau_0
4115,0.00000,-0.11502,-0.00733,-0.00733,32.00000,30.00000,tau_0
4120,0.00000,-0.11502,-0.00733,-0.01221,32.00000,30.00000,tau_0
4125,0.00000,-0.11502,-0.00733,-0.01221,32.00000,30.00000,tau_0
4130,0.00000,-0.11502,-0.00733,-0.01221,32.00000,30.00000,tau_0
4135,0.00000,-0.11502,-0.00733,-0.01221,32.00000,30.00000,tau_0
4140,0.00000,-0.11502,-0.00733,-0.00733,32.00000,30.00000,tau_0
4145,0.00000,-0.11502,-0.00733,-0.00733,32.00000,30.00000,tau_0
4150,0.00000,-0.11502,-0.00733,-0.00733,32.00000,30.00000,tau_0
4155,0.00000,-0.11502,-0.00733,-0.00733,32.00000,30.00000,tau_0
4160,0.00000,-0.11502,-0.00733,-0.00733,32.00000,30.00000,tau_0
4165,0.00000,-0.11502,-0.00733,-0.00733,32.00000,30.00000,tau_0
4170,0.00000,-0.11502,-0.00733,-0.00733,32.00000,30.00000,tau_0
4175,0.00000,-0.11502,-0.00733,-0.01221,32.00000,30.00000,tau_0
4180,0.00000,-0.11502,-0.00733,-0.00733,32.00000,30.00000,tau_0
4186,0.00000,-0.11502,-0.00733,-0.00733,32.00000,30.00000,tau_0
4191,0.00000,-0.11502,-0.00733,-0.00733,32.00000,30.00000,tau_0
4196,0.00000,-0.11502,-0.00733,-0.00733,32.00000,30.00000,tau_0
4201,0.00000,-0.11502,-0.00733,-0.01221,32.00000,30.00000,tau_0
4206,0.00000,-0.11502,-0.00733,-0.00733,32.00000,30.00000,tau_0
4211,0.00000,-0.11502,-0.00733,-0.00733,32.00000,30.00000,tau_0
4216,0.00000,-0.11502,-0.00733,-0.00733,32.00000,30.00000,tau_0
4221,0.00000,-0.11502,-0.00733,-0.00733,32.00000,30.00000,tau_0
4226,0.00000,-0.11502,-0.00733,-0.00733,32.00000,30.00000,tau_0
4231,0.00000,-0.11502,-0.00733,-0.00733,32.00000,30.00000,tau_0
4236,0.00000,-0.11502,-0.00733,-0.00733,32.00000,30.00000,tau_0
4241,0.00000,-0.11502,-0.00733,-0.00733,32.00000,30.00000,tau_0
4246,0.00000,-0.11502,-0.00733,-0.00733,32.00000,30.00000,tau_0
4251,0.00000,-0.11502,-0.00733,-0.00733,32.00000,30.00000,tau_0
4256,0.00000,-0.11502,-0.00733,-0.00733,32.00000,30.00000,tau_0
4261,0.00000,-0.11502,-0.00733,-0.00733,32.00000,30.00000,tau_0
4266,0.00000,-0.11502,-0.00733,-0.00733,32.00000,30.00000,tau_0
4271,0.00000,-0.11502,-0.00733,-0.00733,32.00000,30.00000,tau_0
4277,0.00000,-0.11502,-0.00733,-0.00733,32.00000,30.00000,tau_0
4282,0.00000,-0.11502,-0.00733,-0.00733,32.00000,30.00000,tau_0
4287,0.00000,-0.11502,-0.00733,-0.00733,32.00000,30.00000,tau_0
4292,0.00000,-0.11502,-0.00733,-0.01221,32.00000,30.00000,tau_0
4297,0.00000,-0.11502,-0.00733,-0.00733,32.00000,30.00000,tau_0
4302,0.00000,-0.11502,-0.00733,-0.00733,32.00000,30.00000,tau_0
4307,0.00000,-0.11502,-0.00733,-0.00733,32.00000,30.00000,tau_0
4312,0.00000,-0.11502,-0.00733,-0.00733,32.00000,30.00000,tau_0
4317,0.00000,-0.11502,-0.00733,-0.01221,32.00000,30.00000,tau_0
4322,0.00000,-0.11502,-0.00733,-0.00733,32.00000,30.00000,tau_0
4327,0.00000,-0.11502,-0.00733,-0.01221,32.00000,30.00000,tau_0
4332,0.00000,-0.11502,-0.00733,-0.00733,32.00000,30.00000,tau_0
4337,0.00000,-0.11502,-0.00733,-0.01221,32.00000,30.00000,tau_0
4342,0.00000,-0.11502,-0.00733,-0.00733,32.00000,30.00000,tau_0
4347,0.00000,-0.11502,-0.00733,-0.00733,32.00000,30.00000,tau_0
4352,0.00000,-0.11502,-0.00733,-0.00733,32.00000,30.00000,tau_0
4357,0.00000,-0.11502,-0.00733,-0.00733,32.00000,30.00000,tau_0
4362,0.00000,-0.11502,-0.00733,-0.00733,32.00000,30.00000,tau_0
4367,0.00000,-0.11502,-0.00733,-0.00733,32.00000,30.00000,tau_0
4373,0.00000,-0.11502,-0.00733,-0.00733,32.00000,30.00000,tau_0
4378,0.00000,-0.11502,-0.00733,-0.00733,32.00000,30.00000,tau_0
4383,0.00000,-0.11502,-0.00733,-0.01221,32.00000,30.00000,tau_0
4388,0.00000,-0.11502,-0.00733,-0.01221,32.00000,30.00000,tau_0
4393,0.00000,-0.11502,-0.00733,-0.00733,32.00000,30.00000,tau_0
4398,0.00000,-0.11502,-0.00733,-0.00733,32.00000,30.00000,tau_0
4403,0.00000,-0.11502,-0.00733,-0.00733,32.00000,30.00000,tau_0
4408,0.00000,-0.11502,-0.00733,-0.00733,32.00000,30.00000,tau_0
4413,0.00000,-0.11502,-0.00733,-0.00733,32.00000,30.00000,tau_0
4418,0.00000,-0.11502,-0.00733,-0.00733,32.00000,30.00000,tau_0
4423,0.00000,-0.11502,-0.00733,-0.00733,32.00000,30.00000,tau_0
4428,0.00000,-0.11502,-0.00733,-0.00733,32.00000,30.00000,tau_0
4433,0.00000,-0.11502,-0.00733,-0.00733,32.00000,30.00000,tau_0
4438,0.00000,-0.11502,-0.00733,-0.01221,32.00000,30.00000,tau_0
4443,0.00000,-0.11502,-0.00733,-0.01221,32.00000,30.00000,tau_0
4448,0.00000,-0.11502,-0.00733,-0.00733,32.00000,30.00000,tau_0
4453,0.00000,-0.11502,-0.00733,-0.00733,32.00000,30.00000,tau_0
4458,0.00000,-0.11502,-0.00733,-0.00733,32.00000,30.00000,tau_0
4464,0.00000,-0.11502,-0.00733,-0.00733,32.00000,30.00000,tau_0
4469,0.00000,-0.11502,-0.00733,-0.00733,32.00000,30.00000,tau_0
4474,0.00000,-0.11502,-0.00733,-0.00733,32.00000,30.00000,tau_0
4479,0.00000,-0.11502,-0.00733,-0.00733,32.00000,30.00000,tau_0
4484,0.00000,-0.11502,-0.00733,-0.00733,32.00000,30.00000,tau_0
4489,0.00000,-0.11502,-0.00733,-0.00733,32.00000,30.00000,tau_0
4494,0.00000,-0.11502,-0.00733,-0.00733,32.00000,30.00000,tau_0
4499,0.00000,-0.11502,-0.00733,-0.00733,32.00000,30.00000,tau_0
4504,0.00000,-0.11502,-0.00733,-0.00733,32.00000,30.00000,tau_0
4509,0.00000,-0.11502,-0.00733,-0.00733,32.00000,30.00000,tau_0
4514,0.00000,-0.11502,-0.00733,-0.00733,32.00000,30.00000,tau_0
4519,0.00000,-0.11502,-0.00733,-0.00733,32.00000,30.00000,tau_0
4524,0.00000,-0.11502,-0.00733,-0.00733,32.00000,30.00000,tau_0
4529,0.00000,-0.11502,-0.00733,-0.00733,32.00000,30.00000,tau_0
4534,0.00000,-0.11502,-0.00733,-0.00733,32.00000,30.00000,tau_0
4539,0.00000,-0.11502,-0.00733,-0.00733,32.00000,30.00000,tau_0
4544,0.00000,-0.11502,-0.00733,-0.00733,32.00000,30.00000,tau_0
4549,0.00000,-0.11502,-0.00733,-0.00733,32.00000,30.00000,tau_0
4555,0.00000,-0.11502,-0.00733,-0.00733,32.00000,30.00000,tau_0
4560,0.00000,-0.11502,-0.00733,-0.00733,32.00000,30.00000,tau_0
4565,0.00000,-0.11502,-0.00733,-0.01221,32.00000,30.00000,tau_0
4570,0.00000,-0.11502,-0.00733,-0.00733,32.00000,30.00000,tau_0
4575,0.00000,-0.11502,-0.00733,-0.01221,32.00000,30.00000,tau_0
4580,0.00000,-0.11502,-0.00733,-0.01221,32.00000,30.00000,tau_0
4585,0.00000,-0.11502,-0.00733,-0.00733,32.00000,30.00000,tau_0
4590,0.00000,-0.11502,-0.00733,-0.00733,32.00000,30.00000,tau_0
4595,0.00000,-0.11502,-0.00733,-0.00733,32.00000,30.00000,tau_0
4600,0.00000,-0.11502,-0.00733,-0.00733,32.00000,30.00000,tau_0
4605,0.00000,-0.11502,-0.00733,-0.00733,32.00000,30.00000,tau_0
4610,0.00000,-0.11502,-0.00733,-0.00733,32.00000,30.00000,tau_0
4615,0.00000,-0.11502,-0.00733,-0.00733,32.00000,30.00000,tau_0
4620,0.00000,-0.11502,-0.00733,-0.00733,32.00000,30.00000,tau_0
4625,0.00000,-0.11502,-0.00733,-0.00733,32.00000,30.00000,tau_0
4630,0.00000,-0.11502,-0.00733,-0.00733,32.00000,30.00000,tau_0
4635,0.00000,-0.11502,-0.00733,-0.00733,32.00000,30.00000,tau_0
4640,0.00000,-0.11502,-0.00733,-0.00733,32.00000,30.00000,tau_0
4645,0.00000,-0.11502,-0.00733,-0.00733,32.00000,30.00000,tau_0
4651,0.00000,-0.11502,-0.00733,-0.00733,32.00000,30.00000,tau_0
4656,0.00000,-0.11502,-0.00733,-0.00733,32.00000,30.00000,tau_0
4661,0.00000,-0.11502,-0.00733,-0.00733,32.00000,30.00000,tau_0
4666,0.00000,-0.11502,-0.00733,-0.00733,32.00000,30.00000,tau_0
4671,0.00000,-0.11502,-0.00733,-0.00733,32.00000,30.00000,tau_0
4676,0.00000,-0.11502,-0.00733,-0.00733,32.00000,30.00000,tau_0
4681,0.00000,-0.11502,-0.00733,-0.00733,32.00000,30.00000,tau_0
4686,0.00000,-0.11502,-0.00733,-0.01221,32.00000,30.00000,tau_0
4691,0.00000,-0.11502,-0.00733,-0.00733,32.00000,30.00000,tau_0
4696,0.00000,-0.11502,-0.00733,-0.00733,32.00000,30.00000,tau_0
4701,0.00000,-0.11502,-0.00733,-0.00733,32.00000,30.00000,tau_0
4706,0.00000,-0.11502,-0.00733,-0.00733,32.00000,30.00000,tau_0
4711,0.00000,-0.11502,-0.00733,-0.00733,32.00000,30.00000,tau_0
4716,0.00000,-0.11502,-0.00733,-0.00733,32.00000,30.00000,tau_0
4721,0.00000,-0.11502,-0.00733,-0.00733,32.00000,30.00000,tau_0
4726,0.00000,-0.11502,-0.00733,-0.00733,32.00000,30.00000,tau_0
4731,0.00000,-0.11502,-0.00733,-0.00733,32.00000,30.00000,tau_0
4736,0.00000,-0.11502,-0.00733,-0.00733,32.00000,30.00000,tau_0
4742,0.00000,-0.11502,-0.00733,-0.00733,32.00000,30.00000,tau_0
4747,0.00000,-0.11502,-0.00733,-0.00733,32.00000,30.00000,tau_0
4752,0.00000,-0.11502,-0.00733,-0.01221,32.00000,30.00000,tau_0
4757,0.00000,-0.11502,-0.00733,-0.00733,32.00000,30.00000,tau_0
4762,0.00000,-0.11502,-0.00733,-0.01221,32.00000,30.00000,tau_0
4767,0.00000,-0.11502,-0.00733,-0.00733,32.00000,30.00000,tau_0
4772,0.00000,-0.11502,-0.00733,-0.00733,32.00000,30.00000,tau_0
4777,0.00000,-0.11502,-0.00733,-0.00733,32.00000,30.00000,tau_0
4782,0.00000,-0.11502,-0.00733,-0.00733,32.00000,30.00000,tau_0
4787,0.00000,-0.11502,-0.00733,-0.00733,32.00000,30.00000,tau_0
4792,0.00000,-0.11502,-0.00733,-0.01221,32.00000,30.00000,tau_0
4797,0.00000,-0.11502,-0.00733,-0.00733,32.00000,30.00000,tau_0
4802,0.00000,-0.11502,-0.00733,-0.00733,32.00000,30.00000,tau_0
4807,0.00000,-0.11502,-0.00733,-0.00733,32.00000,30.00000,tau_0
4812,0.00000,-0.11502,-0.00733,-0.01221,32.00000,30.00000,tau_0
4817,0.00000,-0.11502,-0.00733,-0.00733,32.00000,30.00000,tau_0
4822,0.00000,-0.11502,-0.00733,-0.00733,32.00000,30.00000,tau_0
4827,0.00000,-0.11502,-0.00733,-0.00733,32.00000,30.00000,tau_0
4832,0.00000,-0.11502,-0.00733,-0.00733,32.00000,30.00000,tau_0
4838,0.00000,-0.11502,-0.00733,-0.01221,32.00000,30.00000,tau_0
4843,0.00000,-0.11502,-0.00733,-0.00733,32.00000,30.00000,tau_0
4848,0.00000,-0.11502,-0.00733,-0.00733,32.00000,30.00000,tau_0
4853,0.00000,-0.11502,-0.00733,-0.00733,32.00000,30.00000,tau_0
4858,0.00000,-0.11502,-0.00733,-0.00733,32.00000,30.00000,tau_0
4863,0.00000,-0.11502,-0.00733,-0.00733,32.00000,30.00000,tau_0
4868,0.00000,-0.11502,-0.00733,-0.00733,32.00000,30.00000,tau_0
4873,0.00000,-0.11502,-0.00733,-0.00733,32.00000,30.00000,tau_0
4878,0.00000,-0.11502,-0.00733,-0.00733,32.00000,30.00000,tau_0
4883,0.00000,-0.11502,-0.00733,-0.01221,32.00000,30.00000,tau_0
4888,0.00000,-0.11502,-0.00733,-0.01221,32.00000,30.00000,tau_0
4893,0.00000,-0.11502,-0.00733,-0.01221,32.00000,30.00000,tau_0
4898,0.00000,-0.11502,-0.00733,-0.01221,32.00000,30.00000,tau_0
4903,0.00000,-0.11502,-0.00733,-0.01221,32.00000,30.00000,tau_0
4908,0.00000,-0.11502,-0.00733,-0.01221,32.00000,30.00000,tau_0
4913,0.00000,-0.11502,-0.00733,-0.00733,32.00000,30.00000,tau_0
4918,0.00000,-0.11502,-0.00733,-0.00733,32.00000,30.00000,tau_0
4923,0.00000,-0.11502,-0.00733,-0.00733,32.00000,30.00000,tau_0
4928,0.00000,-0.11502,-0.00733,-0.00733,32.00000,30.00000,tau_0
4934,0.00000,-0.11502,-0.00733,-0.00733,32.00000,30.00000,tau_0
4939,0.00000,-0.11502,-0.00733,-0.00733,32.00000,30.00000,tau_0
4944,0.00000,-0.11502,-0.00733,-0.00733,32.00000,30.00000,tau_0
4949,0.00000,-0.11502,-0.00733,-0.00733,32.00000,30.00000,tau_0
4954,0.00000,-0.11502,-0.00733,-0.00733,32.00000,30.00000,tau_0
4959,0.00000,-0.11502,-0.00733,-0.00733,32.00000,30.00000,tau_0
4964,0.00000,-0.11502,-0.00733,-0.00733,32.00000,30.00000,tau_0
4969,0.00000,-0.11502,-0.00733,-0.00733,32.00000,30.00000,tau_0
4974,0.00000,-0.11502,-0.00733,-0.00733,32.00000,30.00000,tau_0
4979,0.00000,-0.11502,-0.00733,-0.00733,32.00000,30.00000,tau_0
4984,0.00000,-0.11502,-0.00733,-0.00733,32.00000,30.00000,tau_0
4989,0.00000,-0.11502,-0.00733,-0.00733,32.00000,30.00000,tau_0
4994,0.00000,-0.11502,-0.00733,-0.00733,32.00000,30.00000,tau_0
4999,0.00000,-0.11502,-0.00733,-0.00733,32.00000,30.00000,tau_0
5004,0.00000,-0.11502,-0.00733,-0.00733,32.00000,30.00000,tau_0
5009,0.00000,-0.11502,-0.00733,-0.01221,32.00000,30.00000,tau_0
5014,0.00000,-0.11502,-0.00733,-0.00733,32.00000,30.00000,tau_0
5019,0.00000,-0.11502,-0.00733,-0.00733,32.00000,30.00000,tau_0
5025,0.00000,-0.11502,-0.00733,-0.00733,32.00000,30.00000,tau_0
5030,0.00000,-0.11502,-0.00733,-0.00733,32.00000,30.00000,tau_0
5035,0.00000,-0.11502,-0.00733,-0.00733,32.00000,30.00000,tau_0
5040,0.00000,-0.11502,-0.00733,-0.00733,32.00000,30.00000,tau_0
5045,0.00000,-0.11502,-0.00733,-0.00733,32.00000,30.00000,tau_0
5050,0.00000,-0.11502,-0.00733,-0.00733,32.00000,30.00000,tau_0
5055,0.00000,-0.11502,-0.00733,-0.00733,32.00000,30.00000,tau_0
5060,0.00000,-0.11502,-0.00733,-0.00733,32.00000,30.00000,tau_0
5065,0.00000,-0.11502,-0.00733,-0.00733,32.00000,30.00000,tau_0
5070,0.00000,-0.11502,-0.00733,-0.00733,32.00000,30.00000,tau_0
5075,0.00000,-0.11502,-0.00733,-0.00733,32.00000,30.00000,tau_0
5080,0.00000,-0.11502,-0.00733,-0.00733,32.00000,30.00000,tau_0
5085,0.00000,-0.11502,-0.00733,-0.00733,32.00000,30.00000,tau_0
5090,0.00000,-0.11502,-0.00733,-0.00733,32.00000,30.00000,tau_0
5095,0.00000,-0.11502,-0.00733,-0.00733,32.00000,30.00000,tau_0
5100,0.00000,-0.11502,-0.00733,-0.00733,32.00000,30.00000,tau_0
5105,0.00000,-0.11502,-0.00733,-0.00733,32.00000,30.00000,tau_0
5110,0.00000,-0.11502,-0.00733,-0.00733,32.00000,30.00000,tau_0
5115,0.00000,-0.11502,-0.00733,-0.00733,32.00000,30.00000,tau_0
5121,0.00000,-0.11502,-0.00733,-0.00733,32.00000,30.00000,tau_0
5126,0.00000,-0.11502,-0.00733,-0.00733,32.00000,30.00000,tau_0
5131,0.00000,-0.11502,-0.00733,-0.00733,32.00000,30.00000,tau_0
5136,0.00000,-0.11502,-0.00733,-0.00733,32.00000,30.00000,tau_0
5141,0.00000,-0.11502,-0.00733,-0.00733,32.00000,30.00000,tau_0
5146,0.00000,-0.11502,-0.00733,-0.00733,32.00000,30.00000,tau_0
5151,0.00000,-0.11502,-0.00733,-0.00733,32.00000,30.00000,tau_0
5156,0.00000,-0.11502,-0.00733,-0.00733,32.00000,30.00000,tau_0
5161,0.00000,-0.11502,-0.00733,-0.00733,32.00000,30.00000,tau_0
5166,0.00000,-0.11502,-0.00733,-0.00733,32.00000,30.00000,tau_0
5171,0.00000,-0.11502,-0.00733,-0.00733,32.00000,30.00000,tau_0
5176,0.00000,-0.11502,-0.00733,-0.00733,32.00000,30.00000,tau_0
5181,0.00000,-0.11502,-0.00733,-0.01221,32.00000,30.00000,tau_0
5186,0.00000,-0.11502,-0.00733,-0.00733,32.00000,30.00000,tau_0
5191,0.00000,-0.11502,-0.00733,-0.01221,32.00000,30.00000,tau_0
5196,0.00000,-0.11502,-0.00733,-0.01221,32.00000,30.00000,tau_0
5201,0.00000,-0.11502,-0.00733,-0.00733,32.00000,30.00000,tau_0
5206,0.00000,-0.11502,-0.00733,-0.00733,32.00000,30.00000,tau_0
5212,0.00000,-0.11502,-0.00733,-0.00733,32.00000,30.00000,tau_0
5217,0.00000,-0.11502,-0.00733,-0.00733,32.00000,30.00000,tau_0
5222,0.00000,-0.11502,-0.00733,-0.01221,32.00000,30.00000,tau_0
5227,0.00000,-0.11502,-0.00733,-0.00733,32.00000,30.00000,tau_0
5232,0.00000,-0.11502,-0.00733,-0.01221,32.00000,30.00000,tau_0
5237,0.00000,-0.11502,-0.00733,-0.00733,32.00000,30.00000,tau_0
5242,0.00000,-0.11502,-0.00733,-0.00733,32.00000,30.00000,tau_0
5247,0.00000,-0.11502,-0.00733,-0.00733,32.00000,30.00000,tau_0
5252,0.00000,-0.11502,-0.00733,-0.00733,32.00000,30.00000,tau_0
5257,0.00000,-0.11502,-0.00733,-0.00733,32.00000,30.00000,tau_0
5262,0.00000,-0.11502,-0.00733,-0.01221,32.00000,30.00000,tau_0
5267,0.00000,-0.11502,-0.00733,-0.00733,32.00000,30.00000,tau_0
5272,0.00000,-0.11502,-0.00733,-0.00733,32.00000,30.00000,tau_0
5277,0.00000,-0.11502,-0.00733,-0.00733,32.00000,30.00000,tau_0
5282,0.00000,-0.11502,-0.00733,-0.00733,32.00000,30.00000,tau_0
5287,0.00000,-0.11502,-0.00733,-0.00733,32.00000,30.00000,tau_0
5292,0.00000,-0.11502,-0.00733,-0.00733,32.00000,30.00000,tau_0
5297,0.00000,-0.11502,-0.00733,-0.00733,32.00000,30.00000,tau_0
5303,0.00000,-0.11502,-0.00733,-0.00733,32.00000,30.00000,tau_0
5308,0.00000,-0.11502,-0.00733,-0.01221,32.00000,30.00000,tau_0
5313,0.00000,-0.11502,-0.00733,-0.01221,32.00000,30.00000,tau_0
5318,0.00000,-0.11502,-0.00733,-0.01221,32.00000,30.00000,tau_0
5323,0.00000,-0.11502,-0.00733,-0.01221,32.00000,30.00000,tau_0
5328,0.00000,-0.11502,-0.00733,-0.01221,32.00000,30.00000,tau_0
5333,0.00000,-0.11502,-0.00733,-0.00733,32.00000,30.00000,tau_0
5338,0.00000,-0.11502,-0.00733,-0.00733,32.00000,30.00000,tau_0
5343,0.00000,-0.11502,-0.00733,-0.00733,32.00000,30.00000,tau_0
5348,0.00000,-0.11502,-0.00733,-0.00733,32.00000,30.00000,tau_0
5353,0.00000,-0.11502,-0.00733,-0.01221,32.00000,30.00000,tau_0
5358,0.00000,-0.11502,-0.00733,-0.00733,32.00000,30.00000,tau_0
5363,0.00000,-0.11502,-0.00733,-0.00733,32.00000,30.00000,tau_0
5368,0.00000,-0.11502,-0.00733,-0.01221,32.00000,30.00000,tau_0
5373,0.00000,-0.11502,-0.00733,-0.00733,32.00000,30.00000,tau_0
5378,0.00000,-0.11502,-0.00733,-0.00733,32.00000,30.00000,tau_0
5383,0.00000,-0.11502,-0.00733,-0.00733,32.00000,30.00000,tau_0
5389,0.00000,-0.11502,-0.00733,-0.00733,32.00000,30.00000,tau_0
5394,0.00000,-0.11502,-0.00733,-0.00733,32.00000,30.00000,tau_0
5399,0.00000,-0.11502,-0.00733,-0.01221,32.00000,30.00000,tau_0
5404,0.00000,-0.11502,-0.00733,-0.00733,32.00000,30.00000,tau_0
5409,0.00000,-0.11502,-0.00733,-0.00733,32.00000,30.00000,tau_0
5414,0.00000,-0.11502,-0.00733,-0.00733,32.00000,30.00000,tau_0
5419,0.00000,-0.11502,-0.00733,-0.00733,32.00000,30.00000,tau_0
5424,0.00000,-0.11502,-0.00733,-0.00733,32.00000,30.00000,tau_0
5429,0.00000,-0.11502,-0.00733,-0.00733,32.00000,30.00000,tau_0
5434,0.00000,-0.11502,-0.00733,-0.00733,32.00000,30.00000,tau_0
5439,0.00000,-0.11502,-0.00733,-0.01221,32.00000,30.00000,tau_0
5444,0.00000,-0.11502,-0.00733,-0.00733,32.00000,30.00000,tau_0
5449,0.00000,-0.11502,-0.00733,-0.00733,32.00000,30.00000,tau_0
5454,0.00000,-0.11502,-0.00733,-0.00733,32.00000,30.00000,tau_0
5459,0.00000,-0.11502,-0.00733,-0.00733,32.00000,30.00000,tau_0
5464,0.00000,-0.11502,-0.00733,-0.00733,32.00000,30.00000,tau_0
5469,0.00000,-0.11502,-0.00733,-0.00733,32.00000,30.00000,tau_0
5474,0.00000,-0.11502,-0.00733,-0.00733,32.00000,30.00000,tau_0
5480,0.00000,-0.11502,-0.00733,-0.00733,32.00000,30.00000,tau_0
5485,0.00000,-0.11502,-0.00733,-0.00733,32.00000,30.00000,tau_0
5490,0.00000,-0.11502,-0.00733,-0.00733,32.00000,30.00000,tau_0
5495,0.00000,-0.11502,-0.00733,-0.00733,32.00000,30.00000,tau_0
5500,0.00000,-0.11502,-0.00733,-0.00733,32.00000,30.00000,tau_0
5505,0.00000,-0.11502,-0.00733,-0.00733,32.00000,30.00000,tau_0
5510,0.00000,-0.11502,-0.00733,-0.00733,32.00000,30.00000,tau_0
5515,0.00000,-0.11502,-0.00733,-0.01221,32.00000,30.00000,tau_0
5520,0.00000,-0.11502,-0.00733,-0.00733,32.00000,30.00000,tau_0
5525,0.00000,-0.11502,-0.00733,-0.00733,32.00000,30.00000,tau_0
5530,0.00000,-0.11502,-0.00733,-0.00733,32.00000,30.00000,tau_0
5535,0.00000,-0.11502,-0.00733,-0.00733,32.00000,30.00000,tau_0
5540,0.00000,-0.11502,-0.00733,-0.00733,32.00000,30.00000,tau_0
5545,0.00000,-0.11502,-0.00733,-0.01221,32.00000,30.00000,tau_0
5550,0.00000,-0.11502,-0.00733,-0.00733,32.00000,30.00000,tau_0
5555,0.00000,-0.11502,-0.00733,-0.00733,32.00000,30.00000,tau_0
5560,0.00000,-0.11502,-0.00733,-0.01221,32.00000,30.00000,tau_0
5565,0.00000,-0.11502,-0.00733,-0.00733,32.00000,30.00000,tau_0
5570,0.00000,-0.11502,-0.00733,-0.00733,32.00000,30.00000,tau_0
5576,0.00000,-0.11502,-0.00733,-0.00733,32.00000,30.00000,tau_0
5581,0.00000,-0.11502,-0.00733,-0.01221,32.00000,30.00000,tau_0
5586,0.00000,-0.11502,-0.00733,-0.00733,32.00000,30.00000,tau_0
5591,0.00000,-0.11502,-0.00733,-0.00733,32.00000,30.00000,tau_0
5596,0.00000,-0.11502,-0.00733,-0.00733,32.00000,30.00000,tau_0
5601,0.00000,-0.11502,-0.00733,-0.00733,32.00000,30.00000,tau_0
5606,0.00000,-0.11502,-0.00733,-0.00733,32.00000,30.00000,tau_0
5611,0.00000,-0.11502,-0.00733,-0.00733,32.00000,30.00000,tau_0
5616,0.00000,-0.11502,-0.00733,-0.00733,32.00000,30.00000,tau_0
5621,0.00000,-0.11502,-0.00733,-0.00733,32.00000,30.00000,tau_0
5626,0.00000,-0.11502,-0.00733,-0.00733,32.00000,30.00000,tau_0
5631,0.00000,-0.11502,-0.00733,-0.00733,32.00000,30.00000,tau_0
5636,0.00000,-0.11502,-0.00733,-0.00733,32.00000,30.00000,tau_0
5641,0.00000,-0.11502,-0.00733,-0.00733,32.00000,30.00000,tau_0
5646,0.00000,-0.11502,-0.00733,-0.00733,32.00000,30.00000,tau_0
5651,0.00000,-0.11502,-0.00733,-0.00733,32.00000,30.00000,tau_0
5656,0.00000,-0.11502,-0.00733,-0.00733,32.00000,30.00000,tau_0
5661,0.00000,-0.11502,-0.00733,-0.00733,32.00000,30.00000,tau_0
5667,0.00000,-0.11502,-0.00733,-0.00733,32.00000,30.00000,tau_0
5672,0.00000,-0.11502,-0.00733,-0.00733,32.00000,30.00000,tau_0
5677,0.00000,-0.11502,-0.00733,-0.00733,32.00000,30.00000,tau_0
5682,0.00000,-0.11502,-0.00733,-0.00733,32.00000,30.00000,tau_0
5687,0.00000,-0.11502,-0.00733,-0.00733,32.00000,30.00000,tau_0
5692,0.00000,-0.11502,-0.00733,-0.01221,32.00000,30.00000,tau_0
5697,0.00000,-0.11502,-0.00733,-0.00733,32.00000,30.00000,tau_0
5702,0.00000,-0.11502,-0.00733,-0.01221,32.00000,30.00000,tau_0
5707,0.00000,-0.11502,-0.00733,-0.00733,32.00000,30.00000,tau_0
5712,0.00000,-0.11502,-0.00733,-0.00733,32.00000,30.00000,tau_0
5717,0.00000,-0.11502,-0.00733,-0.00733,32.00000,30.00000,tau_0
5722,0.00000,-0.11502,-0.00733,-0.00733,32.00000,30.00000,tau_0
5727,0.00000,-0.11502,-0.00733,-0.00733,32.00000,30.00000,tau_0
5732,0.00000,-0.11502,-0.00733,-0.00733,32.00000,30.00000,tau_0
5737,0.00000,-0.11502,-0.00733,-0.00733,32.00000,30.00000,tau_0
5742,0.00000,-0.11502,-0.00733,-0.00733,32.00000,30.00000,tau_0
5747,0.00000,-0.11502,-0.00733,-0.00733,32.00000,30.00000,tau_0
5753,0.00000,-0.11502,-0.00733,-0.00733,32.00000,30.00000,tau_0
5758,0.00000,-0.11502,-0.00733,-0.00733,32.00000,30.00000,tau_0
5763,0.00000,-0.11502,-0.00733,-0.00733,32.00000,30.00000,tau_0
5768,0.00000,-0.11502,-0.00733,-0.00733,32.00000,30.00000,tau_0
5773,0.00000,-0.11502,-0.00733,-0.00733,32.00000,30.00000,tau_0
5778,0.00000,-0.11502,-0.00733,-0.00733,32.00000,30.00000,tau_0
5783,0.00000,-0.11502,-0.00733,-0.01221,32.00000,30.00000,tau_0
5788,0.00000,-0.11502,-0.00733,-0.00733,32.00000,30.00000,tau_0
5793,0.00000,-0.11502,-0.00733,-0.00733,32.00000,30.00000,tau_0
5798,0.00000,-0.11502,-0.00733,-0.00733,32.00000,30.00000,tau_0
5803,0.00000,-0.11502,-0.00733,-0.00733,32.00000,30.00000,tau_0
5808,0.00000,-0.11502,-0.00733,-0.00733,32.00000,30.00000,tau_0
5813,0.00000,-0.11502,-0.00733,-0.01221,32.00000,30.00000,tau_0
5818,0.00000,-0.11502,-0.00733,-0.00733,32.00000,30.00000,tau_0
5823,0.00000,-0.11502,-0.00733,-0.00733,32.00000,30.00000,tau_0
5828,0.00000,-0.11502,-0.00733,-0.00733,32.00000,30.00000,tau_0
5833,0.00000,-0.11502,-0.00733,-0.00733,32.00000,30.00000,tau_0
5838,0.00000,-0.11502,-0.00733,-0.00733,32.00000,30.00000,tau_0
5844,0.00000,-0.11502,-0.00733,-0.00733,32.00000,30.00000,tau_0
5849,0.00000,-0.11502,-0.00733,-0.00733,32.00000,30.00000,tau_0
5854,0.00000,-0.11502,-0.00733,-0.00733,32.00000,30.00000,tau_0
5859,0.00000,-0.11502,-0.00733,-0.01221,32.00000,30.00000,tau_0
5864,0.00000,-0.11502,-0.00733,-0.00733,32.00000,30.00000,tau_0
5869,0.00000,-0.11502,-0.00733,-0.00733,32.00000,30.00000,tau_0
5874,0.00000,-0.11502,-0.00733,-0.00733,32.00000,30.00000,tau_0
5879,0.00000,-0.11502,-0.00733,-0.00733,32.00000,30.00000,tau_0
5884,0.00000,-0.11502,-0.00733,-0.00733,32.00000,30.00000,tau_0
5889,0.00000,-0.11502,-0.00733,-0.00733,32.00000,30.00000,tau_0
5894,0.00000,-0.11502,-0.00733,-0.00733,32.00000,30.00000,tau_0
5899,0.00000,-0.11502,-0.00733,-0.00733,32.00000,30.00000,tau_0
5904,0.00000,-0.11502,-0.00733,-0.00733,32.00000,30.00000,tau_0
5909,0.00000,-0.11502,-0.00733,-0.00733,32.00000,30.00000,tau_0
5914,0.00000,-0.11502,-0.00733,-0.00733,32.00000,30.00000,tau_0
5919,0.00000,-0.11502,-0.00733,-0.00733,32.00000,30.00000,tau_0
5924,0.00000,-0.11502,-0.00733,-0.00733,32.00000,30.00000,tau_0
5930,0.00000,-0.11502,-0.00733,-0.00733,32.00000,30.00000,tau_0
5935,0.00000,-0.11502,-0.00733,-0.00733,32.00000,30.00000,tau_0
5940,0.00000,-0.11502,-0.00733,-0.00733,32.00000,30.00000,tau_0
5945,0.00000,-0.11502,-0.00733,-0.00733,32.00000,30.00000,tau_0
5950,0.00000,-0.11502,-0.00733,-0.00733,32.00000,30.00000,tau_0
5955,0.00000,-0.11502,-0.00733,-0.00733,32.00000,30.00000,tau_0
5960,0.00000,-0.11502,-0.00733,-0.00733,32.00000,30.00000,tau_0
5965,0.00000,-0.11502,-0.00733,-0.00733,32.00000,30.00000,tau_0
5970,0.00000,-0.11502,-0.00733,-0.00733,32.00000,30.00000,tau_0
5975,0.00000,-0.11502,-0.00733,-0.00733,32.00000,30.00000,tau_0
5980,0.00000,-0.11502,-0.00733,-0.00733,32.00000,30.00000,tau_0
5985,0.00000,-0.11502,-0.00733,-0.00733,32.00000,30.00000,tau_0
5990,0.00000,-0.11502,-0.00733,-0.00733,32.00000,30.00000,tau_0
5995,0.00000,-0.11502,-0.00733,-0.00733,32.00000,30.00000,tau_0
6000,0.00000,-0.11502,-0.00733,-0.00733,32.00000,30.00000,tau_0
6005,0.00000,-0.11502,-0.00733,-0.00733,32.00000,30.00000,tau_0
6010,0.00000,-0.11502,-0.00733,-0.00733,32.00000,30.00000,tau_0
6016,0.00000,-0.11502,-0.00733,-0.01221,32.00000,30.00000,tau_0
6021,0.00000,-0.11502,-0.00733,-0.00733,32.00000,30.00000,tau_0
6026,0.00000,-0.11502,-0.00733,-0.00733,32.00000,30.00000,tau_0
6031,0.00000,-0.11502,-0.00733,-0.00733,32.00000,30.00000,tau_0
6036,0.00000,-0.11502,-0.00733,-0.00733,32.00000,30.00000,tau_0
6041,0.00000,-0.11502,-0.00733,-0.00733,32.00000,30.00000,tau_0
6046,0.00000,-0.11502,-0.00733,-0.00733,32.00000,30.00000,tau_0
6051,0.00000,-0.11502,-0.00733,-0.00733,32.00000,30.00000,tau_0
6056,0.00000,-0.11502,-0.00733,-0.00733,32.00000,30.00000,tau_0
6061,0.00000,-0.11502,-0.00733,-0.00733,32.00000,30.00000,tau_0
6066,0.00000,-0.11502,-0.00733,-0.00733,32.00000,30.00000,tau_0
6071,0.00000,-0.11502,-0.00733,-0.00733,32.00000,30.00000,tau_0
6076,0.00000,-0.11502,-0.00733,-0.00733,32.00000,30.00000,tau_0
6081,0.00000,-0.11502,-0.00733,-0.00733,32.00000,30.00000,tau_0
6086,0.00000,-0.11502,-0.00733,-0.00733,32.00000,30.00000,tau_0
6091,0.00000,-0.11502,-0.00733,-0.00733,32.00000,30.00000,tau_0
6096,0.00000,-0.11502,-0.00733,-0.01221,32.00000,30.00000,tau_0
6101,0.00000,-0.11502,-0.00733,-0.00733,32.00000,30.00000,tau_0
6107,0.00000,-0.11502,-0.00733,-0.01221,32.00000,30.00000,tau_0
6112,0.00000,-0.11502,-0.00733,-0.01221,32.00000,30.00000,tau_0
6117,0.00000,-0.11502,-0.00733,-0.00733,32.00000,30.00000,tau_0
6122,0.00000,-0.11502,-0.00733,-0.00733,32.00000,30.00000,tau_0
6127,0.00000,-0.11502,-0.00733,-0.00733,32.00000,30.00000,tau_0
6132,0.00000,-0.11502,-0.00733,-0.00733,32.00000,30.00000,tau_0
6137,0.00000,-0.11502,-0.00733,-0.01221,32.00000,30.00000,tau_0
6142,0.00000,-0.11502,-0.00733,-0.01221,32.00000,30.00000,tau_0
6147,0.00000,-0.11502,-0.00733,-0.01221,32.00000,30.00000,tau_0
6152,0.00000,-0.11502,-0.00733,-0.00733,32.00000,30.00000,tau_0
6157,0.00000,-0.11502,-0.00733,-0.00733,32.00000,30.00000,tau_0
6162,0.00000,-0.11502,-0.00733,-0.00733,32.00000,30.00000,tau_0
6167,0.00000,-0.11502,-0.00733,-0.00733,32.00000,30.00000,tau_0
6172,0.00000,-0.11502,-0.00733,-0.00733,32.00000,30.00000,tau_0
6177,0.00000,-0.11502,-0.00733,-0.00733,32.00000,30.00000,tau_0
6182,0.00000,-0.11502,-0.00733,-0.00733,32.00000,30.00000,tau_0
6187,0.00000,-0.11502,-0.00733,-0.00733,32.00000,30.00000,tau_0
6193,0.00000,-0.11502,-0.00733,-0.00733,32.00000,30.00000,tau_0
6198,0.00000,-0.11502,-0.00733,-0.00733,32.00000,30.00000,tau_0
6203,0.00000,-0.11502,-0.00733,-0.00733,32.00000,30.00000,tau_0
6208,0.00000,-0.11502,-0.00733,-0.00733,32.00000,30.00000,tau_0
6213,0.00000,-0.11502,-0.00733,-0.00733,32.00000,30.00000,tau_0
6218,0.00000,-0.11502,-0.00733,-0.00733,32.00000,30.00000,tau_0
6223,0.00000,-0.11502,-0.00733,-0.00733,32.00000,30.00000,tau_0
6228,0.00000,-0.11502,-0.00733,-0.00733,32.00000,30.00000,tau_0
6233,0.00000,-0.11502,-0.00733,-0.00733,32.00000,30.00000,tau_0
6238,0.00000,-0.11502,-0.00733,-0.00733,32.00000,30.00000,tau_0
6243,0.00000,-0.11502,-0.00733,-0.01221,32.00000,30.00000,tau_0
6248,0.00000,-0.11502,-0.00733,-0.00733,32.00000,30.00000,tau_0
6253,0.00000,-0.11502,-0.00733,-0.01221,32.00000,30.00000,tau_0
6258,0.00000,-0.11502,-0.00733,-0.00733,32.00000,30.00000,tau_0
6263,0.00000,-0.11502,-0.00733,-0.00733,32.00000,30.00000,tau_0
6268,0.00000,-0.11502,-0.00733,-0.00733,32.00000,30.00000,tau_0
6273,0.00000,-0.11502,-0.00733,-0.00733,32.00000,30.00000,tau_0
6278,0.00000,-0.11502,-0.00733,-0.00733,32.00000,30.00000,tau_0
6284,0.00000,-0.11502,-0.00733,-0.00733,32.00000,30.00000,tau_0
6289,0.00000,-0.11502,-0.00733,-0.00733,32.00000,30.00000,tau_0
6294,0.00000,-0.11502,-0.00733,-0.00733,32.00000,30.00000,tau_0
6299,0.00000,-0.11502,-0.00733,-0.00733,32.00000,30.00000,tau_0
6304,0.00000,-0.11502,-0.00733,-0.00733,32.00000,30.00000,tau_0
6309,0.00000,-0.11502,-0.00733,-0.00733,32.00000,30.00000,tau_0
6314,0.00000,-0.11502,-0.00733,-0.00733,32.00000,30.00000,tau_0
6319,0.00000,-0.11502,-0.00733,-0.01221,32.00000,30.00000,tau_0
6324,0.00000,-0.11502,-0.00733,-0.01221,32.00000,30.00000,tau_0
6329,0.00000,-0.11502,-0.00733,-0.00733,32.00000,30.00000,tau_0
6334,0.00000,-0.11502,-0.00733,-0.00733,32.00000,30.00000,tau_0
6339,0.00000,-0.11502,-0.00733,-0.01221,32.00000,30.00000,tau_0
6344,0.00000,-0.11502,-0.00733,-0.00733,32.00000,30.00000,tau_0
6349,0.00000,-0.11502,-0.00733,-0.01221,32.00000,30.00000,tau_0
6354,0.00000,-0.11502,-0.00733,-0.01221,32.00000,30.00000,tau_0
6359,0.00000,-0.11502,-0.00733,-0.01221,32.00000,30.00000,tau_0
6364,0.00000,-0.11502,-0.00733,-0.00733,32.00000,30.00000,tau_0
6370,0.00000,-0.11502,-0.00733,-0.01221,32.00000,30.00000,tau_0
6375,0.00000,-0.11502,-0.00733,-0.01221,32.00000,30.00000,tau_0
6380,0.00000,-0.11502,-0.00733,-0.00733,32.00000,30.00000,tau_0
6385,0.00000,-0.11502,-0.00733,-0.00733,32.00000,30.00000,tau_0
6390,0.00000,-0.11502,-0.00733,-0.00733,32.00000,30.00000,tau_0
6395,0.00000,-0.11502,-0.00733,-0.01221,32.00000,30.00000,tau_0
6400,0.00000,-0.11502,-0.00733,-0.00733,32.00000,30.00000,tau_0
6405,0.00000,-0.11502,-0.00733,-0.00733,32.00000,30.00000,tau_0
6410,0.00000,-0.11502,-0.00733,-0.00733,32.00000,30.00000,tau_0
6415,0.00000,-0.11502,-0.00733,-0.00733,32.00000,30.00000,tau_0
6420,0.00000,-0.11502,-0.00733,-0.01221,32.00000,30.00000,tau_0
6425,0.00000,-0.11502,-0.00733,-0.00733,32.00000,30.00000,tau_0
6430,0.00000,-0.11502,-0.00733,-0.00733,32.00000,30.00000,tau_0
6435,0.00000,-0.11502,-0.00733,-0.00733,32.00000,30.00000,tau_0
6440,0.00000,-0.11502,-0.00733,-0.00733,32.00000,30.00000,tau_0
6445,0.00000,-0.11502,-0.00733,-0.00733,32.00000,30.00000,tau_0
6450,0.00000,-0.11502,-0.00733,-0.00733,32.00000,30.00000,tau_0
6455,0.00000,-0.11502,-0.00733,-0.00733,32.00000,30.00000,tau_0
6461,0.00000,-0.11502,-0.00733,-0.00733,32.00000,30.00000,tau_0
6466,0.00000,-0.11502,-0.00733,-0.00733,32.00000,30.00000,tau_0
6471,0.00000,-0.11502,-0.00733,-0.01221,32.00000,30.00000,tau_0
6476,0.00000,-0.11502,-0.00733,-0.01221,32.00000,30.00000,tau_0
6481,0.00000,-0.11502,-0.00733,-0.01221,32.00000,30.00000,tau_0
6486,0.00000,-0.11502,-0.00733,-0.00733,32.00000,30.00000,tau_0
6491,0.00000,-0.11502,-0.00733,-0.00733,32.00000,30.00000,tau_0
6496,0.00000,-0.11502,-0.00733,-0.00733,32.00000,30.00000,tau_0
6501,0.00000,-0.11502,-0.00733,-0.01221,32.00000,30.00000,tau_0
6506,0.00000,-0.11502,-0.00733,-0.00733,32.00000,30.00000,tau_0
6511,0.00000,-0.11502,-0.00733,-0.00733,32.00000,30.00000,tau_0
6516,0.00000,-0.11502,-0.00733,-0.01221,32.00000,30.00000,tau_0
6521,0.00000,-0.11502,-0.00733,-0.00733,32.00000,30.00000,tau_0
6526,0.00000,-0.11502,-0.00733,-0.00733,32.00000,30.00000,tau_0
6531,0.00000,-0.11502,-0.00733,-0.00733,32.00000,30.00000,tau_0
6536,0.00000,-0.11502,-0.00733,-0.00733,32.00000,30.00000,tau_0
6541,0.00000,-0.11502,-0.00733,-0.01221,32.00000,30.00000,tau_0
6546,0.00000,-0.11502,-0.00733,-0.00733,32.00000,30.00000,tau_0
6552,0.00000,-0.11502,-0.00733,-0.00733,32.00000,30.00000,tau_0
6557,0.00000,-0.11502,-0.00733,-0.00733,32.00000,30.00000,tau_0
6562,0.00000,-0.11502,-0.00733,-0.00733,32.00000,30.00000,tau_0
6567,0.00000,-0.11502,-0.00733,-0.01221,32.00000,30.00000,tau_0
6572,0.00000,-0.11502,-0.00733,-0.01221,32.00000,30.00000,tau_0
6577,0.00000,-0.11502,-0.00733,-0.00733,32.00000,30.00000,tau_0
6582,0.00000,-0.11502,-0.00733,-0.00733,32.00000,30.00000,tau_0
6587,0.00000,-0.11502,-0.00733,-0.00733,32.00000,30.00000,tau_0
6592,0.00000,-0.11502,-0.00733,-0.00733,32.00000,30.00000,tau_0
6597,0.00000,-0.11502,-0.00733,-0.01221,32.00000,30.00000,tau_0
6602,0.00000,-0.11502,-0.00733,-0.01221,32.00000,30.00000,tau_0
6607,0.00000,-0.11502,-0.00733,-0.00733,32.00000,30.00000,tau_0
6612,0.00000,-0.11502,-0.00733,-0.00733,32.00000,30.00000,tau_0
6617,0.00000,-0.11502,-0.00733,-0.01221,32.00000,30.00000,tau_0
6622,0.00000,-0.11502,-0.00733,-0.00733,32.00000,30.00000,tau_0
6627,0.00000,-0.11502,-0.00733,-0.00733,32.00000,30.00000,tau_0
6632,0.00000,-0.11502,-0.00733,-0.00733,32.00000,30.00000,tau_0
6637,0.00000,-0.11502,-0.00733,-0.00733,32.00000,30.00000,tau_0
6643,0.00000,-0.11502,-0.00733,-0.00733,32.00000,30.00000,tau_0
6648,0.00000,-0.11502,-0.00733,-0.00733,32.00000,30.00000,tau_0
6653,0.00000,-0.11502,-0.00733,-0.00733,32.00000,30.00000,tau_0
6658,0.00000,-0.11502,-0.00733,-0.00733,32.00000,30.00000,tau_0
6663,0.00000,-0.11502,-0.00733,-0.00733,32.00000,30.00000,tau_0
6668,0.00000,-0.11502,-0.00733,-0.00733,32.00000,30.00000,tau_0
6673,0.00000,-0.11502,-0.00733,-0.00733,32.00000,30.00000,tau_0
6678,0.00000,-0.11502,-0.00733,-0.00733,32.00000,30.00000,tau_0
6683,0.00000,-0.11502,-0.00733,-0.00733,32.00000,30.00000,tau_0
6688,0.00000,-0.11502,-0.00733,-0.00733,32.00000,30.00000,tau_0
6693,0.00000,-0.11502,-0.00733,-0.00733,32.00000,30.00000,tau_0
6698,0.00000,-0.11502,-0.00733,-0.01221,32.00000,30.00000,tau_0
6703,0.00000,-0.11502,-0.00733,-0.01221,32.00000,30.00000,tau_0
6708,0.00000,-0.11502,-0.00733,-0.00733,32.00000,30.00000,tau_0
6713,0.00000,-0.11502,-0.00733,-0.01221,32.00000,30.00000,tau_0
6718,0.00000,-0.11502,-0.00733,-0.00733,32.00000,30.00000,tau_0
6723,0.00000,-0.11502,-0.00733,-0.00733,32.00000,30.00000,tau_0
6728,0.00000,-0.11502,-0.00733,-0.00733,32.00000,30.00000,tau_0
6734,0.00000,-0.11502,-0.00733,-0.00733,32.00000,30.00000,tau_0
6739,0.00000,-0.11502,-0.00733,-0.01221,32.00000,30.00000,tau_0
6744,0.00000,-0.11502,-0.00733,-0.00733,32.00000,30.00000,tau_0
6749,0.00000,-0.11502,-0.00733,-0.00733,32.00000,30.00000,tau_0
6754,0.00000,-0.11502,-0.00733,-0.01221,32.00000,30.00000,tau_0
6759,0.00000,-0.11502,-0.00733,-0.00733,32.00000,30.00000,tau_0
6764,0.00000,-0.11502,-0.00733,-0.00733,32.00000,30.00000,tau_0
6769,0.00000,-0.11502,-0.00733,-0.01221,32.00000,30.00000,tau_0
6774,0.00000,-0.11502,-0.00733,-0.00733,32.00000,30.00000,tau_0
6779,0.00000,-0.11502,-0.00733,-0.00733,32.00000,30.00000,tau_0
6784,0.00000,-0.11502,-0.00733,-0.00733,32.00000,30.00000,tau_0
6789,0.00000,-0.11502,-0.00733,-0.01221,32.00000,30.00000,tau_0
6794,0.00000,-0.11502,-0.00733,-0.00733,32.00000,30.00000,tau_0
6799,0.00000,-0.11502,-0.00733,-0.00733,32.00000,30.00000,tau_0
6804,0.00000,-0.11502,-0.00733,-0.00733,32.00000,30.00000,tau_0
6809,0.00000,-0.11502,-0.00733,-0.00733,32.00000,30.00000,tau_0
6814,0.00000,-0.11502,-0.00733,-0.00733,32.00000,30.00000,tau_0
6819,0.00000,-0.11502,-0.00733,-0.00733,32.00000,30.00000,tau_0
6825,0.00000,-0.11502,-0.00733,-0.00733,32.00000,30.00000,tau_0
6830,0.00000,-0.11502,-0.00733,-0.00733,32.00000,30.00000,tau_0
6835,0.00000,-0.11502,-0.00733,-0.00733,32.00000,30.00000,tau_0
6840,0.00000,-0.11502,-0.00733,-0.01221,32.00000,30.00000,tau_0
6845,0.00000,-0.11502,-0.00733,-0.00733,32.00000,30.00000,tau_0
6850,0.00000,-0.11502,-0.00733,-0.01221,32.00000,30.00000,tau_0
6855,0.00000,-0.11502,-0.00733,-0.00733,32.00000,30.00000,tau_0
6860,0.00000,-0.11502,-0.00733,-0.01221,32.00000,30.00000,tau_0
6865,0.00000,-0.11502,-0.00733,-0.00733,32.00000,30.00000,tau_0
6870,0.00000,-0.11502,-0.00733,-0.00733,32.00000,30.00000,tau_0
6875,0.00000,-0.11502,-0.00733,-0.00733,32.00000,30.00000,tau_0
6880,0.00000,-0.11502,-0.00733,-0.01221,32.00000,30.00000,tau_0
6885,0.00000,-0.11502,-0.00733,-0.01221,32.00000,30.00000,tau_0
6890,0.00000,-0.11502,-0.00733,-0.01221,32.00000,30.00000,tau_0
6895,0.00000,-0.11502,-0.00733,-0.00733,32.00000,30.00000,tau_0
6900,0.00000,-0.11502,-0.00733,-0.01221,32.00000,30.00000,tau_0
6905,0.00000,-0.11502,-0.00733,-0.00733,32.00000,30.00000,tau_0
6911,0.00000,-0.11502,-0.00733,-0.00733,32.00000,30.00000,tau_0
6916,0.00000,-0.11502,-0.00733,-0.00733,32.00000,30.00000,tau_0
6921,0.00000,-0.11502,-0.00733,-0.00733,32.00000,30.00000,tau_0
6926,0.00000,-0.11502,-0.00733,-0.00733,32.00000,30.00000,tau_0
6931,0.00000,-0.11502,-0.00733,-0.00733,32.00000,30.00000,tau_0
6936,0.00000,-0.11502,-0.00733,-0.00733,32.00000,30.00000,tau_0
6941,0.00000,-0.11502,-0.00733,-0.01221,32.00000,30.00000,tau_0
6946,0.00000,-0.11502,-0.00733,-0.00733,32.00000,30.00000,tau_0
6951,0.00000,-0.11502,-0.00733,-0.00733,32.00000,30.00000,tau_0
6956,0.00000,-0.11502,-0.00733,-0.00733,32.00000,30.00000,tau_0
6961,0.00000,-0.11502,-0.00733,-0.00733,32.00000,30.00000,tau_0
6966,0.00000,-0.11502,-0.00733,-0.00733,32.00000,30.00000,tau_0
6971,0.00000,-0.11502,-0.00733,-0.00733,32.00000,30.00000,tau_0
6976,0.00000,-0.11502,-0.00733,-0.00733,32.00000,30.00000,tau_0
6981,0.00000,-0.11502,-0.00733,-0.01221,32.00000,30.00000,tau_0
6986,0.00000,-0.11502,-0.00733,-0.01221,32.00000,30.00000,tau_0
6991,0.00000,-0.11502,-0.00733,-0.01221,32.00000,30.00000,tau_0
6996,0.00000,-0.11502,-0.00733,-0.00733,32.00000,30.00000,tau_0
7002,0.00000,-0.11502,-0.00733,-0.00733,32.00000,30.00000,tau_0
7007,0.00000,-0.11502,-0.00733,-0.00733,32.00000,30.00000,tau_0
7012,0.00000,-0.11502,-0.00733,-0.00733,32.00000,30.00000,tau_0
7017,0.00000,-0.11502,-0.00733,-0.01221,32.00000,30.00000,tau_0
7022,0.00000,-0.11502,-0.00733,-0.00733,32.00000,30.00000,tau_0
7027,0.00000,-0.11502,-0.00733,-0.00733,32.00000,30.00000,tau_0
7032,0.00000,-0.11502,-0.00733,-0.00733,32.00000,30.00000,tau_0
7037,0.00000,-0.11502,-0.00733,-0.00733,32.00000,30.00000,tau_0
7042,0.00000,-0.11502,-0.00733,-0.00733,32.00000,30.00000,tau_0
7047,0.00000,-0.11502,-0.00733,-0.01221,32.00000,30.00000,tau_0
7052,0.00000,-0.11502,-0.00733,-0.00733,32.00000,30.00000,tau_0
7057,0.00000,-0.11502,-0.00733,-0.01221,32.00000,30.00000,tau_0
7062,0.00000,-0.11502,-0.00733,-0.00733,32.00000,30.00000,tau_0
7067,0.00000,-0.11502,-0.00733,-0.00733,32.00000,30.00000,tau_0
7072,0.00000,-0.11502,-0.00733,-0.00733,32.00000,30.00000,tau_0
7077,0.00000,-0.11502,-0.00733,-0.00733,32.00000,30.00000,tau_0
7082,0.00000,-0.11502,-0.00733,-0.00733,32.00000,30.00000,tau_0
7088,0.00000,-0.11502,-0.00733,-0.01221,32.00000,30.00000,tau_0
7093,0.00000,-0.11502,-0.00733,-0.00733,32.00000,30.00000,tau_0
7098,0.00000,-0.11502,-0.00733,-0.00733,32.00000,30.00000,tau_0
7103,0.00000,-0.11502,-0.00733,-0.00733,32.00000,30.00000,tau_0
7108,0.00000,-0.11502,-0.00733,-0.00733,32.00000,30.00000,tau_0
7113,0.00000,-0.11502,-0.00733,-0.00733,32.00000,30.00000,tau_0
7118,0.00000,-0.11502,-0.00733,-0.01221,32.00000,30.00000,tau_0
7123,0.00000,-0.11502,-0.00733,-0.00733,32.00000,30.00000,tau_0
7128,0.00000,-0.11502,-0.00733,-0.00733,32.00000,30.00000,tau_0
7133,0.00000,-0.11502,-0.00733,-0.00733,32.00000,30.00000,tau_0
7138,0.00000,-0.11502,-0.00733,-0.00733,32.00000,30.00000,tau_0
7143,0.00000,-0.11502,-0.00733,-0.00733,32.00000,30.00000,tau_0
7148,0.00000,-0.11502,-0.00733,-0.00733,32.00000,30.00000,tau_0
7153,0.00000,-0.11502,-0.00733,-0.00733,32.00000,30.00000,tau_0
7158,0.00000,-0.11502,-0.00733,-0.00733,32.00000,30.00000,tau_0
7163,0.00000,-0.11502,-0.00733,-0.00733,32.00000,30.00000,tau_0
7168,0.00000,-0.11502,-0.00733,-0.01221,32.00000,30.00000,tau_0
7174,0.00000,-0.11502,-0.00733,-0.00733,32.00000,30.00000,tau_0
7179,0.00000,-0.11502,-0.00733,-0.00733,32.00000,30.00000,tau_0
7184,0.00000,-0.11502,-0.00733,-0.00733,32.00000,30.00000,tau_0
7189,0.00000,-0.11502,-0.00733,-0.00733,32.00000,30.00000,tau_0
7194,0.00000,-0.11502,-0.00733,-0.00733,32.00000,30.00000,tau_0
7199,0.00000,-0.11502,-0.00733,-0.00733,32.00000,30.00000,tau_0
7204,0.00000,-0.11502,-0.00733,-0.00733,32.00000,30.00000,tau_0
7209,0.00000,-0.11502,-0.00733,-0.00733,32.00000,30.00000,tau_0
7214,0.00000,-0.11502,-0.00733,-0.00733,32.00000,30.00000,tau_0
7219,0.00000,-0.11502,-0.00733,-0.00733,32.00000,30.00000,tau_0
7224,0.00000,-0.11502,-0.00733,-0.00733,32.00000,30.00000,tau_0
7229,0.00000,-0.11502,-0.00733,-0.00733,32.00000,30.00000,tau_0
7234,0.00000,-0.11502,-0.00733,-0.00733,32.00000,30.00000,tau_0
7239,0.00000,-0.11502,-0.00733,-0.00733,32.00000,30.00000,tau_0
7244,0.00000,-0.11502,-0.00733,-0.00733,32.00000,30.00000,tau_0
7249,0.00000,-0.11502,-0.00733,-0.00733,32.00000,30.00000,tau_0
7254,0.00000,-0.11502,-0.00733,-0.00733,32.00000,30.00000,tau_0
7259,0.00000,-0.11502,-0.00733,-0.00733,32.00000,30.00000,tau_0
7265,0.00000,-0.11502,-0.00733,-0.00733,32.00000,30.00000,tau_0
7270,0.00000,-0.11502,-0.00733,-0.01221,32.00000,30.00000,tau_0
7275,0.00000,-0.11502,-0.00733,-0.00733,32.00000,30.00000,tau_0
7280,0.00000,-0.11502,-0.00733,-0.00244,32.00000,30.00000,tau_0
7285,0.00000,-0.11502,-0.00733,-0.00733,32.00000,30.00000,tau_0
7290,0.00000,-0.11502,-0.00733,-0.00733,32.00000,30.00000,tau_0
7295,0.00000,-0.11502,-0.00733,-0.00733,32.00000,30.00000,tau_0
7300,0.00000,-0.11502,-0.00733,-0.00733,32.00000,30.00000,tau_0
7305,0.00000,-0.11502,-0.00733,-0.00733,32.00000,30.00000,tau_0
7310,0.00000,-0.11502,-0.00733,-0.00733,32.00000,30.00000,tau_0
7315,0.00000,-0.11502,-0.00733,-0.00733,32.00000,30.00000,tau_0
7320,0.00000,-0.11502,-0.00733,-0.00733,32.00000,30.00000,tau_0
7325,0.00000,-0.11502,-0.00733,-0.00733,32.00000,30.00000,tau_0
7330,0.00000,-0.11502,-0.00733,-0.00733,32.00000,30.00000,tau_0
7335,0.00000,-0.11502,-0.00733,-0.00733,32.00000,30.00000,tau_0
7340,0.00000,-0.11502,-0.00733,-0.00733,32.00000,30.00000,tau_0
7345,0.00000,-0.11502,-0.00733,-0.00733,32.00000,30.00000,tau_0
7350,0.00000,-0.11502,-0.00733,-0.00733,32.00000,30.00000,tau_0
7355,0.00000,-0.11502,-0.00733,-0.00733,32.00000,30.00000,tau_0
7361,0.00000,-0.11502,-0.00733,-0.00733,32.00000,30.00000,tau_0
7366,0.00000,-0.11502,-0.00733,-0.00733,32.00000,30.00000,tau_0
7371,0.00000,-0.11502,-0.00733,-0.00733,32.00000,30.00000,tau_0
7376,0.00000,-0.11502,-0.00733,-0.00733,32.00000,30.00000,tau_0
7381,0.00000,-0.11502,-0.00733,-0.00733,32.00000,30.00000,tau_0
7386,0.00000,-0.11502,-0.00733,-0.00733,32.00000,30.00000,tau_0
7391,0.00000,-0.11502,-0.00733,-0.00733,32.00000,30.00000,tau_0
7396,0.00000,-0.11502,-0.00733,-0.00733,32.00000,30.00000,tau_0
7401,0.00000,-0.11502,-0.00733,-0.00733,32.00000,30.00000,tau_0
7406,0.00000,-0.11502,-0.00733,-0.00733,32.00000,30.00000,tau_0
7411,0.00000,-0.11502,-0.00733,-0.00733,32.00000,30.00000,tau_0
7416,0.00000,-0.11502,-0.00733,-0.00733,32.00000,30.00000,tau_0
7421,0.00000,-0.11502,-0.00733,-0.01221,32.00000,30.00000,tau_0
7426,0.00000,-0.11502,-0.00733,-0.00733,32.00000,30.00000,tau_0
7431,0.00000,-0.11502,-0.00733,-0.00733,32.00000,30.00000,tau_0
7436,0.00000,-0.11502,-0.00733,-0.01221,32.00000,30.00000,tau_0
7441,0.00000,-0.11502,-0.00733,-0.00733,32.00000,30.00000,tau_0
7446,0.00000,-0.11502,-0.00733,-0.00733,32.00000,30.00000,tau_0
7451,0.00000,-0.11502,-0.00733,-0.00733,32.00000,30.00000,tau_0
7457,0.00000,-0.11502,-0.00733,-0.00733,32.00000,30.00000,tau_0
7462,0.00000,-0.11502,-0.00733,-0.00733,32.00000,30.00000,tau_0
7467,0.00000,-0.11502,-0.00733,-0.00733,32.00000,30.00000,tau_0
7472,0.00000,-0.11502,-0.00733,-0.00733,32.00000,30.00000,tau_0
7477,0.00000,-0.11502,-0.00733,-0.00733,32.00000,30.00000,tau_0
7482,0.00000,-0.11502,-0.00733,-0.00733,32.00000,30.00000,tau_0
7487,0.00000,-0.11502,-0.00733,-0.00733,32.00000,30.00000,tau_0
7492,0.00000,-0.11502,-0.00733,-0.00733,32.00000,30.00000,tau_0
7497,0.00000,-0.11502,-0.00733,-0.00733,32.00000,30.00000,tau_0
7502,0.00000,-0.11502,-0.00733,-0.00733,32.00000,30.00000,tau_0
7507,0.00000,-0.11502,-0.00733,-0.00733,32.00000,30.00000,tau_0
7512,0.00000,-0.11502,-0.00733,-0.01221,32.00000,30.00000,tau_0
7517,0.00000,-0.11502,-0.00733,-0.01221,32.00000,30.00000,tau_0
7522,0.00000,-0.11502,-0.00733,-0.00733,32.00000,30.00000,tau_0
7527,0.00000,-0.11502,-0.00733,-0.00733,32.00000,30.00000,tau_0
7532,0.00000,-0.11502,-0.00733,-0.00733,32.00000,30.00000,tau_0
7537,0.00000,-0.11502,-0.00733,-0.00733,32.00000,30.00000,tau_0
7542,0.00000,-0.11502,-0.00733,-0.00733,32.00000,30.00000,tau_0
7548,0.00000,-0.11502,-0.00733,-0.00733,32.00000,30.00000,tau_0
7553,0.00000,-0.11502,-0.00733,-0.00733,32.00000,30.00000,tau_0
7558,0.00000,-0.11502,-0.00733,-0.00733,32.00000,30.00000,tau_0
7563,0.00000,-0.11502,-0.00733,-0.00733,32.00000,30.00000,tau_0
7568,0.00000,-0.11502,-0.00733,-0.00733,32.00000,30.00000,tau_0
7573,0.00000,-0.11502,-0.00733,-0.00244,32.00000,30.00000,tau_0
7578,0.00000,-0.11502,-0.00733,-0.00733,32.00000,30.00000,tau_0
7583,0.00000,-0.11502,-0.00733,-0.00733,32.00000,30.00000,tau_0
7588,0.00000,-0.11502,-0.00733,-0.00733,32.00000,30.00000,tau_0
7593,0.00000,-0.11502,-0.00733,-0.01221,32.00000,30.00000,tau_0
7598,0.00000,-0.11502,-0.00733,-0.00733,32.00000,30.00000,tau_0
7603,0.00000,-0.11502,-0.00733,-0.00733,32.00000,30.00000,tau_0
7608,0.00000,-0.11502,-0.00733,-0.00733,32.00000,30.00000,tau_0
7613,0.00000,-0.11502,-0.00733,-0.01221,32.00000,30.00000,tau_0
7618,0.00000,-0.11502,-0.00733,-0.00733,32.00000,30.00000,tau_0
7623,0.00000,-0.11502,-0.00733,-0.00733,32.00000,30.00000,tau_0
7628,0.00000,-0.11502,-0.00733,-0.00733,32.00000,30.00000,tau_0
7634,0.00000,-0.11502,-0.00733,-0.00733,32.00000,30.00000,tau_0
7639,0.00000,-0.11502,-0.00733,-0.00733,32.00000,30.00000,tau_0
7644,0.00000,-0.11502,-0.00733,-0.00733,32.00000,30.00000,tau_0
7649,0.00000,-0.11502,-0.00733,-0.01221,32.00000,30.00000,tau_0
7654,0.00000,-0.11502,-0.00733,-0.01221,32.00000,30.00000,tau_0
7659,0.00000,-0.11502,-0.00733,-0.01221,32.00000,30.00000,tau_0
7664,0.00000,-0.11502,-0.00733,-0.00733,32.00000,30.00000,tau_0
7669,0.00000,-0.11502,-0.00733,-0.00733,32.00000,30.00000,tau_0
7674,0.00000,-0.11502,-0.00733,-0.00733,32.00000,30.00000,tau_0
7679,0.00000,-0.11502,-0.00733,-0.00733,32.00000,30.00000,tau_0
7684,0.00000,-0.11502,-0.00733,-0.00733,32.00000,30.00000,tau_0
7689,0.00000,-0.11502,-0.00733,-0.00733,32.00000,30.00000,tau_0
7694,0.00000,-0.11502,-0.00733,-0.00733,32.00000,30.00000,tau_0
7699,0.00000,-0.11502,-0.00733,-0.00733,32.00000,30.00000,tau_0
7704,0.00000,-0.11502,-0.00733,-0.00733,32.00000,30.00000,tau_0
7709,0.00000,-0.11502,-0.00733,-0.00733,32.00000,30.00000,tau_0
7714,0.00000,-0.11502,-0.00733,-0.00733,32.00000,30.00000,tau_0
7719,0.00000,-0.11502,-0.00733,-0.00733,32.00000,30.00000,tau_0
7725,0.00000,-0.11502,-0.00733,-0.00733,32.00000,30.00000,tau_0
7730,0.00000,-0.11502,-0.00733,-0.00733,32.00000,30.00000,tau_0
7735,0.00000,-0.11502,-0.00733,-0.01221,32.00000,30.00000,tau_0
7740,0.00000,-0.11502,-0.00733,-0.00733,32.00000,30.00000,tau_0
7745,0.00000,-0.11502,-0.00733,-0.01221,32.00000,30.00000,tau_0
7750,0.00000,-0.11502,-0.00733,-0.01221,32.00000,30.00000,tau_0
7755,0.00000,-0.11502,-0.00733,-0.01221,32.00000,30.00000,tau_0
7760,0.00000,-0.11502,-0.00733,-0.00733,32.00000,30.00000,tau_0
7765,0.00000,-0.11502,-0.00733,-0.00733,32.00000,30.00000,tau_0
7770,0.00000,-0.11502,-0.00733,-0.00733,32.00000,30.00000,tau_0
7775,0.00000,-0.11502,-0.00733,-0.00733,32.00000,30.00000,tau_0
7780,0.00000,-0.11502,-0.00733,-0.00733,32.00000,30.00000,tau_0
7785,0.00000,-0.11502,-0.00733,-0.00733,32.00000,30.00000,tau_0
7790,0.00000,-0.11502,-0.00733,-0.00733,32.00000,30.00000,tau_0
7795,0.00000,-0.11502,-0.00733,-0.01221,32.00000,30.00000,tau_0
7800,0.00000,-0.11502,-0.00733,-0.00733,32.00000,30.00000,tau_0
7805,0.00000,-0.11502,-0.00733,-0.00733,32.00000,30.00000,tau_0
7811,0.00000,-0.11502,-0.00733,-0.00733,32.00000,30.00000,tau_0
7816,0.00000,-0.11502,-0.00733,-0.00733,32.00000,30.00000,tau_0
7821,0.00000,-0.11502,-0.00733,-0.00733,32.00000,30.00000,tau_0
7826,0.00000,-0.11502,-0.00733,-0.00733,32.00000,30.00000,tau_0
7831,0.00000,-0.11502,-0.00733,-0.00733,32.00000,30.00000,tau_0
7836,0.00000,-0.11502,-0.00733,-0.00733,32.00000,30.00000,tau_0
7841,0.00000,-0.11502,-0.00733,-0.00733,32.00000,30.00000,tau_0
7846,0.00000,-0.11502,-0.00733,-0.01221,32.00000,30.00000,tau_0
7851,0.00000,-0.11502,-0.00733,-0.00733,32.00000,30.00000,tau_0
7856,0.00000,-0.11502,-0.00733,-0.00733,32.00000,30.00000,tau_0
7861,0.00000,-0.11502,-0.00733,-0.00733,32.00000,30.00000,tau_0
7866,0.00000,-0.11502,-0.00733,-0.00733,32.00000,30.00000,tau_0
7871,0.00000,-0.11502,-0.00733,-0.00733,32.00000,30.00000,tau_0
7876,0.00000,-0.11502,-0.00733,-0.00733,32.00000,30.00000,tau_0
7881,0.00000,-0.11502,-0.00733,-0.01221,32.00000,30.00000,tau_0
7886,0.00000,-0.11502,-0.00733,-0.00733,32.00000,30.00000,tau_0
7891,0.00000,-0.11502,-0.00733,-0.00733,32.00000,30.00000,tau_0
7896,0.00000,-0.11502,-0.00733,-0.00733,32.00000,30.00000,tau_0
7902,0.00000,-0.11502,-0.00733,-0.00733,32.00000,30.00000,tau_0
7907,0.00000,-0.11502,-0.00733,-0.00733,32.00000,30.00000,tau_0
7912,0.00000,-0.11502,-0.00733,-0.00733,32.00000,30.00000,tau_0
7917,0.00000,-0.11502,-0.00733,-0.00733,32.00000,30.00000,tau_0
7922,0.00000,-0.11502,-0.00733,-0.00733,32.00000,30.00000,tau_0
7927,0.00000,-0.11502,-0.00733,-0.00733,32.00000,30.00000,tau_0
7932,0.00000,-0.11502,-0.00733,-0.00733,32.00000,30.00000,tau_0
7937,0.00000,-0.11502,-0.00733,-0.00733,32.00000,30.00000,tau_0
7942,0.00000,-0.11502,-0.00733,-0.00733,32.00000,30.00000,tau_0
7947,0.00000,-0.11502,-0.00733,-0.01221,32.00000,30.00000,tau_0
7952,0.00000,-0.11502,-0.00733,-0.00733,32.00000,30.00000,tau_0
7957,0.00000,-0.11502,-0.00733,-0.00733,32.00000,30.00000,tau_0
7962,0.00000,-0.11502,-0.00733,-0.00733,32.00000,30.00000,tau_0
7967,0.00000,-0.11502,-0.00733,-0.00733,32.00000,30.00000,tau_0
7972,0.00000,-0.11502,-0.00733,-0.00733,32.00000,30.00000,tau_0
7977,0.00000,-0.11502,-0.00733,-0.00733,32.00000,30.00000,tau_0
7982,0.00000,-0.11502,-0.00733,-0.00733,32.00000,30.00000,tau_0
7987,0.00000,-0.11502,-0.00733,-0.00733,32.00000,30.00000,tau_0
7993,0.00000,-0.11502,-0.00733,-0.00733,32.00000,30.00000,tau_0
7998,0.00000,-0.11502,-0.00733,-0.01221,32.00000,30.00000,tau_0
8003,0.00000,-0.11502,-0.00733,-0.00733,32.00000,30.00000,tau_0
8008,0.00000,-0.11502,-0.00733,-0.00733,32.00000,30.00000,tau_0
8013,0.00000,-0.11502,-0.00733,-0.00733,32.00000,30.00000,tau_0
8018,0.00000,-0.11502,-0.00733,-0.00733,32.00000,30.00000,tau_0
8023,0.00000,-0.11502,-0.00733,-0.00733,32.00000,30.00000,tau_0
8028,0.00000,-0.11502,-0.00733,-0.00733,32.00000,30.00000,tau_0
8033,0.00000,-0.11502,-0.00733,-0.00733,32.00000,30.00000,tau_0
8038,0.00000,-0.11502,-0.00733,-0.00733,32.00000,30.00000,tau_0
8043,0.00000,-0.11502,-0.00733,-0.00733,32.00000,30.00000,tau_0
8048,0.00000,-0.11502,-0.00733,-0.00733,32.00000,30.00000,tau_0
8053,0.00000,-0.11502,-0.00733,-0.00733,32.00000,30.00000,tau_0
8058,0.00000,-0.11502,-0.00733,-0.00733,32.00000,30.00000,tau_0
8063,0.00000,-0.11502,-0.00733,-0.00733,32.00000,30.00000,tau_0
8068,0.00000,-0.11502,-0.00733,-0.01221,32.00000,30.00000,tau_0
8073,0.00000,-0.11502,-0.00733,-0.00733,32.00000,30.00000,tau_0
8078,0.00000,-0.11502,-0.00733,-0.00733,32.00000,30.00000,tau_0
8084,0.00000,-0.11502,-0.00733,-0.00733,32.00000,30.00000,tau_0
8089,0.00000,-0.11502,-0.00733,-0.00733,32.00000,30.00000,tau_0
8094,0.00000,-0.11502,-0.00733,-0.00733,32.00000,30.00000,tau_0
8099,0.00000,-0.11502,-0.00733,-0.00733,32.00000,30.00000,tau_0
8104,0.00000,-0.11502,-0.00733,-0.01221,32.00000,30.00000,tau_0
8109,0.00000,-0.11502,-0.00733,-0.00733,32.00000,30.00000,tau_0
8114,0.00000,-0.11502,-0.00733,-0.00733,32.00000,30.00000,tau_0
8119,0.00000,-0.11502,-0.00733,-0.00733,32.00000,30.00000,tau_0
8124,0.00000,-0.11502,-0.00733,-0.00733,32.00000,30.00000,tau_0
8129,0.00000,-0.11502,-0.00733,-0.00733,32.00000,30.00000,tau_0
8134,0.00000,-0.11502,-0.00733,-0.00733,32.00000,30.00000,tau_0
8139,0.00000,-0.11502,-0.00733,-0.00733,32.00000,30.00000,tau_0
8144,0.00000,-0.11502,-0.00733,-0.00733,32.00000,30.00000,tau_0
8149,0.00000,-0.11502,-0.00733,-0.00733,32.00000,30.00000,tau_0
8154,0.00000,-0.11502,-0.00733,-0.00733,32.00000,30.00000,tau_0
8159,0.00000,-0.11502,-0.00733,-0.00733,32.00000,30.00000,tau_0
8164,0.00000,-0.11502,-0.00733,-0.00733,32.00000,30.00000,tau_0
8170,0.00000,-0.11502,-0.00733,-0.00733,32.00000,30.00000,tau_0
8175,0.00000,-0.11502,-0.00733,-0.00733,32.00000,30.00000,tau_0
8180,0.00000,-0.11502,-0.00733,-0.00733,32.00000,30.00000,tau_0
8185,0.00000,-0.11502,-0.00733,-0.00733,32.00000,30.00000,tau_0
8190,0.00000,-0.11502,-0.00733,-0.00733,32.00000,30.00000,tau_0
8195,0.00000,-0.11502,-0.00733,-0.01221,32.00000,30.00000,tau_0
8200,0.00000,-0.11502,-0.00733,-0.00733,32.00000,30.00000,tau_0
8205,0.00000,-0.11502,-0.00733,-0.00733,32.00000,30.00000,tau_0
8210,0.00000,-0.11502,-0.00733,-0.00733,32.00000,30.00000,tau_0
8215,0.00000,-0.11502,-0.00733,-0.00733,32.00000,30.00000,tau_0
8220,0.00000,-0.11502,-0.00733,-0.00733,32.00000,30.00000,tau_0
8225,0.00000,-0.11502,-0.00733,-0.00733,32.00000,30.00000,tau_0
8230,0.00000,-0.11502,-0.00733,-0.00733,32.00000,30.00000,tau_0
8235,0.00000,-0.11502,-0.00733,-0.00733,32.00000,30.00000,tau_0
8240,0.00000,-0.11502,-0.00733,-0.00733,32.00000,30.00000,tau_0
8245,0.00000,-0.11502,-0.00733,-0.00733,32.00000,30.00000,tau_0
8250,0.00000,-0.11502,-0.00733,-0.00733,32.00000,30.00000,tau_0
8255,0.00000,-0.11502,-0.00733,-0.00733,32.00000,30.00000,tau_0
8261,0.00000,-0.11502,-0.00733,-0.00733,32.00000,30.00000,tau_0
8266,0.00000,-0.11502,-0.00733,-0.00733,32.00000,30.00000,tau_0
8271,0.00000,-0.11502,-0.00733,-0.01221,32.00000,30.00000,tau_0
8276,0.00000,-0.11502,-0.00733,-0.00733,32.00000,30.00000,tau_0
8281,0.00000,-0.11502,-0.00733,-0.00733,32.00000,30.00000,tau_0
8286,0.00000,-0.11502,-0.00733,-0.00733,32.00000,30.00000,tau_0
8291,0.00000,-0.11502,-0.00733,-0.00733,32.00000,30.00000,tau_0
8296,0.00000,-0.11502,-0.00733,-0.01221,32.00000,30.00000,tau_0
8301,0.00000,-0.11502,-0.00733,-0.01221,32.00000,30.00000,tau_0
8306,0.00000,-0.11502,-0.00733,-0.00733,32.00000,30.00000,tau_0
8311,0.00000,-0.11502,-0.00733,-0.00733,32.00000,30.00000,tau_0
8316,0.00000,-0.11502,-0.00733,-0.00733,32.00000,30.00000,tau_0
8321,0.00000,-0.11502,-0.00733,-0.00733,32.00000,30.00000,tau_0
8326,0.00000,-0.11502,-0.00733,-0.00733,32.00000,30.00000,tau_0
8331,0.00000,-0.11502,-0.00733,-0.00733,32.00000,30.00000,tau_0
8336,0.00000,-0.11502,-0.00733,-0.00733,32.00000,30.00000,tau_0
8341,0.00000,-0.11502,-0.00733,-0.00733,32.00000,30.00000,tau_0
8346,0.00000,-0.11502,-0.00733,-0.00733,32.00000,30.00000,tau_0
8352,0.00000,-0.11502,-0.00733,-0.01221,32.00000,30.00000,tau_0
8357,0.00000,-0.11502,-0.00733,-0.00733,32.00000,30.00000,tau_0
8362,0.00000,-0.11502,-0.00733,-0.00733,32.00000,30.00000,tau_0
8367,0.00000,-0.11502,-0.00733,-0.01221,32.00000,30.00000,tau_0
8372,0.00000,-0.11502,-0.00733,-0.00733,32.00000,30.00000,tau_0
8377,0.00000,-0.11502,-0.00733,-0.00733,32.00000,30.00000,tau_0
8382,0.00000,-0.11502,-0.00733,-0.00733,32.00000,30.00000,tau_0
8387,0.00000,-0.11502,-0.00733,-0.00733,32.00000,30.00000,tau_0
8392,0.00000,-0.11502,-0.00733,-0.00733,32.00000,30.00000,tau_0
8397,0.00000,-0.11502,-0.00733,-0.00733,32.00000,30.00000,tau_0
8402,0.00000,-0.11502,-0.00733,-0.00733,32.00000,30.00000,tau_0
8407,0.00000,-0.11502,-0.00733,-0.00733,32.00000,30.00000,tau_0
8412,0.00000,-0.11502,-0.00733,-0.00733,32.00000,30.00000,tau_0
8417,0.00000,-0.11502,-0.00733,-0.00733,32.00000,30.00000,tau_0
8422,0.00000,-0.11502,-0.00733,-0.01221,32.00000,30.00000,tau_0
8427,0.00000,-0.11502,-0.00733,-0.01221,32.00000,30.00000,tau_0
8432,0.00000,-0.11502,-0.00733,-0.00733,32.00000,30.00000,tau_0
8438,0.00000,-0.11502,-0.00733,-0.00733,32.00000,30.00000,tau_0
8443,0.00000,-0.11502,-0.00733,-0.00733,32.00000,30.00000,tau_0
8448,0.00000,-0.11502,-0.00733,-0.00733,32.00000,30.00000,tau_0
8453,0.00000,-0.11502,-0.00733,-0.00733,32.00000,30.00000,tau_0
8458,0.00000,-0.11502,-0.00733,-0.00733,32.00000,30.00000,tau_0
8463,0.00000,-0.11502,-0.00733,-0.00733,32.00000,30.00000,tau_0
8468,0.00000,-0.11502,-0.00733,-0.00733,32.00000,30.00000,tau_0
8473,0.00000,-0.11502,-0.00733,-0.00733,32.00000,30.00000,tau_0
8478,0.00000,-0.11502,-0.00733,-0.00733,32.00000,30.00000,tau_0
8483,0.00000,-0.11502,-0.00733,-0.00733,32.00000,30.00000,tau_0
8488,0.00000,-0.11502,-0.00733,-0.00733,32.00000,30.00000,tau_0
8493,0.00000,-0.11502,-0.00733,-0.00733,32.00000,30.00000,tau_0
8498,0.00000,-0.11502,-0.00733,-0.00733,32.00000,30.00000,tau_0
8503,0.00000,-0.11502,-0.00733,-0.00733,32.00000,30.00000,tau_0
8508,0.00000,-0.11502,-0.00733,-0.00733,32.00000,30.00000,tau_0
8513,0.00000,-0.11502,-0.00733,-0.00733,32.00000,30.00000,tau_0
8518,0.00000,-0.11502,-0.00733,-0.00733,32.00000,30.00000,tau_0
8523,0.00000,-0.11502,-0.00733,-0.01221,32.00000,30.00000,tau_0
8529,0.00000,-0.11502,-0.00733,-0.00733,32.00000,30.00000,tau_0
8534,0.00000,-0.11502,-0.00733,-0.00733,32.00000,30.00000,tau_0
8539,0.00000,-0.11502,-0.00733,-0.00733,32.00000,30.00000,tau_0
8544,0.00000,-0.11502,-0.00733,-0.00733,32.00000,30.00000,tau_0
8549,0.00000,-0.11502,-0.00733,-0.00733,32.00000,30.00000,tau_0
8554,0.00000,-0.11502,-0.00733,-0.00733,32.00000,30.00000,tau_0
8559,0.00000,-0.11502,-0.00733,-0.00733,32.00000,30.00000,tau_0
8564,0.00000,-0.11502,-0.00733,-0.00733,32.00000,30.00000,tau_0
8569,0.00000,-0.11502,-0.00733,-0.00733,32.00000,30.00000,tau_0
8574,0.00000,-0.11502,-0.00733,-0.00733,32.00000,30.00000,tau_0
8579,0.00000,-0.11502,-0.00733,-0.00733,32.00000,30.00000,tau_0
8584,0.00000,-0.11502,-0.00733,-0.00733,32.00000,30.00000,tau_0
8589,0.00000,-0.11502,-0.00733,-0.00733,32.00000,30.00000,tau_0
8594,0.00000,-0.11502,-0.00733,-0.00733,32.00000,30.00000,tau_0
8599,0.00000,-0.11502,-0.00733,-0.00733,32.00000,30.00000,tau_0
8604,0.00000,-0.11502,-0.00733,-0.00733,32.00000,30.00000,tau_0
8609,0.00000,-0.11502,-0.00733,-0.00733,32.00000,30.00000,tau_0
8614,0.00000,-0.11502,-0.00733,-0.00733,32.00000,30.00000,tau_0
8620,0.00000,-0.11502,-0.00733,-0.00733,32.00000,30.00000,tau_0
8625,0.00000,-0.11502,-0.00733,-0.00733,32.00000,30.00000,tau_0
8630,0.00000,-0.11502,-0.00733,-0.00733,32.00000,30.00000,tau_0
8635,0.00000,-0.11502,-0.00733,-0.00733,32.00000,30.00000,tau_0
8640,0.00000,-0.11502,-0.00733,-0.00733,32.00000,30.00000,tau_0
8645,0.00000,-0.11502,-0.00733,-0.00733,32.00000,30.00000,tau_0
8650,0.00000,-0.11502,-0.00733,-0.01221,32.00000,30.00000,tau_0
8655,0.00000,-0.11502,-0.00733,-0.00733,32.00000,30.00000,tau_0
8660,0.00000,-0.11502,-0.00733,-0.00733,32.00000,30.00000,tau_0
8665,0.00000,-0.11502,-0.00733,-0.00733,32.00000,30.00000,tau_0
8670,0.00000,-0.11502,-0.00733,-0.00733,32.00000,30.00000,tau_0
8675,0.00000,-0.11502,-0.00733,-0.00733,32.00000,30.00000,tau_0
8680,0.00000,-0.11502,-0.00733,-0.00733,32.00000,30.00000,tau_0
8685,0.00000,-0.11502,-0.00733,-0.00733,32.00000,30.00000,tau_0
8690,0.00000,-0.11502,-0.00733,-0.00733,32.00000,30.00000,tau_0
8695,0.00000,-0.11502,-0.00733,-0.00733,32.00000,30.00000,tau_0
8700,0.00000,-0.11502,-0.00733,-0.00733,32.00000,30.00000,tau_0
8705,0.00000,-0.11502,-0.00733,-0.00733,32.00000,30.00000,tau_0
8710,0.00000,-0.11502,-0.00733,-0.00733,32.00000,30.00000,tau_0
8716,0.00000,-0.11502,-0.00733,-0.00733,32.00000,30.00000,tau_0
8721,0.00000,-0.11502,-0.00733,-0.00733,32.00000,30.00000,tau_0
8726,0.00000,-0.11502,-0.00733,-0.01221,32.00000,30.00000,tau_0
8731,0.00000,-0.11502,-0.00733,-0.00733,32.00000,30.00000,tau_0
8736,0.00000,-0.11502,-0.00733,-0.00733,32.00000,30.00000,tau_0
8741,0.00000,-0.11502,-0.00733,-0.00733,32.00000,30.00000,tau_0
8746,0.00000,-0.11502,-0.00733,-0.01221,32.00000,30.00000,tau_0
8751,0.00000,-0.11502,-0.00733,-0.00733,32.00000,30.00000,tau_0
8756,0.00000,-0.11502,-0.00733,-0.00733,32.00000,30.00000,tau_0
8761,0.00000,-0.11502,-0.00733,-0.00733,32.00000,30.00000,tau_0
8766,0.00000,-0.11502,-0.00733,-0.01221,32.00000,30.00000,tau_0
8771,0.00000,-0.11502,-0.00733,-0.00733,32.00000,30.00000,tau_0
8776,0.00000,-0.11502,-0.00733,-0.00733,32.00000,30.00000,tau_0
8781,0.00000,-0.11502,-0.00733,-0.00733,32.00000,30.00000,tau_0
8786,0.00000,-0.11502,-0.00733,-0.00733,32.00000,30.00000,tau_0
8791,0.00000,-0.11502,-0.00733,-0.00733,32.00000,30.00000,tau_0
8796,0.00000,-0.11502,-0.00733,-0.00733,32.00000,30.00000,tau_0
8801,0.00000,-0.11502,-0.00733,-0.00733,32.00000,30.00000,tau_0
8807,0.00000,-0.11502,-0.00733,-0.00733,32.00000,30.00000,tau_0
8812,0.00000,-0.11502,-0.00733,-0.00733,32.00000,30.00000,tau_0
8817,0.00000,-0.11502,-0.00733,-0.01221,32.00000,30.00000,tau_0
8822,0.00000,-0.11502,-0.00733,-0.00733,32.00000,30.00000,tau_0
8827,0.00000,-0.11502,-0.00733,-0.00733,32.00000,30.00000,tau_0
8832,0.00000,-0.11502,-0.00733,-0.00733,32.00000,30.00000,tau_0
8837,0.00000,-0.11502,-0.00733,-0.00733,32.00000,30.00000,tau_0
8842,0.00000,-0.11502,-0.00733,-0.00733,32.00000,30.00000,tau_0
8847,0.00000,-0.11502,-0.00733,-0.00733,32.00000,30.00000,tau_0
8852,0.00000,-0.11502,-0.00733,-0.00733,32.00000,30.00000,tau_0
8857,0.00000,-0.11502,-0.00733,-0.00733,32.00000,30.00000,tau_0
8862,0.00000,-0.11502,-0.00733,-0.00733,32.00000,30.00000,tau_0
8867,0.00000,-0.11502,-0.00733,-0.00733,32.00000,30.00000,tau_0
8872,0.00000,-0.11502,-0.00733,-0.00733,32.00000,30.00000,tau_0
8877,0.00000,-0.11502,-0.00733,-0.00733,32.00000,30.00000,tau_0
8882,0.00000,-0.11502,-0.00733,-0.00733,32.00000,30.00000,tau_0
8887,0.00000,-0.11502,-0.00733,-0.00733,32.00000,30.00000,tau_0
8892,0.00000,-0.11502,-0.00733,-0.01221,32.00000,30.00000,tau_0
8897,0.00000,-0.11502,-0.00733,-0.00733,32.00000,30.00000,tau_0
8903,0.00000,-0.11502,-0.00733,-0.00733,32.00000,30.00000,tau_0
8908,0.00000,-0.11502,-0.00733,-0.00733,32.00000,30.00000,tau_0
8913,0.00000,-0.11502,-0.00733,-0.00733,32.00000,30.00000,tau_0
8918,0.00000,-0.11502,-0.00733,-0.00733,32.00000,30.00000,tau_0
8923,0.00000,-0.11502,-0.00733,-0.00733,32.00000,30.00000,tau_0
8928,0.00000,-0.11502,-0.00733,-0.00733,32.00000,30.00000,tau_0
8933,0.00000,-0.11502,-0.00733,-0.01221,32.00000,30.00000,tau_0
8938,0.00000,-0.11502,-0.00733,-0.00733,32.00000,30.00000,tau_0
8943,0.00000,-0.11502,-0.00733,-0.00733,32.00000,30.00000,tau_0
8948,0.00000,-0.11502,-0.00733,-0.01221,32.00000,30.00000,tau_0
8953,0.00000,-0.11502,-0.00733,-0.00733,32.00000,30.00000,tau_0
8958,0.00000,-0.11502,-0.00733,-0.00733,32.00000,30.00000,tau_0
8963,0.00000,-0.11502,-0.00733,-0.00733,32.00000,30.00000,tau_0
8968,0.00000,-0.11502,-0.00733,-0.00733,32.00000,30.00000,tau_0
8973,0.00000,-0.11502,-0.00733,-0.00733,32.00000,30.00000,tau_0
8978,0.00000,-0.11502,-0.00733,-0.00733,32.00000,30.00000,tau_0
8983,0.00000,-0.11502,-0.00733,-0.00733,32.00000,30.00000,tau_0
8988,0.00000,-0.11502,-0.00733,-0.00733,32.00000,30.00000,tau_0
8993,0.00000,-0.11502,-0.00733,-0.00733,32.00000,30.00000,tau_0
8999,0.00000,-0.11502,-0.00733,-0.00733,32.00000,30.00000,tau_0
9004,0.00000,-0.11502,-0.00733,-0.00733,32.00000,30.00000,tau_0
9009,0.00000,-0.11502,-0.00733,-0.00733,32.00000,30.00000,tau_0
9014,0.00000,-0.11502,-0.00733,-0.00733,32.00000,30.00000,tau_0
9019,0.00000,-0.11502,-0.00733,-0.00733,32.00000,30.00000,tau_0
9024,0.00000,-0.11502,-0.00733,-0.00733,32.00000,30.00000,tau_0
9029,0.00000,-0.11502,-0.00733,-0.00733,32.00000,30.00000,tau_0
9034,0.00000,-0.11502,-0.00733,-0.00733,32.00000,30.00000,tau_0
9039,0.00000,-0.11502,-0.00733,-0.00733,32.00000,30.00000,tau_0
9044,0.00000,-0.11502,-0.00733,-0.00733,32.00000,30.00000,tau_0
9049,0.00000,-0.11502,-0.00733,-0.00733,32.00000,30.00000,tau_0
9054,0.00000,-0.11502,-0.00733,-0.00733,32.00000,30.00000,tau_0
9059,0.00000,-0.11502,-0.00733,-0.00733,32.00000,30.00000,tau_0
9064,0.00000,-0.11502,-0.00733,-0.00733,32.00000,30.00000,tau_0
9069,0.00000,-0.11502,-0.00733,-0.00733,32.00000,30.00000,tau_0
9074,0.00000,-0.11502,-0.00733,-0.00733,32.00000,30.00000,tau_0
9079,0.00000,-0.11502,-0.00733,-0.00733,32.00000,30.00000,tau_0
9084,0.00000,-0.11502,-0.00733,-0.00733,32.00000,30.00000,tau_0
9090,0.00000,-0.11502,-0.00733,-0.00733,32.00000,30.00000,tau_0
9095,0.00000,-0.11502,-0.00733,-0.01221,32.00000,30.00000,tau_0
9100,0.00000,-0.11502,-0.00733,-0.01221,32.00000,30.00000,tau_0
9105,0.00000,-0.11502,-0.00733,-0.01221,32.00000,30.00000,tau_0
9110,0.00000,-0.11502,-0.00733,-0.01221,32.00000,30.00000,tau_0
9115,0.00000,-0.11502,-0.00733,-0.00733,32.00000,30.00000,tau_0
9120,0.00000,-0.11502,-0.00733,-0.00733,32.00000,30.00000,tau_0
9125,0.00000,-0.11502,-0.00733,-0.00733,32.00000,30.00000,tau_0
9130,0.00000,-0.11502,-0.00733,-0.00733,32.00000,30.00000,tau_0
9135,0.00000,-0.11502,-0.00733,-0.00733,32.00000,30.00000,tau_0
9140,0.00000,-0.11502,-0.00733,-0.00733,32.00000,30.00000,tau_0
9145,0.00000,-0.11502,-0.00733,-0.00733,32.00000,30.00000,tau_0
9150,0.00000,-0.11502,-0.00733,-0.00733,32.00000,30.00000,tau_0
9155,0.00000,-0.11502,-0.00733,-0.00733,32.00000,30.00000,tau_0
9160,0.00000,-0.11502,-0.00733,-0.00733,32.00000,30.00000,tau_0
9165,0.00000,-0.11502,-0.00733,-0.00733,32.00000,30.00000,tau_0
9170,0.00000,-0.11502,-0.00733,-0.00733,32.00000,30.00000,tau_0
9175,0.00000,-0.11502,-0.00733,-0.00733,32.00000,30.00000,tau_0
9181,0.00000,-0.11502,-0.00733,-0.00733,32.00000,30.00000,tau_0
9186,0.00000,-0.11502,-0.00733,-0.00733,32.00000,30.00000,tau_0
9191,0.00000,-0.11502,-0.00733,-0.00733,32.00000,30.00000,tau_0
9196,0.00000,-0.11502,-0.00733,-0.00733,32.00000,30.00000,tau_0
9201,0.00000,-0.11502,-0.00733,-0.00733,32.00000,30.00000,tau_0
9206,0.00000,-0.11502,-0.00733,-0.00733,32.00000,30.00000,tau_0
9211,0.00000,-0.11502,-0.00733,-0.01221,32.00000,30.00000,tau_0
9216,0.00000,-0.11502,-0.00733,-0.00733,32.00000,30.00000,tau_0
9221,0.00000,-0.11502,-0.00733,-0.00733,32.00000,30.00000,tau_0
9226,0.00000,-0.11502,-0.00733,-0.00733,32.00000,30.00000,tau_0
9231,0.00000,-0.11502,-0.00733,-0.00733,32.00000,30.00000,tau_0
9236,0.00000,-0.11502,-0.00733,-0.00733,32.00000,30.00000,tau_0
9241,0.00000,-0.11502,-0.00733,-0.00733,32.00000,30.00000,tau_0
9246,0.00000,-0.11502,-0.00733,-0.01221,32.00000,30.00000,tau_0
9251,0.00000,-0.11502,-0.00733,-0.00733,32.00000,30.00000,tau_0
9256,0.00000,-0.11502,-0.00733,-0.00733,32.00000,30.00000,tau_0
9261,0.00000,-0.11502,-0.00733,-0.00733,32.00000,30.00000,tau_0
9266,0.00000,-0.11502,-0.00733,-0.01221,32.00000,30.00000,tau_0
9272,0.00000,-0.11502,-0.00733,-0.00733,32.00000,30.00000,tau_0
9277,0.00000,-0.11502,-0.00733,-0.00733,32.00000,30.00000,tau_0
9282,0.00000,-0.11502,-0.00733,-0.01221,32.00000,30.00000,tau_0
9287,0.00000,-0.11502,-0.00733,-0.00733,32.00000,30.00000,tau_0
9292,0.00000,-0.11502,-0.00733,-0.00733,32.00000,30.00000,tau_0
9297,0.00000,-0.11502,-0.00733,-0.00733,32.00000,30.00000,tau_0
9302,0.00000,-0.11502,-0.00733,-0.00733,32.00000,30.00000,tau_0
9307,0.00000,-0.11502,-0.00733,-0.00733,32.00000,30.00000,tau_0
9312,0.00000,-0.11502,-0.00733,-0.00733,32.00000,30.00000,tau_0
9317,0.00000,-0.11502,-0.00733,-0.01221,32.00000,30.00000,tau_0
9322,0.00000,-0.11502,-0.00733,-0.00733,32.00000,30.00000,tau_0
9327,0.00000,-0.11502,-0.00733,-0.00733,32.00000,30.00000,tau_0
9332,0.00000,-0.11502,-0.00733,-0.00733,32.00000,30.00000,tau_0
9337,0.00000,-0.11502,-0.00733,-0.00733,32.00000,30.00000,tau_0
9342,0.00000,-0.11502,-0.00733,-0.01221,32.00000,30.00000,tau_0
9347,0.00000,-0.11502,-0.00733,-0.00733,32.00000,30.00000,tau_0
9352,0.00000,-0.11502,-0.00733,-0.00733,32.00000,30.00000,tau_0
9357,0.00000,-0.11502,-0.00733,-0.00733,32.00000,30.00000,tau_0
9362,0.00000,-0.11502,-0.00733,-0.00733,32.00000,30.00000,tau_0
9367,0.00000,-0.11502,-0.00733,-0.00733,32.00000,30.00000,tau_0
9373,0.00000,-0.11502,-0.00733,-0.00733,32.00000,30.00000,tau_0
9378,0.00000,-0.11502,-0.00733,-0.00733,32.00000,30.00000,tau_0
9383,0.00000,-0.11502,-0.00733,-0.00733,32.00000,30.00000,tau_0
9388,0.00000,-0.11502,-0.00733,-0.00733,32.00000,30.00000,tau_0
9393,0.00000,-0.11502,-0.00733,-0.00733,32.00000,30.00000,tau_0
9398,0.00000,-0.11502,-0.00733,-0.01221,32.00000,30.00000,tau_0
9403,0.00000,-0.11502,-0.00733,-0.00733,32.00000,30.00000,tau_0
9408,0.00000,-0.11502,-0.00733,-0.00733,32.00000,30.00000,tau_0
9413,0.00000,-0.11502,-0.00733,-0.00733,32.00000,30.00000,tau_0
9418,0.00000,-0.11502,-0.00733,-0.00733,32.00000,30.00000,tau_0
9423,0.00000,-0.11502,-0.00733,-0.01221,32.00000,30.00000,tau_0
9428,0.00000,-0.11502,-0.00733,-0.00733,32.00000,30.00000,tau_0
9433,0.00000,-0.11502,-0.00733,-0.00733,32.00000,30.00000,tau_0
9438,0.00000,-0.11502,-0.00733,-0.00733,32.00000,30.00000,tau_0
9443,0.00000,-0.11502,-0.00733,-0.00733,32.00000,30.00000,tau_0
9448,0.00000,-0.11502,-0.00733,-0.00733,32.00000,30.00000,tau_0
9453,0.00000,-0.11502,-0.00733,-0.00733,32.00000,30.00000,tau_0
9458,0.00000,-0.11502,-0.00733,-0.00733,32.00000,30.00000,tau_0
9463,0.00000,-0.11502,-0.00733,-0.00733,32.00000,30.00000,tau_0
9469,0.00000,-0.11502,-0.00733,-0.00733,32.00000,30.00000,tau_0
9474,0.00000,-0.11502,-0.00733,-0.00733,32.00000,30.00000,tau_0
9479,0.00000,-0.11502,-0.00733,-0.00733,32.00000,30.00000,tau_0
9484,0.00000,-0.11502,-0.00733,-0.00733,32.00000,30.00000,tau_0
9489,0.00000,-0.11502,-0.00733,-0.01221,32.00000,30.00000,tau_0
9494,0.00000,-0.11502,-0.00733,-0.00733,32.00000,30.00000,tau_0
9499,0.00000,-0.11502,-0.00733,-0.00733,32.00000,30.00000,tau_0
9504,0.00000,-0.11502,-0.00733,-0.00733,32.00000,30.00000,tau_0
9509,0.00000,-0.11502,-0.00733,-0.00733,32.00000,30.00000,tau_0
9514,0.00000,-0.11502,-0.00733,-0.00733,32.00000,30.00000,tau_0
9519,0.00000,-0.11502,-0.00733,-0.00733,32.00000,30.00000,tau_0
9524,0.00000,-0.11502,-0.00733,-0.00733,32.00000,30.00000,tau_0
9529,0.00000,-0.11502,-0.00733,-0.00733,32.00000,30.00000,tau_0
9534,0.00000,-0.11502,-0.00733,-0.00733,32.00000,30.00000,tau_0
9539,0.00000,-0.11502,-0.00733,-0.01221,32.00000,30.00000,tau_0
9544,0.00000,-0.11502,-0.00733,-0.00733,32.00000,30.00000,tau_0
9549,0.00000,-0.11502,-0.00733,-0.00733,32.00000,30.00000,tau_0
9554,0.00000,-0.11502,-0.00733,-0.00733,32.00000,30.00000,tau_0
9560,0.00000,-0.11502,-0.00733,-0.00733,32.00000,30.00000,tau_0
9565,0.00000,-0.11502,-0.00733,-0.00733,32.00000,30.00000,tau_0
9570,0.00000,-0.11502,-0.00733,-0.00733,32.00000,30.00000,tau_0
9575,0.00000,-0.11502,-0.00733,-0.00733,32.00000,30.00000,tau_0
9580,0.00000,-0.11502,-0.00733,-0.00733,32.00000,30.00000,tau_0
9585,0.00000,-0.11502,-0.00733,-0.00733,32.00000,30.00000,tau_0
9590,0.00000,-0.11502,-0.00733,-0.00733,32.00000,30.00000,tau_0
9595,0.00000,-0.11502,-0.00733,-0.00733,32.00000,30.00000,tau_0
9600,0.00000,-0.11502,-0.00733,-0.01221,32.00000,30.00000,tau_0
9605,0.00000,-0.11502,-0.00733,-0.01221,32.00000,30.00000,tau_0
9610,0.00000,-0.11502,-0.00733,-0.00733,32.00000,30.00000,tau_0
9615,0.00000,-0.11502,-0.00733,-0.00733,32.00000,30.00000,tau_0
9620,0.00000,-0.11502,-0.00733,-0.01221,32.00000,30.00000,tau_0
9625,0.00000,-0.11502,-0.00733,-0.00733,32.00000,30.00000,tau_0
9630,0.00000,-0.11502,-0.00733,-0.00733,32.00000,30.00000,tau_0
9635,0.00000,-0.11502,-0.00733,-0.00733,32.00000,30.00000,tau_0
9640,0.00000,-0.11502,-0.00733,-0.00733,32.00000,30.00000,tau_0
9646,0.00000,-0.11502,-0.00733,-0.00733,32.00000,30.00000,tau_0
9651,0.00000,-0.11502,-0.00733,-0.00733,32.00000,30.00000,tau_0
9656,0.00000,-0.11502,-0.00733,-0.00733,32.00000,30.00000,tau_0
9661,0.00000,-0.11502,-0.00733,-0.00733,32.00000,30.00000,tau_0
9666,0.00000,-0.11502,-0.00733,-0.00733,32.00000,30.00000,tau_0
9671,0.00000,-0.11502,-0.00733,-0.00733,32.00000,30.00000,tau_0
9676,0.00000,-0.11502,-0.00733,-0.00733,32.00000,30.00000,tau_0
9681,0.00000,-0.11502,-0.00733,-0.00733,32.00000,30.00000,tau_0
9686,0.00000,-0.11502,-0.00733,-0.00733,32.00000,30.00000,tau_0
9691,0.00000,-0.11502,-0.00733,-0.00733,32.00000,30.00000,tau_0
9696,0.00000,-0.11502,-0.00733,-0.00733,32.00000,30.00000,tau_0
9701,0.00000,-0.11502,-0.00733,-0.00733,32.00000,30.00000,tau_0
9706,0.00000,-0.11502,-0.00733,-0.00733,32.00000,30.00000,tau_0
9711,0.00000,-0.11502,-0.00733,-0.00244,32.00000,30.00000,tau_0
9716,0.00000,-0.11502,-0.00733,-0.00733,32.00000,30.00000,tau_0
9721,0.00000,-0.11502,-0.00733,-0.00733,32.00000,30.00000,tau_0
9726,0.00000,-0.11502,-0.00733,-0.00733,32.00000,30.00000,tau_0
9731,0.00000,-0.11502,-0.00733,-0.00733,32.00000,30.00000,tau_0
9737,0.00000,-0.11502,-0.00733,-0.00733,32.00000,30.00000,tau_0
9742,0.00000,-0.11502,-0.00733,-0.00733,32.00000,30.00000,tau_0
9747,0.00000,-0.11502,-0.00733,-0.01221,32.00000,30.00000,tau_0
9752,0.00000,-0.11502,-0.00733,-0.00733,32.00000,30.00000,tau_0
9757,0.00000,-0.11502,-0.00733,-0.00733,32.00000,30.00000,tau_0
9762,0.00000,-0.11502,-0.00733,-0.00733,32.00000,30.00000,tau_0
9767,0.00000,-0.11502,-0.00733,-0.00733,32.00000,30.00000,tau_0
9772,0.00000,-0.11502,-0.00733,-0.01221,32.00000,30.00000,tau_0
9777,0.00000,-0.11502,-0.00733,-0.00733,32.00000,30.00000,tau_0
9782,0.00000,-0.11502,-0.00733,-0.00733,32.00000,30.00000,tau_0
9787,0.00000,-0.11502,-0.00733,-0.00733,32.00000,30.00000,tau_0
9792,0.00000,-0.11502,-0.00733,-0.00733,32.00000,30.00000,tau_0
9797,0.00000,-0.11502,-0.00733,-0.00733,32.00000,30.00000,tau_0
9802,0.00000,-0.11502,-0.00733,-0.00733,32.00000,30.00000,tau_0
9807,0.00000,-0.11502,-0.00733,-0.00733,32.00000,30.00000,tau_0
9812,0.00000,-0.11502,-0.00733,-0.00733,32.00000,30.00000,tau_0
9817,0.00000,-0.11502,-0.00733,-0.00733,32.00000,30.00000,tau_0
9822,0.00000,-0.11502,-0.00733,-0.01221,32.00000,30.00000,tau_0
9828,0.00000,-0.11502,-0.00733,-0.00733,32.00000,30.00000,tau_0
9833,0.00000,-0.11502,-0.00733,-0.00733,32.00000,30.00000,tau_0
9838,0.00000,-0.11502,-0.00733,-0.00733,32.00000,30.00000,tau_0
9843,0.00000,-0.11502,-0.00733,-0.00733,32.00000,30.00000,tau_0
9848,0.00000,-0.11502,-0.00733,-0.00733,32.00000,30.00000,tau_0
9853,0.00000,-0.11502,-0.00733,-0.01221,32.00000,30.00000,tau_0
9858,0.00000,-0.11502,-0.00733,-0.00733,32.00000,30.00000,tau_0
9863,0.00000,-0.11502,-0.00733,-0.00733,32.00000,30.00000,tau_0
9868,0.00000,-0.11502,-0.00733,-0.00733,32.00000,30.00000,tau_0
9873,0.00000,-0.11502,-0.00733,-0.00733,32.00000,30.00000,tau_0
9878,0.00000,-0.11502,-0.00733,-0.00733,32.00000,30.00000,tau_0
9883,0.00000,-0.11502,-0.00733,-0.00733,32.00000,30.00000,tau_0
9888,0.00000,-0.11502,-0.00733,-0.00733,32.00000,30.00000,tau_0
9893,0.00000,-0.11502,-0.00733,-0.00733,32.00000,30.00000,tau_0
9898,0.00000,-0.11502,-0.00733,-0.00733,32.00000,30.00000,tau_0
9903,0.00000,-0.11502,-0.00733,-0.00733,32.00000,30.00000,tau_0
9908,0.00000,-0.11502,-0.00733,-0.01221,32.00000,30.00000,tau_0
9913,0.00000,-0.11502,-0.00733,-0.00733,32.00000,30.00000,tau_0
9919,0.00000,-0.11502,-0.00733,-0.00733,32.00000,30.00000,tau_0
9924,0.00000,-0.11502,-0.00733,-0.00733,32.00000,30.00000,tau_0
9929,0.00000,-0.11502,-0.00733,-0.00733,32.00000,30.00000,tau_0
9934,0.00000,-0.11502,-0.00733,-0.00733,32.00000,30.00000,tau_0
9939,0.00000,-0.11502,-0.00733,-0.00733,32.00000,30.00000,tau_0
9944,0.00000,-0.11502,-0.00733,-0.00733,32.00000,30.00000,tau_0
9949,0.00000,-0.11502,-0.00733,-0.00733,32.00000,30.00000,tau_0
9954,0.00000,-0.11502,-0.00733,-0.00733,32.00000,30.00000,tau_0
9959,0.00000,-0.11502,-0.00733,-0.01221,32.00000,30.00000,tau_0
9964,0.00000,-0.11502,-0.00733,-0.00733,32.00000,30.00000,tau_0
9969,0.00000,-0.11502,-0.00733,-0.00733,32.00000,30.00000,tau_0
9974,0.00000,-0.11502,-0.00733,-0.00733,32.00000,30.00000,tau_0
9979,0.00000,-0.11502,-0.00733,-0.00733,32.00000,30.00000,tau_0
9984,0.00000,-0.11502,-0.00733,-0.00733,32.00000,30.00000,tau_0
9989,0.00000,-0.11502,-0.00733,-0.00733,32.00000,30.00000,tau_0
9994,0.00000,-0.11502,-0.00733,-0.00733,32.00000,30.00000,tau_0
9999,0.00000,-0.11502,-0.00733,-0.00733,32.00000,30.00000,tau_0
0,0.10000,-0.11502,-0.00733,-0.00733,32.00000,30.00000,tau_1
5,0.10000,-0.11502,-0.00733,-0.00733,32.00000,30.00000,tau_1
10,0.10000,-0.11502,-0.00733,-0.00733,32.00000,30.00000,tau_1
15,0.10000,-0.11502,-0.00733,-0.00733,32.00000,30.00000,tau_1
20,0.10000,-0.11502,-0.00733,-0.00733,32.00000,30.00000,tau_1
25,0.10000,-0.11502,-0.00733,-0.00733,32.00000,30.00000,tau_1
30,0.10000,-0.11502,-0.00733,-0.00733,32.00000,30.00000,tau_1
35,0.10000,-0.11502,0.02198,0.01221,32.00000,30.00000,tau_1
40,0.10000,-0.11502,0.05128,0.03663,32.00000,30.00000,tau_1
45,0.10000,-0.11502,0.00733,0.05128,32.00000,30.00000,tau_1
50,0.10000,-0.11502,0.00733,0.06105,32.00000,30.00000,tau_1
55,0.10000,-0.11502,0.00733,0.07082,32.00000,30.00000,tau_1
60,0.10000,-0.11502,0.00733,0.07570,32.00000,30.00000,tau_1
65,0.10000,-0.11502,-0.00733,0.07570,32.00000,30.00000,tau_1
70,0.10000,-0.11502,-0.00733,0.08059,32.00000,30.00000,tau_1
75,0.10000,-0.11502,-0.00733,0.08547,32.00000,30.00000,tau_1
80,0.10000,-0.11502,0.00733,0.08547,32.00000,30.00000,tau_1
85,0.10000,-0.11502,-0.00733,0.09035,32.00000,30.00000,tau_1
91,0.10000,-0.11502,-0.00733,0.09035,32.00000,30.00000,tau_1
96,0.10000,-0.11502,-0.00733,0.09035,32.00000,30.00000,tau_1
101,0.10000,-0.11502,-0.00733,0.09035,32.00000,30.00000,tau_1
106,0.10000,-0.11502,-0.00733,0.09035,32.00000,30.00000,tau_1
111,0.10000,-0.11502,-0.00733,0.09035,32.00000,30.00000,tau_1
116,0.10000,-0.11502,-0.00733,0.09035,32.00000,30.00000,tau_1
121,0.10000,-0.11502,-0.00733,0.09035,32.00000,30.00000,tau_1
126,0.10000,-0.11502,-0.00733,0.09035,32.00000,30.00000,tau_1
131,0.10000,-0.11502,-0.00733,0.09035,32.00000,30.00000,tau_1
136,0.10000,-0.11502,-0.00733,0.09035,32.00000,30.00000,tau_1
141,0.10000,-0.11502,-0.00733,0.09035,32.00000,30.00000,tau_1
146,0.10000,-0.11502,-0.00733,0.09035,32.00000,30.00000,tau_1
151,0.10000,-0.11502,-0.00733,0.08547,32.00000,30.00000,tau_1
156,0.10000,-0.11502,-0.00733,0.08547,32.00000,30.00000,tau_1
161,0.10000,-0.11502,-0.00733,0.09035,32.00000,30.00000,tau_1
166,0.10000,-0.11502,-0.00733,0.09035,32.00000,30.00000,tau_1
171,0.10000,-0.11502,-0.00733,0.08547,32.00000,30.00000,tau_1
176,0.10000,-0.11502,-0.00733,0.09035,32.00000,30.00000,tau_1
182,0.10000,-0.11502,-0.00733,0.08547,32.00000,30.00000,tau_1
187,0.10000,-0.11502,-0.00733,0.08547,32.00000,30.00000,tau_1
192,0.10000,-0.11502,-0.00733,0.09035,32.00000,30.00000,tau_1
197,0.10000,-0.11502,-0.00733,0.09035,32.00000,30.00000,tau_1
202,0.10000,-0.11502,-0.00733,0.09035,32.00000,30.00000,tau_1
207,0.10000,-0.11502,-0.00733,0.09035,32.00000,30.00000,tau_1
212,0.10000,-0.11502,-0.00733,0.09035,32.00000,30.00000,tau_1
217,0.10000,-0.11502,-0.00733,0.09035,32.00000,30.00000,tau_1
222,0.10000,-0.11502,-0.00733,0.09035,32.00000,30.00000,tau_1
227,0.10000,-0.11502,-0.00733,0.09035,32.00000,30.00000,tau_1
232,0.10000,-0.11502,-0.00733,0.09035,32.00000,30.00000,tau_1
237,0.10000,-0.11502,-0.00733,0.09035,32.00000,30.00000,tau_1
242,0.10000,-0.11502,-0.00733,0.09035,32.00000,30.00000,tau_1
247,0.10000,-0.11502,-0.00733,0.09035,32.00000,30.00000,tau_1
252,0.10000,-0.11502,-0.00733,0.09035,32.00000,30.00000,tau_1
257,0.10000,-0.11502,-0.00733,0.09035,32.00000,30.00000,tau_1
262,0.10000,-0.11502,-0.00733,0.09035,32.00000,30.00000,tau_1
267,0.10000,-0.11502,-0.00733,0.09035,32.00000,30.00000,tau_1
273,0.10000,-0.11502,-0.00733,0.09035,32.00000,30.00000,tau_1
278,0.10000,-0.11502,-0.00733,0.09035,32.00000,30.00000,tau_1
283,0.10000,-0.11502,-0.00733,0.09035,32.00000,30.00000,tau_1
288,0.10000,-0.11502,-0.00733,0.09035,32.00000,30.00000,tau_1
293,0.10000,-0.11502,-0.00733,0.09035,32.00000,30.00000,tau_1
298,0.10000,-0.11502,-0.00733,0.09035,32.00000,30.00000,tau_1
303,0.10000,-0.11502,-0.00733,0.09035,32.00000,30.00000,tau_1
308,0.10000,-0.11502,-0.00733,0.09035,32.00000,30.00000,tau_1
313,0.10000,-0.11502,-0.00733,0.09035,32.00000,30.00000,tau_1
318,0.10000,-0.11502,-0.00733,0.08547,32.00000,30.00000,tau_1
323,0.10000,-0.11502,-0.00733,0.09035,32.00000,30.00000,tau_1
328,0.10000,-0.11502,-0.00733,0.08547,32.00000,30.00000,tau_1
333,0.10000,-0.11502,-0.00733,0.08547,32.00000,30.00000,tau_1
338,0.10000,-0.11502,-0.00733,0.09035,32.00000,30.00000,tau_1
343,0.10000,-0.11502,-0.00733,0.09035,32.00000,30.00000,tau_1
348,0.10000,-0.11502,-0.00733,0.09035,32.00000,30.00000,tau_1
353,0.10000,-0.11502,-0.00733,0.09035,32.00000,30.00000,tau_1
358,0.10000,-0.11502,-0.00733,0.09035,32.00000,30.00000,tau_1
364,0.10000,-0.11502,-0.00733,0.09035,32.00000,30.00000,tau_1
369,0.10000,-0.11502,-0.00733,0.09035,32.00000,30.00000,tau_1
374,0.10000,-0.11502,-0.00733,0.08547,32.00000,30.00000,tau_1
379,0.10000,-0.11502,-0.00733,0.09035,32.00000,30.00000,tau_1
384,0.10000,-0.11502,-0.00733,0.09035,32.00000,30.00000,tau_1
389,0.10000,-0.11502,-0.00733,0.09035,32.00000,30.00000,tau_1
394,0.10000,-0.11502,-0.00733,0.08547,32.00000,30.00000,tau_1
399,0.10000,-0.11502,-0.00733,0.09035,32.00000,30.00000,tau_1
404,0.10000,-0.11502,-0.00733,0.09035,32.00000,30.00000,tau_1
409,0.10000,-0.11502,-0.00733,0.09035,32.00000,30.00000,tau_1
414,0.10000,-0.11502,-0.00733,0.09035,32.00000,30.00000,tau_1
419,0.10000,-0.11502,-0.00733,0.08547,32.00000,30.00000,tau_1
424,0.10000,-0.11502,-0.00733,0.09035,32.00000,30.00000,tau_1
429,0.10000,-0.11502,-0.00733,0.09035,32.00000,30.00000,tau_1
434,0.10000,-0.11502,-0.00733,0.08547,32.00000,30.00000,tau_1
439,0.10000,-0.11502,-0.00733,0.08547,32.00000,30.00000,tau_1
444,0.10000,-0.11502,-0.00733,0.09035,32.00000,30.00000,tau_1
449,0.10000,-0.11502,-0.00733,0.08547,32.00000,30.00000,tau_1
455,0.10000,-0.11502,-0.00733,0.09035,32.00000,30.00000,tau_1
460,0.10000,-0.11502,-0.00733,0.09035,32.00000,30.00000,tau_1
465,0.10000,-0.11502,-0.00733,0.09035,32.00000,30.00000,tau_1
470,0.10000,-0.11502,-0.00733,0.09035,32.00000,30.00000,tau_1
475,0.10000,-0.11502,-0.00733,0.09035,32.00000,30.00000,tau_1
480,0.10000,-0.11502,-0.00733,0.09035,32.00000,30.00000,tau_1
485,0.10000,-0.11502,-0.00733,0.09035,32.00000,30.00000,tau_1
490,0.10000,-0.11502,-0.00733,0.09035,32.00000,30.00000,tau_1
495,0.10000,-0.11502,-0.00733,0.09035,32.00000,30.00000,tau_1
500,0.10000,-0.11502,-0.00733,0.09035,32.00000,30.00000,tau_1
505,0.10000,-0.11502,-0.00733,0.09035,32.00000,30.00000,tau_1
510,0.10000,-0.11502,-0.00733,0.09035,32.00000,30.00000,tau_1
515,0.10000,-0.11502,-0.00733,0.09035,32.00000,30.00000,tau_1
520,0.10000,-0.11502,-0.00733,0.09035,32.00000,30.00000,tau_1
525,0.10000,-0.11502,-0.00733,0.09035,32.00000,30.00000,tau_1
530,0.10000,-0.11502,-0.00733,0.09035,32.00000,30.00000,tau_1
535,0.10000,-0.11502,-0.00733,0.09035,32.00000,30.00000,tau_1
540,0.10000,-0.11502,-0.00733,0.08547,32.00000,30.00000,tau_1
546,0.10000,-0.11502,-0.00733,0.08547,32.00000,30.00000,tau_1
551,0.10000,-0.11502,-0.00733,0.09035,32.00000,30.00000,tau_1
556,0.10000,-0.11502,-0.00733,0.09035,32.00000,30.00000,tau_1
561,0.10000,-0.11502,-0.00733,0.09035,32.00000,30.00000,tau_1
566,0.10000,-0.11502,-0.00733,0.09035,32.00000,30.00000,tau_1
571,0.10000,-0.11502,-0.00733,0.08547,32.00000,30.00000,tau_1
576,0.10000,-0.11502,-0.00733,0.09035,32.00000,30.00000,tau_1
581,0.10000,-0.11502,-0.00733,0.09035,32.00000,30.00000,tau_1
586,0.10000,-0.11502,-0.00733,0.09035,32.00000,30.00000,tau_1
591,0.10000,-0.11502,-0.00733,0.09035,32.00000,30.00000,tau_1
596,0.10000,-0.11502,-0.00733,0.09035,32.00000,30.00000,tau_1
601,0.10000,-0.11502,-0.00733,0.09035,32.00000,30.00000,tau_1
606,0.10000,-0.11502,-0.00733,0.09035,32.00000,30.00000,tau_1
611,0.10000,-0.11502,-0.00733,0.09035,32.00000,30.00000,tau_1
616,0.10000,-0.11502,-0.00733,0.09035,32.00000,30.00000,tau_1
621,0.10000,-0.11502,-0.00733,0.09035,32.00000,30.00000,tau_1
626,0.10000,-0.11502,-0.00733,0.09035,32.00000,30.00000,tau_1
631,0.10000,-0.11502,-0.00733,0.09035,32.00000,30.00000,tau_1
637,0.10000,-0.11502,-0.00733,0.09035,32.00000,30.00000,tau_1
642,0.10000,-0.11502,-0.00733,0.09035,32.00000,30.00000,tau_1
647,0.10000,-0.11502,-0.00733,0.09035,32.00000,30.00000,tau_1
652,0.10000,-0.11502,-0.00733,0.09035,32.00000,30.00000,tau_1
657,0.10000,-0.11502,-0.00733,0.08547,32.00000,30.00000,tau_1
662,0.10000,-0.11502,-0.00733,0.09035,32.00000,30.00000,tau_1
667,0.10000,-0.11502,-0.00733,0.09035,32.00000,30.00000,tau_1
672,0.10000,-0.11502,-0.00733,0.09035,32.00000,30.00000,tau_1
677,0.10000,-0.11502,-0.00733,0.09035,32.00000,30.00000,tau_1
682,0.10000,-0.11502,-0.00733,0.09035,32.00000,30.00000,tau_1
687,0.10000,-0.11502,-0.00733,0.09035,32.00000,30.00000,tau_1
692,0.10000,-0.11502,-0.00733,0.09035,32.00000,30.00000,tau_1
697,0.10000,-0.11502,-0.00733,0.09035,32.00000,30.00000,tau_1
702,0.10000,-0.11502,-0.00733,0.09035,32.00000,30.00000,tau_1
707,0.10000,-0.11502,-0.00733,0.09035,32.00000,30.00000,tau_1
712,0.10000,-0.11502,-0.00733,0.09035,32.00000,30.00000,tau_1
717,0.10000,-0.11502,-0.00733,0.08547,32.00000,30.00000,tau_1
723,0.10000,-0.11502,-0.00733,0.09035,32.00000,30.00000,tau_1
728,0.10000,-0.11502,-0.00733,0.09035,32.00000,30.00000,tau_1
733,0.10000,-0.11502,-0.00733,0.09035,32.00000,30.00000,tau_1
738,0.10000,-0.11502,-0.00733,0.09035,32.00000,30.00000,tau_1
743,0.10000,-0.11502,-0.00733,0.08547,32.00000,30.00000,tau_1
748,0.10000,-0.11502,-0.00733,0.09035,32.00000,30.00000,tau_1
753,0.10000,-0.11502,-0.00733,0.08547,32.00000,30.00000,tau_1
758,0.10000,-0.11502,-0.00733,0.09035,32.00000,30.00000,tau_1
763,0.10000,-0.11502,-0.00733,0.09035,32.00000,30.00000,tau_1
768,0.10000,-0.11502,-0.00733,0.09035,32.00000,30.00000,tau_1
773,0.10000,-0.11502,-0.00733,0.09035,32.00000,30.00000,tau_1
778,0.10000,-0.11502,-0.00733,0.09035,32.00000,30.00000,tau_1
783,0.10000,-0.11502,-0.00733,0.09035,32.00000,30.00000,tau_1
788,0.10000,-0.11502,-0.00733,0.09035,32.00000,30.00000,tau_1
793,0.10000,-0.11502,-0.00733,0.09035,32.00000,30.00000,tau_1
798,0.10000,-0.11502,-0.00733,0.08547,32.00000,30.00000,tau_1
803,0.10000,-0.11502,-0.00733,0.09035,32.00000,30.00000,tau_1
808,0.10000,-0.11502,-0.00733,0.09035,32.00000,30.00000,tau_1
814,0.10000,-0.11502,-0.00733,0.08547,32.00000,30.00000,tau_1
819,0.10000,-0.11502,-0.00733,0.09035,32.00000,30.00000,tau_1
824,0.10000,-0.11502,-0.00733,0.09035,32.00000,30.00000,tau_1
829,0.10000,-0.11502,-0.00733,0.09035,32.00000,30.00000,tau_1
834,0.10000,-0.11502,-0.00733,0.08547,32.00000,30.00000,tau_1
839,0.10000,-0.11502,-0.00733,0.08547,32.00000,30.00000,tau_1
844,0.10000,-0.11502,-0.00733,0.09035,32.00000,30.00000,tau_1
849,0.10000,-0.11502,-0.00733,0.09035,32.00000,30.00000,tau_1
854,0.10000,-0.11502,-0.00733,0.09035,32.00000,30.00000,tau_1
859,0.10000,-0.11502,-0.00733,0.09035,32.00000,30.00000,tau_1
864,0.10000,-0.11502,-0.00733,0.09035,32.00000,30.00000,tau_1
869,0.10000,-0.11502,-0.00733,0.09035,32.00000,30.00000,tau_1
874,0.10000,-0.11502,-0.00733,0.09035,32.00000,30.00000,tau_1
879,0.10000,-0.11502,-0.00733,0.09035,32.00000,30.00000,tau_1
884,0.10000,-0.11502,-0.00733,0.09035,32.00000,30.00000,tau_1
889,0.10000,-0.11502,-0.00733,0.09035,32.00000,30.00000,tau_1
894,0.10000,-0.11502,-0.00733,0.09035,32.00000,30.00000,tau_1
899,0.10000,-0.11502,-0.00733,0.09035,32.00000,30.00000,tau_1
905,0.10000,-0.11502,-0.00733,0.09035,32.00000,30.00000,tau_1
910,0.10000,-0.11502,-0.00733,0.09035,32.00000,30.00000,tau_1
915,0.10000,-0.11502,-0.00733,0.09035,32.00000,30.00000,tau_1
920,0.10000,-0.11502,-0.00733,0.09035,32.00000,30.00000,tau_1
925,0.10000,-0.11502,-0.00733,0.09035,32.00000,30.00000,tau_1
930,0.10000,-0.11502,-0.00733,0.09035,32.00000,30.00000,tau_1
935,0.10000,-0.11502,-0.00733,0.08547,32.00000,30.00000,tau_1
940,0.10000,-0.11502,-0.00733,0.09035,32.00000,30.00000,tau_1
945,0.10000,-0.11502,-0.00733,0.09035,32.00000,30.00000,tau_1
950,0.10000,-0.11502,-0.00733,0.09035,32.00000,30.00000,tau_1
955,0.10000,-0.11502,-0.00733,0.09035,32.00000,30.00000,tau_1
960,0.10000,-0.11502,-0.00733,0.09035,32.00000,30.00000,tau_1
965,0.10000,-0.11502,-0.00733,0.09035,32.00000,30.00000,tau_1
970,0.10000,-0.11502,-0.00733,0.08547,32.00000,30.00000,tau_1
975,0.10000,-0.11502,-0.00733,0.08547,32.00000,30.00000,tau_1
980,0.10000,-0.11502,-0.00733,0.09035,32.00000,30.00000,tau_1
985,0.10000,-0.11502,-0.00733,0.09035,32.00000,30.00000,tau_1
990,0.10000,-0.11502,-0.00733,0.09035,32.00000,30.00000,tau_1
996,0.10000,-0.11502,-0.00733,0.09035,32.00000,30.00000,tau_1
1001,0.10000,-0.11502,-0.00733,0.09035,32.00000,30.00000,tau_1
1006,0.10000,-0.11502,-0.00733,0.09035,32.00000,30.00000,tau_1
1011,0.10000,-0.11502,-0.00733,0.09035,32.00000,30.00000,tau_1
1016,0.10000,-0.11502,-0.00733,0.09035,32.00000,30.00000,tau_1
1021,0.10000,-0.11502,-0.00733,0.09035,32.00000,30.00000,tau_1
1026,0.10000,-0.11502,-0.00733,0.09035,32.00000,30.00000,tau_1
1031,0.10000,-0.11502,-0.00733,0.09035,32.00000,30.00000,tau_1
1036,0.10000,-0.11502,-0.00733,0.09035,32.00000,30.00000,tau_1
1041,0.10000,-0.11502,-0.00733,0.09035,32.00000,30.00000,tau_1
1046,0.10000,-0.11502,-0.00733,0.09035,32.00000,30.00000,tau_1
1051,0.10000,-0.11502,-0.00733,0.09035,32.00000,30.00000,tau_1
1056,0.10000,-0.11502,-0.00733,0.09035,32.00000,30.00000,tau_1
1061,0.10000,-0.11502,-0.00733,0.09035,32.00000,30.00000,tau_1
1066,0.10000,-0.11502,-0.00733,0.09035,32.00000,30.00000,tau_1
1071,0.10000,-0.11502,-0.00733,0.09035,32.00000,30.00000,tau_1
1076,0.10000,-0.11502,-0.00733,0.08547,32.00000,30.00000,tau_1
1081,0.10000,-0.11502,-0.00733,0.09035,32.00000,30.00000,tau_1
1087,0.10000,-0.11502,-0.00733,0.09035,32.00000,30.00000,tau_1
1092,0.10000,-0.11502,-0.00733,0.08547,32.00000,30.00000,tau_1
1097,0.10000,-0.11502,-0.00733,0.09035,32.00000,30.00000,tau_1
1102,0.10000,-0.11502,-0.00733,0.09035,32.00000,30.00000,tau_1
1107,0.10000,-0.11502,-0.00733,0.09035,32.00000,30.00000,tau_1
1112,0.10000,-0.11502,-0.00733,0.09035,32.00000,30.00000,tau_1
1117,0.10000,-0.11502,-0.00733,0.09035,32.00000,30.00000,tau_1
1122,0.10000,-0.11502,-0.00733,0.09035,32.00000,30.00000,tau_1
1127,0.10000,-0.11502,-0.00733,0.08547,32.00000,30.00000,tau_1
1132,0.10000,-0.11502,-0.00733,0.09035,32.00000,30.00000,tau_1
1137,0.10000,-0.11502,-0.00733,0.09035,32.00000,30.00000,tau_1
1142,0.10000,-0.11502,-0.00733,0.09035,32.00000,30.00000,tau_1
1147,0.10000,-0.11502,-0.00733,0.09035,32.00000,30.00000,tau_1
1152,0.10000,-0.11502,-0.00733,0.08547,32.00000,30.00000,tau_1
1157,0.10000,-0.11502,-0.00733,0.09035,32.00000,30.00000,tau_1
1162,0.10000,-0.11502,-0.00733,0.09035,32.00000,30.00000,tau_1
1167,0.10000,-0.11502,-0.00733,0.09035,32.00000,30.00000,tau_1
1173,0.10000,-0.11502,-0.00733,0.09035,32.00000,30.00000,tau_1
1178,0.10000,-0.11502,-0.00733,0.08547,32.00000,30.00000,tau_1
1183,0.10000,-0.11502,-0.00733,0.09035,32.00000,30.00000,tau_1
1188,0.10000,-0.11502,-0.00733,0.09035,32.00000,30.00000,tau_1
1193,0.10000,-0.11502,-0.00733,0.09035,32.00000,30.00000,tau_1
1198,0.10000,-0.11502,-0.00733,0.09035,32.00000,30.00000,tau_1
1203,0.10000,-0.11502,-0.00733,0.09035,32.00000,30.00000,tau_1
1208,0.10000,-0.11502,-0.00733,0.09035,32.00000,30.00000,tau_1
1213,0.10000,-0.11502,-0.00733,0.09035,32.00000,30.00000,tau_1
1218,0.10000,-0.11502,-0.00733,0.09035,32.00000,30.00000,tau_1
1223,0.10000,-0.11502,-0.00733,0.09035,32.00000,30.00000,tau_1
1228,0.10000,-0.11502,-0.00733,0.09035,32.00000,30.00000,tau_1
1233,0.10000,-0.11502,-0.00733,0.09035,32.00000,30.00000,tau_1
1238,0.10000,-0.11502,-0.00733,0.09035,32.00000,30.00000,tau_1
1243,0.10000,-0.11502,-0.00733,0.09035,32.00000,30.00000,tau_1
1248,0.10000,-0.11502,-0.00733,0.09035,32.00000,30.00000,tau_1
1253,0.10000,-0.11502,-0.00733,0.09035,32.00000,30.00000,tau_1
1258,0.10000,-0.11502,-0.00733,0.09035,32.00000,30.00000,tau_1
1264,0.10000,-0.11502,-0.00733,0.09035,32.00000,30.00000,tau_1
1269,0.10000,-0.11502,-0.00733,0.09035,32.00000,30.00000,tau_1
1274,0.10000,-0.11502,-0.00733,0.09035,32.00000,30.00000,tau_1
1279,0.10000,-0.11502,-0.00733,0.09035,32.00000,30.00000,tau_1
1284,0.10000,-0.11502,-0.00733,0.08547,32.00000,30.00000,tau_1
1289,0.10000,-0.11502,-0.00733,0.09035,32.00000,30.00000,tau_1
1294,0.10000,-0.11502,-0.00733,0.09035,32.00000,30.00000,tau_1
1299,0.10000,-0.11502,-0.00733,0.09035,32.00000,30.00000,tau_1
1304,0.10000,-0.11502,-0.00733,0.08547,32.00000,30.00000,tau_1
1309,0.10000,-0.11502,-0.00733,0.08547,32.00000,30.00000,tau_1
1314,0.10000,-0.11502,-0.00733,0.09035,32.00000,30.00000,tau_1
1319,0.10000,-0.11502,-0.00733,0.09035,32.00000,30.00000,tau_1
1324,0.10000,-0.11502,-0.00733,0.09035,32.00000,30.00000,tau_1
1329,0.10000,-0.11502,-0.00733,0.09035,32.00000,30.00000,tau_1
1334,0.10000,-0.11502,-0.00733,0.09035,32.00000,30.00000,tau_1
1339,0.10000,-0.11502,-0.00733,0.09035,32.00000,30.00000,tau_1
1344,0.10000,-0.11502,-0.00733,0.09035,32.00000,30.00000,tau_1
1349,0.10000,-0.11502,-0.00733,0.08547,32.00000,30.00000,tau_1
1355,0.10000,-0.11502,-0.00733,0.09035,32.00000,30.00000,tau_1
1360,0.10000,-0.11502,-0.00733,0.09035,32.00000,30.00000,tau_1
1365,0.10000,-0.11502,-0.00733,0.09035,32.00000,30.00000,tau_1
1370,0.10000,-0.11502,-0.00733,0.09524,32.00000,30.00000,tau_1
1375,0.10000,-0.11502,-0.00733,0.09035,32.00000,30.00000,tau_1
1380,0.10000,-0.11502,-0.00733,0.09035,32.00000,30.00000,tau_1
1385,0.10000,-0.11502,-0.00733,0.09035,32.00000,30.00000,tau_1
1390,0.10000,-0.11502,-0.00733,0.08547,32.00000,30.00000,tau_1
1395,0.10000,-0.11502,-0.00733,0.09035,32.00000,30.00000,tau_1
1400,0.10000,-0.11502,-0.00733,0.09035,32.00000,30.00000,tau_1
1405,0.10000,-0.11502,-0.00733,0.09035,32.00000,30.00000,tau_1
1410,0.10000,-0.11502,-0.00733,0.09035,32.00000,30.00000,tau_1
1415,0.10000,-0.11502,-0.00733,0.09035,32.00000,30.00000,tau_1
1420,0.10000,-0.11502,-0.00733,0.09035,32.00000,30.00000,tau_1
1425,0.10000,-0.11502,-0.00733,0.09035,32.00000,30.00000,tau_1
1430,0.10000,-0.11502,-0.00733,0.09035,32.00000,30.00000,tau_1
1435,0.10000,-0.11502,-0.00733,0.09035,32.00000,30.00000,tau_1
1440,0.10000,-0.11502,-0.00733,0.08547,32.00000,30.00000,tau_1
1446,0.10000,-0.11502,-0.00733,0.09035,32.00000,30.00000,tau_1
1451,0.10000,-0.11502,-0.00733,0.09035,32.00000,30.00000,tau_1
1456,0.10000,-0.11502,-0.00733,0.09035,32.00000,30.00000,tau_1
1461,0.10000,-0.11502,-0.00733,0.09035,32.00000,30.00000,tau_1
1466,0.10000,-0.11502,-0.00733,0.08547,32.00000,30.00000,tau_1
1471,0.10000,-0.11502,-0.00733,0.08547,32.00000,30.00000,tau_1
1476,0.10000,-0.11502,-0.00733,0.09035,32.00000,30.00000,tau_1
1481,0.10000,-0.11502,-0.00733,0.09035,32.00000,30.00000,tau_1
1486,0.10000,-0.11502,-0.00733,0.09035,32.00000,30.00000,tau_1
1491,0.10000,-0.11502,-0.00733,0.09035,32.00000,30.00000,tau_1
1496,0.10000,-0.11502,-0.00733,0.09035,32.00000,30.00000,tau_1
1501,0.10000,-0.11502,-0.00733,0.09035,32.00000,30.00000,tau_1
1506,0.10000,-0.11502,-0.00733,0.09035,32.00000,30.00000,tau_1
1511,0.10000,-0.11502,-0.00733,0.09035,32.00000,30.00000,tau_1
1516,0.10000,-0.11502,-0.00733,0.08547,32.00000,30.00000,tau_1
1521,0.10000,-0.11502,-0.00733,0.09035,32.00000,30.00000,tau_1
1526,0.10000,-0.11502,-0.00733,0.09035,32.00000,30.00000,tau_1
1532,0.10000,-0.11502,-0.00733,0.09035,32.00000,30.00000,tau_1
1537,0.10000,-0.11502,-0.00733,0.09035,32.00000,30.00000,tau_1
1542,0.10000,-0.11502,-0.00733,0.09035,32.00000,30.00000,tau_1
1547,0.10000,-0.11502,-0.00733,0.08547,32.00000,30.00000,tau_1
1552,0.10000,-0.11502,-0.00733,0.09035,32.00000,30.00000,tau_1
1557,0.10000,-0.11502,-0.00733,0.09035,32.00000,30.00000,tau_1
1562,0.10000,-0.11502,-0.00733,0.09035,32.00000,30.00000,tau_1
1567,0.10000,-0.11502,-0.00733,0.09035,32.00000,30.00000,tau_1
1572,0.10000,-0.11502,-0.00733,0.09035,32.00000,30.00000,tau_1
1577,0.10000,-0.11502,-0.00733,0.09035,32.00000,30.00000,tau_1
1582,0.10000,-0.11502,-0.00733,0.09035,32.00000,30.00000,tau_1
1587,0.10000,-0.11502,-0.00733,0.09035,32.00000,30.00000,tau_1
1592,0.10000,-0.11502,-0.00733,0.09035,32.00000,30.00000,tau_1
1597,0.10000,-0.11502,-0.00733,0.08547,32.00000,30.00000,tau_1
1602,0.10000,-0.11502,-0.00733,0.09035,32.00000,30.00000,tau_1
1607,0.10000,-0.11502,-0.00733,0.09035,32.00000,30.00000,tau_1
1612,0.10000,-0.11502,-0.00733,0.09035,32.00000,30.00000,tau_1
1617,0.10000,-0.11502,-0.00733,0.09035,32.00000,30.00000,tau_1
1623,0.10000,-0.11502,-0.00733,0.09035,32.00000,30.00000,tau_1
1628,0.10000,-0.11502,-0.00733,0.09035,32.00000,30.00000,tau_1
1633,0.10000,-0.11502,-0.00733,0.09035,32.00000,30.00000,tau_1
1638,0.10000,-0.11502,-0.00733,0.08547,32.00000,30.00000,tau_1
1643,0.10000,-0.11502,-0.00733,0.09035,32.00000,30.00000,tau_1
1648,0.10000,-0.11502,-0.00733,0.09035,32.00000,30.00000,tau_1
1653,0.10000,-0.11502,-0.00733,0.09035,32.00000,30.00000,tau_1
1658,0.10000,-0.11502,-0.00733,0.09035,32.00000,30.00000,tau_1
1663,0.10000,-0.11502,-0.00733,0.09035,32.00000,30.00000,tau_1
1668,0.10000,-0.11502,-0.00733,0.09035,32.00000,30.00000,tau_1
1673,0.10000,-0.11502,-0.00733,0.09035,32.00000,30.00000,tau_1
1678,0.10000,-0.11502,-0.00733,0.09035,32.00000,30.00000,tau_1
1683,0.10000,-0.11502,-0.00733,0.09524,32.00000,30.00000,tau_1
1688,0.10000,-0.11502,-0.00733,0.09035,32.00000,30.00000,tau_1
1693,0.10000,-0.11502,-0.00733,0.09035,32.00000,30.00000,tau_1
1698,0.10000,-0.11502,-0.00733,0.09035,32.00000,30.00000,tau_1
1703,0.10000,-0.11502,-0.00733,0.09035,32.00000,30.00000,tau_1
1708,0.10000,-0.11502,-0.00733,0.09035,32.00000,30.00000,tau_1
1713,0.10000,-0.11502,-0.00733,0.09035,32.00000,30.00000,tau_1
1719,0.10000,-0.11502,-0.00733,0.08547,32.00000,30.00000,tau_1
1724,0.10000,-0.11502,-0.00733,0.09035,32.00000,30.00000,tau_1
1729,0.10000,-0.11502,-0.00733,0.09035,32.00000,30.00000,tau_1
1734,0.10000,-0.11502,-0.00733,0.09035,32.00000,30.00000,tau_1
1739,0.10000,-0.11502,-0.00733,0.09035,32.00000,30.00000,tau_1
1744,0.10000,-0.11502,-0.00733,0.09035,32.00000,30.00000,tau_1
1749,0.10000,-0.11502,-0.00733,0.08547,32.00000,30.00000,tau_1
1754,0.10000,-0.11502,-0.00733,0.09035,32.00000,30.00000,tau_1
1759,0.10000,-0.11502,-0.00733,0.09035,32.00000,30.00000,tau_1
1764,0.10000,-0.11502,-0.00733,0.09035,32.00000,30.00000,tau_1
1769,0.10000,-0.11502,-0.00733,0.09035,32.00000,30.00000,tau_1
1774,0.10000,-0.11502,-0.00733,0.09035,32.00000,30.00000,tau_1
1779,0.10000,-0.11502,-0.00733,0.09035,32.00000,30.00000,tau_1
1784,0.10000,-0.11502,-0.00733,0.09035,32.00000,30.00000,tau_1
1789,0.10000,-0.11502,-0.00733,0.08547,32.00000,30.00000,tau_1
1794,0.10000,-0.11502,-0.00733,0.09035,32.00000,30.00000,tau_1
1799,0.10000,-0.11502,-0.00733,0.09035,32.00000,30.00000,tau_1
1804,0.10000,-0.11502,-0.00733,0.09035,32.00000,30.00000,tau_1
1810,0.10000,-0.11502,-0.00733,0.09035,32.00000,30.00000,tau_1
1815,0.10000,-0.11502,-0.00733,0.09035,32.00000,30.00000,tau_1
1820,0.10000,-0.11502,-0.00733,0.09035,32.00000,30.00000,tau_1
1825,0.10000,-0.11502,-0.00733,0.08547,32.00000,30.00000,tau_1
1830,0.10000,-0.11502,-0.00733,0.09035,32.00000,30.00000,tau_1
1835,0.10000,-0.11502,-0.00733,0.08547,32.00000,30.00000,tau_1
1840,0.10000,-0.11502,-0.00733,0.09035,32.00000,30.00000,tau_1
1845,0.10000,-0.11502,-0.00733,0.09035,32.00000,30.00000,tau_1
1850,0.10000,-0.11502,-0.00733,0.09035,32.00000,30.00000,tau_1
1855,0.10000,-0.11502,-0.00733,0.09035,32.00000,30.00000,tau_1
1860,0.10000,-0.11502,-0.00733,0.09035,32.00000,30.00000,tau_1
1865,0.10000,-0.11502,-0.00733,0.09035,32.00000,30.00000,tau_1
1870,0.10000,-0.11502,-0.00733,0.09035,32.00000,30.00000,tau_1
1875,0.10000,-0.11502,-0.00733,0.09035,32.00000,30.00000,tau_1
1880,0.10000,-0.11502,-0.00733,0.09035,32.00000,30.00000,tau_1
1885,0.10000,-0.11502,-0.00733,0.09035,32.00000,30.00000,tau_1
1890,0.10000,-0.11502,-0.00733,0.08547,32.00000,30.00000,tau_1
1895,0.10000,-0.11502,-0.00733,0.09035,32.00000,30.00000,tau_1
1900,0.10000,-0.11502,-0.00733,0.09035,32.00000,30.00000,tau_1
1906,0.10000,-0.11502,-0.00733,0.09035,32.00000,30.00000,tau_1
1911,0.10000,-0.11502,-0.00733,0.09035,32.00000,30.00000,tau_1
1916,0.10000,-0.11502,-0.00733,0.09035,32.00000,30.00000,tau_1
1921,0.10000,-0.11502,-0.00733,0.08547,32.00000,30.00000,tau_1
1926,0.10000,-0.11502,-0.00733,0.09035,32.00000,30.00000,tau_1
1931,0.10000,-0.11502,-0.00733,0.09035,32.00000,30.00000,tau_1
1936,0.10000,-0.11502,-0.00733,0.09035,32.00000,30.00000,tau_1
1941,0.10000,-0.11502,-0.00733,0.09035,32.00000,30.00000,tau_1
1946,0.10000,-0.11502,-0.00733,0.09035,32.00000,30.00000,tau_1
1951,0.10000,-0.11502,-0.00733,0.09035,32.00000,30.00000,tau_1
1956,0.10000,-0.11502,-0.00733,0.09035,32.00000,30.00000,tau_1
1961,0.10000,-0.11502,-0.00733,0.09035,32.00000,30.00000,tau_1
1966,0.10000,-0.11502,-0.00733,0.09035,32.00000,30.00000,tau_1
1971,0.10000,-0.11502,-0.00733,0.09035,32.00000,30.00000,tau_1
1976,0.10000,-0.11502,-0.00733,0.09035,32.00000,30.00000,tau_1
1981,0.10000,-0.11502,-0.00733,0.09035,32.00000,30.00000,tau_1
1986,0.10000,-0.11502,-0.00733,0.09035,32.00000,30.00000,tau_1
1991,0.10000,-0.11502,-0.00733,0.09035,32.00000,30.00000,tau_1
1996,0.10000,-0.11502,-0.00733,0.09035,32.00000,30.00000,tau_1
2002,0.10000,-0.11502,-0.00733,0.09035,32.00000,30.00000,tau_1
2007,0.10000,-0.11502,-0.00733,0.09035,32.00000,30.00000,tau_1
2012,0.10000,-0.11502,-0.00733,0.09035,32.00000,30.00000,tau_1
2017,0.10000,-0.11502,-0.00733,0.09035,32.00000,30.00000,tau_1
2022,0.10000,-0.11502,-0.00733,0.09035,32.00000,30.00000,tau_1
2027,0.10000,-0.11502,-0.00733,0.09035,32.00000,30.00000,tau_1
2032,0.10000,-0.11502,-0.00733,0.09035,32.00000,30.00000,tau_1
2037,0.10000,-0.11502,-0.00733,0.08547,32.00000,30.00000,tau_1
2042,0.10000,-0.11502,-0.00733,0.09035,32.00000,30.00000,tau_1
2047,0.10000,-0.11502,-0.00733,0.08547,32.00000,30.00000,tau_1
2052,0.10000,-0.11502,-0.00733,0.09035,32.00000,30.00000,tau_1
2057,0.10000,-0.11502,-0.00733,0.09035,32.00000,30.00000,tau_1
2062,0.10000,-0.11502,-0.00733,0.09035,32.00000,30.00000,tau_1
2067,0.10000,-0.11502,-0.00733,0.09035,32.00000,30.00000,tau_1
2072,0.10000,-0.11502,-0.00733,0.09035,32.00000,30.00000,tau_1
2077,0.10000,-0.11502,-0.00733,0.09035,32.00000,30.00000,tau_1
2082,0.10000,-0.11502,-0.00733,0.09035,32.00000,30.00000,tau_1
2087,0.10000,-0.11502,-0.00733,0.09035,32.00000,30.00000,tau_1
2093,0.10000,-0.11502,-0.00733,0.09035,32.00000,30.00000,tau_1
2098,0.10000,-0.11502,-0.00733,0.09035,32.00000,30.00000,tau_1
2103,0.10000,-0.11502,-0.00733,0.09035,32.00000,30.00000,tau_1
2108,0.10000,-0.11502,-0.00733,0.09035,32.00000,30.00000,tau_1
2113,0.10000,-0.11502,-0.00733,0.09035,32.00000,30.00000,tau_1
2118,0.10000,-0.11502,-0.00733,0.08547,32.00000,30.00000,tau_1
2123,0.10000,-0.11502,-0.00733,0.09035,32.00000,30.00000,tau_1
2128,0.10000,-0.11502,-0.00733,0.09035,32.00000,30.00000,tau_1
2133,0.10000,-0.11502,-0.00733,0.09035,32.00000,30.00000,tau_1
2138,0.10000,-0.11502,-0.00733,0.09035,32.00000,30.00000,tau_1
2143,0.10000,-0.11502,-0.00733,0.09035,32.00000,30.00000,tau_1
2148,0.10000,-0.11502,-0.00733,0.09035,32.00000,30.00000,tau_1
2153,0.10000,-0.11502,-0.00733,0.09524,32.00000,30.00000,tau_1
2158,0.10000,-0.11502,-0.00733,0.09035,32.00000,30.00000,tau_1
2163,0.10000,-0.11502,-0.00733,0.09035,32.00000,30.00000,tau_1
2168,0.10000,-0.11502,-0.00733,0.09035,32.00000,30.00000,tau_1
2173,0.10000,-0.11502,-0.00733,0.09035,32.00000,30.00000,tau_1
2178,0.10000,-0.11502,-0.00733,0.09035,32.00000,30.00000,tau_1
2184,0.10000,-0.11502,-0.00733,0.09035,32.00000,30.00000,tau_1
2189,0.10000,-0.11502,-0.00733,0.09035,32.00000,30.00000,tau_1
2194,0.10000,-0.11502,-0.00733,0.09035,32.00000,30.00000,tau_1
2199,0.10000,-0.11502,-0.00733,0.09035,32.00000,30.00000,tau_1
2204,0.10000,-0.11502,-0.00733,0.09035,32.00000,30.00000,tau_1
2209,0.10000,-0.11502,-0.00733,0.09035,32.00000,30.00000,tau_1
2214,0.10000,-0.11502,-0.00733,0.09035,32.00000,30.00000,tau_1
2219,0.10000,-0.11502,-0.00733,0.09035,32.00000,30.00000,tau_1
2224,0.10000,-0.11502,-0.00733,0.09035,32.00000,30.00000,tau_1
2229,0.10000,-0.11502,-0.00733,0.09035,32.00000,30.00000,tau_1
2234,0.10000,-0.11502,-0.00733,0.09035,32.00000,30.00000,tau_1
2239,0.10000,-0.11502,-0.00733,0.09035,32.00000,30.00000,tau_1
2244,0.10000,-0.11502,-0.00733,0.09035,32.00000,30.00000,tau_1
2249,0.10000,-0.11502,-0.00733,0.09035,32.00000,30.00000,tau_1
2254,0.10000,-0.11502,-0.00733,0.09035,32.00000,30.00000,tau_1
2259,0.10000,-0.11502,-0.00733,0.08547,32.00000,30.00000,tau_1
2264,0.10000,-0.11502,-0.00733,0.08547,32.00000,30.00000,tau_1
2269,0.10000,-0.11502,-0.00733,0.08547,32.00000,30.00000,tau_1
2275,0.10000,-0.11502,-0.00733,0.09035,32.00000,30.00000,tau_1
2280,0.10000,-0.11502,-0.00733,0.09035,32.00000,30.00000,tau_1
2285,0.10000,-0.11502,-0.00733,0.09035,32.00000,30.00000,tau_1
2290,0.10000,-0.11502,-0.00733,0.09035,32.00000,30.00000,tau_1
2295,0.10000,-0.11502,-0.00733,0.09035,32.00000,30.00000,tau_1
2300,0.10000,-0.11502,-0.00733,0.09035,32.00000,30.00000,tau_1
2305,0.10000,-0.11502,-0.00733,0.09035,32.00000,30.00000,tau_1
2310,0.10000,-0.11502,-0.00733,0.09035,32.00000,30.00000,tau_1
2315,0.10000,-0.11502,-0.00733,0.09035,32.00000,30.00000,tau_1
2320,0.10000,-0.11502,-0.00733,0.09035,32.00000,30.00000,tau_1
2325,0.10000,-0.11502,-0.00733,0.09035,32.00000,30.00000,tau_1
2330,0.10000,-0.11502,-0.00733,0.09035,32.00000,30.00000,tau_1
2335,0.10000,-0.11502,-0.00733,0.09035,32.00000,30.00000,tau_1
2340,0.10000,-0.11502,-0.00733,0.09035,32.00000,30.00000,tau_1
2345,0.10000,-0.11502,-0.00733,0.09035,32.00000,30.00000,tau_1
2350,0.10000,-0.11502,-0.00733,0.09035,32.00000,30.00000,tau_1
2355,0.10000,-0.11502,-0.00733,0.09035,32.00000,30.00000,tau_1
2360,0.10000,-0.11502,-0.00733,0.09035,32.00000,30.00000,tau_1
2366,0.10000,-0.11502,-0.00733,0.09035,32.00000,30.00000,tau_1
2371,0.10000,-0.11502,-0.00733,0.08547,32.00000,30.00000,tau_1
2376,0.10000,-0.11502,-0.00733,0.09035,32.00000,30.00000,tau_1
2381,0.10000,-0.11502,-0.00733,0.09035,32.00000,30.00000,tau_1
2386,0.10000,-0.11502,-0.00733,0.09035,32.00000,30.00000,tau_1
2391,0.10000,-0.11502,-0.00733,0.08547,32.00000,30.00000,tau_1
2396,0.10000,-0.11502,-0.00733,0.09035,32.00000,30.00000,tau_1
2401,0.10000,-0.11502,-0.00733,0.09035,32.00000,30.00000,tau_1
2406,0.10000,-0.11502,-0.00733,0.09035,32.00000,30.00000,tau_1
2411,0.10000,-0.11502,-0.00733,0.09035,32.00000,30.00000,tau_1
2416,0.10000,-0.11502,-0.00733,0.09035,32.00000,30.00000,tau_1
2421,0.10000,-0.11502,-0.00733,0.09035,32.00000,30.00000,tau_1
2426,0.10000,-0.11502,-0.00733,0.09035,32.00000,30.00000,tau_1
2431,0.10000,-0.11502,-0.00733,0.09035,32.00000,30.00000,tau_1
2436,0.10000,-0.11502,-0.00733,0.09035,32.00000,30.00000,tau_1
2441,0.10000,-0.11502,-0.00733,0.09035,32.00000,30.00000,tau_1
2446,0.10000,-0.11502,-0.00733,0.09035,32.00000,30.00000,tau_1
2451,0.10000,-0.11502,-0.00733,0.09035,32.00000,30.00000,tau_1
2457,0.10000,-0.11502,-0.00733,0.09035,32.00000,30.00000,tau_1
2462,0.10000,-0.11502,-0.00733,0.09035,32.00000,30.00000,tau_1
2467,0.10000,-0.11502,-0.00733,0.08547,32.00000,30.00000,tau_1
2472,0.10000,-0.11502,-0.00733,0.09035,32.00000,30.00000,tau_1
2477,0.10000,-0.11502,-0.00733,0.09035,32.00000,30.00000,tau_1
2482,0.10000,-0.11502,-0.00733,0.09035,32.00000,30.00000,tau_1
2487,0.10000,-0.11502,-0.00733,0.09035,32.00000,30.00000,tau_1
2492,0.10000,-0.11502,-0.00733,0.09035,32.00000,30.00000,tau_1
2497,0.10000,-0.11502,-0.00733,0.09035,32.00000,30.00000,tau_1
2502,0.10000,-0.11502,-0.00733,0.09035,32.00000,30.00000,tau_1
2507,0.10000,-0.11502,-0.00733,0.09035,32.00000,30.00000,tau_1
2512,0.10000,-0.11502,-0.00733,0.09035,32.00000,30.00000,tau_1
2517,0.10000,-0.11502,-0.00733,0.09035,32.00000,30.00000,tau_1
2522,0.10000,-0.11502,-0.00733,0.09035,32.00000,30.00000,tau_1
2527,0.10000,-0.11502,-0.00733,0.09035,32.00000,30.00000,tau_1
2532,0.10000,-0.11502,-0.00733,0.09035,32.00000,30.00000,tau_1
2537,0.10000,-0.11502,-0.00733,0.09035,32.00000,30.00000,tau_1
2542,0.10000,-0.11502,-0.00733,0.09035,32.00000,30.00000,tau_1
2547,0.10000,-0.11502,-0.00733,0.09035,32.00000,30.00000,tau_1
2553,0.10000,-0.11502,-0.00733,0.09035,32.00000,30.00000,tau_1
2558,0.10000,-0.11502,-0.00733,0.09035,32.00000,30.00000,tau_1
2563,0.10000,-0.11502,-0.00733,0.09035,32.00000,30.00000,tau_1
2568,0.10000,-0.11502,-0.00733,0.09035,32.00000,30.00000,tau_1
2573,0.10000,-0.11502,-0.00733,0.09035,32.00000,30.00000,tau_1
2578,0.10000,-0.11502,-0.00733,0.08547,32.00000,30.00000,tau_1
2583,0.10000,-0.11502,-0.00733,0.09035,32.00000,30.00000,tau_1
2588,0.10000,-0.11502,-0.00733,0.09035,32.00000,30.00000,tau_1
2593,0.10000,-0.11502,-0.00733,0.09035,32.00000,30.00000,tau_1
2598,0.10000,-0.11502,-0.00733,0.09035,32.00000,30.00000,tau_1
2603,0.10000,-0.11502,-0.00733,0.09035,32.00000,30.00000,tau_1
2608,0.10000,-0.11502,-0.00733,0.09035,32.00000,30.00000,tau_1
2613,0.10000,-0.11502,-0.00733,0.08547,32.00000,30.00000,tau_1
2618,0.10000,-0.11502,-0.00733,0.09035,32.00000,30.00000,tau_1
2623,0.10000,-0.11502,-0.00733,0.09035,32.00000,30.00000,tau_1
2628,0.10000,-0.11502,-0.00733,0.09035,32.00000,30.00000,tau_1
2633,0.10000,-0.11502,-0.00733,0.09035,32.00000,30.00000,tau_1
2639,0.10000,-0.11502,-0.00733,0.09035,32.00000,30.00000,tau_1
2644,0.10000,-0.11502,-0.00733,0.09035,32.00000,30.00000,tau_1
2649,0.10000,-0.11502,-0.00733,0.08547,32.00000,30.00000,tau_1
2654,0.10000,-0.11502,-0.00733,0.09035,32.00000,30.00000,tau_1
2659,0.10000,-0.11502,-0.00733,0.09035,32.00000,30.00000,tau_1
2664,0.10000,-0.11502,-0.00733,0.08547,32.00000,30.00000,tau_1
2669,0.10000,-0.11502,-0.00733,0.09035,32.00000,30.00000,tau_1
2674,0.10000,-0.11502,-0.00733,0.09035,32.00000,30.00000,tau_1
2679,0.10000,-0.11502,-0.00733,0.09035,32.00000,30.00000,tau_1
2684,0.10000,-0.11502,-0.00733,0.08547,32.00000,30.00000,tau_1
2689,0.10000,-0.11502,-0.00733,0.09035,32.00000,30.00000,tau_1
2694,0.10000,-0.11502,-0.00733,0.09035,32.00000,30.00000,tau_1
2699,0.10000,-0.11502,-0.00733,0.09035,32.00000,30.00000,tau_1
2704,0.10000,-0.11502,-0.00733,0.09035,32.00000,30.00000,tau_1
2709,0.10000,-0.11502,-0.00733,0.09035,32.00000,30.00000,tau_1
2714,0.10000,-0.11502,-0.00733,0.09035,32.00000,30.00000,tau_1
2719,0.10000,-0.11502,-0.00733,0.09035,32.00000,30.00000,tau_1
2724,0.10000,-0.11502,-0.00733,0.09035,32.00000,30.00000,tau_1
2730,0.10000,-0.11502,-0.00733,0.08547,32.00000,30.00000,tau_1
2735,0.10000,-0.11502,-0.00733,0.09035,32.00000,30.00000,tau_1
2740,0.10000,-0.11502,-0.00733,0.08547,32.00000,30.00000,tau_1
2745,0.10000,-0.11502,-0.00733,0.09035,32.00000,30.00000,tau_1
2750,0.10000,-0.11502,-0.00733,0.09035,32.00000,30.00000,tau_1
2755,0.10000,-0.11502,-0.00733,0.09035,32.00000,30.00000,tau_1
2760,0.10000,-0.11502,-0.00733,0.09035,32.00000,30.00000,tau_1
2765,0.10000,-0.11502,-0.00733,0.09035,32.00000,30.00000,tau_1
2770,0.10000,-0.11502,-0.00733,0.09035,32.00000,30.00000,tau_1
2775,0.10000,-0.11502,-0.00733,0.08547,32.00000,30.00000,tau_1
2780,0.10000,-0.11502,-0.00733,0.09035,32.00000,30.00000,tau_1
2785,0.10000,-0.11502,-0.00733,0.09035,32.00000,30.00000,tau_1
2790,0.10000,-0.11502,-0.00733,0.09035,32.00000,30.00000,tau_1
2795,0.10000,-0.11502,-0.00733,0.09035,32.00000,30.00000,tau_1
2800,0.10000,-0.11502,-0.00733,0.09035,32.00000,30.00000,tau_1
2805,0.10000,-0.11502,-0.00733,0.09035,32.00000,30.00000,tau_1
2810,0.10000,-0.11502,-0.00733,0.09035,32.00000,30.00000,tau_1
2816,0.10000,-0.11502,-0.00733,0.09035,32.00000,30.00000,tau_1
2821,0.10000,-0.11502,-0.00733,0.09035,32.00000,30.00000,tau_1
2826,0.10000,-0.11502,-0.00733,0.08547,32.00000,30.00000,tau_1
2831,0.10000,-0.11502,-0.00733,0.08547,32.00000,30.00000,tau_1
2836,0.10000,-0.11502,-0.00733,0.09035,32.00000,30.00000,tau_1
2841,0.10000,-0.11502,-0.00733,0.09035,32.00000,30.00000,tau_1
2846,0.10000,-0.11502,-0.00733,0.09035,32.00000,30.00000,tau_1
2851,0.10000,-0.11502,-0.00733,0.09035,32.00000,30.00000,tau_1
2856,0.10000,-0.11502,-0.00733,0.09035,32.00000,30.00000,tau_1
2861,0.10000,-0.11502,-0.00733,0.09035,32.00000,30.00000,tau_1
2866,0.10000,-0.11502,-0.00733,0.09035,32.00000,30.00000,tau_1
2871,0.10000,-0.11502,-0.00733,0.09035,32.00000,30.00000,tau_1
2876,0.10000,-0.11502,-0.00733,0.09035,32.00000,30.00000,tau_1
2881,0.10000,-0.11502,-0.00733,0.09035,32.00000,30.00000,tau_1
2886,0.10000,-0.11502,-0.00733,0.09035,32.00000,30.00000,tau_1
2891,0.10000,-0.11502,-0.00733,0.09035,32.00000,30.00000,tau_1
2896,0.10000,-0.11502,-0.00733,0.09035,32.00000,30.00000,tau_1
2901,0.10000,-0.11502,-0.00733,0.09035,32.00000,30.00000,tau_1
2906,0.10000,-0.11502,-0.00733,0.09035,32.00000,30.00000,tau_1
2911,0.10000,-0.11502,-0.00733,0.09035,32.00000,30.00000,tau_1
2917,0.10000,-0.11502,-0.00733,0.09035,32.00000,30.00000,tau_1
2922,0.10000,-0.11502,-0.00733,0.09035,32.00000,30.00000,tau_1
2927,0.10000,-0.11502,-0.00733,0.09035,32.00000,30.00000,tau_1
2932,0.10000,-0.11502,-0.00733,0.08547,32.00000,30.00000,tau_1
2937,0.10000,-0.11502,-0.00733,0.08547,32.00000,30.00000,tau_1
2942,0.10000,-0.11502,-0.00733,0.09035,32.00000,30.00000,tau_1
2947,0.10000,-0.11502,-0.00733,0.09035,32.00000,30.00000,tau_1
2952,0.10000,-0.11502,-0.00733,0.08547,32.00000,30.00000,tau_1
2957,0.10000,-0.11502,-0.00733,0.09035,32.00000,30.00000,tau_1
2962,0.10000,-0.11502,-0.00733,0.09035,32.00000,30.00000,tau_1
2967,0.10000,-0.11502,-0.00733,0.09035,32.00000,30.00000,tau_1
2972,0.10000,-0.11502,-0.00733,0.09035,32.00000,30.00000,tau_1
2977,0.10000,-0.11502,-0.00733,0.09035,32.00000,30.00000,tau_1
2982,0.10000,-0.11502,-0.00733,0.08547,32.00000,30.00000,tau_1
2987,0.10000,-0.11502,-0.00733,0.08547,32.00000,30.00000,tau_1
2992,0.10000,-0.11502,-0.00733,0.09035,32.00000,30.00000,tau_1
2997,0.10000,-0.11502,-0.00733,0.09035,32.00000,30.00000,tau_1
3003,0.10000,-0.11502,-0.00733,0.09035,32.00000,30.00000,tau_1
3008,0.10000,-0.11502,-0.00733,0.09035,32.00000,30.00000,tau_1
3013,0.10000,-0.11502,-0.00733,0.09035,32.00000,30.00000,tau_1
3018,0.10000,-0.11502,-0.00733,0.09035,32.00000,30.00000,tau_1
3023,0.10000,-0.11502,-0.00733,0.09035,32.00000,30.00000,tau_1
3028,0.10000,-0.11502,-0.00733,0.09035,32.00000,30.00000,tau_1
3033,0.10000,-0.11502,-0.00733,0.09035,32.00000,30.00000,tau_1
3038,0.10000,-0.11502,-0.00733,0.09035,32.00000,30.00000,tau_1
3043,0.10000,-0.11502,-0.00733,0.09035,32.00000,30.00000,tau_1
3048,0.10000,-0.11502,-0.00733,0.08547,32.00000,30.00000,tau_1
3053,0.10000,-0.11502,-0.00733,0.09035,32.00000,30.00000,tau_1
3058,0.10000,-0.11502,-0.00733,0.09035,32.00000,30.00000,tau_1
3063,0.10000,-0.11502,-0.00733,0.09035,32.00000,30.00000,tau_1
3068,0.10000,-0.11502,-0.00733,0.09035,32.00000,30.00000,tau_1
3073,0.10000,-0.11502,-0.00733,0.09035,32.00000,30.00000,tau_1
3078,0.10000,-0.11502,-0.00733,0.09035,32.00000,30.00000,tau_1
3083,0.10000,-0.11502,-0.00733,0.09035,32.00000,30.00000,tau_1
3089,0.10000,-0.11502,-0.00733,0.09035,32.00000,30.00000,tau_1
3094,0.10000,-0.11502,-0.00733,0.08547,32.00000,30.00000,tau_1
3099,0.10000,-0.11502,-0.00733,0.09035,32.00000,30.00000,tau_1
3104,0.10000,-0.11502,-0.00733,0.09035,32.00000,30.00000,tau_1
3109,0.10000,-0.11502,-0.00733,0.08547,32.00000,30.00000,tau_1
3114,0.10000,-0.11502,-0.00733,0.09035,32.00000,30.00000,tau_1
3119,0.10000,-0.11502,-0.00733,0.09035,32.00000,30.00000,tau_1
3124,0.10000,-0.11502,-0.00733,0.08547,32.00000,30.00000,tau_1
3129,0.10000,-0.11502,-0.00733,0.08547,32.00000,30.00000,tau_1
3134,0.10000,-0.11502,-0.00733,0.09035,32.00000,30.00000,tau_1
3139,0.10000,-0.11502,-0.00733,0.08547,32.00000,30.00000,tau_1
3144,0.10000,-0.11502,-0.00733,0.08547,32.00000,30.00000,tau_1
3149,0.10000,-0.11502,-0.00733,0.08547,32.00000,30.00000,tau_1
3154,0.10000,-0.11502,-0.00733,0.09035,32.00000,30.00000,tau_1
3159,0.10000,-0.11502,-0.00733,0.09035,32.00000,30.00000,tau_1
3164,0.10000,-0.11502,-0.00733,0.09035,32.00000,30.00000,tau_1
3169,0.10000,-0.11502,-0.00733,0.09035,32.00000,30.00000,tau_1
3174,0.10000,-0.11502,-0.00733,0.09035,32.00000,30.00000,tau_1
3180,0.10000,-0.11502,-0.00733,0.09035,32.00000,30.00000,tau_1
3185,0.10000,-0.11502,-0.00733,0.08547,32.00000,30.00000,tau_1
3190,0.10000,-0.11502,-0.00733,0.09035,32.00000,30.00000,tau_1
3195,0.10000,-0.11502,-0.00733,0.09035,32.00000,30.00000,tau_1
3200,0.10000,-0.11502,-0.00733,0.09035,32.00000,30.00000,tau_1
3205,0.10000,-0.11502,-0.00733,0.08547,32.00000,30.00000,tau_1
3210,0.10000,-0.11502,-0.00733,0.08547,32.00000,30.00000,tau_1
3215,0.10000,-0.11502,-0.00733,0.09035,32.00000,30.00000,tau_1
3220,0.10000,-0.11502,-0.00733,0.08547,32.00000,30.00000,tau_1
3225,0.10000,-0.11502,-0.00733,0.09035,32.00000,30.00000,tau_1
3230,0.10000,-0.11502,-0.00733,0.08547,32.00000,30.00000,tau_1
3235,0.10000,-0.11502,-0.00733,0.08547,32.00000,30.00000,tau_1
3240,0.10000,-0.11502,-0.00733,0.09035,32.00000,30.00000,tau_1
3245,0.10000,-0.11502,-0.00733,0.09035,32.00000,30.00000,tau_1
3250,0.10000,-0.11502,-0.00733,0.09035,32.00000,30.00000,tau_1
3255,0.10000,-0.11502,-0.00733,0.09035,32.00000,30.00000,tau_1
3260,0.10000,-0.11502,-0.00733,0.09035,32.00000,30.00000,tau_1
3266,0.10000,-0.11502,-0.00733,0.08547,32.00000,30.00000,tau_1
3271,0.10000,-0.11502,-0.00733,0.09035,32.00000,30.00000,tau_1
3276,0.10000,-0.11502,-0.00733,0.09035,32.00000,30.00000,tau_1
3281,0.10000,-0.11502,-0.00733,0.08547,32.00000,30.00000,tau_1
3286,0.10000,-0.11502,-0.00733,0.08547,32.00000,30.00000,tau_1
3291,0.10000,-0.11502,-0.00733,0.09035,32.00000,30.00000,tau_1
3296,0.10000,-0.11502,-0.00733,0.09035,32.00000,30.00000,tau_1
3301,0.10000,-0.11502,-0.00733,0.09035,32.00000,30.00000,tau_1
3306,0.10000,-0.11502,-0.00733,0.08547,32.00000,30.00000,tau_1
3311,0.10000,-0.11502,-0.00733,0.08547,32.00000,30.00000,tau_1
3316,0.10000,-0.11502,-0.00733,0.09035,32.00000,30.00000,tau_1
3321,0.10000,-0.11502,-0.00733,0.08547,32.00000,30.00000,tau_1
3326,0.10000,-0.11502,-0.00733,0.09035,32.00000,30.00000,tau_1
3331,0.10000,-0.11502,-0.00733,0.09035,32.00000,30.00000,tau_1
3336,0.10000,-0.11502,-0.00733,0.09035,32.00000,30.00000,tau_1
3341,0.10000,-0.11502,-0.00733,0.09035,32.00000,30.00000,tau_1
3346,0.10000,-0.11502,-0.00733,0.09035,32.00000,30.00000,tau_1
3351,0.10000,-0.11502,-0.00733,0.09035,32.00000,30.00000,tau_1
3357,0.10000,-0.11502,-0.00733,0.09035,32.00000,30.00000,tau_1
3362,0.10000,-0.11502,-0.00733,0.09035,32.00000,30.00000,tau_1
3367,0.10000,-0.11502,-0.00733,0.09035,32.00000,30.00000,tau_1
3372,0.10000,-0.11502,-0.00733,0.09035,32.00000,30.00000,tau_1
3377,0.10000,-0.11502,-0.00733,0.09035,32.00000,30.00000,tau_1
3382,0.10000,-0.11502,-0.00733,0.09035,32.00000,30.00000,tau_1
3387,0.10000,-0.11502,-0.00733,0.09035,32.00000,30.00000,tau_1
3392,0.10000,-0.11502,-0.00733,0.09035,32.00000,30.00000,tau_1
3397,0.10000,-0.11502,-0.00733,0.09035,32.00000,30.00000,tau_1
3402,0.10000,-0.11502,-0.00733,0.09035,32.00000,30.00000,tau_1
3407,0.10000,-0.11502,-0.00733,0.09035,32.00000,30.00000,tau_1
3412,0.10000,-0.11502,-0.00733,0.09035,32.00000,30.00000,tau_1
3417,0.10000,-0.11502,-0.00733,0.09035,32.00000,30.00000,tau_1
3422,0.10000,-0.11502,-0.00733,0.09035,32.00000,30.00000,tau_1
3427,0.10000,-0.11502,-0.00733,0.09035,32.00000,30.00000,tau_1
3432,0.10000,-0.11502,-0.00733,0.08547,32.00000,30.00000,tau_1
3437,0.10000,-0.11502,-0.00733,0.09035,32.00000,30.00000,tau_1
3443,0.10000,-0.11502,-0.00733,0.09035,32.00000,30.00000,tau_1
3448,0.10000,-0.11502,-0.00733,0.09035,32.00000,30.00000,tau_1
3453,0.10000,-0.11502,-0.00733,0.09035,32.00000,30.00000,tau_1
3458,0.10000,-0.11502,-0.00733,0.09035,32.00000,30.00000,tau_1
3463,0.10000,-0.11502,-0.00733,0.09035,32.00000,30.00000,tau_1
3468,0.10000,-0.11502,-0.00733,0.09035,32.00000,30.00000,tau_1
3473,0.10000,-0.11502,-0.00733,0.09035,32.00000,30.00000,tau_1
3478,0.10000,-0.11502,-0.00733,0.09035,32.00000,30.00000,tau_1
3483,0.10000,-0.11502,-0.00733,0.09035,32.00000,30.00000,tau_1
3488,0.10000,-0.11502,-0.00733,0.09035,32.00000,30.00000,tau_1
3493,0.10000,-0.11502,-0.00733,0.09035,32.00000,30.00000,tau_1
3498,0.10000,-0.11502,-0.00733,0.09035,32.00000,30.00000,tau_1
3503,0.10000,-0.11502,-0.00733,0.09035,32.00000,30.00000,tau_1
3508,0.10000,-0.11502,-0.00733,0.09035,32.00000,30.00000,tau_1
3513,0.10000,-0.11502,-0.00733,0.08547,32.00000,30.00000,tau_1
3518,0.10000,-0.11502,-0.00733,0.09035,32.00000,30.00000,tau_1
3523,0.10000,-0.11502,-0.00733,0.09035,32.00000,30.00000,tau_1
3528,0.10000,-0.11502,-0.00733,0.09035,32.00000,30.00000,tau_1
3534,0.10000,-0.11502,-0.00733,0.08547,32.00000,30.00000,tau_1
3539,0.10000,-0.11502,-0.00733,0.09035,32.00000,30.00000,tau_1
3544,0.10000,-0.11502,-0.00733,0.08547,32.00000,30.00000,tau_1
3549,0.10000,-0.11502,-0.00733,0.09035,32.00000,30.00000,tau_1
3554,0.10000,-0.11502,-0.00733,0.09035,32.00000,30.00000,tau_1
3559,0.10000,-0.11502,-0.00733,0.09035,32.00000,30.00000,tau_1
3564,0.10000,-0.11502,-0.00733,0.09035,32.00000,30.00000,tau_1
3569,0.10000,-0.11502,-0.00733,0.09035,32.00000,30.00000,tau_1
3574,0.10000,-0.11502,-0.00733,0.09035,32.00000,30.00000,tau_1
3579,0.10000,-0.11502,-0.00733,0.09035,32.00000,30.00000,tau_1
3584,0.10000,-0.11502,-0.00733,0.09035,32.00000,30.00000,tau_1
3589,0.10000,-0.11502,-0.00733,0.09035,32.00000,30.00000,tau_1
3594,0.10000,-0.11502,-0.00733,0.09035,32.00000,30.00000,tau_1
3599,0.10000,-0.11502,-0.00733,0.09035,32.00000,30.00000,tau_1
3604,0.10000,-0.11502,-0.00733,0.08547,32.00000,30.00000,tau_1
3609,0.10000,-0.11502,-0.00733,0.09035,32.00000,30.00000,tau_1
3614,0.10000,-0.11502,-0.00733,0.09035,32.00000,30.00000,tau_1
3619,0.10000,-0.11502,-0.00733,0.09035,32.00000,30.00000,tau_1
3625,0.10000,-0.11502,-0.00733,0.09035,32.00000,30.00000,tau_1
3630,0.10000,-0.11502,-0.00733,0.09035,32.00000,30.00000,tau_1
3635,0.10000,-0.11502,-0.00733,0.08547,32.00000,30.00000,tau_1
3640,0.10000,-0.11502,-0.00733,0.09035,32.00000,30.00000,tau_1
3645,0.10000,-0.11502,-0.00733,0.08547,32.00000,30.00000,tau_1
3650,0.10000,-0.11502,-0.00733,0.08547,32.00000,30.00000,tau_1
3655,0.10000,-0.11502,-0.00733,0.08547,32.00000,30.00000,tau_1
3660,0.10000,-0.11502,-0.00733,0.09035,32.00000,30.00000,tau_1
3665,0.10000,-0.11502,-0.00733,0.09035,32.00000,30.00000,tau_1
3670,0.10000,-0.11502,-0.00733,0.09035,32.00000,30.00000,tau_1
3675,0.10000,-0.11502,-0.00733,0.09035,32.00000,30.00000,tau_1
3680,0.10000,-0.11502,-0.00733,0.09035,32.00000,30.00000,tau_1
3685,0.10000,-0.11502,-0.00733,0.09035,32.00000,30.00000,tau_1
3690,0.10000,-0.11502,-0.00733,0.09035,32.00000,30.00000,tau_1
3695,0.10000,-0.11502,-0.00733,0.09035,32.00000,30.00000,tau_1
3700,0.10000,-0.11502,-0.00733,0.09035,32.00000,30.00000,tau_1
3705,0.10000,-0.11502,-0.00733,0.09035,32.00000,30.00000,tau_1
3711,0.10000,-0.11502,-0.00733,0.08547,32.00000,30.00000,tau_1
3716,0.10000,-0.11502,-0.00733,0.09035,32.00000,30.00000,tau_1
3721,0.10000,-0.11502,-0.00733,0.08547,32.00000,30.00000,tau_1
3726,0.10000,-0.11502,-0.00733,0.09035,32.00000,30.00000,tau_1
3731,0.10000,-0.11502,-0.00733,0.09035,32.00000,30.00000,tau_1
3736,0.10000,-0.11502,-0.00733,0.09035,32.00000,30.00000,tau_1
3741,0.10000,-0.11502,-0.00733,0.09035,32.00000,30.00000,tau_1
3746,0.10000,-0.11502,-0.00733,0.09035,32.00000,30.00000,tau_1
3751,0.10000,-0.11502,-0.00733,0.09035,32.00000,30.00000,tau_1
3756,0.10000,-0.11502,-0.00733,0.09035,32.00000,30.00000,tau_1
3761,0.10000,-0.11502,-0.00733,0.09035,32.00000,30.00000,tau_1
3766,0.10000,-0.11502,-0.00733,0.09035,32.00000,30.00000,tau_1
3771,0.10000,-0.11502,-0.00733,0.09035,32.00000,30.00000,tau_1
3776,0.10000,-0.11502,-0.00733,0.09035,32.00000,30.00000,tau_1
3781,0.10000,-0.11502,-0.00733,0.09035,32.00000,30.00000,tau_1
3786,0.10000,-0.11502,-0.00733,0.09035,32.00000,30.00000,tau_1
3791,0.10000,-0.11502,-0.00733,0.09035,32.00000,30.00000,tau_1
3796,0.10000,-0.11502,-0.00733,0.09035,32.00000,30.00000,tau_1
3801,0.10000,-0.11502,-0.00733,0.09035,32.00000,30.00000,tau_1
3807,0.10000,-0.11502,-0.00733,0.08547,32.00000,30.00000,tau_1
3812,0.10000,-0.11502,-0.00733,0.09035,32.00000,30.00000,tau_1
3817,0.10000,-0.11502,-0.00733,0.09035,32.00000,30.00000,tau_1
3822,0.10000,-0.11502,-0.00733,0.08547,32.00000,30.00000,tau_1
3827,0.10000,-0.11502,-0.00733,0.09035,32.00000,30.00000,tau_1
3832,0.10000,-0.11502,-0.00733,0.09035,32.00000,30.00000,tau_1
3837,0.10000,-0.11502,-0.00733,0.08547,32.00000,30.00000,tau_1
3842,0.10000,-0.11502,-0.00733,0.09035,32.00000,30.00000,tau_1
3847,0.10000,-0.11502,-0.00733,0.09035,32.00000,30.00000,tau_1
3852,0.10000,-0.11502,-0.00733,0.09035,32.00000,30.00000,tau_1
3857,0.10000,-0.11502,-0.00733,0.09035,32.00000,30.00000,tau_1
3862,0.10000,-0.11502,-0.00733,0.09035,32.00000,30.00000,tau_1
3867,0.10000,-0.11502,-0.00733,0.09035,32.00000,30.00000,tau_1
3872,0.10000,-0.11502,-0.00733,0.09035,32.00000,30.00000,tau_1
3877,0.10000,-0.11502,-0.00733,0.09035,32.00000,30.00000,tau_1
3882,0.10000,-0.11502,-0.00733,0.09035,32.00000,30.00000,tau_1
3887,0.10000,-0.11502,-0.00733,0.09035,32.00000,30.00000,tau_1
3892,0.10000,-0.11502,-0.00733,0.09035,32.00000,30.00000,tau_1
3898,0.10000,-0.11502,-0.00733,0.09035,32.00000,30.00000,tau_1
3903,0.10000,-0.11502,-0.00733,0.09035,32.00000,30.00000,tau_1
3908,0.10000,-0.11502,-0.00733,0.09035,32.00000,30.00000,tau_1
3913,0.10000,-0.11502,-0.00733,0.09035,32.00000,30.00000,tau_1
3918,0.10000,-0.11502,-0.00733,0.09035,32.00000,30.00000,tau_1
3923,0.10000,-0.11502,-0.00733,0.09035,32.00000,30.00000,tau_1
3928,0.10000,-0.11502,-0.00733,0.08547,32.00000,30.00000,tau_1
3933,0.10000,-0.11502,-0.00733,0.09035,32.00000,30.00000,tau_1
3938,0.10000,-0.11502,-0.00733,0.09035,32.00000,30.00000,tau_1
3943,0.10000,-0.11502,-0.00733,0.08547,32.00000,30.00000,tau_1
3948,0.10000,-0.11502,-0.00733,0.09035,32.00000,30.00000,tau_1
3953,0.10000,-0.11502,-0.00733,0.09035,32.00000,30.00000,tau_1
3958,0.10000,-0.11502,-0.00733,0.09035,32.00000,30.00000,tau_1
3963,0.10000,-0.11502,-0.00733,0.08547,32.00000,30.00000,tau_1
3968,0.10000,-0.11502,-0.00733,0.09035,32.00000,30.00000,tau_1
3973,0.10000,-0.11502,-0.00733,0.09035,32.00000,30.00000,tau_1
3978,0.10000,-0.11502,-0.00733,0.09035,32.00000,30.00000,tau_1
3983,0.10000,-0.11502,-0.00733,0.09035,32.00000,30.00000,tau_1
3989,0.10000,-0.11502,-0.00733,0.09035,32.00000,30.00000,tau_1
3994,0.10000,-0.11502,-0.00733,0.09035,32.00000,30.00000,tau_1
3999,0.10000,-0.11502,-0.00733,0.09035,32.00000,30.00000,tau_1
4004,0.10000,-0.11502,-0.00733,0.09035,32.00000,30.00000,tau_1
4009,0.10000,-0.11502,-0.00733,0.09035,32.00000,30.00000,tau_1
4014,0.10000,-0.11502,-0.00733,0.09035,32.00000,30.00000,tau_1
4019,0.10000,-0.11502,-0.00733,0.09035,32.00000,30.00000,tau_1
4024,0.10000,-0.11502,-0.00733,0.09035,32.00000,30.00000,tau_1
4029,0.10000,-0.11502,-0.00733,0.09035,32.00000,30.00000,tau_1
4034,0.10000,-0.11502,-0.00733,0.09035,32.00000,30.00000,tau_1
4039,0.10000,-0.11502,-0.00733,0.09035,32.00000,30.00000,tau_1
4044,0.10000,-0.11502,-0.00733,0.09035,32.00000,30.00000,tau_1
4049,0.10000,-0.11502,-0.00733,0.09035,32.00000,30.00000,tau_1
4054,0.10000,-0.11502,-0.00733,0.09035,32.00000,30.00000,tau_1
4059,0.10000,-0.11502,-0.00733,0.09035,32.00000,30.00000,tau_1
4064,0.10000,-0.11502,-0.00733,0.08547,32.00000,30.00000,tau_1
4069,0.10000,-0.11502,-0.00733,0.09035,32.00000,30.00000,tau_1
4074,0.10000,-0.11502,-0.00733,0.09035,32.00000,30.00000,tau_1
4080,0.10000,-0.11502,-0.00733,0.09035,32.00000,30.00000,tau_1
4085,0.10000,-0.11502,-0.00733,0.09035,32.00000,30.00000,tau_1
4090,0.10000,-0.11502,-0.00733,0.09035,32.00000,30.00000,tau_1
4095,0.10000,-0.11502,-0.00733,0.09035,32.00000,30.00000,tau_1
4100,0.10000,-0.11502,-0.00733,0.09035,32.00000,30.00000,tau_1
4105,0.10000,-0.11502,-0.00733,0.09035,32.00000,30.00000,tau_1
4110,0.10000,-0.11502,-0.00733,0.09035,32.00000,30.00000,tau_1
4115,0.10000,-0.11502,-0.00733,0.09035,32.00000,30.00000,tau_1
4120,0.10000,-0.11502,-0.00733,0.09035,32.00000,30.00000,tau_1
4125,0.10000,-0.11502,-0.00733,0.09035,32.00000,30.00000,tau_1
4130,0.10000,-0.11502,-0.00733,0.09035,32.00000,30.00000,tau_1
4135,0.10000,-0.11502,-0.00733,0.09035,32.00000,30.00000,tau_1
4140,0.10000,-0.11502,-0.00733,0.09035,32.00000,30.00000,tau_1
4145,0.10000,-0.11502,-0.00733,0.09035,32.00000,30.00000,tau_1
4150,0.10000,-0.11502,-0.00733,0.08547,32.00000,30.00000,tau_1
4155,0.10000,-0.11502,-0.00733,0.09035,32.00000,30.00000,tau_1
4160,0.10000,-0.11502,-0.00733,0.09035,32.00000,30.00000,tau_1
4165,0.10000,-0.11502,-0.00733,0.09035,32.00000,30.00000,tau_1
4171,0.10000,-0.11502,-0.00733,0.09035,32.00000,30.00000,tau_1
4176,0.10000,-0.11502,-0.00733,0.09035,32.00000,30.00000,tau_1
4181,0.10000,-0.11502,-0.00733,0.09035,32.00000,30.00000,tau_1
4186,0.10000,-0.11502,-0.00733,0.09035,32.00000,30.00000,tau_1
4191,0.10000,-0.11502,-0.00733,0.09035,32.00000,30.00000,tau_1
4196,0.10000,-0.11502,-0.00733,0.09035,32.00000,30.00000,tau_1
4201,0.10000,-0.11502,-0.00733,0.09035,32.00000,30.00000,tau_1
4206,0.10000,-0.11502,-0.00733,0.09035,32.00000,30.00000,tau_1
4211,0.10000,-0.11502,-0.00733,0.09035,32.00000,30.00000,tau_1
4216,0.10000,-0.11502,-0.00733,0.09035,32.00000,30.00000,tau_1
4221,0.10000,-0.11502,-0.00733,0.09035,32.00000,30.00000,tau_1
4226,0.10000,-0.11502,-0.00733,0.09035,32.00000,30.00000,tau_1
4231,0.10000,-0.11502,-0.00733,0.09035,32.00000,30.00000,tau_1
4236,0.10000,-0.11502,-0.00733,0.08547,32.00000,30.00000,tau_1
4241,0.10000,-0.11502,-0.00733,0.09035,32.00000,30.00000,tau_1
4246,0.10000,-0.11502,-0.00733,0.09035,32.00000,30.00000,tau_1
4251,0.10000,-0.11502,-0.00733,0.09035,32.00000,30.00000,tau_1
4256,0.10000,-0.11502,-0.00733,0.09035,32.00000,30.00000,tau_1
4262,0.10000,-0.11502,-0.00733,0.09035,32.00000,30.00000,tau_1
4267,0.10000,-0.11502,-0.00733,0.09035,32.00000,30.00000,tau_1
4272,0.10000,-0.11502,-0.00733,0.09035,32.00000,30.00000,tau_1
4277,0.10000,-0.11502,-0.00733,0.08547,32.00000,30.00000,tau_1
4282,0.10000,-0.11502,-0.00733,0.09035,32.00000,30.00000,tau_1
4287,0.10000,-0.11502,-0.00733,0.09035,32.00000,30.00000,tau_1
4292,0.10000,-0.11502,-0.00733,0.09035,32.00000,30.00000,tau_1
4297,0.10000,-0.11502,-0.00733,0.09035,32.00000,30.00000,tau_1
4302,0.10000,-0.11502,-0.00733,0.09035,32.00000,30.00000,tau_1
4307,0.10000,-0.11502,-0.00733,0.09035,32.00000,30.00000,tau_1
4312,0.10000,-0.11502,-0.00733,0.09035,32.00000,30.00000,tau_1
4317,0.10000,-0.11502,-0.00733,0.08547,32.00000,30.00000,tau_1
4322,0.10000,-0.11502,-0.00733,0.09035,32.00000,30.00000,tau_1
4327,0.10000,-0.11502,-0.00733,0.09035,32.00000,30.00000,tau_1
4332,0.10000,-0.11502,-0.00733,0.09035,32.00000,30.00000,tau_1
4337,0.10000,-0.11502,-0.00733,0.09035,32.00000,30.00000,tau_1
4342,0.10000,-0.11502,-0.00733,0.09035,32.00000,30.00000,tau_1
4347,0.10000,-0.11502,-0.00733,0.09035,32.00000,30.00000,tau_1
4353,0.10000,-0.11502,-0.00733,0.08547,32.00000,30.00000,tau_1
4358,0.10000,-0.11502,-0.00733,0.08547,32.00000,30.00000,tau_1
4363,0.10000,-0.11502,-0.00733,0.09035,32.00000,30.00000,tau_1
4368,0.10000,-0.11502,-0.00733,0.09035,32.00000,30.00000,tau_1
4373,0.10000,-0.11502,-0.00733,0.09035,32.00000,30.00000,tau_1
4378,0.10000,-0.11502,-0.00733,0.08547,32.00000,30.00000,tau_1
4383,0.10000,-0.11502,-0.00733,0.09035,32.00000,30.00000,tau_1
4388,0.10000,-0.11502,-0.00733,0.09035,32.00000,30.00000,tau_1
4393,0.10000,-0.11502,-0.00733,0.09035,32.00000,30.00000,tau_1
4398,0.10000,-0.11502,-0.00733,0.09035,32.00000,30.00000,tau_1
4403,0.10000,-0.11502,-0.00733,0.09035,32.00000,30.00000,tau_1
4408,0.10000,-0.11502,-0.00733,0.09035,32.00000,30.00000,tau_1
4413,0.10000,-0.11502,-0.00733,0.09035,32.00000,30.00000,tau_1
4418,0.10000,-0.11502,-0.00733,0.09035,32.00000,30.00000,tau_1
4423,0.10000,-0.11502,-0.00733,0.09035,32.00000,30.00000,tau_1
4428,0.10000,-0.11502,-0.00733,0.09035,32.00000,30.00000,tau_1
4433,0.10000,-0.11502,-0.00733,0.08547,32.00000,30.00000,tau_1
4439,0.10000,-0.11502,-0.00733,0.09035,32.00000,30.00000,tau_1
4444,0.10000,-0.11502,-0.00733,0.09035,32.00000,30.00000,tau_1
4449,0.10000,-0.11502,-0.00733,0.09035,32.00000,30.00000,tau_1
4454,0.10000,-0.11502,-0.00733,0.09035,32.00000,30.00000,tau_1
4459,0.10000,-0.11502,-0.00733,0.09035,32.00000,30.00000,tau_1
4464,0.10000,-0.11502,-0.00733,0.09035,32.00000,30.00000,tau_1
4469,0.10000,-0.11502,-0.00733,0.09035,32.00000,30.00000,tau_1
4474,0.10000,-0.11502,-0.00733,0.09035,32.00000,30.00000,tau_1
4479,0.10000,-0.11502,-0.00733,0.09035,32.00000,30.00000,tau_1
4484,0.10000,-0.11502,-0.00733,0.09035,32.00000,30.00000,tau_1
4489,0.10000,-0.11502,-0.00733,0.09035,32.00000,30.00000,tau_1
4494,0.10000,-0.11502,-0.00733,0.09035,32.00000,30.00000,tau_1
4499,0.10000,-0.11502,-0.00733,0.08547,32.00000,30.00000,tau_1
4504,0.10000,-0.11502,-0.00733,0.09035,32.00000,30.00000,tau_1
4509,0.10000,-0.11502,-0.00733,0.08547,32.00000,30.00000,tau_1
4514,0.10000,-0.11502,-0.00733,0.09035,32.00000,30.00000,tau_1
4519,0.10000,-0.11502,-0.00733,0.09035,32.00000,30.00000,tau_1
4524,0.10000,-0.11502,-0.00733,0.09035,32.00000,30.00000,tau_1
4530,0.10000,-0.11502,-0.00733,0.09035,32.00000,30.00000,tau_1
4535,0.10000,-0.11502,-0.00733,0.09035,32.00000,30.00000,tau_1
4540,0.10000,-0.11502,-0.00733,0.09035,32.00000,30.00000,tau_1
4545,0.10000,-0.11502,-0.00733,0.09035,32.00000,30.00000,tau_1
4550,0.10000,-0.11502,-0.00733,0.09035,32.00000,30.00000,tau_1
4555,0.10000,-0.11502,-0.00733,0.09035,32.00000,30.00000,tau_1
4560,0.10000,-0.11502,-0.00733,0.08547,32.00000,30.00000,tau_1
4565,0.10000,-0.11502,-0.00733,0.09035,32.00000,30.00000,tau_1
4570,0.10000,-0.11502,-0.00733,0.09035,32.00000,30.00000,tau_1
4575,0.10000,-0.11502,-0.00733,0.09035,32.00000,30.00000,tau_1
4580,0.10000,-0.11502,-0.00733,0.08547,32.00000,30.00000,tau_1
4585,0.10000,-0.11502,-0.00733,0.09035,32.00000,30.00000,tau_1
4590,0.10000,-0.11502,-0.00733,0.09035,32.00000,30.00000,tau_1
4595,0.10000,-0.11502,-0.00733,0.09035,32.00000,30.00000,tau_1
4600,0.10000,-0.11502,-0.00733,0.09035,32.00000,30.00000,tau_1
4605,0.10000,-0.11502,-0.00733,0.08547,32.00000,30.00000,tau_1
4610,0.10000,-0.11502,-0.00733,0.09035,32.00000,30.00000,tau_1
4615,0.10000,-0.11502,-0.00733,0.08547,32.00000,30.00000,tau_1
4621,0.10000,-0.11502,-0.00733,0.08547,32.00000,30.00000,tau_1
4626,0.10000,-0.11502,-0.00733,0.08547,32.00000,30.00000,tau_1
4631,0.10000,-0.11502,-0.00733,0.09035,32.00000,30.00000,tau_1
4636,0.10000,-0.11502,-0.00733,0.09035,32.00000,30.00000,tau_1
4641,0.10000,-0.11502,-0.00733,0.09035,32.00000,30.00000,tau_1
4646,0.10000,-0.11502,-0.00733,0.08547,32.00000,30.00000,tau_1
4651,0.10000,-0.11502,-0.00733,0.09035,32.00000,30.00000,tau_1
4656,0.10000,-0.11502,-0.00733,0.09035,32.00000,30.00000,tau_1
4661,0.10000,-0.11502,-0.00733,0.08547,32.00000,30.00000,tau_1
4666,0.10000,-0.11502,-0.00733,0.08547,32.00000,30.00000,tau_1
4671,0.10000,-0.11502,-0.00733,0.08547,32.00000,30.00000,tau_1
4676,0.10000,-0.11502,-0.00733,0.09035,32.00000,30.00000,tau_1
4681,0.10000,-0.11502,-0.00733,0.09035,32.00000,30.00000,tau_1
4686,0.10000,-0.11502,-0.00733,0.08547,32.00000,30.00000,tau_1
4691,0.10000,-0.11502,-0.00733,0.09035,32.00000,30.00000,tau_1
4696,0.10000,-0.11502,-0.00733,0.08547,32.00000,30.00000,tau_1
4701,0.10000,-0.11502,-0.00733,0.08547,32.00000,30.00000,tau_1
4706,0.10000,-0.11502,-0.00733,0.09035,32.00000,30.00000,tau_1
4712,0.10000,-0.11502,-0.00733,0.09035,32.00000,30.00000,tau_1
4717,0.10000,-0.11502,-0.00733,0.09035,32.00000,30.00000,tau_1
4722,0.10000,-0.11502,-0.00733,0.09035,32.00000,30.00000,tau_1
4727,0.10000,-0.11502,-0.00733,0.09035,32.00000,30.00000,tau_1
4732,0.10000,-0.11502,-0.00733,0.08547,32.00000,30.00000,tau_1
4737,0.10000,-0.11502,-0.00733,0.08547,32.00000,30.00000,tau_1
4742,0.10000,-0.11502,-0.00733,0.08547,32.00000,30.00000,tau_1
4747,0.10000,-0.11502,-0.00733,0.09035,32.00000,30.00000,tau_1
4752,0.10000,-0.11502,-0.00733,0.09035,32.00000,30.00000,tau_1
4757,0.10000,-0.11502,-0.00733,0.09035,32.00000,30.00000,tau_1
4762,0.10000,-0.11502,-0.00733,0.08547,32.00000,30.00000,tau_1
4767,0.10000,-0.11502,-0.00733,0.09035,32.00000,30.00000,tau_1
4772,0.10000,-0.11502,-0.00733,0.09035,32.00000,30.00000,tau_1
4777,0.10000,-0.11502,-0.00733,0.09035,32.00000,30.00000,tau_1
4782,0.10000,-0.11502,-0.00733,0.09035,32.00000,30.00000,tau_1
4787,0.10000,-0.11502,-0.00733,0.09035,32.00000,30.00000,tau_1
4792,0.10000,-0.11502,-0.00733,0.09035,32.00000,30.00000,tau_1
4797,0.10000,-0.11502,-0.00733,0.09035,32.00000,30.00000,tau_1
4803,0.10000,-0.11502,-0.00733,0.09035,32.00000,30.00000,tau_1
4808,0.10000,-0.11502,-0.00733,0.09035,32.00000,30.00000,tau_1
4813,0.10000,-0.11502,-0.00733,0.09035,32.00000,30.00000,tau_1
4818,0.10000,-0.11502,-0.00733,0.08547,32.00000,30.00000,tau_1
4823,0.10000,-0.11502,-0.00733,0.09035,32.00000,30.00000,tau_1
4828,0.10000,-0.11502,-0.00733,0.09035,32.00000,30.00000,tau_1
4833,0.10000,-0.11502,-0.00733,0.08547,32.00000,30.00000,tau_1
4838,0.10000,-0.11502,-0.00733,0.08547,32.00000,30.00000,tau_1
4843,0.10000,-0.11502,-0.00733,0.09035,32.00000,30.00000,tau_1
4848,0.10000,-0.11502,-0.00733,0.09035,32.00000,30.00000,tau_1
4853,0.10000,-0.11502,-0.00733,0.08547,32.00000,30.00000,tau_1
4858,0.10000,-0.11502,-0.00733,0.08547,32.00000,30.00000,tau_1
4863,0.10000,-0.11502,-0.00733,0.09035,32.00000,30.00000,tau_1
4868,0.10000,-0.11502,-0.00733,0.08547,32.00000,30.00000,tau_1
4873,0.10000,-0.11502,-0.00733,0.08547,32.00000,30.00000,tau_1
4878,0.10000,-0.11502,-0.00733,0.09035,32.00000,30.00000,tau_1
4883,0.10000,-0.11502,-0.00733,0.08547,32.00000,30.00000,tau_1
4888,0.10000,-0.11502,-0.00733,0.09035,32.00000,30.00000,tau_1
4894,0.10000,-0.11502,-0.00733,0.08547,32.00000,30.00000,tau_1
4899,0.10000,-0.11502,-0.00733,0.09035,32.00000,30.00000,tau_1
4904,0.10000,-0.11502,-0.00733,0.09035,32.00000,30.00000,tau_1
4909,0.10000,-0.11502,-0.00733,0.08547,32.00000,30.00000,tau_1
4914,0.10000,-0.11502,-0.00733,0.09035,32.00000,30.00000,tau_1
4919,0.10000,-0.11502,-0.00733,0.09035,32.00000,30.00000,tau_1
4924,0.10000,-0.11502,-0.00733,0.09035,32.00000,30.00000,tau_1
4929,0.10000,-0.11502,-0.00733,0.09035,32.00000,30.00000,tau_1
4934,0.10000,-0.11502,-0.00733,0.09035,32.00000,30.00000,tau_1
4939,0.10000,-0.11502,-0.00733,0.09035,32.00000,30.00000,tau_1
4944,0.10000,-0.11502,-0.00733,0.09035,32.00000,30.00000,tau_1
4949,0.10000,-0.11502,-0.00733,0.09035,32.00000,30.00000,tau_1
4954,0.10000,-0.11502,-0.00733,0.09035,32.00000,30.00000,tau_1
4959,0.10000,-0.11502,-0.00733,0.09035,32.00000,30.00000,tau_1
4964,0.10000,-0.11502,-0.00733,0.09035,32.00000,30.00000,tau_1
4969,0.10000,-0.11502,-0.00733,0.09035,32.00000,30.00000,tau_1
4974,0.10000,-0.11502,-0.00733,0.09035,32.00000,30.00000,tau_1
4980,0.10000,-0.11502,-0.00733,0.09035,32.00000,30.00000,tau_1
4985,0.10000,-0.11502,-0.00733,0.09035,32.00000,30.00000,tau_1
4990,0.10000,-0.11502,-0.00733,0.09035,32.00000,30.00000,tau_1
4995,0.10000,-0.11502,-0.00733,0.09035,32.00000,30.00000,tau_1
5000,0.10000,-0.11502,-0.00733,0.09035,32.00000,30.00000,tau_1
5005,0.10000,-0.11502,-0.00733,0.09035,32.00000,30.00000,tau_1
5010,0.10000,-0.11502,-0.00733,0.09035,32.00000,30.00000,tau_1
5015,0.10000,-0.11502,-0.00733,0.09035,32.00000,30.00000,tau_1
5020,0.10000,-0.11502,-0.00733,0.08547,32.00000,30.00000,tau_1
5025,0.10000,-0.11502,-0.00733,0.09035,32.00000,30.00000,tau_1
5030,0.10000,-0.11502,-0.00733,0.08547,32.00000,30.00000,tau_1
5035,0.10000,-0.11502,-0.00733,0.09035,32.00000,30.00000,tau_1
5040,0.10000,-0.11502,-0.00733,0.09035,32.00000,30.00000,tau_1
5045,0.10000,-0.11502,-0.00733,0.09035,32.00000,30.00000,tau_1
5050,0.10000,-0.11502,-0.00733,0.09035,32.00000,30.00000,tau_1
5055,0.10000,-0.11502,-0.00733,0.09035,32.00000,30.00000,tau_1
5060,0.10000,-0.11502,-0.00733,0.09035,32.00000,30.00000,tau_1
5065,0.10000,-0.11502,-0.00733,0.08547,32.00000,30.00000,tau_1
5071,0.10000,-0.11502,-0.00733,0.09035,32.00000,30.00000,tau_1
5076,0.10000,-0.11502,-0.00733,0.09035,32.00000,30.00000,tau_1
5081,0.10000,-0.11502,-0.00733,0.09035,32.00000,30.00000,tau_1
5086,0.10000,-0.11502,-0.00733,0.09035,32.00000,30.00000,tau_1
5091,0.10000,-0.11502,-0.00733,0.09035,32.00000,30.00000,tau_1
5096,0.10000,-0.11502,-0.00733,0.09035,32.00000,30.00000,tau_1
5101,0.10000,-0.11502,-0.00733,0.08547,32.00000,30.00000,tau_1
5106,0.10000,-0.11502,-0.00733,0.09035,32.00000,30.00000,tau_1
5111,0.10000,-0.11502,-0.00733,0.08547,32.00000,30.00000,tau_1
5116,0.10000,-0.11502,-0.00733,0.09035,32.00000,30.00000,tau_1
5121,0.10000,-0.11502,-0.00733,0.09035,32.00000,30.00000,tau_1
5126,0.10000,-0.11502,-0.00733,0.09035,32.00000,30.00000,tau_1
5131,0.10000,-0.11502,-0.00733,0.09035,32.00000,30.00000,tau_1
5136,0.10000,-0.11502,-0.00733,0.09035,32.00000,30.00000,tau_1
5141,0.10000,-0.11502,-0.00733,0.09035,32.00000,30.00000,tau_1
5146,0.10000,-0.11502,-0.00733,0.09035,32.00000,30.00000,tau_1
5151,0.10000,-0.11502,-0.00733,0.09035,32.00000,30.00000,tau_1
5156,0.10000,-0.11502,-0.00733,0.09035,32.00000,30.00000,tau_1
5162,0.10000,-0.11502,-0.00733,0.09035,32.00000,30.00000,tau_1
5167,0.10000,-0.11502,-0.00733,0.09035,32.00000,30.00000,tau_1
5172,0.10000,-0.11502,-0.00733,0.09035,32.00000,30.00000,tau_1
5177,0.10000,-0.11502,-0.00733,0.08547,32.00000,30.00000,tau_1
5182,0.10000,-0.11502,-0.00733,0.09035,32.00000,30.00000,tau_1
5187,0.10000,-0.11502,-0.00733,0.09035,32.00000,30.00000,tau_1
5192,0.10000,-0.11502,-0.00733,0.09035,32.00000,30.00000,tau_1
5197,0.10000,-0.11502,-0.00733,0.09035,32.00000,30.00000,tau_1
5202,0.10000,-0.11502,-0.00733,0.08547,32.00000,30.00000,tau_1
5207,0.10000,-0.11502,-0.00733,0.09035,32.00000,30.00000,tau_1
5212,0.10000,-0.11502,-0.00733,0.09035,32.00000,30.00000,tau_1
5217,0.10000,-0.11502,-0.00733,0.08547,32.00000,30.00000,tau_1
5222,0.10000,-0.11502,-0.00733,0.08547,32.00000,30.00000,tau_1
5227,0.10000,-0.11502,-0.00733,0.09035,32.00000,30.00000,tau_1
5232,0.10000,-0.11502,-0.00733,0.09035,32.00000,30.00000,tau_1
5237,0.10000,-0.11502,-0.00733,0.09035,32.00000,30.00000,tau_1
5242,0.10000,-0.11502,-0.00733,0.09035,32.00000,30.00000,tau_1
5247,0.10000,-0.11502,-0.00733,0.09035,32.00000,30.00000,tau_1
5253,0.10000,-0.11502,-0.00733,0.09035,32.00000,30.00000,tau_1
5258,0.10000,-0.11502,-0.00733,0.09035,32.00000,30.00000,tau_1
5263,0.10000,-0.11502,-0.00733,0.09035,32.00000,30.00000,tau_1
5268,0.10000,-0.11502,-0.00733,0.09035,32.00000,30.00000,tau_1
5273,0.10000,-0.11502,-0.00733,0.08547,32.00000,30.00000,tau_1
5278,0.10000,-0.11502,-0.00733,0.09035,32.00000,30.00000,tau_1
5283,0.10000,-0.11502,-0.00733,0.09035,32.00000,30.00000,tau_1
5288,0.10000,-0.11502,-0.00733,0.09035,32.00000,30.00000,tau_1
5293,0.10000,-0.11502,-0.00733,0.09035,32.00000,30.00000,tau_1
5298,0.10000,-0.11502,-0.00733,0.09035,32.00000,30.00000,tau_1
5303,0.10000,-0.11502,-0.00733,0.09035,32.00000,30.00000,tau_1
5308,0.10000,-0.11502,-0.00733,0.08547,32.00000,30.00000,tau_1
5313,0.10000,-0.11502,-0.00733,0.09035,32.00000,30.00000,tau_1
5318,0.10000,-0.11502,-0.00733,0.09035,32.00000,30.00000,tau_1
5323,0.10000,-0.11502,-0.00733,0.09035,32.00000,30.00000,tau_1
5328,0.10000,-0.11502,-0.00733,0.09035,32.00000,30.00000,tau_1
5333,0.10000,-0.11502,-0.00733,0.09035,32.00000,30.00000,tau_1
5338,0.10000,-0.11502,-0.00733,0.09035,32.00000,30.00000,tau_1
5344,0.10000,-0.11502,-0.00733,0.09035,32.00000,30.00000,tau_1
5349,0.10000,-0.11502,-0.00733,0.09035,32.00000,30.00000,tau_1
5354,0.10000,-0.11502,-0.00733,0.09035,32.00000,30.00000,tau_1
5359,0.10000,-0.11502,-0.00733,0.09035,32.00000,30.00000,tau_1
5364,0.10000,-0.11502,-0.00733,0.09035,32.00000,30.00000,tau_1
5369,0.10000,-0.11502,-0.00733,0.09035,32.00000,30.00000,tau_1
5374,0.10000,-0.11502,-0.00733,0.09035,32.00000,30.00000,tau_1
5379,0.10000,-0.11502,-0.00733,0.09035,32.00000,30.00000,tau_1
5384,0.10000,-0.11502,-0.00733,0.09035,32.00000,30.00000,tau_1
5389,0.10000,-0.11502,-0.00733,0.09035,32.00000,30.00000,tau_1
5394,0.10000,-0.11502,-0.00733,0.09035,32.00000,30.00000,tau_1
5399,0.10000,-0.11502,-0.00733,0.09035,32.00000,30.00000,tau_1
5404,0.10000,-0.11502,-0.00733,0.09035,32.00000,30.00000,tau_1
5409,0.10000,-0.11502,-0.00733,0.09035,32.00000,30.00000,tau_1
5414,0.10000,-0.11502,-0.00733,0.09035,32.00000,30.00000,tau_1
5419,0.10000,-0.11502,-0.00733,0.09035,32.00000,30.00000,tau_1
5424,0.10000,-0.11502,-0.00733,0.09035,32.00000,30.00000,tau_1
5429,0.10000,-0.11502,-0.00733,0.08547,32.00000,30.00000,tau_1
5435,0.10000,-0.11502,-0.00733,0.09035,32.00000,30.00000,tau_1
5440,0.10000,-0.11502,-0.00733,0.09035,32.00000,30.00000,tau_1
5445,0.10000,-0.11502,-0.00733,0.09035,32.00000,30.00000,tau_1
5450,0.10000,-0.11502,-0.00733,0.09035,32.00000,30.00000,tau_1
5455,0.10000,-0.11502,-0.00733,0.08547,32.00000,30.00000,tau_1
5460,0.10000,-0.11502,-0.00733,0.08547,32.00000,30.00000,tau_1
5465,0.10000,-0.11502,-0.00733,0.09035,32.00000,30.00000,tau_1
5470,0.10000,-0.11502,-0.00733,0.09035,32.00000,30.00000,tau_1
5475,0.10000,-0.11502,-0.00733,0.08547,32.00000,30.00000,tau_1
5480,0.10000,-0.11502,-0.00733,0.09035,32.00000,30.00000,tau_1
5485,0.10000,-0.11502,-0.00733,0.08547,32.00000,30.00000,tau_1
5490,0.10000,-0.11502,-0.00733,0.09035,32.00000,30.00000,tau_1
5495,0.10000,-0.11502,-0.00733,0.09035,32.00000,30.00000,tau_1
5500,0.10000,-0.11502,-0.00733,0.09035,32.00000,30.00000,tau_1
5505,0.10000,-0.11502,-0.00733,0.09035,32.00000,30.00000,tau_1
5510,0.10000,-0.11502,-0.00733,0.09035,32.00000,30.00000,tau_1
5515,0.10000,-0.11502,-0.00733,0.09035,32.00000,30.00000,tau_1
5521,0.10000,-0.11502,-0.00733,0.09035,32.00000,30.00000,tau_1
5526,0.10000,-0.11502,-0.00733,0.09035,32.00000,30.00000,tau_1
5531,0.10000,-0.11502,-0.00733,0.09035,32.00000,30.00000,tau_1
5536,0.10000,-0.11502,-0.00733,0.08547,32.00000,30.00000,tau_1
5541,0.10000,-0.11502,-0.00733,0.09035,32.00000,30.00000,tau_1
5546,0.10000,-0.11502,-0.00733,0.09035,32.00000,30.00000,tau_1
5551,0.10000,-0.11502,-0.00733,0.09035,32.00000,30.00000,tau_1
5556,0.10000,-0.11502,-0.00733,0.09035,32.00000,30.00000,tau_1
5561,0.10000,-0.11502,-0.00733,0.08547,32.00000,30.00000,tau_1
5566,0.10000,-0.11502,-0.00733,0.09035,32.00000,30.00000,tau_1
5571,0.10000,-0.11502,-0.00733,0.08547,32.00000,30.00000,tau_1
5576,0.10000,-0.11502,-0.00733,0.09035,32.00000,30.00000,tau_1
5581,0.10000,-0.11502,-0.00733,0.09035,32.00000,30.00000,tau_1
5586,0.10000,-0.11502,-0.00733,0.08547,32.00000,30.00000,tau_1
5591,0.10000,-0.11502,-0.00733,0.09035,32.00000,30.00000,tau_1
5596,0.10000,-0.11502,-0.00733,0.09035,32.00000,30.00000,tau_1
5601,0.10000,-0.11502,-0.00733,0.09035,32.00000,30.00000,tau_1
5606,0.10000,-0.11502,-0.00733,0.09035,32.00000,30.00000,tau_1
5612,0.10000,-0.11502,-0.00733,0.09035,32.00000,30.00000,tau_1
5617,0.10000,-0.11502,-0.00733,0.09035,32.00000,30.00000,tau_1
5622,0.10000,-0.11502,-0.00733,0.09035,32.00000,30.00000,tau_1
5627,0.10000,-0.11502,-0.00733,0.09035,32.00000,30.00000,tau_1
5632,0.10000,-0.11502,-0.00733,0.08547,32.00000,30.00000,tau_1
5637,0.10000,-0.11502,-0.00733,0.09035,32.00000,30.00000,tau_1
5642,0.10000,-0.11502,-0.00733,0.09035,32.00000,30.00000,tau_1
5647,0.10000,-0.11502,-0.00733,0.09035,32.00000,30.00000,tau_1
5652,0.10000,-0.11502,-0.00733,0.09035,32.00000,30.00000,tau_1
5657,0.10000,-0.11502,-0.00733,0.09035,32.00000,30.00000,tau_1
5662,0.10000,-0.11502,-0.00733,0.08547,32.00000,30.00000,tau_1
5667,0.10000,-0.11502,-0.00733,0.09035,32.00000,30.00000,tau_1
5672,0.10000,-0.11502,-0.00733,0.09035,32.00000,30.00000,tau_1
5677,0.10000,-0.11502,-0.00733,0.09035,32.00000,30.00000,tau_1
5682,0.10000,-0.11502,-0.00733,0.08547,32.00000,30.00000,tau_1
5687,0.10000,-0.11502,-0.00733,0.09035,32.00000,30.00000,tau_1
5692,0.10000,-0.11502,-0.00733,0.09035,32.00000,30.00000,tau_1
5697,0.10000,-0.11502,-0.00733,0.09035,32.00000,30.00000,tau_1
5703,0.10000,-0.11502,-0.00733,0.09035,32.00000,30.00000,tau_1
5708,0.10000,-0.11502,-0.00733,0.09035,32.00000,30.00000,tau_1
5713,0.10000,-0.11502,-0.00733,0.08547,32.00000,30.00000,tau_1
5718,0.10000,-0.11502,-0.00733,0.08547,32.00000,30.00000,tau_1
5723,0.10000,-0.11502,-0.00733,0.09035,32.00000,30.00000,tau_1
5728,0.10000,-0.11502,-0.00733,0.09035,32.00000,30.00000,tau_1
5733,0.10000,-0.11502,-0.00733,0.09035,32.00000,30.00000,tau_1
5738,0.10000,-0.11502,-0.00733,0.09035,32.00000,30.00000,tau_1
5743,0.10000,-0.11502,-0.00733,0.09035,32.00000,30.00000,tau_1
5748,0.10000,-0.11502,-0.00733,0.09035,32.00000,30.00000,tau_1
5753,0.10000,-0.11502,-0.00733,0.09035,32.00000,30.00000,tau_1
5758,0.10000,-0.11502,-0.00733,0.08547,32.00000,30.00000,tau_1
5763,0.10000,-0.11502,-0.00733,0.09035,32.00000,30.00000,tau_1
5768,0.10000,-0.11502,-0.00733,0.09035,32.00000,30.00000,tau_1
5773,0.10000,-0.11502,-0.00733,0.09035,32.00000,30.00000,tau_1
5778,0.10000,-0.11502,-0.00733,0.09035,32.00000,30.00000,tau_1
5783,0.10000,-0.11502,-0.00733,0.09035,32.00000,30.00000,tau_1
5788,0.10000,-0.11502,-0.00733,0.09035,32.00000,30.00000,tau_1
5794,0.10000,-0.11502,-0.00733,0.08547,32.00000,30.00000,tau_1
5799,0.10000,-0.11502,-0.00733,0.09035,32.00000,30.00000,tau_1
5804,0.10000,-0.11502,-0.00733,0.09035,32.00000,30.00000,tau_1
5809,0.10000,-0.11502,-0.00733,0.09035,32.00000,30.00000,tau_1
5814,0.10000,-0.11502,-0.00733,0.09035,32.00000,30.00000,tau_1
5819,0.10000,-0.11502,-0.00733,0.09035,32.00000,30.00000,tau_1
5824,0.10000,-0.11502,-0.00733,0.09035,32.00000,30.00000,tau_1
5829,0.10000,-0.11502,-0.00733,0.09035,32.00000,30.00000,tau_1
5834,0.10000,-0.11502,-0.00733,0.09035,32.00000,30.00000,tau_1
5839,0.10000,-0.11502,-0.00733,0.08547,32.00000,30.00000,tau_1
5844,0.10000,-0.11502,-0.00733,0.09035,32.00000,30.00000,tau_1
5849,0.10000,-0.11502,-0.00733,0.09035,32.00000,30.00000,tau_1
5854,0.10000,-0.11502,-0.00733,0.09035,32.00000,30.00000,tau_1
5859,0.10000,-0.11502,-0.00733,0.09035,32.00000,30.00000,tau_1
5864,0.10000,-0.11502,-0.00733,0.09035,32.00000,30.00000,tau_1
5869,0.10000,-0.11502,-0.00733,0.09035,32.00000,30.00000,tau_1
5874,0.10000,-0.11502,-0.00733,0.09035,32.00000,30.00000,tau_1
5879,0.10000,-0.11502,-0.00733,0.09035,32.00000,30.00000,tau_1
5885,0.10000,-0.11502,-0.00733,0.09035,32.00000,30.00000,tau_1
5890,0.10000,-0.11502,-0.00733,0.08547,32.00000,30.00000,tau_1
5895,0.10000,-0.11502,-0.00733,0.09035,32.00000,30.00000,tau_1
5900,0.10000,-0.11502,-0.00733,0.09035,32.00000,30.00000,tau_1
5905,0.10000,-0.11502,-0.00733,0.09035,32.00000,30.00000,tau_1
5910,0.10000,-0.11502,-0.00733,0.09035,32.00000,30.00000,tau_1
5915,0.10000,-0.11502,-0.00733,0.09035,32.00000,30.00000,tau_1
5920,0.10000,-0.11502,-0.00733,0.09035,32.00000,30.00000,tau_1
5925,0.10000,-0.11502,-0.00733,0.09035,32.00000,30.00000,tau_1
5930,0.10000,-0.11502,-0.00733,0.09035,32.00000,30.00000,tau_1
5935,0.10000,-0.11502,-0.00733,0.09035,32.00000,30.00000,tau_1
5940,0.10000,-0.11502,-0.00733,0.09035,32.00000,30.00000,tau_1
5945,0.10000,-0.11502,-0.00733,0.09035,32.00000,30.00000,tau_1
5950,0.10000,-0.11502,-0.00733,0.09035,32.00000,30.00000,tau_1
5955,0.10000,-0.11502,-0.00733,0.09035,32.00000,30.00000,tau_1
5960,0.10000,-0.11502,-0.00733,0.09035,32.00000,30.00000,tau_1
5965,0.10000,-0.11502,-0.00733,0.09035,32.00000,30.00000,tau_1
5971,0.10000,-0.11502,-0.00733,0.09035,32.00000,30.00000,tau_1
5976,0.10000,-0.11502,-0.00733,0.09035,32.00000,30.00000,tau_1
5981,0.10000,-0.11502,-0.00733,0.09035,32.00000,30.00000,tau_1
5986,0.10000,-0.11502,-0.00733,0.09035,32.00000,30.00000,tau_1
5991,0.10000,-0.11502,-0.00733,0.09035,32.00000,30.00000,tau_1
5996,0.10000,-0.11502,-0.00733,0.09035,32.00000,30.00000,tau_1
6001,0.10000,-0.11502,-0.00733,0.09035,32.00000,30.00000,tau_1
6006,0.10000,-0.11502,-0.00733,0.09035,32.00000,30.00000,tau_1
6011,0.10000,-0.11502,-0.00733,0.08547,32.00000,30.00000,tau_1
6016,0.10000,-0.11502,-0.00733,0.08547,32.00000,30.00000,tau_1
6021,0.10000,-0.11502,-0.00733,0.09035,32.00000,30.00000,tau_1
6026,0.10000,-0.11502,-0.00733,0.08547,32.00000,30.00000,tau_1
6031,0.10000,-0.11502,-0.00733,0.09035,32.00000,30.00000,tau_1
6036,0.10000,-0.11502,-0.00733,0.09035,32.00000,30.00000,tau_1
6041,0.10000,-0.11502,-0.00733,0.09035,32.00000,30.00000,tau_1
6046,0.10000,-0.11502,-0.00733,0.09035,32.00000,30.00000,tau_1
6051,0.10000,-0.11502,-0.00733,0.08547,32.00000,30.00000,tau_1
6056,0.10000,-0.11502,-0.00733,0.09035,32.00000,30.00000,tau_1
6062,0.10000,-0.11502,-0.00733,0.09035,32.00000,30.00000,tau_1
6067,0.10000,-0.11502,-0.00733,0.08547,32.00000,30.00000,tau_1
6072,0.10000,-0.11502,-0.00733,0.09035,32.00000,30.00000,tau_1
6077,0.10000,-0.11502,-0.00733,0.09035,32.00000,30.00000,tau_1
6082,0.10000,-0.11502,-0.00733,0.09035,32.00000,30.00000,tau_1
6087,0.10000,-0.11502,-0.00733,0.09035,32.00000,30.00000,tau_1
6092,0.10000,-0.11502,-0.00733,0.09035,32.00000,30.00000,tau_1
6097,0.10000,-0.11502,-0.00733,0.08547,32.00000,30.00000,tau_1
6102,0.10000,-0.11502,-0.00733,0.08547,32.00000,30.00000,tau_1
6107,0.10000,-0.11502,-0.00733,0.09035,32.00000,30.00000,tau_1
6112,0.10000,-0.11502,-0.00733,0.09035,32.00000,30.00000,tau_1
6117,0.10000,-0.11502,-0.00733,0.08547,32.00000,30.00000,tau_1
6122,0.10000,-0.11502,-0.00733,0.09035,32.00000,30.00000,tau_1
6127,0.10000,-0.11502,-0.00733,0.09035,32.00000,30.00000,tau_1
6132,0.10000,-0.11502,-0.00733,0.09035,32.00000,30.00000,tau_1
6137,0.10000,-0.11502,-0.00733,0.09035,32.00000,30.00000,tau_1
6142,0.10000,-0.11502,-0.00733,0.09035,32.00000,30.00000,tau_1
6147,0.10000,-0.11502,-0.00733,0.09035,32.00000,30.00000,tau_1
6153,0.10000,-0.11502,-0.00733,0.08547,32.00000,30.00000,tau_1
6158,0.10000,-0.11502,-0.00733,0.08547,32.00000,30.00000,tau_1
6163,0.10000,-0.11502,-0.00733,0.08547,32.00000,30.00000,tau_1
6168,0.10000,-0.11502,-0.00733,0.09035,32.00000,30.00000,tau_1
6173,0.10000,-0.11502,-0.00733,0.09035,32.00000,30.00000,tau_1
6178,0.10000,-0.11502,-0.00733,0.08547,32.00000,30.00000,tau_1
6183,0.10000,-0.11502,-0.00733,0.09035,32.00000,30.00000,tau_1
6188,0.10000,-0.11502,-0.00733,0.09035,32.00000,30.00000,tau_1
6193,0.10000,-0.11502,-0.00733,0.09035,32.00000,30.00000,tau_1
6198,0.10000,-0.11502,-0.00733,0.09035,32.00000,30.00000,tau_1
6203,0.10000,-0.11502,-0.00733,0.09035,32.00000,30.00000,tau_1
6208,0.10000,-0.11502,-0.00733,0.09035,32.00000,30.00000,tau_1
6213,0.10000,-0.11502,-0.00733,0.09035,32.00000,30.00000,tau_1
6218,0.10000,-0.11502,-0.00733,0.09035,32.00000,30.00000,tau_1
6223,0.10000,-0.11502,-0.00733,0.09035,32.00000,30.00000,tau_1
6228,0.10000,-0.11502,-0.00733,0.09035,32.00000,30.00000,tau_1
6233,0.10000,-0.11502,-0.00733,0.09035,32.00000,30.00000,tau_1
6239,0.10000,-0.11502,-0.00733,0.09035,32.00000,30.00000,tau_1
6244,0.10000,-0.11502,-0.00733,0.09035,32.00000,30.00000,tau_1
6249,0.10000,-0.11502,-0.00733,0.09035,32.00000,30.00000,tau_1
6254,0.10000,-0.11502,-0.00733,0.09035,32.00000,30.00000,tau_1
6259,0.10000,-0.11502,-0.00733,0.09035,32.00000,30.00000,tau_1
6264,0.10000,-0.11502,-0.00733,0.09035,32.00000,30.00000,tau_1
6269,0.10000,-0.11502,-0.00733,0.09035,32.00000,30.00000,tau_1
6274,0.10000,-0.11502,-0.00733,0.09035,32.00000,30.00000,tau_1
6279,0.10000,-0.11502,-0.00733,0.09035,32.00000,30.00000,tau_1
6284,0.10000,-0.11502,-0.00733,0.09035,32.00000,30.00000,tau_1
6289,0.10000,-0.11502,-0.00733,0.09035,32.00000,30.00000,tau_1
6294,0.10000,-0.11502,-0.00733,0.09035,32.00000,30.00000,tau_1
6299,0.10000,-0.11502,-0.00733,0.09035,32.00000,30.00000,tau_1
6304,0.10000,-0.11502,-0.00733,0.09035,32.00000,30.00000,tau_1
6309,0.10000,-0.11502,-0.00733,0.09035,32.00000,30.00000,tau_1
6314,0.10000,-0.11502,-0.00733,0.08547,32.00000,30.00000,tau_1
6319,0.10000,-0.11502,-0.00733,0.09035,32.00000,30.00000,tau_1
6324,0.10000,-0.11502,-0.00733,0.09035,32.00000,30.00000,tau_1
6330,0.10000,-0.11502,-0.00733,0.09035,32.00000,30.00000,tau_1
6335,0.10000,-0.11502,-0.00733,0.09035,32.00000,30.00000,tau_1
6340,0.10000,-0.11502,-0.00733,0.09035,32.00000,30.00000,tau_1
6345,0.10000,-0.11502,-0.00733,0.09035,32.00000,30.00000,tau_1
6350,0.10000,-0.11502,-0.00733,0.08547,32.00000,30.00000,tau_1
6355,0.10000,-0.11502,-0.00733,0.09035,32.00000,30.00000,tau_1
6360,0.10000,-0.11502,-0.00733,0.09035,32.00000,30.00000,tau_1
6365,0.10000,-0.11502,-0.00733,0.09035,32.00000,30.00000,tau_1
6370,0.10000,-0.11502,-0.00733,0.09035,32.00000,30.00000,tau_1
6375,0.10000,-0.11502,-0.00733,0.09035,32.00000,30.00000,tau_1
6380,0.10000,-0.11502,-0.00733,0.09035,32.00000,30.00000,tau_1
6385,0.10000,-0.11502,-0.00733,0.08547,32.00000,30.00000,tau_1
6390,0.10000,-0.11502,-0.00733,0.09035,32.00000,30.00000,tau_1
6395,0.10000,-0.11502,-0.00733,0.09035,32.00000,30.00000,tau_1
6400,0.10000,-0.11502,-0.00733,0.09035,32.00000,30.00000,tau_1
6405,0.10000,-0.11502,-0.00733,0.09035,32.00000,30.00000,tau_1
6410,0.10000,-0.11502,-0.00733,0.09035,32.00000,30.00000,tau_1
6415,0.10000,-0.11502,-0.00733,0.09035,32.00000,30.00000,tau_1
6420,0.10000,-0.11502,-0.00733,0.09035,32.00000,30.00000,tau_1
6426,0.10000,-0.11502,-0.00733,0.09035,32.00000,30.00000,tau_1
6431,0.10000,-0.11502,-0.00733,0.08547,32.00000,30.00000,tau_1
6436,0.10000,-0.11502,-0.00733,0.08547,32.00000,30.00000,tau_1
6441,0.10000,-0.11502,-0.00733,0.08547,32.00000,30.00000,tau_1
6446,0.10000,-0.11502,-0.00733,0.08547,32.00000,30.00000,tau_1
6451,0.10000,-0.11502,-0.00733,0.09035,32.00000,30.00000,tau_1
6456,0.10000,-0.11502,-0.00733,0.09035,32.00000,30.00000,tau_1
6461,0.10000,-0.11502,-0.00733,0.09035,32.00000,30.00000,tau_1
6466,0.10000,-0.11502,-0.00733,0.09035,32.00000,30.00000,tau_1
6471,0.10000,-0.11502,-0.00733,0.09035,32.00000,30.00000,tau_1
6476,0.10000,-0.11502,-0.00733,0.09035,32.00000,30.00000,tau_1
6481,0.10000,-0.11502,-0.00733,0.09035,32.00000,30.00000,tau_1
6486,0.10000,-0.11502,-0.00733,0.08547,32.00000,30.00000,tau_1
6491,0.10000,-0.11502,-0.00733,0.08547,32.00000,30.00000,tau_1
6496,0.10000,-0.11502,-0.00733,0.08547,32.00000,30.00000,tau_1
6501,0.10000,-0.11502,-0.00733,0.09035,32.00000,30.00000,tau_1
6506,0.10000,-0.11502,-0.00733,0.08547,32.00000,30.00000,tau_1
6511,0.10000,-0.11502,-0.00733,0.08547,32.00000,30.00000,tau_1
6517,0.10000,-0.11502,-0.00733,0.08547,32.00000,30.00000,tau_1
6522,0.10000,-0.11502,-0.00733,0.09035,32.00000,30.00000,tau_1
6527,0.10000,-0.11502,-0.00733,0.09035,32.00000,30.00000,tau_1
6532,0.10000,-0.11502,-0.00733,0.09035,32.00000,30.00000,tau_1
6537,0.10000,-0.11502,-0.00733,0.09035,32.00000,30.00000,tau_1
6542,0.10000,-0.11502,-0.00733,0.09035,32.00000,30.00000,tau_1
6547,0.10000,-0.11502,-0.00733,0.08547,32.00000,30.00000,tau_1
6552,0.10000,-0.11502,-0.00733,0.09035,32.00000,30.00000,tau_1
6557,0.10000,-0.11502,-0.00733,0.09035,32.00000,30.00000,tau_1
6562,0.10000,-0.11502,-0.00733,0.09035,32.00000,30.00000,tau_1
6567,0.10000,-0.11502,-0.00733,0.09035,32.00000,30.00000,tau_1
6572,0.10000,-0.11502,-0.00733,0.09035,32.00000,30.00000,tau_1
6577,0.10000,-0.11502,-0.00733,0.08547,32.00000,30.00000,tau_1
6582,0.10000,-0.11502,-0.00733,0.08547,32.00000,30.00000,tau_1
6587,0.10000,-0.11502,-0.00733,0.08547,32.00000,30.00000,tau_1
6592,0.10000,-0.11502,-0.00733,0.08547,32.00000,30.00000,tau_1
6597,0.10000,-0.11502,-0.00733,0.09035,32.00000,30.00000,tau_1
6602,0.10000,-0.11502,-0.00733,0.09035,32.00000,30.00000,tau_1
6607,0.10000,-0.11502,-0.00733,0.09035,32.00000,30.00000,tau_1
6613,0.10000,-0.11502,-0.00733,0.09035,32.00000,30.00000,tau_1
6618,0.10000,-0.11502,-0.00733,0.08547,32.00000,30.00000,tau_1
6623,0.10000,-0.11502,-0.00733,0.09035,32.00000,30.00000,tau_1
6628,0.10000,-0.11502,-0.00733,0.09035,32.00000,30.00000,tau_1
6633,0.10000,-0.11502,-0.00733,0.09035,32.00000,30.00000,tau_1
6638,0.10000,-0.11502,-0.00733,0.09035,32.00000,30.00000,tau_1
6643,0.10000,-0.11502,-0.00733,0.09035,32.00000,30.00000,tau_1
6648,0.10000,-0.11502,-0.00733,0.09035,32.00000,30.00000,tau_1
6653,0.10000,-0.11502,-0.00733,0.08547,32.00000,30.00000,tau_1
6658,0.10000,-0.11502,-0.00733,0.09035,32.00000,30.00000,tau_1
6663,0.10000,-0.11502,-0.00733,0.09035,32.00000,30.00000,tau_1
6668,0.10000,-0.11502,-0.00733,0.09035,32.00000,30.00000,tau_1
6673,0.10000,-0.11502,-0.00733,0.09035,32.00000,30.00000,tau_1
6678,0.10000,-0.11502,-0.00733,0.09035,32.00000,30.00000,tau_1
6683,0.10000,-0.11502,-0.00733,0.09035,32.00000,30.00000,tau_1
6688,0.10000,-0.11502,-0.00733,0.09035,32.00000,30.00000,tau_1
6693,0.10000,-0.11502,-0.00733,0.09035,32.00000,30.00000,tau_1
6698,0.10000,-0.11502,-0.00733,0.09035,32.00000,30.00000,tau_1
6704,0.10000,-0.11502,-0.00733,0.09035,32.00000,30.00000,tau_1
6709,0.10000,-0.11502,-0.00733,0.08547,32.00000,30.00000,tau_1
6714,0.10000,-0.11502,-0.00733,0.09035,32.00000,30.00000,tau_1
6719,0.10000,-0.11502,-0.00733,0.08547,32.00000,30.00000,tau_1
6724,0.10000,-0.11502,-0.00733,0.09035,32.00000,30.00000,tau_1
6729,0.10000,-0.11502,-0.00733,0.09035,32.00000,30.00000,tau_1
6734,0.10000,-0.11502,-0.00733,0.09035,32.00000,30.00000,tau_1
6739,0.10000,-0.11502,-0.00733,0.09035,32.00000,30.00000,tau_1
6744,0.10000,-0.11502,-0.00733,0.09035,32.00000,30.00000,tau_1
6749,0.10000,-0.11502,-0.00733,0.09035,32.00000,30.00000,tau_1
6754,0.10000,-0.11502,-0.00733,0.09035,32.00000,30.00000,tau_1
6759,0.10000,-0.11502,-0.00733,0.09035,32.00000,30.00000,tau_1
6764,0.10000,-0.11502,-0.00733,0.09035,32.00000,30.00000,tau_1
6769,0.10000,-0.11502,-0.00733,0.09035,32.00000,30.00000,tau_1
6774,0.10000,-0.11502,-0.00733,0.09035,32.00000,30.00000,tau_1
6779,0.10000,-0.11502,-0.00733,0.09035,32.00000,30.00000,tau_1
6784,0.10000,-0.11502,-0.00733,0.08547,32.00000,30.00000,tau_1
6789,0.10000,-0.11502,-0.00733,0.09035,32.00000,30.00000,tau_1
6795,0.10000,-0.11502,-0.00733,0.08547,32.00000,30.00000,tau_1
6800,0.10000,-0.11502,-0.00733,0.08547,32.00000,30.00000,tau_1
6805,0.10000,-0.11502,-0.00733,0.08547,32.00000,30.00000,tau_1
6810,0.10000,-0.11502,-0.00733,0.09035,32.00000,30.00000,tau_1
6815,0.10000,-0.11502,-0.00733,0.09035,32.00000,30.00000,tau_1
6820,0.10000,-0.11502,-0.00733,0.09035,32.00000,30.00000,tau_1
6825,0.10000,-0.11502,-0.00733,0.08547,32.00000,30.00000,tau_1
6830,0.10000,-0.11502,-0.00733,0.08547,32.00000,30.00000,tau_1
6835,0.10000,-0.11502,-0.00733,0.09035,32.00000,30.00000,tau_1
6840,0.10000,-0.11502,-0.00733,0.09035,32.00000,30.00000,tau_1
6845,0.10000,-0.11502,-0.00733,0.09035,32.00000,30.00000,tau_1
6850,0.10000,-0.11502,-0.00733,0.09035,32.00000,30.00000,tau_1
6855,0.10000,-0.11502,-0.00733,0.09035,32.00000,30.00000,tau_1
6860,0.10000,-0.11502,-0.00733,0.09035,32.00000,30.00000,tau_1
6865,0.10000,-0.11502,-0.00733,0.09035,32.00000,30.00000,tau_1
6870,0.10000,-0.11502,-0.00733,0.09035,32.00000,30.00000,tau_1
6875,0.10000,-0.11502,-0.00733,0.09035,32.00000,30.00000,tau_1
6880,0.10000,-0.11502,-0.00733,0.09035,32.00000,30.00000,tau_1
6885,0.10000,-0.11502,-0.00733,0.09035,32.00000,30.00000,tau_1
6891,0.10000,-0.11502,-0.00733,0.09035,32.00000,30.00000,tau_1
6896,0.10000,-0.11502,-0.00733,0.09035,32.00000,30.00000,tau_1
6901,0.10000,-0.11502,-0.00733,0.09035,32.00000,30.00000,tau_1
6906,0.10000,-0.11502,-0.00733,0.09035,32.00000,30.00000,tau_1
6911,0.10000,-0.11502,-0.00733,0.09035,32.00000,30.00000,tau_1
6916,0.10000,-0.11502,-0.00733,0.09035,32.00000,30.00000,tau_1
6921,0.10000,-0.11502,-0.00733,0.09035,32.00000,30.00000,tau_1
6926,0.10000,-0.11502,-0.00733,0.09035,32.00000,30.00000,tau_1
6931,0.10000,-0.11502,-0.00733,0.09035,32.00000,30.00000,tau_1
6936,0.10000,-0.11502,-0.00733,0.09035,32.00000,30.00000,tau_1
6941,0.10000,-0.11502,-0.00733,0.09035,32.00000,30.00000,tau_1
6946,0.10000,-0.11502,-0.00733,0.08547,32.00000,30.00000,tau_1
6951,0.10000,-0.11502,-0.00733,0.09035,32.00000,30.00000,tau_1
6956,0.10000,-0.11502,-0.00733,0.09035,32.00000,30.00000,tau_1
6961,0.10000,-0.11502,-0.00733,0.09035,32.00000,30.00000,tau_1
6966,0.10000,-0.11502,-0.00733,0.09035,32.00000,30.00000,tau_1
6971,0.10000,-0.11502,-0.00733,0.09035,32.00000,30.00000,tau_1
6976,0.10000,-0.11502,-0.00733,0.09035,32.00000,30.00000,tau_1
6982,0.10000,-0.11502,-0.00733,0.09035,32.00000,30.00000,tau_1
6987,0.10000,-0.11502,-0.00733,0.09035,32.00000,30.00000,tau_1
6992,0.10000,-0.11502,-0.00733,0.09035,32.00000,30.00000,tau_1
6997,0.10000,-0.11502,-0.00733,0.09035,32.00000,30.00000,tau_1
7002,0.10000,-0.11502,-0.00733,0.09035,32.00000,30.00000,tau_1
7007,0.10000,-0.11502,-0.00733,0.09035,32.00000,30.00000,tau_1
7012,0.10000,-0.11502,-0.00733,0.09035,32.00000,30.00000,tau_1
7017,0.10000,-0.11502,-0.00733,0.09035,32.00000,30.00000,tau_1
7022,0.10000,-0.11502,-0.00733,0.09035,32.00000,30.00000,tau_1
7027,0.10000,-0.11502,-0.00733,0.09035,32.00000,30.00000,tau_1
7032,0.10000,-0.11502,-0.00733,0.09035,32.00000,30.00000,tau_1
7037,0.10000,-0.11502,-0.00733,0.09035,32.00000,30.00000,tau_1
7042,0.10000,-0.11502,-0.00733,0.09035,32.00000,30.00000,tau_1
7047,0.10000,-0.11502,-0.00733,0.09035,32.00000,30.00000,tau_1
7052,0.10000,-0.11502,-0.00733,0.08547,32.00000,30.00000,tau_1
7057,0.10000,-0.11502,-0.00733,0.08547,32.00000,30.00000,tau_1
7062,0.10000,-0.11502,-0.00733,0.08547,32.00000,30.00000,tau_1
7067,0.10000,-0.11502,-0.00733,0.09035,32.00000,30.00000,tau_1
7072,0.10000,-0.11502,-0.00733,0.09035,32.00000,30.00000,tau_1
7078,0.10000,-0.11502,-0.00733,0.09035,32.00000,30.00000,tau_1
7083,0.10000,-0.11502,-0.00733,0.09035,32.00000,30.00000,tau_1
7088,0.10000,-0.11502,-0.00733,0.09035,32.00000,30.00000,tau_1
7093,0.10000,-0.11502,-0.00733,0.09035,32.00000,30.00000,tau_1
7098,0.10000,-0.11502,-0.00733,0.09035,32.00000,30.00000,tau_1
7103,0.10000,-0.11502,-0.00733,0.09035,32.00000,30.00000,tau_1
7108,0.10000,-0.11502,-0.00733,0.09035,32.00000,30.00000,tau_1
7113,0.10000,-0.11502,-0.00733,0.09035,32.00000,30.00000,tau_1
7118,0.10000,-0.11502,-0.00733,0.09035,32.00000,30.00000,tau_1
7123,0.10000,-0.11502,-0.00733,0.09035,32.00000,30.00000,tau_1
7128,0.10000,-0.11502,-0.00733,0.09035,32.00000,30.00000,tau_1
7133,0.10000,-0.11502,-0.00733,0.09035,32.00000,30.00000,tau_1
7138,0.10000,-0.11502,-0.00733,0.09035,32.00000,30.00000,tau_1
7143,0.10000,-0.11502,-0.00733,0.09035,32.00000,30.00000,tau_1
7148,0.10000,-0.11502,-0.00733,0.09035,32.00000,30.00000,tau_1
7153,0.10000,-0.11502,-0.00733,0.09035,32.00000,30.00000,tau_1
7158,0.10000,-0.11502,-0.00733,0.09524,32.00000,30.00000,tau_1
7163,0.10000,-0.11502,-0.00733,0.09035,32.00000,30.00000,tau_1
7169,0.10000,-0.11502,-0.00733,0.09035,32.00000,30.00000,tau_1
7174,0.10000,-0.11502,-0.00733,0.09035,32.00000,30.00000,tau_1
7179,0.10000,-0.11502,-0.00733,0.09035,32.00000,30.00000,tau_1
7184,0.10000,-0.11502,-0.00733,0.09035,32.00000,30.00000,tau_1
7189,0.10000,-0.11502,-0.00733,0.09035,32.00000,30.00000,tau_1
7194,0.10000,-0.11502,-0.00733,0.09035,32.00000,30.00000,tau_1
7199,0.10000,-0.11502,-0.00733,0.09035,32.00000,30.00000,tau_1
7204,0.10000,-0.11502,-0.00733,0.09035,32.00000,30.00000,tau_1
7209,0.10000,-0.11502,-0.00733,0.09035,32.00000,30.00000,tau_1
7214,0.10000,-0.11502,-0.00733,0.09035,32.00000,30.00000,tau_1
7219,0.10000,-0.11502,-0.00733,0.09035,32.00000,30.00000,tau_1
7224,0.10000,-0.11502,-0.00733,0.09035,32.00000,30.00000,tau_1
7229,0.10000,-0.11502,-0.00733,0.09035,32.00000,30.00000,tau_1
7234,0.10000,-0.11502,-0.00733,0.09035,32.00000,30.00000,tau_1
7239,0.10000,-0.11502,-0.00733,0.09035,32.00000,30.00000,tau_1
7244,0.10000,-0.11502,-0.00733,0.09035,32.00000,30.00000,tau_1
7249,0.10000,-0.11502,-0.00733,0.09035,32.00000,30.00000,tau_1
7254,0.10000,-0.11502,-0.00733,0.09035,32.00000,30.00000,tau_1
7259,0.10000,-0.11502,-0.00733,0.09035,32.00000,30.00000,tau_1
7265,0.10000,-0.11502,-0.00733,0.09035,32.00000,30.00000,tau_1
7270,0.10000,-0.11502,-0.00733,0.09035,32.00000,30.00000,tau_1
7275,0.10000,-0.11502,-0.00733,0.09035,32.00000,30.00000,tau_1
7280,0.10000,-0.11502,-0.00733,0.09035,32.00000,30.00000,tau_1
7285,0.10000,-0.11502,-0.00733,0.09035,32.00000,30.00000,tau_1
7290,0.10000,-0.11502,-0.00733,0.08547,32.00000,30.00000,tau_1
7295,0.10000,-0.11502,-0.00733,0.09035,32.00000,30.00000,tau_1
7300,0.10000,-0.11502,-0.00733,0.09035,32.00000,30.00000,tau_1
7305,0.10000,-0.11502,-0.00733,0.08547,32.00000,30.00000,tau_1
7310,0.10000,-0.11502,-0.00733,0.09035,32.00000,30.00000,tau_1
7315,0.10000,-0.11502,-0.00733,0.09035,32.00000,30.00000,tau_1
7320,0.10000,-0.11502,-0.00733,0.09035,32.00000,30.00000,tau_1
7325,0.10000,-0.11502,-0.00733,0.08547,32.00000,30.00000,tau_1
7330,0.10000,-0.11502,-0.00733,0.09035,32.00000,30.00000,tau_1
7335,0.10000,-0.11502,-0.00733,0.09035,32.00000,30.00000,tau_1
7340,0.10000,-0.11502,-0.00733,0.09035,32.00000,30.00000,tau_1
7345,0.10000,-0.11502,-0.00733,0.09035,32.00000,30.00000,tau_1
7350,0.10000,-0.11502,-0.00733,0.09035,32.00000,30.00000,tau_1
7356,0.10000,-0.11502,-0.00733,0.09035,32.00000,30.00000,tau_1
7361,0.10000,-0.11502,-0.00733,0.09035,32.00000,30.00000,tau_1
7366,0.10000,-0.11502,-0.00733,0.08547,32.00000,30.00000,tau_1
7371,0.10000,-0.11502,-0.00733,0.09035,32.00000,30.00000,tau_1
7376,0.10000,-0.11502,-0.00733,0.09035,32.00000,30.00000,tau_1
7381,0.10000,-0.11502,-0.00733,0.09035,32.00000,30.00000,tau_1
7386,0.10000,-0.11502,-0.00733,0.09035,32.00000,30.00000,tau_1
7391,0.10000,-0.11502,-0.00733,0.09035,32.00000,30.00000,tau_1
7396,0.10000,-0.11502,-0.00733,0.09035,32.00000,30.00000,tau_1
7401,0.10000,-0.11502,-0.00733,0.09035,32.00000,30.00000,tau_1
7406,0.10000,-0.11502,-0.00733,0.09035,32.00000,30.00000,tau_1
7411,0.10000,-0.11502,-0.00733,0.09035,32.00000,30.00000,tau_1
7416,0.10000,-0.11502,-0.00733,0.09035,32.00000,30.00000,tau_1
7421,0.10000,-0.11502,-0.00733,0.09035,32.00000,30.00000,tau_1
7426,0.10000,-0.11502,-0.00733,0.09035,32.00000,30.00000,tau_1
7431,0.10000,-0.11502,-0.00733,0.09035,32.00000,30.00000,tau_1
7436,0.10000,-0.11502,-0.00733,0.09035,32.00000,30.00000,tau_1
7441,0.10000,-0.11502,-0.00733,0.09035,32.00000,30.00000,tau_1
7446,0.10000,-0.11502,-0.00733,0.09035,32.00000,30.00000,tau_1
7452,0.10000,-0.11502,-0.00733,0.09035,32.00000,30.00000,tau_1
7457,0.10000,-0.11502,-0.00733,0.09035,32.00000,30.00000,tau_1
7462,0.10000,-0.11502,-0.00733,0.08547,32.00000,30.00000,tau_1
7467,0.10000,-0.11502,-0.00733,0.09035,32.00000,30.00000,tau_1
7472,0.10000,-0.11502,-0.00733,0.09035,32.00000,30.00000,tau_1
7477,0.10000,-0.11502,-0.00733,0.09035,32.00000,30.00000,tau_1
7482,0.10000,-0.11502,-0.00733,0.09035,32.00000,30.00000,tau_1
7487,0.10000,-0.11502,-0.00733,0.08547,32.00000,30.00000,tau_1
7492,0.10000,-0.11502,-0.00733,0.09035,32.00000,30.00000,tau_1
7497,0.10000,-0.11502,-0.00733,0.09035,32.00000,30.00000,tau_1
7502,0.10000,-0.11502,-0.00733,0.09035,32.00000,30.00000,tau_1
7507,0.10000,-0.11502,-0.00733,0.09035,32.00000,30.00000,tau_1
7512,0.10000,-0.11502,-0.00733,0.09035,32.00000,30.00000,tau_1
7517,0.10000,-0.11502,-0.00733,0.08547,32.00000,30.00000,tau_1
7522,0.10000,-0.11502,-0.00733,0.09035,32.00000,30.00000,tau_1
7527,0.10000,-0.11502,-0.00733,0.08547,32.00000,30.00000,tau_1
7532,0.10000,-0.11502,-0.00733,0.09035,32.00000,30.00000,tau_1
7537,0.10000,-0.11502,-0.00733,0.09035,32.00000,30.00000,tau_1
7542,0.10000,-0.11502,-0.00733,0.09035,32.00000,30.00000,tau_1
7548,0.10000,-0.11502,-0.00733,0.08547,32.00000,30.00000,tau_1
7553,0.10000,-0.11502,-0.00733,0.09035,32.00000,30.00000,tau_1
7558,0.10000,-0.11502,-0.00733,0.09035,32.00000,30.00000,tau_1
7563,0.10000,-0.11502,-0.00733,0.08547,32.00000,30.00000,tau_1
7568,0.10000,-0.11502,-0.00733,0.09035,32.00000,30.00000,tau_1
7573,0.10000,-0.11502,-0.00733,0.09035,32.00000,30.00000,tau_1
7578,0.10000,-0.11502,-0.00733,0.08547,32.00000,30.00000,tau_1
7583,0.10000,-0.11502,-0.00733,0.09035,32.00000,30.00000,tau_1
7588,0.10000,-0.11502,-0.00733,0.09035,32.00000,30.00000,tau_1
7593,0.10000,-0.11502,-0.00733,0.09035,32.00000,30.00000,tau_1
7598,0.10000,-0.11502,-0.00733,0.09035,32.00000,30.00000,tau_1
7603,0.10000,-0.11502,-0.00733,0.09035,32.00000,30.00000,tau_1
7608,0.10000,-0.11502,-0.00733,0.09035,32.00000,30.00000,tau_1
7613,0.10000,-0.11502,-0.00733,0.09035,32.00000,30.00000,tau_1
7618,0.10000,-0.11502,-0.00733,0.09035,32.00000,30.00000,tau_1
7623,0.10000,-0.11502,-0.00733,0.09035,32.00000,30.00000,tau_1
7628,0.10000,-0.11502,-0.00733,0.08547,32.00000,30.00000,tau_1
7633,0.10000,-0.11502,-0.00733,0.09035,32.00000,30.00000,tau_1
7639,0.10000,-0.11502,-0.00733,0.09035,32.00000,30.00000,tau_1
7644,0.10000,-0.11502,-0.00733,0.09035,32.00000,30.00000,tau_1
7649,0.10000,-0.11502,-0.00733,0.09035,32.00000,30.00000,tau_1
7654,0.10000,-0.11502,-0.00733,0.09035,32.00000,30.00000,tau_1
7659,0.10000,-0.11502,-0.00733,0.09035,32.00000,30.00000,tau_1
7664,0.10000,-0.11502,-0.00733,0.08547,32.00000,30.00000,tau_1
7669,0.10000,-0.11502,-0.00733,0.09035,32.00000,30.00000,tau_1
7674,0.10000,-0.11502,-0.00733,0.09035,32.00000,30.00000,tau_1
7679,0.10000,-0.11502,-0.00733,0.09035,32.00000,30.00000,tau_1
7684,0.10000,-0.11502,-0.00733,0.09035,32.00000,30.00000,tau_1
7689,0.10000,-0.11502,-0.00733,0.09035,32.00000,30.00000,tau_1
7694,0.10000,-0.11502,-0.00733,0.09035,32.00000,30.00000,tau_1
7699,0.10000,-0.11502,-0.00733,0.08547,32.00000,30.00000,tau_1
7704,0.10000,-0.11502,-0.00733,0.09035,32.00000,30.00000,tau_1
7709,0.10000,-0.11502,-0.00733,0.09035,32.00000,30.00000,tau_1
7714,0.10000,-0.11502,-0.00733,0.09035,32.00000,30.00000,tau_1
7719,0.10000,-0.11502,-0.00733,0.09035,32.00000,30.00000,tau_1
7724,0.10000,-0.11502,-0.00733,0.09035,32.00000,30.00000,tau_1
7730,0.10000,-0.11502,-0.00733,0.08547,32.00000,30.00000,tau_1
7735,0.10000,-0.11502,-0.00733,0.09035,32.00000,30.00000,tau_1
7740,0.10000,-0.11502,-0.00733,0.09035,32.00000,30.00000,tau_1
7745,0.10000,-0.11502,-0.00733,0.09035,32.00000,30.00000,tau_1
7750,0.10000,-0.11502,-0.00733,0.09035,32.00000,30.00000,tau_1
7755,0.10000,-0.11502,-0.00733,0.08547,32.00000,30.00000,tau_1
7760,0.10000,-0.11502,-0.00733,0.09035,32.00000,30.00000,tau_1
7765,0.10000,-0.11502,-0.00733,0.09035,32.00000,30.00000,tau_1
7770,0.10000,-0.11502,-0.00733,0.09035,32.00000,30.00000,tau_1
7775,0.10000,-0.11502,-0.00733,0.09035,32.00000,30.00000,tau_1
7780,0.10000,-0.11502,-0.00733,0.09035,32.00000,30.00000,tau_1
7785,0.10000,-0.11502,-0.00733,0.08547,32.00000,30.00000,tau_1
7790,0.10000,-0.11502,-0.00733,0.09035,32.00000,30.00000,tau_1
7795,0.10000,-0.11502,-0.00733,0.09035,32.00000,30.00000,tau_1
7800,0.10000,-0.11502,-0.00733,0.09035,32.00000,30.00000,tau_1
7805,0.10000,-0.11502,-0.00733,0.09035,32.00000,30.00000,tau_1
7810,0.10000,-0.11502,-0.00733,0.09035,32.00000,30.00000,tau_1
7815,0.10000,-0.11502,-0.00733,0.09035,32.00000,30.00000,tau_1
7820,0.10000,-0.11502,-0.00733,0.09035,32.00000,30.00000,tau_1
7826,0.10000,-0.11502,-0.00733,0.09035,32.00000,30.00000,tau_1
7831,0.10000,-0.11502,-0.00733,0.09035,32.00000,30.00000,tau_1
7836,0.10000,-0.11502,-0.00733,0.09035,32.00000,30.00000,tau_1
7841,0.10000,-0.11502,-0.00733,0.09035,32.00000,30.00000,tau_1
7846,0.10000,-0.11502,-0.00733,0.08547,32.00000,30.00000,tau_1
7851,0.10000,-0.11502,-0.00733,0.09035,32.00000,30.00000,tau_1
7856,0.10000,-0.11502,-0.00733,0.09035,32.00000,30.00000,tau_1
7861,0.10000,-0.11502,-0.00733,0.09035,32.00000,30.00000,tau_1
7866,0.10000,-0.11502,-0.00733,0.09035,32.00000,30.00000,tau_1
7871,0.10000,-0.11502,-0.00733,0.09035,32.00000,30.00000,tau_1
7876,0.10000,-0.11502,-0.00733,0.09035,32.00000,30.00000,tau_1
7881,0.10000,-0.11502,-0.00733,0.09035,32.00000,30.00000,tau_1
7886,0.10000,-0.11502,-0.00733,0.09035,32.00000,30.00000,tau_1
7891,0.10000,-0.11502,-0.00733,0.09035,32.00000,30.00000,tau_1
7896,0.10000,-0.11502,-0.00733,0.09035,32.00000,30.00000,tau_1
7901,0.10000,-0.11502,-0.00733,0.09035,32.00000,30.00000,tau_1
7906,0.10000,-0.11502,-0.00733,0.09035,32.00000,30.00000,tau_1
7911,0.10000,-0.11502,-0.00733,0.08547,32.00000,30.00000,tau_1
7917,0.10000,-0.11502,-0.00733,0.08547,32.00000,30.00000,tau_1
7922,0.10000,-0.11502,-0.00733,0.09035,32.00000,30.00000,tau_1
7927,0.10000,-0.11502,-0.00733,0.09035,32.00000,30.00000,tau_1
7932,0.10000,-0.11502,-0.00733,0.08547,32.00000,30.00000,tau_1
7937,0.10000,-0.11502,-0.00733,0.09035,32.00000,30.00000,tau_1
7942,0.10000,-0.11502,-0.00733,0.09035,32.00000,30.00000,tau_1
7947,0.10000,-0.11502,-0.00733,0.09035,32.00000,30.00000,tau_1
7952,0.10000,-0.11502,-0.00733,0.09035,32.00000,30.00000,tau_1
7957,0.10000,-0.11502,-0.00733,0.08547,32.00000,30.00000,tau_1
7962,0.10000,-0.11502,-0.00733,0.09035,32.00000,30.00000,tau_1
7967,0.10000,-0.11502,-0.00733,0.08547,32.00000,30.00000,tau_1
7972,0.10000,-0.11502,-0.00733,0.09035,32.00000,30.00000,tau_1
7977,0.10000,-0.11502,-0.00733,0.09035,32.00000,30.00000,tau_1
7982,0.10000,-0.11502,-0.00733,0.09035,32.00000,30.00000,tau_1
7987,0.10000,-0.11502,-0.00733,0.09035,32.00000,30.00000,tau_1
7992,0.10000,-0.11502,-0.00733,0.09035,32.00000,30.00000,tau_1
7997,0.10000,-0.11502,-0.00733,0.09035,32.00000,30.00000,tau_1
8002,0.10000,-0.11502,-0.00733,0.09035,32.00000,30.00000,tau_1
8007,0.10000,-0.11502,-0.00733,0.08547,32.00000,30.00000,tau_1
8013,0.10000,-0.11502,-0.00733,0.09035,32.00000,30.00000,tau_1
8018,0.10000,-0.11502,-0.00733,0.08547,32.00000,30.00000,tau_1
8023,0.10000,-0.11502,-0.00733,0.09035,32.00000,30.00000,tau_1
8028,0.10000,-0.11502,-0.00733,0.09035,32.00000,30.00000,tau_1
8033,0.10000,-0.11502,-0.00733,0.09035,32.00000,30.00000,tau_1
8038,0.10000,-0.11502,-0.00733,0.09035,32.00000,30.00000,tau_1
8043,0.10000,-0.11502,-0.00733,0.08547,32.00000,30.00000,tau_1
8048,0.10000,-0.11502,-0.00733,0.09035,32.00000,30.00000,tau_1
8053,0.10000,-0.11502,-0.00733,0.09035,32.00000,30.00000,tau_1
8058,0.10000,-0.11502,-0.00733,0.09035,32.00000,30.00000,tau_1
8063,0.10000,-0.11502,-0.00733,0.08547,32.00000,30.00000,tau_1
8068,0.10000,-0.11502,-0.00733,0.08547,32.00000,30.00000,tau_1
8073,0.10000,-0.11502,-0.00733,0.09035,32.00000,30.00000,tau_1
8078,0.10000,-0.11502,-0.00733,0.09035,32.00000,30.00000,tau_1
8083,0.10000,-0.11502,-0.00733,0.09035,32.00000,30.00000,tau_1
8088,0.10000,-0.11502,-0.00733,0.09035,32.00000,30.00000,tau_1
8093,0.10000,-0.11502,-0.00733,0.09035,32.00000,30.00000,tau_1
8098,0.10000,-0.11502,-0.00733,0.09035,32.00000,30.00000,tau_1
8104,0.10000,-0.11502,-0.00733,0.09035,32.00000,30.00000,tau_1
8109,0.10000,-0.11502,-0.00733,0.09035,32.00000,30.00000,tau_1
8114,0.10000,-0.11502,-0.00733,0.09035,32.00000,30.00000,tau_1
8119,0.10000,-0.11502,-0.00733,0.08547,32.00000,30.00000,tau_1
8124,0.10000,-0.11502,-0.00733,0.09035,32.00000,30.00000,tau_1
8129,0.10000,-0.11502,-0.00733,0.08547,32.00000,30.00000,tau_1
8134,0.10000,-0.11502,-0.00733,0.08547,32.00000,30.00000,tau_1
8139,0.10000,-0.11502,-0.00733,0.08547,32.00000,30.00000,tau_1
8144,0.10000,-0.11502,-0.00733,0.08547,32.00000,30.00000,tau_1
8149,0.10000,-0.11502,-0.00733,0.09035,32.00000,30.00000,tau_1
8154,0.10000,-0.11502,-0.00733,0.09035,32.00000,30.00000,tau_1
8159,0.10000,-0.11502,-0.00733,0.09035,32.00000,30.00000,tau_1
8164,0.10000,-0.11502,-0.00733,0.09035,32.00000,30.00000,tau_1
8169,0.10000,-0.11502,-0.00733,0.09035,32.00000,30.00000,tau_1
8174,0.10000,-0.11502,-0.00733,0.09035,32.00000,30.00000,tau_1
8179,0.10000,-0.11502,-0.00733,0.09035,32.00000,30.00000,tau_1
8184,0.10000,-0.11502,-0.00733,0.08547,32.00000,30.00000,tau_1
8189,0.10000,-0.11502,-0.00733,0.09035,32.00000,30.00000,tau_1
8194,0.10000,-0.11502,-0.00733,0.08547,32.00000,30.00000,tau_1
8200,0.10000,-0.11502,-0.00733,0.08547,32.00000,30.00000,tau_1
8205,0.10000,-0.11502,-0.00733,0.09035,32.00000,30.00000,tau_1
8210,0.10000,-0.11502,-0.00733,0.08547,32.00000,30.00000,tau_1
8215,0.10000,-0.11502,-0.00733,0.08547,32.00000,30.00000,tau_1
8220,0.10000,-0.11502,-0.00733,0.08547,32.00000,30.00000,tau_1
8225,0.10000,-0.11502,-0.00733,0.08547,32.00000,30.00000,tau_1
8230,0.10000,-0.11502,-0.00733,0.08547,32.00000,30.00000,tau_1
8235,0.10000,-0.11502,-0.00733,0.09035,32.00000,30.00000,tau_1
8240,0.10000,-0.11502,-0.00733,0.09035,32.00000,30.00000,tau_1
8245,0.10000,-0.11502,-0.00733,0.09035,32.00000,30.00000,tau_1
8250,0.10000,-0.11502,-0.00733,0.09035,32.00000,30.00000,tau_1
8255,0.10000,-0.11502,-0.00733,0.08547,32.00000,30.00000,tau_1
8260,0.10000,-0.11502,-0.00733,0.09035,32.00000,30.00000,tau_1
8265,0.10000,-0.11502,-0.00733,0.09035,32.00000,30.00000,tau_1
8270,0.10000,-0.11502,-0.00733,0.08547,32.00000,30.00000,tau_1
8275,0.10000,-0.11502,-0.00733,0.08547,32.00000,30.00000,tau_1
8280,0.10000,-0.11502,-0.00733,0.09035,32.00000,30.00000,tau_1
8285,0.10000,-0.11502,-0.00733,0.09035,32.00000,30.00000,tau_1
8291,0.10000,-0.11502,-0.00733,0.09035,32.00000,30.00000,tau_1
8296,0.10000,-0.11502,-0.00733,0.09035,32.00000,30.00000,tau_1
8301,0.10000,-0.11502,-0.00733,0.09035,32.00000,30.00000,tau_1
8306,0.10000,-0.11502,-0.00733,0.09035,32.00000,30.00000,tau_1
8311,0.10000,-0.11502,-0.00733,0.08547,32.00000,30.00000,tau_1
8316,0.10000,-0.11502,-0.00733,0.09035,32.00000,30.00000,tau_1
8321,0.10000,-0.11502,-0.00733,0.09035,32.00000,30.00000,tau_1
8326,0.10000,-0.11502,-0.00733,0.08547,32.00000,30.00000,tau_1
8331,0.10000,-0.11502,-0.00733,0.09035,32.00000,30.00000,tau_1
8336,0.10000,-0.11502,-0.00733,0.09035,32.00000,30.00000,tau_1
8341,0.10000,-0.11502,-0.00733,0.09035,32.00000,30.00000,tau_1
8346,0.10000,-0.11502,-0.00733,0.09035,32.00000,30.00000,tau_1
8351,0.10000,-0.11502,-0.00733,0.09035,32.00000,30.00000,tau_1
8356,0.10000,-0.11502,-0.00733,0.09035,32.00000,30.00000,tau_1
8361,0.10000,-0.11502,-0.00733,0.09035,32.00000,30.00000,tau_1
8366,0.10000,-0.11502,-0.00733,0.09035,32.00000,30.00000,tau_1
8371,0.10000,-0.11502,-0.00733,0.09035,32.00000,30.00000,tau_1
8376,0.10000,-0.11502,-0.00733,0.09035,32.00000,30.00000,tau_1
8381,0.10000,-0.11502,-0.00733,0.09035,32.00000,30.00000,tau_1
8387,0.10000,-0.11502,-0.00733,0.08547,32.00000,30.00000,tau_1
8392,0.10000,-0.11502,-0.00733,0.09035,32.00000,30.00000,tau_1
8397,0.10000,-0.11502,-0.00733,0.09035,32.00000,30.00000,tau_1
8402,0.10000,-0.11502,-0.00733,0.09035,32.00000,30.00000,tau_1
8407,0.10000,-0.11502,-0.00733,0.08547,32.00000,30.00000,tau_1
8412,0.10000,-0.11502,-0.00733,0.08547,32.00000,30.00000,tau_1
8417,0.10000,-0.11502,-0.00733,0.09035,32.00000,30.00000,tau_1
8422,0.10000,-0.11502,-0.00733,0.09035,32.00000,30.00000,tau_1
8427,0.10000,-0.11502,-0.00733,0.09035,32.00000,30.00000,tau_1
8432,0.10000,-0.11502,-0.00733,0.09035,32.00000,30.00000,tau_1
8437,0.10000,-0.11502,-0.00733,0.09035,32.00000,30.00000,tau_1
8442,0.10000,-0.11502,-0.00733,0.09035,32.00000,30.00000,tau_1
8447,0.10000,-0.11502,-0.00733,0.09035,32.00000,30.00000,tau_1
8452,0.10000,-0.11502,-0.00733,0.09035,32.00000,30.00000,tau_1
8457,0.10000,-0.11502,-0.00733,0.09035,32.00000,30.00000,tau_1
8462,0.10000,-0.11502,-0.00733,0.09035,32.00000,30.00000,tau_1
8467,0.10000,-0.11502,-0.00733,0.09035,32.00000,30.00000,tau_1
8472,0.10000,-0.11502,-0.00733,0.09035,32.00000,30.00000,tau_1
8478,0.10000,-0.11502,-0.00733,0.09035,32.00000,30.00000,tau_1
8483,0.10000,-0.11502,-0.00733,0.09035,32.00000,30.00000,tau_1
8488,0.10000,-0.11502,-0.00733,0.08547,32.00000,30.00000,tau_1
8493,0.10000,-0.11502,-0.00733,0.09035,32.00000,30.00000,tau_1
8498,0.10000,-0.11502,-0.00733,0.09035,32.00000,30.00000,tau_1
8503,0.10000,-0.11502,-0.00733,0.08547,32.00000,30.00000,tau_1
8508,0.10000,-0.11502,-0.00733,0.09035,32.00000,30.00000,tau_1
8513,0.10000,-0.11502,-0.00733,0.08547,32.00000,30.00000,tau_1
8518,0.10000,-0.11502,-0.00733,0.09035,32.00000,30.00000,tau_1
8523,0.10000,-0.11502,-0.00733,0.09035,32.00000,30.00000,tau_1
8528,0.10000,-0.11502,-0.00733,0.09035,32.00000,30.00000,tau_1
8533,0.10000,-0.11502,-0.00733,0.09035,32.00000,30.00000,tau_1
8538,0.10000,-0.11502,-0.00733,0.09035,32.00000,30.00000,tau_1
8543,0.10000,-0.11502,-0.00733,0.09035,32.00000,30.00000,tau_1
8548,0.10000,-0.11502,-0.00733,0.09035,32.00000,30.00000,tau_1
8553,0.10000,-0.11502,-0.00733,0.09035,32.00000,30.00000,tau_1
8558,0.10000,-0.11502,-0.00733,0.09035,32.00000,30.00000,tau_1
8563,0.10000,-0.11502,-0.00733,0.09035,32.00000,30.00000,tau_1
8568,0.10000,-0.11502,-0.00733,0.09035,32.00000,30.00000,tau_1
8574,0.10000,-0.11502,-0.00733,0.09035,32.00000,30.00000,tau_1
8579,0.10000,-0.11502,-0.00733,0.09035,32.00000,30.00000,tau_1
8584,0.10000,-0.11502,-0.00733,0.09035,32.00000,30.00000,tau_1
8589,0.10000,-0.11502,-0.00733,0.09035,32.00000,30.00000,tau_1
8594,0.10000,-0.11502,-0.00733,0.09035,32.00000,30.00000,tau_1
8599,0.10000,-0.11502,-0.00733,0.09035,32.00000,30.00000,tau_1
8604,0.10000,-0.11502,-0.00733,0.09035,32.00000,30.00000,tau_1
8609,0.10000,-0.11502,-0.00733,0.09035,32.00000,30.00000,tau_1
8614,0.10000,-0.11502,-0.00733,0.09035,32.00000,30.00000,tau_1
8619,0.10000,-0.11502,-0.00733,0.08547,32.00000,30.00000,tau_1
8624,0.10000,-0.11502,-0.00733,0.08547,32.00000,30.00000,tau_1
8629,0.10000,-0.11502,-0.00733,0.09035,32.00000,30.00000,tau_1
8634,0.10000,-0.11502,-0.00733,0.09035,32.00000,30.00000,tau_1
8639,0.10000,-0.11502,-0.00733,0.08547,32.00000,30.00000,tau_1
8644,0.10000,-0.11502,-0.00733,0.09035,32.00000,30.00000,tau_1
8649,0.10000,-0.11502,-0.00733,0.09035,32.00000,30.00000,tau_1
8654,0.10000,-0.11502,-0.00733,0.09035,32.00000,30.00000,tau_1
8659,0.10000,-0.11502,-0.00733,0.09035,32.00000,30.00000,tau_1
8665,0.10000,-0.11502,-0.00733,0.09035,32.00000,30.00000,tau_1
8670,0.10000,-0.11502,-0.00733,0.09035,32.00000,30.00000,tau_1
8675,0.10000,-0.11502,-0.00733,0.09035,32.00000,30.00000,tau_1
8680,0.10000,-0.11502,-0.00733,0.09035,32.00000,30.00000,tau_1
8685,0.10000,-0.11502,-0.00733,0.09035,32.00000,30.00000,tau_1
8690,0.10000,-0.11502,-0.00733,0.09035,32.00000,30.00000,tau_1
8695,0.10000,-0.11502,-0.00733,0.09035,32.00000,30.00000,tau_1
8700,0.10000,-0.11502,-0.00733,0.09035,32.00000,30.00000,tau_1
8705,0.10000,-0.11502,-0.00733,0.09035,32.00000,30.00000,tau_1
8710,0.10000,-0.11502,-0.00733,0.09035,32.00000,30.00000,tau_1
8715,0.10000,-0.11502,-0.00733,0.09035,32.00000,30.00000,tau_1
8720,0.10000,-0.11502,-0.00733,0.09035,32.00000,30.00000,tau_1
8725,0.10000,-0.11502,-0.00733,0.09035,32.00000,30.00000,tau_1
8730,0.10000,-0.11502,-0.00733,0.08547,32.00000,30.00000,tau_1
8735,0.10000,-0.11502,-0.00733,0.09035,32.00000,30.00000,tau_1
8740,0.10000,-0.11502,-0.00733,0.09035,32.00000,30.00000,tau_1
8745,0.10000,-0.11502,-0.00733,0.09035,32.00000,30.00000,tau_1
8750,0.10000,-0.11502,-0.00733,0.09035,32.00000,30.00000,tau_1
8755,0.10000,-0.11502,-0.00733,0.08547,32.00000,30.00000,tau_1
8761,0.10000,-0.11502,-0.00733,0.09035,32.00000,30.00000,tau_1
8766,0.10000,-0.11502,-0.00733,0.09035,32.00000,30.00000,tau_1
8771,0.10000,-0.11502,-0.00733,0.09035,32.00000,30.00000,tau_1
8776,0.10000,-0.11502,-0.00733,0.09035,32.00000,30.00000,tau_1
8781,0.10000,-0.11502,-0.00733,0.09035,32.00000,30.00000,tau_1
8786,0.10000,-0.11502,-0.00733,0.09035,32.00000,30.00000,tau_1
8791,0.10000,-0.11502,-0.00733,0.09035,32.00000,30.00000,tau_1
8796,0.10000,-0.11502,-0.00733,0.09035,32.00000,30.00000,tau_1
8801,0.10000,-0.11502,-0.00733,0.09035,32.00000,30.00000,tau_1
8806,0.10000,-0.11502,-0.00733,0.09035,32.00000,30.00000,tau_1
8811,0.10000,-0.11502,-0.00733,0.09035,32.00000,30.00000,tau_1
8816,0.10000,-0.11502,-0.00733,0.09035,32.00000,30.00000,tau_1
8821,0.10000,-0.11502,-0.00733,0.08547,32.00000,30.00000,tau_1
8826,0.10000,-0.11502,-0.00733,0.08547,32.00000,30.00000,tau_1
8831,0.10000,-0.11502,-0.00733,0.08547,32.00000,30.00000,tau_1
8836,0.10000,-0.11502,-0.00733,0.09035,32.00000,30.00000,tau_1
8841,0.10000,-0.11502,-0.00733,0.09035,32.00000,30.00000,tau_1
8846,0.10000,-0.11502,-0.00733,0.09035,32.00000,30.00000,tau_1
8852,0.10000,-0.11502,-0.00733,0.09035,32.00000,30.00000,tau_1
8857,0.10000,-0.11502,-0.00733,0.08547,32.00000,30.00000,tau_1
8862,0.10000,-0.11502,-0.00733,0.09035,32.00000,30.00000,tau_1
8867,0.10000,-0.11502,-0.00733,0.09035,32.00000,30.00000,tau_1
8872,0.10000,-0.11502,-0.00733,0.09035,32.00000,30.00000,tau_1
8877,0.10000,-0.11502,-0.00733,0.09035,32.00000,30.00000,tau_1
8882,0.10000,-0.11502,-0.00733,0.09035,32.00000,30.00000,tau_1
8887,0.10000,-0.11502,-0.00733,0.09035,32.00000,30.00000,tau_1
8892,0.10000,-0.11502,-0.00733,0.08547,32.00000,30.00000,tau_1
8897,0.10000,-0.11502,-0.00733,0.09035,32.00000,30.00000,tau_1
8902,0.10000,-0.11502,-0.00733,0.09035,32.00000,30.00000,tau_1
8907,0.10000,-0.11502,-0.00733,0.09035,32.00000,30.00000,tau_1
8912,0.10000,-0.11502,-0.00733,0.09035,32.00000,30.00000,tau_1
8917,0.10000,-0.11502,-0.00733,0.09035,32.00000,30.00000,tau_1
8922,0.10000,-0.11502,-0.00733,0.08547,32.00000,30.00000,tau_1
8927,0.10000,-0.11502,-0.00733,0.08547,32.00000,30.00000,tau_1
8932,0.10000,-0.11502,-0.00733,0.09035,32.00000,30.00000,tau_1
8937,0.10000,-0.11502,-0.00733,0.09035,32.00000,30.00000,tau_1
8942,0.10000,-0.11502,-0.00733,0.09035,32.00000,30.00000,tau_1
8948,0.10000,-0.11502,-0.00733,0.09035,32.00000,30.00000,tau_1
8953,0.10000,-0.11502,-0.00733,0.09035,32.00000,30.00000,tau_1
8958,0.10000,-0.11502,-0.00733,0.09035,32.00000,30.00000,tau_1
8963,0.10000,-0.11502,-0.00733,0.09035,32.00000,30.00000,tau_1
8968,0.10000,-0.11502,-0.00733,0.09035,32.00000,30.00000,tau_1
8973,0.10000,-0.11502,-0.00733,0.09035,32.00000,30.00000,tau_1
8978,0.10000,-0.11502,-0.00733,0.09035,32.00000,30.00000,tau_1
8983,0.10000,-0.11502,-0.00733,0.09035,32.00000,30.00000,tau_1
8988,0.10000,-0.11502,-0.00733,0.09035,32.00000,30.00000,tau_1
8993,0.10000,-0.11502,-0.00733,0.09035,32.00000,30.00000,tau_1
8998,0.10000,-0.11502,-0.00733,0.09035,32.00000,30.00000,tau_1
9003,0.10000,-0.11502,-0.00733,0.09035,32.00000,30.00000,tau_1
9008,0.10000,-0.11502,-0.00733,0.09035,32.00000,30.00000,tau_1
9013,0.10000,-0.11502,-0.00733,0.08547,32.00000,30.00000,tau_1
9018,0.10000,-0.11502,-0.00733,0.09035,32.00000,30.00000,tau_1
9023,0.10000,-0.11502,-0.00733,0.09035,32.00000,30.00000,tau_1
9028,0.10000,-0.11502,-0.00733,0.09035,32.00000,30.00000,tau_1
9033,0.10000,-0.11502,-0.00733,0.09035,32.00000,30.00000,tau_1
9038,0.10000,-0.11502,-0.00733,0.09035,32.00000,30.00000,tau_1
9044,0.10000,-0.11502,-0.00733,0.08547,32.00000,30.00000,tau_1
9049,0.10000,-0.11502,-0.00733,0.08547,32.00000,30.00000,tau_1
9054,0.10000,-0.11502,-0.00733,0.09035,32.00000,30.00000,tau_1
9059,0.10000,-0.11502,-0.00733,0.09035,32.00000,30.00000,tau_1
9064,0.10000,-0.11502,-0.00733,0.09035,32.00000,30.00000,tau_1
9069,0.10000,-0.11502,-0.00733,0.09035,32.00000,30.00000,tau_1
9074,0.10000,-0.11502,-0.00733,0.09035,32.00000,30.00000,tau_1
9079,0.10000,-0.11502,-0.00733,0.09035,32.00000,30.00000,tau_1
9084,0.10000,-0.11502,-0.00733,0.09035,32.00000,30.00000,tau_1
9089,0.10000,-0.11502,-0.00733,0.08547,32.00000,30.00000,tau_1
9094,0.10000,-0.11502,-0.00733,0.08547,32.00000,30.00000,tau_1
9099,0.10000,-0.11502,-0.00733,0.09035,32.00000,30.00000,tau_1
9104,0.10000,-0.11502,-0.00733,0.09035,32.00000,30.00000,tau_1
9109,0.10000,-0.11502,-0.00733,0.09035,32.00000,30.00000,tau_1
9114,0.10000,-0.11502,-0.00733,0.09035,32.00000,30.00000,tau_1
9119,0.10000,-0.11502,-0.00733,0.09035,32.00000,30.00000,tau_1
9124,0.10000,-0.11502,-0.00733,0.09035,32.00000,30.00000,tau_1
9129,0.10000,-0.11502,-0.00733,0.09035,32.00000,30.00000,tau_1
9135,0.10000,-0.11502,-0.00733,0.09035,32.00000,30.00000,tau_1
9140,0.10000,-0.11502,-0.00733,0.09035,32.00000,30.00000,tau_1
9145,0.10000,-0.11502,-0.00733,0.09035,32.00000,30.00000,tau_1
9150,0.10000,-0.11502,-0.00733,0.09035,32.00000,30.00000,tau_1
9155,0.10000,-0.11502,-0.00733,0.09035,32.00000,30.00000,tau_1
9160,0.10000,-0.11502,-0.00733,0.09035,32.00000,30.00000,tau_1
9165,0.10000,-0.11502,-0.00733,0.09035,32.00000,30.00000,tau_1
9170,0.10000,-0.11502,-0.00733,0.09035,32.00000,30.00000,tau_1
9175,0.10000,-0.11502,-0.00733,0.09035,32.00000,30.00000,tau_1
9180,0.10000,-0.11502,-0.00733,0.09035,32.00000,30.00000,tau_1
9185,0.10000,-0.11502,-0.00733,0.09035,32.00000,30.00000,tau_1
9190,0.10000,-0.11502,-0.00733,0.09035,32.00000,30.00000,tau_1
9195,0.10000,-0.11502,-0.00733,0.09035,32.00000,30.00000,tau_1
9200,0.10000,-0.11502,-0.00733,0.09035,32.00000,30.00000,tau_1
9205,0.10000,-0.11502,-0.00733,0.09035,32.00000,30.00000,tau_1
9210,0.10000,-0.11502,-0.00733,0.09035,32.00000,30.00000,tau_1
9215,0.10000,-0.11502,-0.00733,0.09035,32.00000,30.00000,tau_1
9220,0.10000,-0.11502,-0.00733,0.09035,32.00000,30.00000,tau_1
9225,0.10000,-0.11502,-0.00733,0.09035,32.00000,30.00000,tau_1
9231,0.10000,-0.11502,-0.00733,0.08547,32.00000,30.00000,tau_1
9236,0.10000,-0.11502,-0.00733,0.09035,32.00000,30.00000,tau_1
9241,0.10000,-0.11502,-0.00733,0.09035,32.00000,30.00000,tau_1
9246,0.10000,-0.11502,-0.00733,0.08547,32.00000,30.00000,tau_1
9251,0.10000,-0.11502,-0.00733,0.09035,32.00000,30.00000,tau_1
9256,0.10000,-0.11502,-0.00733,0.09035,32.00000,30.00000,tau_1
9261,0.10000,-0.11502,-0.00733,0.09035,32.00000,30.00000,tau_1
9266,0.10000,-0.11502,-0.00733,0.09035,32.00000,30.00000,tau_1
9271,0.10000,-0.11502,-0.00733,0.09035,32.00000,30.00000,tau_1
9276,0.10000,-0.11502,-0.00733,0.09035,32.00000,30.00000,tau_1
9281,0.10000,-0.11502,-0.00733,0.09035,32.00000,30.00000,tau_1
9286,0.10000,-0.11502,-0.00733,0.09035,32.00000,30.00000,tau_1
9291,0.10000,-0.11502,-0.00733,0.09035,32.00000,30.00000,tau_1
9296,0.10000,-0.11502,-0.00733,0.09035,32.00000,30.00000,tau_1
9301,0.10000,-0.11502,-0.00733,0.09035,32.00000,30.00000,tau_1
9306,0.10000,-0.11502,-0.00733,0.09035,32.00000,30.00000,tau_1
9311,0.10000,-0.11502,-0.00733,0.09035,32.00000,30.00000,tau_1
9316,0.10000,-0.11502,-0.00733,0.09035,32.00000,30.00000,tau_1
9322,0.10000,-0.11502,-0.00733,0.09035,32.00000,30.00000,tau_1
9327,0.10000,-0.11502,-0.00733,0.08547,32.00000,30.00000,tau_1
9332,0.10000,-0.11502,-0.00733,0.09035,32.00000,30.00000,tau_1
9337,0.10000,-0.11502,-0.00733,0.09035,32.00000,30.00000,tau_1
9342,0.10000,-0.11502,-0.00733,0.09035,32.00000,30.00000,tau_1
9347,0.10000,-0.11502,-0.00733,0.08547,32.00000,30.00000,tau_1
9352,0.10000,-0.11502,-0.00733,0.09035,32.00000,30.00000,tau_1
9357,0.10000,-0.11502,-0.00733,0.09035,32.00000,30.00000,tau_1
9362,0.10000,-0.11502,-0.00733,0.08547,32.00000,30.00000,tau_1
9367,0.10000,-0.11502,-0.00733,0.09035,32.00000,30.00000,tau_1
9372,0.10000,-0.11502,-0.00733,0.09035,32.00000,30.00000,tau_1
9377,0.10000,-0.11502,-0.00733,0.09035,32.00000,30.00000,tau_1
9382,0.10000,-0.11502,-0.00733,0.09035,32.00000,30.00000,tau_1
9387,0.10000,-0.11502,-0.00733,0.08547,32.00000,30.00000,tau_1
9392,0.10000,-0.11502,-0.00733,0.08547,32.00000,30.00000,tau_1
9397,0.10000,-0.11502,-0.00733,0.08547,32.00000,30.00000,tau_1
9402,0.10000,-0.11502,-0.00733,0.09035,32.00000,30.00000,tau_1
9407,0.10000,-0.11502,-0.00733,0.09035,32.00000,30.00000,tau_1
9412,0.10000,-0.11502,-0.00733,0.09035,32.00000,30.00000,tau_1
9418,0.10000,-0.11502,-0.00733,0.09035,32.00000,30.00000,tau_1
9423,0.10000,-0.11502,-0.00733,0.09035,32.00000,30.00000,tau_1
9428,0.10000,-0.11502,-0.00733,0.09035,32.00000,30.00000,tau_1
9433,0.10000,-0.11502,-0.00733,0.09035,32.00000,30.00000,tau_1
9438,0.10000,-0.11502,-0.00733,0.09035,32.00000,30.00000,tau_1
9443,0.10000,-0.11502,-0.00733,0.09035,32.00000,30.00000,tau_1
9448,0.10000,-0.11502,-0.00733,0.09035,32.00000,30.00000,tau_1
9453,0.10000,-0.11502,-0.00733,0.09035,32.00000,30.00000,tau_1
9458,0.10000,-0.11502,-0.00733,0.09035,32.00000,30.00000,tau_1
9463,0.10000,-0.11502,-0.00733,0.09035,32.00000,30.00000,tau_1
9468,0.10000,-0.11502,-0.00733,0.09035,32.00000,30.00000,tau_1
9473,0.10000,-0.11502,-0.00733,0.09035,32.00000,30.00000,tau_1
9478,0.10000,-0.11502,-0.00733,0.09035,32.00000,30.00000,tau_1
9483,0.10000,-0.11502,-0.00733,0.09035,32.00000,30.00000,tau_1
9488,0.10000,-0.11502,-0.00733,0.09035,32.00000,30.00000,tau_1
9493,0.10000,-0.11502,-0.00733,0.09035,32.00000,30.00000,tau_1
9498,0.10000,-0.11502,-0.00733,0.09035,32.00000,30.00000,tau_1
9503,0.10000,-0.11502,-0.00733,0.09035,32.00000,30.00000,tau_1
9509,0.10000,-0.11502,-0.00733,0.09035,32.00000,30.00000,tau_1
9514,0.10000,-0.11502,-0.00733,0.09035,32.00000,30.00000,tau_1
9519,0.10000,-0.11502,-0.00733,0.09035,32.00000,30.00000,tau_1
9524,0.10000,-0.11502,-0.00733,0.09035,32.00000,30.00000,tau_1
9529,0.10000,-0.11502,-0.00733,0.08547,32.00000,30.00000,tau_1
9534,0.10000,-0.11502,-0.00733,0.08547,32.00000,30.00000,tau_1
9539,0.10000,-0.11502,-0.00733,0.09035,32.00000,30.00000,tau_1
9544,0.10000,-0.11502,-0.00733,0.09035,32.00000,30.00000,tau_1
9549,0.10000,-0.11502,-0.00733,0.09035,32.00000,30.00000,tau_1
9554,0.10000,-0.11502,-0.00733,0.09035,32.00000,30.00000,tau_1
9559,0.10000,-0.11502,-0.00733,0.09035,32.00000,30.00000,tau_1
9564,0.10000,-0.11502,-0.00733,0.08547,32.00000,30.00000,tau_1
9569,0.10000,-0.11502,-0.00733,0.09035,32.00000,30.00000,tau_1
9574,0.10000,-0.11502,-0.00733,0.09035,32.00000,30.00000,tau_1
9579,0.10000,-0.11502,-0.00733,0.09035,32.00000,30.00000,tau_1
9584,0.10000,-0.11502,-0.00733,0.09035,32.00000,30.00000,tau_1
9589,0.10000,-0.11502,-0.00733,0.09035,32.00000,30.00000,tau_1
9594,0.10000,-0.11502,-0.00733,0.08547,32.00000,30.00000,tau_1
9600,0.10000,-0.11502,-0.00733,0.09035,32.00000,30.00000,tau_1
9605,0.10000,-0.11502,-0.00733,0.08547,32.00000,30.00000,tau_1
9610,0.10000,-0.11502,-0.00733,0.08547,32.00000,30.00000,tau_1
9615,0.10000,-0.11502,-0.00733,0.08547,32.00000,30.00000,tau_1
9620,0.10000,-0.11502,-0.00733,0.09035,32.00000,30.00000,tau_1
9625,0.10000,-0.11502,-0.00733,0.09035,32.00000,30.00000,tau_1
9630,0.10000,-0.11502,-0.00733,0.09035,32.00000,30.00000,tau_1
9635,0.10000,-0.11502,-0.00733,0.09035,32.00000,30.00000,tau_1
9640,0.10000,-0.11502,-0.00733,0.09035,32.00000,30.00000,tau_1
9645,0.10000,-0.11502,-0.00733,0.09035,32.00000,30.00000,tau_1
9650,0.10000,-0.11502,-0.00733,0.09035,32.00000,30.00000,tau_1
9655,0.10000,-0.11502,-0.00733,0.09035,32.00000,30.00000,tau_1
9660,0.10000,-0.11502,-0.00733,0.09035,32.00000,30.00000,tau_1
9665,0.10000,-0.11502,-0.00733,0.09035,32.00000,30.00000,tau_1
9670,0.10000,-0.11502,-0.00733,0.09035,32.00000,30.00000,tau_1
9675,0.10000,-0.11502,-0.00733,0.09035,32.00000,30.00000,tau_1
9680,0.10000,-0.11502,-0.00733,0.09035,32.00000,30.00000,tau_1
9685,0.10000,-0.11502,-0.00733,0.09035,32.00000,30.00000,tau_1
9691,0.10000,-0.11502,-0.00733,0.09035,32.00000,30.00000,tau_1
9696,0.10000,-0.11502,-0.00733,0.08547,32.00000,30.00000,tau_1
9701,0.10000,-0.11502,-0.00733,0.08547,32.00000,30.00000,tau_1
9706,0.10000,-0.11502,-0.00733,0.08547,32.00000,30.00000,tau_1
9711,0.10000,-0.11502,-0.00733,0.09035,32.00000,30.00000,tau_1
9716,0.10000,-0.11502,-0.00733,0.08547,32.00000,30.00000,tau_1
9721,0.10000,-0.11502,-0.00733,0.09035,32.00000,30.00000,tau_1
9726,0.10000,-0.11502,-0.00733,0.09035,32.00000,30.00000,tau_1
9731,0.10000,-0.11502,-0.00733,0.09035,32.00000,30.00000,tau_1
9736,0.10000,-0.11502,-0.00733,0.09035,32.00000,30.00000,tau_1
9741,0.10000,-0.11502,-0.00733,0.09035,32.00000,30.00000,tau_1
9746,0.10000,-0.11502,-0.00733,0.09035,32.00000,30.00000,tau_1
9751,0.10000,-0.11502,-0.00733,0.09035,32.00000,30.00000,tau_1
9756,0.10000,-0.11502,-0.00733,0.09035,32.00000,30.00000,tau_1
9761,0.10000,-0.11502,-0.00733,0.09035,32.00000,30.00000,tau_1
9766,0.10000,-0.11502,-0.00733,0.08547,32.00000,30.00000,tau_1
9771,0.10000,-0.11502,-0.00733,0.08547,32.00000,30.00000,tau_1
9776,0.10000,-0.11502,-0.00733,0.09035,32.00000,30.00000,tau_1
9782,0.10000,-0.11502,-0.00733,0.09035,32.00000,30.00000,tau_1
9787,0.10000,-0.11502,-0.00733,0.09035,32.00000,30.00000,tau_1
9792,0.10000,-0.11502,-0.00733,0.09035,32.00000,30.00000,tau_1
9797,0.10000,-0.11502,-0.00733,0.09035,32.00000,30.00000,tau_1
9802,0.10000,-0.11502,-0.00733,0.08547,32.00000,30.00000,tau_1
9807,0.10000,-0.11502,-0.00733,0.08547,32.00000,30.00000,tau_1
9812,0.10000,-0.11502,-0.00733,0.09035,32.00000,30.00000,tau_1
9817,0.10000,-0.11502,-0.00733,0.08547,32.00000,30.00000,tau_1
9822,0.10000,-0.11502,-0.00733,0.08547,32.00000,30.00000,tau_1
9827,0.10000,-0.11502,-0.00733,0.08547,32.00000,30.00000,tau_1
9832,0.10000,-0.11502,-0.00733,0.09035,32.00000,30.00000,tau_1
9837,0.10000,-0.11502,-0.00733,0.09035,32.00000,30.00000,tau_1
9842,0.10000,-0.11502,-0.00733,0.09035,32.00000,30.00000,tau_1
9847,0.10000,-0.11502,-0.00733,0.08547,32.00000,30.00000,tau_1
9852,0.10000,-0.11502,-0.00733,0.08547,32.00000,30.00000,tau_1
9857,0.10000,-0.11502,-0.00733,0.09035,32.00000,30.00000,tau_1
9862,0.10000,-0.11502,-0.00733,0.09035,32.00000,30.00000,tau_1
9868,0.10000,-0.11502,-0.00733,0.09035,32.00000,30.00000,tau_1
9873,0.10000,-0.11502,-0.00733,0.09035,32.00000,30.00000,tau_1
9878,0.10000,-0.11502,-0.00733,0.09035,32.00000,30.00000,tau_1
9883,0.10000,-0.11502,-0.00733,0.09035,32.00000,30.00000,tau_1
9888,0.10000,-0.11502,-0.00733,0.09035,32.00000,30.00000,tau_1
9893,0.10000,-0.11502,-0.00733,0.09035,32.00000,30.00000,tau_1
9898,0.10000,-0.11502,-0.00733,0.09035,32.00000,30.00000,tau_1
9903,0.10000,-0.11502,-0.00733,0.08547,32.00000,30.00000,tau_1
9908,0.10000,-0.11502,-0.00733,0.09035,32.00000,30.00000,tau_1
9913,0.10000,-0.11502,-0.00733,0.09035,32.00000,30.00000,tau_1
9918,0.10000,-0.11502,-0.00733,0.09035,32.00000,30.00000,tau_1
9923,0.10000,-0.11502,-0.00733,0.09035,32.00000,30.00000,tau_1
9928,0.10000,-0.11502,-0.00733,0.09035,32.00000,30.00000,tau_1
9933,0.10000,-0.11502,-0.00733,0.09035,32.00000,30.00000,tau_1
9938,0.10000,-0.11502,-0.00733,0.09035,32.00000,30.00000,tau_1
9943,0.10000,-0.11502,-0.00733,0.09035,32.00000,30.00000,tau_1
9948,0.10000,-0.11502,-0.00733,0.09035,32.00000,30.00000,tau_1
9953,0.10000,-0.11502,-0.00733,0.09035,32.00000,30.00000,tau_1
9959,0.10000,-0.11502,-0.00733,0.09035,32.00000,30.00000,tau_1
9964,0.10000,-0.11502,-0.00733,0.09035,32.00000,30.00000,tau_1
9969,0.10000,-0.11502,-0.00733,0.09035,32.00000,30.00000,tau_1
9974,0.10000,-0.11502,-0.00733,0.09035,32.00000,30.00000,tau_1
9979,0.10000,-0.11502,-0.00733,0.09035,32.00000,30.00000,tau_1
9984,0.10000,-0.11502,-0.00733,0.09035,32.00000,30.00000,tau_1
9989,0.10000,-0.11502,-0.00733,0.08547,32.00000,30.00000,tau_1
9994,0.10000,-0.11502,-0.00733,0.08547,32.00000,30.00000,tau_1
9999,0.10000,-0.11502,-0.00733,0.09035,32.00000,30.00000,tau_1
0,0.50000,-0.11502,-0.00733,0.09035,32.00000,30.00000,tau_5
5,0.50000,-0.11502,-0.00733,0.09035,32.00000,30.00000,tau_5
10,0.50000,-0.11502,-0.00733,0.09035,32.00000,30.00000,tau_5
15,0.50000,-0.11502,-0.00733,0.09035,32.00000,30.00000,tau_5
20,0.50000,-0.11502,-0.00733,0.09035,32.00000,30.00000,tau_5
25,0.50000,-0.11502,-0.00733,0.09035,32.00000,30.00000,tau_5
30,0.50000,-0.11502,-0.00733,0.09035,32.00000,30.00000,tau_5
35,0.50000,-0.11463,0.13920,0.14896,32.00000,30.00000,tau_5
40,0.50000,-0.11311,0.41758,0.19780,32.00000,30.00000,tau_5
45,0.50000,-0.11006,0.66667,0.17827,32.00000,30.00000,tau_5
50,0.50000,-0.10624,0.76923,0.14896,32.00000,30.00000,tau_5
55,0.50000,-0.10319,0.66667,0.15385,32.00000,30.00000,tau_5
60,0.50000,-0.10014,0.56410,0.16850,32.00000,30.00000,tau_5
65,0.50000,-0.09709,0.57876,0.16850,32.00000,30.00000,tau_5
70,0.50000,-0.09327,0.71062,0.15385,32.00000,30.00000,tau_5
75,0.50000,-0.08946,0.79854,0.12454,32.00000,30.00000,tau_5
80,0.50000,-0.08526,0.76923,0.10989,32.00000,30.00000,tau_5
85,0.50000,-0.08145,0.71062,0.10989,32.00000,30.00000,tau_5
91,0.50000,-0.07839,0.65202,0.12943,32.00000,30.00000,tau_5
96,0.50000,-0.07496,0.60806,0.14896,32.00000,30.00000,tau_5
101,0.50000,-0.07191,0.63736,0.15873,32.00000,30.00000,tau_5
106,0.50000,-0.06771,0.79854,0.12943,32.00000,30.00000,tau_5
111,0.50000,-0.06313,0.88645,0.10012,32.00000,30.00000,tau_5
116,0.50000,-0.05894,0.84249,0.08547,32.00000,30.00000,tau_5
121,0.50000,-0.05512,0.71062,0.10501,32.00000,30.00000,tau_5
126,0.50000,-0.05207,0.66667,0.12454,32.00000,30.00000,tau_5
131,0.50000,-0.04902,0.56410,0.15385,32.00000,30.00000,tau_5
136,0.50000,-0.04559,0.66667,0.15385,32.00000,30.00000,tau_5
141,0.50000,-0.04177,0.76923,0.12943,32.00000,30.00000,tau_5
146,0.50000,-0.03719,0.87180,0.10012,32.00000,30.00000,tau_5
151,0.50000,-0.03338,0.75458,0.10012,32.00000,30.00000,tau_5
156,0.50000,-0.02956,0.68132,0.10989,32.00000,30.00000,tau_5
161,0.50000,-0.02613,0.68132,0.12454,32.00000,30.00000,tau_5
166,0.50000,-0.02270,0.66667,0.13919,32.00000,30.00000,tau_5
171,0.50000,-0.01926,0.69597,0.14408,32.00000,30.00000,tau_5
176,0.50000,-0.01545,0.78388,0.12454,32.00000,30.00000,tau_5
182,0.50000,-0.01125,0.79854,0.10989,32.00000,30.00000,tau_5
187,0.50000,-0.00744,0.75458,0.10989,32.00000,30.00000,tau_5
192,0.50000,-0.00401,0.68132,0.11966,32.00000,30.00000,tau_5
197,0.50000,-0.00019,0.72528,0.11966,32.00000,30.00000,tau_5
202,0.50000,0.00324,0.68132,0.12943,32.00000,30.00000,tau_5
207,0.50000,0.00706,0.71062,0.13431,32.00000,30.00000,tau_5
212,0.50000,0.01087,0.73993,0.12454,32.00000,30.00000,tau_5
217,0.50000,0.01469,0.79854,0.10501,32.00000,30.00000,tau_5
222,0.50000,0.01888,0.78388,0.10501,32.00000,30.00000,tau_5
227,0.50000,0.02270,0.75458,0.10501,32.00000,30.00000,tau_5
232,0.50000,0.02651,0.75458,0.10989,32.00000,30.00000,tau_5
237,0.50000,0.02995,0.62271,0.13431,32.00000,30.00000,tau_5
242,0.50000,0.03300,0.59341,0.15873,32.00000,30.00000,tau_5
247,0.50000,0.03643,0.69597,0.14896,32.00000,30.00000,tau_5
252,0.50000,0.04025,0.76923,0.12943,32.00000,30.00000,tau_5
257,0.50000,0.04444,0.79854,0.10989,32.00000,30.00000,tau_5
262,0.50000,0.04864,0.76923,0.10501,32.00000,30.00000,tau_5
268,0.50000,0.05245,0.75458,0.10501,32.00000,30.00000,tau_5
273,0.50000,0.05551,0.63736,0.13919,32.00000,30.00000,tau_5
278,0.50000,0.05894,0.63736,0.14408,32.00000,30.00000,tau_5
283,0.50000,0.06275,0.76923,0.12454,32.00000,30.00000,tau_5
288,0.50000,0.06733,0.87180,0.09524,32.00000,30.00000,tau_5
293,0.50000,0.07153,0.87180,0.08547,32.00000,30.00000,tau_5
298,0.50000,0.07572,0.76923,0.08547,32.00000,30.00000,tau_5
303,0.50000,0.07916,0.66667,0.11477,32.00000,30.00000,tau_5
308,0.50000,0.08183,0.54945,0.14896,32.00000,30.00000,tau_5
313,0.50000,0.08488,0.59341,0.16850,32.00000,30.00000,tau_5
318,0.50000,0.08869,0.72528,0.14896,32.00000,30.00000,tau_5
323,0.50000,0.09251,0.81319,0.12454,32.00000,30.00000,tau_5
328,0.50000,0.09670,0.81319,0.10501,32.00000,30.00000,tau_5
333,0.50000,0.10052,0.69597,0.11477,32.00000,30.00000,tau_5
338,0.50000,0.10395,0.69597,0.11966,32.00000,30.00000,tau_5
343,0.50000,0.10739,0.65202,0.13919,32.00000,30.00000,tau_5
348,0.50000,0.11082,0.69597,0.13919,32.00000,30.00000,tau_5
354,0.50000,0.11502,0.81319,0.11966,32.00000,30.00000,tau_5
359,0.50000,0.11959,0.90110,0.09035,32.00000,30.00000,tau_5
364,0.50000,0.12379,0.81319,0.08547,32.00000,30.00000,tau_5
369,0.50000,0.12760,0.72528,0.09524,32.00000,30.00000,tau_5
374,0.50000,0.13104,0.68132,0.11477,32.00000,30.00000,tau_5
379,0.50000,0.13447,0.66667,0.12943,32.00000,30.00000,tau_5
384,0.50000,0.13790,0.68132,0.13431,32.00000,30.00000,tau_5
389,0.50000,0.14172,0.78388,0.11966,32.00000,30.00000,tau_5
394,0.50000,0.14591,0.78388,0.10989,32.00000,30.00000,tau_5
399,0.50000,0.14973,0.72528,0.10501,32.00000,30.00000,tau_5
404,0.50000,0.15354,0.71062,0.11477,32.00000,30.00000,tau_5
409,0.50000,0.15698,0.73993,0.11966,32.00000,30.00000,tau_5
414,0.50000,0.16079,0.69597,0.12943,32.00000,30.00000,tau_5
419,0.50000,0.16423,0.69597,0.12943,32.00000,30.00000,tau_5
424,0.50000,0.16804,0.73993,0.12943,32.00000,30.00000,tau_5
429,0.50000,0.17224,0.78388,0.10989,32.00000,30.00000,tau_5
434,0.50000,0.17605,0.75458,0.10989,32.00000,30.00000,tau_5
439,0.50000,0.18025,0.75458,0.10012,32.00000,30.00000,tau_5
445,0.50000,0.18406,0.78388,0.10012,32.00000,30.00000,tau_5
450,0.50000,0.18788,0.68132,0.10989,32.00000,30.00000,tau_5
455,0.50000,0.19131,0.68132,0.12454,32.00000,30.00000,tau_5
460,0.50000,0.19512,0.76923,0.10989,32.00000,30.00000,tau_5
465,0.50000,0.19970,0.84249,0.09035,32.00000,30.00000,tau_5
470,0.50000,0.20390,0.81319,0.08547,32.00000,30.00000,tau_5
475,0.50000,0.20771,0.79854,0.08547,32.00000,30.00000,tau_5
480,0.50000,0.21115,0.69597,0.11477,32.00000,30.00000,tau_5
485,0.50000,0.21420,0.59341,0.14896,32.00000,30.00000,tau_5
490,0.50000,0.21725,0.62271,0.14896,32.00000,30.00000,tau_5
495,0.50000,0.22145,0.75458,0.13431,32.00000,30.00000,tau_5
500,0.50000,0.22564,0.84249,0.10501,32.00000,30.00000,tau_5
505,0.50000,0.22984,0.82784,0.09035,32.00000,30.00000,tau_5
510,0.50000,0.23365,0.76923,0.09035,32.00000,30.00000,tau_5
515,0.50000,0.23747,0.71062,0.10989,32.00000,30.00000,tau_5
520,0.50000,0.24052,0.63736,0.12943,32.00000,30.00000,tau_5
525,0.50000,0.24434,0.71062,0.12943,32.00000,30.00000,tau_5
531,0.50000,0.24853,0.85715,0.10012,32.00000,30.00000,tau_5
536,0.50000,0.25311,0.93040,0.07570,32.00000,30.00000,tau_5
541,0.50000,0.25731,0.78388,0.09035,32.00000,30.00000,tau_5
546,0.50000,0.26074,0.71062,0.10989,32.00000,30.00000,tau_5
551,0.50000,0.26379,0.62271,0.13919,32.00000,30.00000,tau_5
556,0.50000,0.26684,0.57876,0.15873,32.00000,30.00000,tau_5
561,0.50000,0.27028,0.66667,0.15385,32.00000,30.00000,tau_5
566,0.50000,0.27447,0.82784,0.11966,32.00000,30.00000,tau_5
571,0.50000,0.27905,0.84249,0.10012,32.00000,30.00000,tau_5
576,0.50000,0.28286,0.75458,0.10012,32.00000,30.00000,tau_5
581,0.50000,0.28630,0.72528,0.10989,32.00000,30.00000,tau_5
586,0.50000,0.29011,0.72528,0.11966,32.00000,30.00000,tau_5
591,0.50000,0.29393,0.72528,0.12454,32.00000,30.00000,tau_5
596,0.50000,0.29774,0.81319,0.10989,32.00000,30.00000,tau_5
601,0.50000,0.30194,0.84249,0.10012,32.00000,30.00000,tau_5
606,0.50000,0.30613,0.79854,0.09524,32.00000,30.00000,tau_5
611,0.50000,0.30995,0.71062,0.10501,32.00000,30.00000,tau_5
616,0.50000,0.31376,0.73993,0.10989,32.00000,30.00000,tau_5
622,0.50000,0.31720,0.66667,0.12943,32.00000,30.00000,tau_5
627,0.50000,0.32025,0.66667,0.13431,32.00000,30.00000,tau_5
632,0.50000,0.32406,0.69597,0.13919,32.00000,30.00000,tau_5
637,0.50000,0.32788,0.76923,0.12454,32.00000,30.00000,tau_5
642,0.50000,0.33169,0.79854,0.11477,32.00000,30.00000,tau_5
647,0.50000,0.33589,0.76923,0.10501,32.00000,30.00000,tau_5
652,0.50000,0.33970,0.79854,0.10989,32.00000,30.00000,tau_5
657,0.50000,0.34352,0.73993,0.11477,32.00000,30.00000,tau_5
662,0.50000,0.34695,0.65202,0.13919,32.00000,30.00000,tau_5
667,0.50000,0.35077,0.75458,0.12454,32.00000,30.00000,tau_5
672,0.50000,0.35496,0.82784,0.10501,32.00000,30.00000,tau_5
677,0.50000,0.35916,0.82784,0.08547,32.00000,30.00000,tau_5
682,0.50000,0.36336,0.79854,0.08547,32.00000,30.00000,tau_5
687,0.50000,0.36717,0.75458,0.09524,32.00000,30.00000,tau_5
692,0.50000,0.37060,0.60806,0.11966,32.00000,30.00000,tau_5
697,0.50000,0.37366,0.65202,0.13431,32.00000,30.00000,tau_5
702,0.50000,0.37747,0.76923,0.12454,32.00000,30.00000,tau_5
708,0.50000,0.38205,0.85715,0.10012,32.00000,30.00000,tau_5
713,0.50000,0.38624,0.82784,0.09035,32.00000,30.00000,tau_5
718,0.50000,0.39006,0.76923,0.10012,32.00000,30.00000,tau_5
723,0.50000,0.39349,0.66667,0.12454,32.00000,30.00000,tau_5
728,0.50000,0.39654,0.57876,0.14408,32.00000,30.00000,tau_5
733,0.50000,0.39998,0.62271,0.15385,32.00000,30.00000,tau_5
738,0.50000,0.40379,0.78388,0.12943,32.00000,30.00000,tau_5
743,0.50000,0.40837,0.88645,0.09035,32.00000,30.00000,tau_5
748,0.50000,0.41295,0.84249,0.07570,32.00000,30.00000,tau_5
753,0.50000,0.41676,0.76923,0.09035,32.00000,30.00000,tau_5
758,0.50000,0.42019,0.71062,0.10989,32.00000,30.00000,tau_5
763,0.50000,0.42363,0.68132,0.12454,32.00000,30.00000,tau_5
768,0.50000,0.42744,0.76923,0.11966,32.00000,30.00000,tau_5
773,0.50000,0.43202,0.87180,0.10012,32.00000,30.00000,tau_5
778,0.50000,0.43622,0.82784,0.10012,32.00000,30.00000,tau_5
783,0.50000,0.43965,0.71062,0.10501,32.00000,30.00000,tau_5
788,0.50000,0.44308,0.68132,0.11966,32.00000,30.00000,tau_5
793,0.50000,0.44652,0.69597,0.12943,32.00000,30.00000,tau_5
799,0.50000,0.44995,0.65202,0.13919,32.00000,30.00000,tau_5
804,0.50000,0.45377,0.75458,0.12943,32.00000,30.00000,tau_5
809,0.50000,0.45796,0.82784,0.10501,32.00000,30.00000,tau_5
814,0.50000,0.46216,0.82784,0.09035,32.00000,30.00000,tau_5
819,0.50000,0.46597,0.76923,0.09524,32.00000,30.00000,tau_5
824,0.50000,0.47017,0.78388,0.09524,32.00000,30.00000,tau_5
829,0.50000,0.47398,0.75458,0.10989,32.00000,30.00000,tau_5
834,0.50000,0.47742,0.72528,0.11477,32.00000,30.00000,tau_5
839,0.50000,0.48123,0.73993,0.11966,32.00000,30.00000,tau_5
844,0.50000,0.48543,0.79854,0.10989,32.00000,30.00000,tau_5
849,0.50000,0.48924,0.76923,0.10989,32.00000,30.00000,tau_5
854,0.50000,0.49306,0.73993,0.10989,32.00000,30.00000,tau_5
859,0.50000,0.49687,0.75458,0.10989,32.00000,30.00000,tau_5
864,0.50000,0.50031,0.69597,0.12454,32.00000,30.00000,tau_5
869,0.50000,0.50374,0.63736,0.14408,32.00000,30.00000,tau_5
874,0.50000,0.50717,0.72528,0.13431,32.00000,30.00000,tau_5
879,0.50000,0.51137,0.81319,0.11966,32.00000,30.00000,tau_5
884,0.50000,0.51556,0.87180,0.09524,32.00000,30.00000,tau_5
890,0.50000,0.51976,0.81319,0.08547,32.00000,30.00000,tau_5
895,0.50000,0.52396,0.78388,0.09524,32.00000,30.00000,tau_5
900,0.50000,0.52701,0.63736,0.12454,32.00000,30.00000,tau_5
905,0.50000,0.53044,0.65202,0.13431,32.00000,30.00000,tau_5
910,0.50000,0.53426,0.73993,0.12943,32.00000,30.00000,tau_5
915,0.50000,0.53845,0.84249,0.10012,32.00000,30.00000,tau_5
920,0.50000,0.54303,0.84249,0.09035,32.00000,30.00000,tau_5
925,0.50000,0.54685,0.78388,0.09035,32.00000,30.00000,tau_5
930,0.50000,0.55028,0.68132,0.11477,32.00000,30.00000,tau_5
935,0.50000,0.55333,0.57876,0.13919,32.00000,30.00000,tau_5
940,0.50000,0.55676,0.63736,0.15385,32.00000,30.00000,tau_5
945,0.50000,0.56058,0.78388,0.12943,32.00000,30.00000,tau_5
950,0.50000,0.56516,0.87180,0.10501,32.00000,30.00000,tau_5
955,0.50000,0.56935,0.81319,0.09035,32.00000,30.00000,tau_5
960,0.50000,0.57317,0.72528,0.10012,32.00000,30.00000,tau_5
965,0.50000,0.57660,0.69597,0.10989,32.00000,30.00000,tau_5
970,0.50000,0.58003,0.62271,0.13431,32.00000,30.00000,tau_5
976,0.50000,0.58347,0.72528,0.12943,32.00000,30.00000,tau_5
981,0.50000,0.58804,0.84249,0.10012,32.00000,30.00000,tau_5
986,0.50000,0.59262,0.91575,0.07570,32.00000,30.00000,tau_5
991,0.50000,0.59682,0.81319,0.07570,32.00000,30.00000,tau_5
996,0.50000,0.60063,0.73993,0.09035,32.00000,30.00000,tau_5
1001,0.50000,0.60407,0.72528,0.10501,32.00000,30.00000,tau_5
1006,0.50000,0.60750,0.68132,0.11966,32.00000,30.00000,tau_5
1011,0.50000,0.61170,0.75458,0.11477,32.00000,30.00000,tau_5
1016,0.50000,0.61551,0.81319,0.10501,32.00000,30.00000,tau_5
1021,0.50000,0.61971,0.79854,0.10012,32.00000,30.00000,tau_5
1026,0.50000,0.62352,0.72528,0.10501,32.00000,30.00000,tau_5
1031,0.50000,0.62734,0.76923,0.10501,32.00000,30.00000,tau_5
1036,0.50000,0.63077,0.71062,0.11966,32.00000,30.00000,tau_5
1041,0.50000,0.63458,0.72528,0.11966,32.00000,30.00000,tau_5
1046,0.50000,0.63840,0.75458,0.11477,32.00000,30.00000,tau_5
1051,0.50000,0.64260,0.81319,0.09524,32.00000,30.00000,tau_5
1056,0.50000,0.64679,0.82784,0.09035,32.00000,30.00000,tau_5
1061,0.50000,0.65099,0.81319,0.08547,32.00000,30.00000,tau_5
1067,0.50000,0.65518,0.79854,0.09035,32.00000,30.00000,tau_5
1072,0.50000,0.65862,0.68132,0.10989,32.00000,30.00000,tau_5
1077,0.50000,0.66205,0.65202,0.12943,32.00000,30.00000,tau_5
1082,0.50000,0.66587,0.73993,0.12454,32.00000,30.00000,tau_5
1087,0.50000,0.67006,0.79854,0.10989,32.00000,30.00000,tau_5
1092,0.50000,0.67426,0.79854,0.09524,32.00000,30.00000,tau_5
1097,0.50000,0.67845,0.79854,0.09035,32.00000,30.00000,tau_5
1102,0.50000,0.68189,0.73993,0.10501,32.00000,30.00000,tau_5
1107,0.50000,0.68532,0.62271,0.13431,32.00000,30.00000,tau_5
1112,0.50000,0.68875,0.66667,0.13431,32.00000,30.00000,tau_5
1117,0.50000,0.69257,0.81319,0.11477,32.00000,30.00000,tau_5
1122,0.50000,0.69715,0.88645,0.09035,32.00000,30.00000,tau_5
1127,0.50000,0.70134,0.85715,0.07570,32.00000,30.00000,tau_5
1132,0.50000,0.70554,0.78388,0.09035,32.00000,30.00000,tau_5
1137,0.50000,0.70897,0.69597,0.11477,32.00000,30.00000,tau_5
1142,0.50000,0.71202,0.63736,0.13431,32.00000,30.00000,tau_5
1147,0.50000,0.71584,0.72528,0.12943,32.00000,30.00000,tau_5
1153,0.50000,0.72003,0.85715,0.10501,32.00000,30.00000,tau_5
1158,0.50000,0.72461,0.90110,0.08059,32.00000,30.00000,tau_5
1163,0.50000,0.72881,0.76923,0.08547,32.00000,30.00000,tau_5
1168,0.50000,0.73262,0.73993,0.09524,32.00000,30.00000,tau_5
1173,0.50000,0.73606,0.65202,0.11966,32.00000,30.00000,tau_5
1178,0.50000,0.73949,0.69597,0.12943,32.00000,30.00000,tau_5
1183,0.50000,0.74331,0.79854,0.11477,32.00000,30.00000,tau_5
1188,0.50000,0.74788,0.88645,0.08547,32.00000,30.00000,tau_5
1193,0.50000,0.75208,0.79854,0.08547,32.00000,30.00000,tau_5
1198,0.50000,0.75589,0.72528,0.09524,32.00000,30.00000,tau_5
1203,0.50000,0.75971,0.72528,0.10501,32.00000,30.00000,tau_5
1208,0.50000,0.76352,0.69597,0.11477,32.00000,30.00000,tau_5
1213,0.50000,0.76734,0.75458,0.10989,32.00000,30.00000,tau_5
1218,0.50000,0.77153,0.84249,0.09035,32.00000,30.00000,tau_5
1223,0.50000,0.77573,0.84249,0.08059,32.00000,30.00000,tau_5
1228,0.50000,0.77993,0.76923,0.08547,32.00000,30.00000,tau_5
1233,0.50000,0.78374,0.78388,0.09035,32.00000,30.00000,tau_5
1238,0.50000,0.78756,0.75458,0.10501,32.00000,30.00000,tau_5
1244,0.50000,0.79099,0.72528,0.11477,32.00000,30.00000,tau_5
1249,0.50000,0.79480,0.72528,0.11477,32.00000,30.00000,tau_5
1254,0.50000,0.79900,0.81319,0.10501,32.00000,30.00000,tau_5
1259,0.50000,0.80320,0.81319,0.09524,32.00000,30.00000,tau_5
1264,0.50000,0.80701,0.78388,0.09035,32.00000,30.00000,tau_5
1269,0.50000,0.81121,0.79854,0.08547,32.00000,30.00000,tau_5
1274,0.50000,0.81502,0.75458,0.10012,32.00000,30.00000,tau_5
1279,0.50000,0.81845,0.69597,0.11966,32.00000,30.00000,tau_5
1284,0.50000,0.82265,0.78388,0.10501,32.00000,30.00000,tau_5
1289,0.50000,0.82685,0.87180,0.08547,32.00000,30.00000,tau_5
1294,0.50000,0.83143,0.85715,0.07570,32.00000,30.00000,tau_5
1299,0.50000,0.83562,0.84249,0.07082,32.00000,30.00000,tau_5
1304,0.50000,0.83944,0.73993,0.09524,32.00000,30.00000,tau_5
1309,0.50000,0.84249,0.62271,0.11966,32.00000,30.00000,tau_5
1314,0.50000,0.84592,0.65202,0.13431,32.00000,30.00000,tau_5
1319,0.50000,0.85012,0.79854,0.11477,32.00000,30.00000,tau_5
1324,0.50000,0.85470,0.88645,0.08059,32.00000,30.00000,tau_5
1330,0.50000,0.85889,0.87180,0.07082,32.00000,30.00000,tau_5
1335,0.50000,0.86309,0.78388,0.08059,32.00000,30.00000,tau_5
1340,0.50000,0.86652,0.69597,0.10501,32.00000,30.00000,tau_5
1345,0.50000,0.86957,0.63736,0.12943,32.00000,30.00000,tau_5
1350,0.50000,0.87377,0.75458,0.12454,32.00000,30.00000,tau_5
1355,0.50000,0.87797,0.88645,0.09524,32.00000,30.00000,tau_5
1360,0.50000,0.88254,0.91575,0.07082,32.00000,30.00000,tau_5
1365,0.50000,0.88674,0.78388,0.08059,32.00000,30.00000,tau_5
1370,0.50000,0.89055,0.72528,0.09035,32.00000,30.00000,tau_5
1375,0.50000,0.89361,0.62271,0.12454,32.00000,30.00000,tau_5
1380,0.50000,0.89742,0.69597,0.12454,32.00000,30.00000,tau_5
1385,0.50000,0.90162,0.84249,0.10012,32.00000,30.00000,tau_5
1390,0.50000,0.90619,0.90110,0.07082,32.00000,30.00000,tau_5
1395,0.50000,0.91039,0.79854,0.07570,32.00000,30.00000,tau_5
1400,0.50000,0.91421,0.72528,0.09035,32.00000,30.00000,tau_5
1405,0.50000,0.91764,0.72528,0.10989,32.00000,30.00000,tau_5
1410,0.50000,0.92145,0.71062,0.11966,32.00000,30.00000,tau_5
1415,0.50000,0.92527,0.76923,0.10989,32.00000,30.00000,tau_5
1421,0.50000,0.92947,0.84249,0.10012,32.00000,30.00000,tau_5
1426,0.50000,0.93366,0.84249,0.08547,32.00000,30.00000,tau_5
1431,0.50000,0.93786,0.76923,0.09035,32.00000,30.00000,tau_5
1436,0.50000,0.94167,0.79854,0.09035,32.00000,30.00000,tau_5
1441,0.50000,0.94549,0.75458,0.10012,32.00000,30.00000,tau_5
1446,0.50000,0.94930,0.75458,0.10501,32.00000,30.00000,tau_5
1451,0.50000,0.95350,0.78388,0.10012,32.00000,30.00000,tau_5
1456,0.50000,0.95770,0.82784,0.08547,32.00000,30.00000,tau_5
1461,0.50000,0.96189,0.81319,0.08547,32.00000,30.00000,tau_5
1466,0.50000,0.96609,0.79854,0.08059,32.00000,30.00000,tau_5
1471,0.50000,0.96990,0.79854,0.09524,32.00000,30.00000,tau_5
1476,0.50000,0.97334,0.68132,0.11477,32.00000,30.00000,tau_5
1481,0.50000,0.97715,0.69597,0.12454,32.00000,30.00000,tau_5
1486,0.50000,0.98096,0.79854,0.10989,32.00000,30.00000,tau_5
1491,0.50000,0.98554,0.87180,0.09035,32.00000,30.00000,tau_5
1496,0.50000,0.98974,0.82784,0.08059,32.00000,30.00000,tau_5
1501,0.50000,0.99393,0.84249,0.07082,32.00000,30.00000,tau_5
1506,0.50000,0.99737,0.71062,0.10012,32.00000,30.00000,tau_5
1511,0.50000,1.00118,0.68132,0.11477,32.00000,30.00000,tau_5
1517,0.50000,1.00500,0.76923,0.11477,32.00000,30.00000,tau_5
1522,0.50000,1.00919,0.88645,0.08547,32.00000,30.00000,tau_5
1527,0.50000,1.01377,0.87180,0.07570,32.00000,30.00000,tau_5
1532,0.50000,1.01797,0.81319,0.07570,32.00000,30.00000,tau_5
1537,0.50000,1.02178,0.71062,0.10012,32.00000,30.00000,tau_5
1542,0.50000,1.02483,0.62271,0.12454,32.00000,30.00000,tau_5
1547,0.50000,1.02827,0.66667,0.13431,32.00000,30.00000,tau_5
1552,0.50000,1.03246,0.81319,0.10989,32.00000,30.00000,tau_5
1557,0.50000,1.03742,0.93040,0.07082,32.00000,30.00000,tau_5
1562,0.50000,1.04162,0.81319,0.07570,32.00000,30.00000,tau_5
1567,0.50000,1.04543,0.76923,0.08547,32.00000,30.00000,tau_5
1572,0.50000,1.04887,0.71062,0.10989,32.00000,30.00000,tau_5
1577,0.50000,1.05268,0.71062,0.11966,32.00000,30.00000,tau_5
1582,0.50000,1.05650,0.81319,0.10989,32.00000,30.00000,tau_5
1587,0.50000,1.06107,0.91575,0.08059,32.00000,30.00000,tau_5
1592,0.50000,1.06527,0.84249,0.07570,32.00000,30.00000,tau_5
1597,0.50000,1.06947,0.73993,0.08547,32.00000,30.00000,tau_5
1603,0.50000,1.07290,0.71062,0.10012,32.00000,30.00000,tau_5
1608,0.50000,1.07671,0.69597,0.11477,32.00000,30.00000,tau_5
1613,0.50000,1.08053,0.73993,0.11477,32.00000,30.00000,tau_5
1618,0.50000,1.08473,0.85715,0.09524,32.00000,30.00000,tau_5
1623,0.50000,1.08930,0.85715,0.07570,32.00000,30.00000,tau_5
1628,0.50000,1.09312,0.79854,0.08059,32.00000,30.00000,tau_5
1633,0.50000,1.09731,0.75458,0.08547,32.00000,30.00000,tau_5
1638,0.50000,1.10113,0.76923,0.10012,32.00000,30.00000,tau_5
1643,0.50000,1.10494,0.73993,0.10989,32.00000,30.00000,tau_5
1648,0.50000,1.10838,0.73993,0.11477,32.00000,30.00000,tau_5
1653,0.50000,1.11257,0.82784,0.10501,32.00000,30.00000,tau_5
1658,0.50000,1.11677,0.82784,0.09035,32.00000,30.00000,tau_5
1663,0.50000,1.12097,0.78388,0.09035,32.00000,30.00000,tau_5
1668,0.50000,1.12516,0.81319,0.08547,32.00000,30.00000,tau_5
1673,0.50000,1.12898,0.75458,0.09524,32.00000,30.00000,tau_5
1678,0.50000,1.13241,0.68132,0.11477,32.00000,30.00000,tau_5
1683,0.50000,1.13623,0.76923,0.10989,32.00000,30.00000,tau_5
1688,0.50000,1.14042,0.84249,0.09524,32.00000,30.00000,tau_5
1694,0.50000,1.14500,0.85715,0.08059,32.00000,30.00000,tau_5
1699,0.50000,1.14920,0.81319,0.07570,32.00000,30.00000,tau_5
1704,0.50000,1.15301,0.75458,0.09035,32.00000,30.00000,tau_5
1709,0.50000,1.15644,0.62271,0.11966,32.00000,30.00000,tau_5
1714,0.50000,1.15950,0.65202,0.12943,32.00000,30.00000,tau_5
1719,0.50000,1.16369,0.78388,0.11966,32.00000,30.00000,tau_5
1724,0.50000,1.16827,0.87180,0.08547,32.00000,30.00000,tau_5
1729,0.50000,1.17285,0.88645,0.07082,32.00000,30.00000,tau_5
1734,0.50000,1.17666,0.78388,0.08059,32.00000,30.00000,tau_5
1739,0.50000,1.18048,0.71062,0.10989,32.00000,30.00000,tau_5
1744,0.50000,1.18391,0.66667,0.12454,32.00000,30.00000,tau_5
1749,0.50000,1.18772,0.78388,0.11477,32.00000,30.00000,tau_5
1754,0.50000,1.19192,0.90110,0.09035,32.00000,30.00000,tau_5
1759,0.50000,1.19650,0.90110,0.07082,32.00000,30.00000,tau_5
1764,0.50000,1.20069,0.75458,0.08547,32.00000,30.00000,tau_5
1769,0.50000,1.20413,0.72528,0.10012,32.00000,30.00000,tau_5
1774,0.50000,1.20756,0.63736,0.12454,32.00000,30.00000,tau_5
1780,0.50000,1.21138,0.72528,0.12454,32.00000,30.00000,tau_5
1785,0.50000,1.21557,0.82784,0.10012,32.00000,30.00000,tau_5
1790,0.50000,1.22015,0.91575,0.07570,32.00000,30.00000,tau_5
1795,0.50000,1.22435,0.81319,0.07570,32.00000,30.00000,tau_5
1800,0.50000,1.22816,0.73993,0.08547,32.00000,30.00000,tau_5
1805,0.50000,1.23198,0.73993,0.10012,32.00000,30.00000,tau_5
1810,0.50000,1.23541,0.69597,0.10989,32.00000,30.00000,tau_5
1815,0.50000,1.23960,0.75458,0.10989,32.00000,30.00000,tau_5
1820,0.50000,1.24380,0.85715,0.09524,32.00000,30.00000,tau_5
1825,0.50000,1.24800,0.82784,0.08547,32.00000,30.00000,tau_5
1830,0.50000,1.25181,0.75458,0.09035,32.00000,30.00000,tau_5
1835,0.50000,1.25601,0.78388,0.09035,32.00000,30.00000,tau_5
1840,0.50000,1.25944,0.73993,0.10501,32.00000,30.00000,tau_5
1845,0.50000,1.26326,0.75458,0.10501,32.00000,30.00000,tau_5
1850,0.50000,1.26745,0.78388,0.10012,32.00000,30.00000,tau_5
1855,0.50000,1.27165,0.82784,0.08547,32.00000,30.00000,tau_5
1860,0.50000,1.27584,0.81319,0.09035,32.00000,30.00000,tau_5
1865,0.50000,1.28004,0.79854,0.08547,32.00000,30.00000,tau_5
1871,0.50000,1.28386,0.78388,0.09035,32.00000,30.00000,tau_5
1876,0.50000,1.28729,0.66667,0.10989,32.00000,30.00000,tau_5
1881,0.50000,1.29110,0.66667,0.12454,32.00000,30.00000,tau_5
1886,0.50000,1.29492,0.76923,0.10989,32.00000,30.00000,tau_5
1891,0.50000,1.29911,0.84249,0.09035,32.00000,30.00000,tau_5
1896,0.50000,1.30331,0.84249,0.08059,32.00000,30.00000,tau_5
1901,0.50000,1.30789,0.84249,0.07570,32.00000,30.00000,tau_5
1906,0.50000,1.31132,0.73993,0.09524,32.00000,30.00000,tau_5
1911,0.50000,1.31475,0.66667,0.11477,32.00000,30.00000,tau_5
1916,0.50000,1.31857,0.76923,0.11477,32.00000,30.00000,tau_5
1921,0.50000,1.32277,0.88645,0.09035,32.00000,30.00000,tau_5
1926,0.50000,1.32734,0.88645,0.07570,32.00000,30.00000,tau_5
1931,0.50000,1.33154,0.79854,0.07570,32.00000,30.00000,tau_5
1936,0.50000,1.33536,0.72528,0.09524,32.00000,30.00000,tau_5
1941,0.50000,1.33879,0.62271,0.12454,32.00000,30.00000,tau_5
1946,0.50000,1.34184,0.65202,0.13919,32.00000,30.00000,tau_5
1951,0.50000,1.34604,0.81319,0.10989,32.00000,30.00000,tau_5
1956,0.50000,1.35061,0.91575,0.07570,32.00000,30.00000,tau_5
1961,0.50000,1.35519,0.85715,0.06594,32.00000,30.00000,tau_5
1967,0.50000,1.35901,0.78388,0.08059,32.00000,30.00000,tau_5
1972,0.50000,1.36282,0.72528,0.10012,32.00000,30.00000,tau_5
1977,0.50000,1.36625,0.66667,0.11966,32.00000,30.00000,tau_5
1982,0.50000,1.37007,0.75458,0.11477,32.00000,30.00000,tau_5
1987,0.50000,1.37465,0.88645,0.09035,32.00000,30.00000,tau_5
1992,0.50000,1.37884,0.87180,0.08059,32.00000,30.00000,tau_5
1997,0.50000,1.38304,0.76923,0.08547,32.00000,30.00000,tau_5
2002,0.50000,1.38685,0.73993,0.09524,32.00000,30.00000,tau_5
2007,0.50000,1.39029,0.71062,0.11477,32.00000,30.00000,tau_5
2012,0.50000,1.39410,0.72528,0.11966,32.00000,30.00000,tau_5
2017,0.50000,1.39830,0.84249,0.09524,32.00000,30.00000,tau_5
2022,0.50000,1.40249,0.85715,0.08547,32.00000,30.00000,tau_5
2027,0.50000,1.40669,0.79854,0.08059,32.00000,30.00000,tau_5
2032,0.50000,1.41089,0.76923,0.08547,32.00000,30.00000,tau_5
2037,0.50000,1.41470,0.76923,0.09524,32.00000,30.00000,tau_5
2042,0.50000,1.41852,0.73993,0.10501,32.00000,30.00000,tau_5
2047,0.50000,1.42233,0.72528,0.11477,32.00000,30.00000,tau_5
2052,0.50000,1.42615,0.79854,0.10012,32.00000,30.00000,tau_5
2057,0.50000,1.43034,0.82784,0.09035,32.00000,30.00000,tau_5
2063,0.50000,1.43454,0.79854,0.08547,32.00000,30.00000,tau_5
2068,0.50000,1.43874,0.81319,0.08547,32.00000,30.00000,tau_5
2073,0.50000,1.44255,0.79854,0.08547,32.00000,30.00000,tau_5
2078,0.50000,1.44598,0.69597,0.10989,32.00000,30.00000,tau_5
2083,0.50000,1.44980,0.73993,0.10989,32.00000,30.00000,tau_5
2088,0.50000,1.45399,0.82784,0.10012,32.00000,30.00000,tau_5
2093,0.50000,1.45857,0.87180,0.08059,32.00000,30.00000,tau_5
2098,0.50000,1.46277,0.82784,0.08059,32.00000,30.00000,tau_5
2103,0.50000,1.46658,0.76923,0.09035,32.00000,30.00000,tau_5
2108,0.50000,1.47002,0.62271,0.11966,32.00000,30.00000,tau_5
2113,0.50000,1.47345,0.65202,0.13431,32.00000,30.00000,tau_5
2118,0.50000,1.47726,0.76923,0.11966,32.00000,30.00000,tau_5
2123,0.50000,1.48146,0.87180,0.08547,32.00000,30.00000,tau_5
2128,0.50000,1.48604,0.87180,0.07082,32.00000,30.00000,tau_5
2133,0.50000,1.49023,0.81319,0.07570,32.00000,30.00000,tau_5
2138,0.50000,1.49405,0.72528,0.09524,32.00000,30.00000,tau_5
2143,0.50000,1.49748,0.63736,0.11477,32.00000,30.00000,tau_5
2148,0.50000,1.50091,0.72528,0.11966,32.00000,30.00000,tau_5
2154,0.50000,1.50549,0.85715,0.10012,32.00000,30.00000,tau_5
2159,0.50000,1.51007,0.91575,0.07570,32.00000,30.00000,tau_5
2164,0.50000,1.51389,0.76923,0.08547,32.00000,30.00000,tau_5
2169,0.50000,1.51770,0.73993,0.09524,32.00000,30.00000,tau_5
2174,0.50000,1.52113,0.66667,0.12454,32.00000,30.00000,tau_5
2179,0.50000,1.52457,0.66667,0.13431,32.00000,30.00000,tau_5
2184,0.50000,1.52838,0.76923,0.11966,32.00000,30.00000,tau_5
2189,0.50000,1.53296,0.93040,0.08547,32.00000,30.00000,tau_5
2194,0.50000,1.53716,0.84249,0.07570,32.00000,30.00000,tau_5
2199,0.50000,1.54135,0.73993,0.08059,32.00000,30.00000,tau_5
2204,0.50000,1.54517,0.73993,0.10012,32.00000,30.00000,tau_5
2209,0.50000,1.54860,0.69597,0.10989,32.00000,30.00000,tau_5
2214,0.50000,1.55241,0.73993,0.10989,32.00000,30.00000,tau_5
2219,0.50000,1.55661,0.82784,0.09524,32.00000,30.00000,tau_5
2224,0.50000,1.56081,0.82784,0.08547,32.00000,30.00000,tau_5
2229,0.50000,1.56500,0.75458,0.09035,32.00000,30.00000,tau_5
2234,0.50000,1.56882,0.75458,0.09524,32.00000,30.00000,tau_5
2239,0.50000,1.57263,0.73993,0.10501,32.00000,30.00000,tau_5
2244,0.50000,1.57607,0.73993,0.10989,32.00000,30.00000,tau_5
2250,0.50000,1.57988,0.75458,0.10989,32.00000,30.00000,tau_5
2255,0.50000,1.58408,0.81319,0.10012,32.00000,30.00000,tau_5
2260,0.50000,1.58827,0.84249,0.09035,32.00000,30.00000,tau_5
2265,0.50000,1.59247,0.79854,0.09035,32.00000,30.00000,tau_5
2270,0.50000,1.59667,0.81319,0.09035,32.00000,30.00000,tau_5
2275,0.50000,1.60010,0.72528,0.10501,32.00000,30.00000,tau_5
2280,0.50000,1.60353,0.66667,0.12454,32.00000,30.00000,tau_5
2285,0.50000,1.60735,0.73993,0.11966,32.00000,30.00000,tau_5
2290,0.50000,1.61154,0.82784,0.10501,32.00000,30.00000,tau_5
2295,0.50000,1.61612,0.84249,0.08059,32.00000,30.00000,tau_5
2300,0.50000,1.62032,0.81319,0.07570,32.00000,30.00000,tau_5
2305,0.50000,1.62413,0.75458,0.09035,32.00000,30.00000,tau_5
2310,0.50000,1.62718,0.62271,0.11477,32.00000,30.00000,tau_5
2315,0.50000,1.63062,0.66667,0.12943,32.00000,30.00000,tau_5
2320,0.50000,1.63481,0.78388,0.11477,32.00000,30.00000,tau_5
2325,0.50000,1.63901,0.87180,0.09035,32.00000,30.00000,tau_5
2330,0.50000,1.64359,0.84249,0.08547,32.00000,30.00000,tau_5
2335,0.50000,1.64740,0.76923,0.09035,32.00000,30.00000,tau_5
2341,0.50000,1.65084,0.68132,0.11966,32.00000,30.00000,tau_5
2346,0.50000,1.65389,0.60806,0.13919,32.00000,30.00000,tau_5
2351,0.50000,1.65770,0.68132,0.13431,32.00000,30.00000,tau_5
2356,0.50000,1.66190,0.84249,0.10501,32.00000,30.00000,tau_5
2361,0.50000,1.66648,0.93040,0.07570,32.00000,30.00000,tau_5
2366,0.50000,1.67067,0.81319,0.08059,32.00000,30.00000,tau_5
2371,0.50000,1.67449,0.75458,0.09035,32.00000,30.00000,tau_5
2376,0.50000,1.67792,0.68132,0.11966,32.00000,30.00000,tau_5
2381,0.50000,1.68097,0.65202,0.13431,32.00000,30.00000,tau_5
2386,0.50000,1.68479,0.78388,0.12454,32.00000,30.00000,tau_5
2391,0.50000,1.68936,0.87180,0.10012,32.00000,30.00000,tau_5
2396,0.50000,1.69356,0.79854,0.10501,32.00000,30.00000,tau_5
2401,0.50000,1.69699,0.69597,0.10989,32.00000,30.00000,tau_5
2406,0.50000,1.70043,0.69597,0.12454,32.00000,30.00000,tau_5
2411,0.50000,1.70424,0.69597,0.12943,32.00000,30.00000,tau_5
2416,0.50000,1.70767,0.71062,0.13431,32.00000,30.00000,tau_5
2421,0.50000,1.71187,0.82784,0.10989,32.00000,30.00000,tau_5
2426,0.50000,1.71607,0.84249,0.09524,32.00000,30.00000,tau_5
2431,0.50000,1.72026,0.79854,0.08547,32.00000,30.00000,tau_5
2437,0.50000,1.72408,0.72528,0.09524,32.00000,30.00000,tau_5
2442,0.50000,1.72789,0.75458,0.10501,32.00000,30.00000,tau_5
2447,0.50000,1.73133,0.69597,0.12454,32.00000,30.00000,tau_5
2452,0.50000,1.73514,0.68132,0.12943,32.00000,30.00000,tau_5
2457,0.50000,1.73857,0.72528,0.12943,32.00000,30.00000,tau_5
2462,0.50000,1.74277,0.76923,0.11477,32.00000,30.00000,tau_5
2467,0.50000,1.74659,0.73993,0.11966,32.00000,30.00000,tau_5
2472,0.50000,1.75002,0.71062,0.11477,32.00000,30.00000,tau_5
2477,0.50000,1.75383,0.73993,0.11477,32.00000,30.00000,tau_5
2482,0.50000,1.75727,0.66667,0.12943,32.00000,30.00000,tau_5
2487,0.50000,1.76070,0.63736,0.14408,32.00000,30.00000,tau_5
2492,0.50000,1.76451,0.75458,0.12943,32.00000,30.00000,tau_5
2497,0.50000,1.76871,0.82784,0.10989,32.00000,30.00000,tau_5
2502,0.50000,1.77291,0.84249,0.09035,32.00000,30.00000,tau_5
2507,0.50000,1.77710,0.79854,0.09035,32.00000,30.00000,tau_5
2512,0.50000,1.78092,0.73993,0.10012,32.00000,30.00000,tau_5
2517,0.50000,1.78397,0.59341,0.12943,32.00000,30.00000,tau_5
2522,0.50000,1.78740,0.62271,0.14408,32.00000,30.00000,tau_5
2528,0.50000,1.79122,0.73993,0.12943,32.00000,30.00000,tau_5
2533,0.50000,1.79541,0.84249,0.10501,32.00000,30.00000,tau_5
2538,0.50000,1.79961,0.82784,0.09524,32.00000,30.00000,tau_5
2543,0.50000,1.80342,0.73993,0.10012,32.00000,30.00000,tau_5
2548,0.50000,1.80686,0.65202,0.11966,32.00000,30.00000,tau_5
2553,0.50000,1.80991,0.57876,0.14896,32.00000,30.00000,tau_5
2558,0.50000,1.81296,0.62271,0.16361,32.00000,30.00000,tau_5
2563,0.50000,1.81678,0.75458,0.14408,32.00000,30.00000,tau_5
2568,0.50000,1.82097,0.85715,0.11966,32.00000,30.00000,tau_5
2573,0.50000,1.82517,0.81319,0.09524,32.00000,30.00000,tau_5
2578,0.50000,1.82899,0.71062,0.10501,32.00000,30.00000,tau_5
2583,0.50000,1.83280,0.69597,0.11966,32.00000,30.00000,tau_5
2588,0.50000,1.83585,0.60806,0.13919,32.00000,30.00000,tau_5
2593,0.50000,1.83928,0.69597,0.13919,32.00000,30.00000,tau_5
2598,0.50000,1.84348,0.81319,0.10989,32.00000,30.00000,tau_5
2603,0.50000,1.84806,0.88645,0.08059,32.00000,30.00000,tau_5
2608,0.50000,1.85187,0.75458,0.08547,32.00000,30.00000,tau_5
2613,0.50000,1.85569,0.66667,0.10989,32.00000,30.00000,tau_5
2618,0.50000,1.85874,0.65202,0.13431,32.00000,30.00000,tau_5
2624,0.50000,1.86217,0.60806,0.14896,32.00000,30.00000,tau_5
2629,0.50000,1.86522,0.63736,0.16361,32.00000,30.00000,tau_5
2634,0.50000,1.86904,0.73993,0.14408,32.00000,30.00000,tau_5
2639,0.50000,1.87285,0.75458,0.13919,32.00000,30.00000,tau_5
2644,0.50000,1.87667,0.75458,0.12943,32.00000,30.00000,tau_5
2649,0.50000,1.88010,0.69597,0.12943,32.00000,30.00000,tau_5
2654,0.50000,1.88392,0.75458,0.12454,32.00000,30.00000,tau_5
2659,0.50000,1.88773,0.73993,0.12454,32.00000,30.00000,tau_5
2664,0.50000,1.89116,0.73993,0.12454,32.00000,30.00000,tau_5
2669,0.50000,1.89536,0.75458,0.11477,32.00000,30.00000,tau_5
2674,0.50000,1.89956,0.82784,0.09524,32.00000,30.00000,tau_5
2679,0.50000,1.90375,0.81319,0.09035,32.00000,30.00000,tau_5
2684,0.50000,1.90757,0.76923,0.09524,32.00000,30.00000,tau_5
2689,0.50000,1.91138,0.73993,0.10989,32.00000,30.00000,tau_5
2694,0.50000,1.91444,0.59341,0.14408,32.00000,30.00000,tau_5
2699,0.50000,1.91711,0.53480,0.17827,32.00000,30.00000,tau_5
2704,0.50000,1.92016,0.62271,0.17827,32.00000,30.00000,tau_5
2709,0.50000,1.92359,0.68132,0.16361,32.00000,30.00000,tau_5
2715,0.50000,1.92741,0.73993,0.13919,32.00000,30.00000,tau_5
2720,0.50000,1.93122,0.72528,0.12943,32.00000,30.00000,tau_5
2725,0.50000,1.93503,0.75458,0.12454,32.00000,30.00000,tau_5
2730,0.50000,1.93847,0.71062,0.12943,32.00000,30.00000,tau_5
2735,0.50000,1.94190,0.59341,0.14896,32.00000,30.00000,tau_5
2740,0.50000,1.94495,0.63736,0.14896,32.00000,30.00000,tau_5
2745,0.50000,1.94915,0.76923,0.12943,32.00000,30.00000,tau_5
2750,0.50000,1.95373,0.87180,0.10012,32.00000,30.00000,tau_5
2755,0.50000,1.95792,0.85715,0.08547,32.00000,30.00000,tau_5
2760,0.50000,1.96174,0.73993,0.10012,32.00000,30.00000,tau_5
2765,0.50000,1.96517,0.65202,0.12454,32.00000,30.00000,tau_5
2770,0.50000,1.96784,0.57876,0.14896,32.00000,30.00000,tau_5
2775,0.50000,1.97127,0.65202,0.15385,32.00000,30.00000,tau_5
2780,0.50000,1.97547,0.78388,0.12943,32.00000,30.00000,tau_5
2785,0.50000,1.97967,0.82784,0.10501,32.00000,30.00000,tau_5
2790,0.50000,1.98310,0.72528,0.11477,32.00000,30.00000,tau_5
2795,0.50000,1.98653,0.63736,0.12943,32.00000,30.00000,tau_5
2800,0.50000,1.98958,0.62271,0.14896,32.00000,30.00000,tau_5
2806,0.50000,1.99264,0.56410,0.16850,32.00000,30.00000,tau_5
2811,0.50000,1.99607,0.65202,0.16850,32.00000,30.00000,tau_5
2816,0.50000,1.99988,0.76923,0.14896,32.00000,30.00000,tau_5
2821,0.50000,2.00408,0.85715,0.11477,32.00000,30.00000,tau_5
2826,0.50000,2.00828,0.78388,0.10989,32.00000,30.00000,tau_5
2831,0.50000,2.01171,0.71062,0.10989,32.00000,30.00000,tau_5
2836,0.50000,2.01553,0.71062,0.11966,32.00000,30.00000,tau_5
2841,0.50000,2.01896,0.69597,0.12943,32.00000,30.00000,tau_5
2846,0.50000,2.02277,0.69597,0.12943,32.00000,30.00000,tau_5
2851,0.50000,2.02659,0.81319,0.10989,32.00000,30.00000,tau_5
2856,0.50000,2.03079,0.79854,0.10501,32.00000,30.00000,tau_5
2861,0.50000,2.03460,0.71062,0.10989,32.00000,30.00000,tau_5
2866,0.50000,2.03803,0.65202,0.13431,32.00000,30.00000,tau_5
2871,0.50000,2.04147,0.68132,0.13919,32.00000,30.00000,tau_5
2876,0.50000,2.04452,0.62271,0.15873,32.00000,30.00000,tau_5
2881,0.50000,2.04795,0.65202,0.16361,32.00000,30.00000,tau_5
2886,0.50000,2.05138,0.66667,0.15873,32.00000,30.00000,tau_5
2891,0.50000,2.05520,0.75458,0.13919,32.00000,30.00000,tau_5
2897,0.50000,2.05901,0.76923,0.12454,32.00000,30.00000,tau_5
2902,0.50000,2.06283,0.75458,0.11477,32.00000,30.00000,tau_5
2907,0.50000,2.06664,0.76923,0.10989,32.00000,30.00000,tau_5
2912,0.50000,2.07046,0.78388,0.10989,32.00000,30.00000,tau_5
2917,0.50000,2.07427,0.69597,0.12454,32.00000,30.00000,tau_5
2922,0.50000,2.07771,0.72528,0.11966,32.00000,30.00000,tau_5
2927,0.50000,2.08190,0.79854,0.10989,32.00000,30.00000,tau_5
2932,0.50000,2.08610,0.84249,0.09524,32.00000,30.00000,tau_5
2937,0.50000,2.08991,0.73993,0.10501,32.00000,30.00000,tau_5
2942,0.50000,2.09335,0.69597,0.12454,32.00000,30.00000,tau_5
2947,0.50000,2.09640,0.54945,0.16850,32.00000,30.00000,tau_5
2952,0.50000,2.09907,0.49084,0.19292,32.00000,30.00000,tau_5
2957,0.50000,2.10174,0.54945,0.19292,32.00000,30.00000,tau_5
2962,0.50000,2.10517,0.69597,0.17338,32.00000,30.00000,tau_5
2967,0.50000,2.10937,0.79854,0.12943,32.00000,30.00000,tau_5
2972,0.50000,2.11357,0.81319,0.10989,32.00000,30.00000,tau_5
2977,0.50000,2.11738,0.78388,0.10012,32.00000,30.00000,tau_5
2983,0.50000,2.12119,0.69597,0.11477,32.00000,30.00000,tau_5
2988,0.50000,2.12425,0.60806,0.13919,32.00000,30.00000,tau_5
2993,0.50000,2.12768,0.65202,0.15385,32.00000,30.00000,tau_5
2998,0.50000,2.13188,0.79854,0.12943,32.00000,30.00000,tau_5
3003,0.50000,2.13645,0.90110,0.09524,32.00000,30.00000,tau_5
3008,0.50000,2.14065,0.82784,0.09035,32.00000,30.00000,tau_5
3013,0.50000,2.14408,0.69597,0.10012,32.00000,30.00000,tau_5
3018,0.50000,2.14752,0.63736,0.12454,32.00000,30.00000,tau_5
3023,0.50000,2.15019,0.54945,0.15873,32.00000,30.00000,tau_5
3028,0.50000,2.15324,0.60806,0.16850,32.00000,30.00000,tau_5
3033,0.50000,2.15667,0.72528,0.15385,32.00000,30.00000,tau_5
3038,0.50000,2.16087,0.82784,0.11966,32.00000,30.00000,tau_5
3043,0.50000,2.16468,0.75458,0.12454,32.00000,30.00000,tau_5
3048,0.50000,2.16850,0.68132,0.12454,32.00000,30.00000,tau_5
3053,0.50000,2.17193,0.69597,0.13919,32.00000,30.00000,tau_5
3058,0.50000,2.17536,0.69597,0.14408,32.00000,30.00000,tau_5
3063,0.50000,2.17880,0.68132,0.14408,32.00000,30.00000,tau_5
3068,0.50000,2.18261,0.76923,0.13431,32.00000,30.00000,tau_5
3074,0.50000,2.18681,0.82784,0.10989,32.00000,30.00000,tau_5
3079,0.50000,2.19100,0.81319,0.10012,32.00000,30.00000,tau_5
3084,0.50000,2.19482,0.72528,0.10501,32.00000,30.00000,tau_5
3089,0.50000,2.19864,0.75458,0.10501,32.00000,30.00000,tau_5
3094,0.50000,2.20207,0.69597,0.11477,32.00000,30.00000,tau_5
3099,0.50000,2.20550,0.71062,0.12454,32.00000,30.00000,tau_5
3104,0.50000,2.20932,0.71062,0.13431,32.00000,30.00000,tau_5
3109,0.50000,2.21313,0.73993,0.12943,32.00000,30.00000,tau_5
3114,0.50000,2.21656,0.72528,0.12943,32.00000,30.00000,tau_5
3119,0.50000,2.22038,0.71062,0.12943,32.00000,30.00000,tau_5
3124,0.50000,2.22381,0.73993,0.12943,32.00000,30.00000,tau_5
3129,0.50000,2.22763,0.69597,0.14408,32.00000,30.00000,tau_5
3134,0.50000,2.23068,0.62271,0.15873,32.00000,30.00000,tau_5
3139,0.50000,2.23411,0.68132,0.14896,32.00000,30.00000,tau_5
3144,0.50000,2.23793,0.78388,0.12454,32.00000,30.00000,tau_5
3149,0.50000,2.24212,0.85715,0.10012,32.00000,30.00000,tau_5
3154,0.50000,2.24632,0.81319,0.08547,32.00000,30.00000,tau_5
3160,0.50000,2.25051,0.82784,0.08059,32.00000,30.00000,tau_5
3165,0.50000,2.25433,0.69597,0.10989,32.00000,30.00000,tau_5
3170,0.50000,2.25738,0.65202,0.13431,32.00000,30.00000,tau_5
3175,0.50000,2.26120,0.71062,0.13431,32.00000,30.00000,tau_5
3180,0.50000,2.26501,0.79854,0.11966,32.00000,30.00000,tau_5
3185,0.50000,2.26921,0.79854,0.10989,32.00000,30.00000,tau_5
3190,0.50000,2.27264,0.72528,0.11966,32.00000,30.00000,tau_5
3195,0.50000,2.27607,0.66667,0.13919,32.00000,30.00000,tau_5
3200,0.50000,2.27913,0.59341,0.15873,32.00000,30.00000,tau_5
3205,0.50000,2.28180,0.54945,0.17338,32.00000,30.00000,tau_5
3210,0.50000,2.28523,0.65202,0.16361,32.00000,30.00000,tau_5
3215,0.50000,2.28942,0.81319,0.12454,32.00000,30.00000,tau_5
3220,0.50000,2.29400,0.91575,0.08547,32.00000,30.00000,tau_5
3225,0.50000,2.29820,0.82784,0.08547,32.00000,30.00000,tau_5
3230,0.50000,2.30202,0.75458,0.09035,32.00000,30.00000,tau_5
3235,0.50000,2.30545,0.69597,0.11477,32.00000,30.00000,tau_5
3240,0.50000,2.30888,0.68132,0.12943,32.00000,30.00000,tau_5
3245,0.50000,2.31270,0.75458,0.12943,32.00000,30.00000,tau_5
3251,0.50000,2.31689,0.84249,0.10501,32.00000,30.00000,tau_5
3256,0.50000,2.32071,0.78388,0.10989,32.00000,30.00000,tau_5
3261,0.50000,2.32414,0.65202,0.12454,32.00000,30.00000,tau_5
3266,0.50000,2.32719,0.59341,0.14896,32.00000,30.00000,tau_5
3271,0.50000,2.33063,0.60806,0.15873,32.00000,30.00000,tau_5
3276,0.50000,2.33330,0.57876,0.16850,32.00000,30.00000,tau_5
3281,0.50000,2.33673,0.65202,0.16850,32.00000,30.00000,tau_5
3286,0.50000,2.34093,0.78388,0.13919,32.00000,30.00000,tau_5
3291,0.50000,2.34474,0.79854,0.12454,32.00000,30.00000,tau_5
3296,0.50000,2.34894,0.75458,0.10989,32.00000,30.00000,tau_5
3301,0.50000,2.35237,0.71062,0.11477,32.00000,30.00000,tau_5
3306,0.50000,2.35618,0.73993,0.11966,32.00000,30.00000,tau_5
3311,0.50000,2.35962,0.66667,0.13431,32.00000,30.00000,tau_5
3316,0.50000,2.36343,0.68132,0.13431,32.00000,30.00000,tau_5
3321,0.50000,2.36725,0.73993,0.12454,32.00000,30.00000,tau_5
3326,0.50000,2.37106,0.78388,0.10989,32.00000,30.00000,tau_5
3331,0.50000,2.37488,0.75458,0.10501,32.00000,30.00000,tau_5
3337,0.50000,2.37869,0.71062,0.10989,32.00000,30.00000,tau_5
3342,0.50000,2.38251,0.72528,0.11966,32.00000,30.00000,tau_5
3347,0.50000,2.38556,0.60806,0.13919,32.00000,30.00000,tau_5
3352,0.50000,2.38861,0.56410,0.16850,32.00000,30.00000,tau_5
3357,0.50000,2.39166,0.63736,0.17338,32.00000,30.00000,tau_5
3362,0.50000,2.39548,0.71062,0.15873,32.00000,30.00000,tau_5
3367,0.50000,2.39929,0.76923,0.13919,32.00000,30.00000,tau_5
3372,0.50000,2.40311,0.73993,0.12943,32.00000,30.00000,tau_5
3377,0.50000,2.40692,0.75458,0.12454,32.00000,30.00000,tau_5
3382,0.50000,2.41035,0.66667,0.14408,32.00000,30.00000,tau_5
3387,0.50000,2.41341,0.59341,0.15873,32.00000,30.00000,tau_5
3392,0.50000,2.41646,0.63736,0.15385,32.00000,30.00000,tau_5
3397,0.50000,2.42065,0.79854,0.12454,32.00000,30.00000,tau_5
3402,0.50000,2.42523,0.90110,0.08547,32.00000,30.00000,tau_5
3407,0.50000,2.42981,0.88645,0.07082,32.00000,30.00000,tau_5
3412,0.50000,2.43362,0.76923,0.08547,32.00000,30.00000,tau_5
3417,0.50000,2.43706,0.66667,0.11966,32.00000,30.00000,tau_5
3422,0.50000,2.43973,0.56410,0.14896,32.00000,30.00000,tau_5
3427,0.50000,2.44278,0.59341,0.16850,32.00000,30.00000,tau_5
3433,0.50000,2.44659,0.71062,0.15873,32.00000,30.00000,tau_5
3438,0.50000,2.45041,0.76923,0.13431,32.00000,30.00000,tau_5
3443,0.50000,2.45384,0.69597,0.13919,32.00000,30.00000,tau_5
3448,0.50000,2.45727,0.60806,0.14896,32.00000,30.00000,tau_5
3453,0.50000,2.46033,0.65202,0.15385,32.00000,30.00000,tau_5
3458,0.50000,2.46338,0.60806,0.16361,32.00000,30.00000,tau_5
3463,0.50000,2.46681,0.65202,0.15873,32.00000,30.00000,tau_5
3468,0.50000,2.47101,0.76923,0.13431,32.00000,30.00000,tau_5
3473,0.50000,2.47558,0.91575,0.09524,32.00000,30.00000,tau_5
3478,0.50000,2.47978,0.82784,0.08059,32.00000,30.00000,tau_5
3483,0.50000,2.48398,0.76923,0.08547,32.00000,30.00000,tau_5
3488,0.50000,2.48779,0.72528,0.10501,32.00000,30.00000,tau_5
3493,0.50000,2.49123,0.66667,0.12454,32.00000,30.00000,tau_5
3498,0.50000,2.49466,0.68132,0.13431,32.00000,30.00000,tau_5
3503,0.50000,2.49848,0.73993,0.12943,32.00000,30.00000,tau_5
3508,0.50000,2.50191,0.69597,0.13431,32.00000,30.00000,tau_5
3513,0.50000,2.50534,0.65202,0.14408,32.00000,30.00000,tau_5
3518,0.50000,2.50839,0.60806,0.15873,32.00000,30.00000,tau_5
3524,0.50000,2.51183,0.68132,0.15385,32.00000,30.00000,tau_5
3529,0.50000,2.51526,0.66667,0.15385,32.00000,30.00000,tau_5
3534,0.50000,2.51869,0.66667,0.15385,32.00000,30.00000,tau_5
3539,0.50000,2.52213,0.69597,0.14408,32.00000,30.00000,tau_5
3544,0.50000,2.52632,0.78388,0.12454,32.00000,30.00000,tau_5
3549,0.50000,2.53014,0.79854,0.10989,32.00000,30.00000,tau_5
3554,0.50000,2.53433,0.78388,0.10501,32.00000,30.00000,tau_5
3559,0.50000,2.53815,0.79854,0.10989,32.00000,30.00000,tau_5
3564,0.50000,2.54196,0.75458,0.11477,32.00000,30.00000,tau_5
3569,0.50000,2.54501,0.63736,0.13919,32.00000,30.00000,tau_5
3574,0.50000,2.54883,0.69597,0.14408,32.00000,30.00000,tau_5
3579,0.50000,2.55264,0.75458,0.12943,32.00000,30.00000,tau_5
3584,0.50000,2.55646,0.76923,0.11477,32.00000,30.00000,tau_5
3589,0.50000,2.55989,0.69597,0.11966,32.00000,30.00000,tau_5
3594,0.50000,2.56371,0.71062,0.12943,32.00000,30.00000,tau_5
3599,0.50000,2.56676,0.62271,0.14896,32.00000,30.00000,tau_5
3604,0.50000,2.56943,0.52015,0.17827,32.00000,30.00000,tau_5
3609,0.50000,2.57248,0.57876,0.18804,32.00000,30.00000,tau_5
3615,0.50000,2.57591,0.71062,0.16850,32.00000,30.00000,tau_5
3620,0.50000,2.58011,0.81319,0.13431,32.00000,30.00000,tau_5
3625,0.50000,2.58431,0.82784,0.11477,32.00000,30.00000,tau_5
3630,0.50000,2.58812,0.73993,0.10989,32.00000,30.00000,tau_5
3635,0.50000,2.59155,0.66667,0.12943,32.00000,30.00000,tau_5
3640,0.50000,2.59461,0.62271,0.14896,32.00000,30.00000,tau_5
3645,0.50000,2.59804,0.63736,0.15385,32.00000,30.00000,tau_5
3650,0.50000,2.60185,0.75458,0.13431,32.00000,30.00000,tau_5
3655,0.50000,2.60643,0.87180,0.10012,32.00000,30.00000,tau_5
3660,0.50000,2.61063,0.84249,0.08547,32.00000,30.00000,tau_5
3665,0.50000,2.61444,0.71062,0.10012,32.00000,30.00000,tau_5
3670,0.50000,2.61788,0.62271,0.13431,32.00000,30.00000,tau_5
3675,0.50000,2.62055,0.53480,0.17338,32.00000,30.00000,tau_5
3680,0.50000,2.62360,0.59341,0.18315,32.00000,30.00000,tau_5
3685,0.50000,2.62665,0.66667,0.17338,32.00000,30.00000,tau_5
3690,0.50000,2.63085,0.76923,0.14408,32.00000,30.00000,tau_5
3695,0.50000,2.63466,0.75458,0.13431,32.00000,30.00000,tau_5
3701,0.50000,2.63809,0.68132,0.13431,32.00000,30.00000,tau_5
3706,0.50000,2.64153,0.66667,0.13919,32.00000,30.00000,tau_5
3711,0.50000,2.64496,0.66667,0.13919,32.00000,30.00000,tau_5
3716,0.50000,2.64839,0.65202,0.13919,32.00000,30.00000,tau_5
3721,0.50000,2.65221,0.73993,0.12454,32.00000,30.00000,tau_5
3726,0.50000,2.65679,0.85715,0.09524,32.00000,30.00000,tau_5
3731,0.50000,2.66098,0.87180,0.08547,32.00000,30.00000,tau_5
3736,0.50000,2.66480,0.76923,0.09035,32.00000,30.00000,tau_5
3741,0.50000,2.66861,0.75458,0.10012,32.00000,30.00000,tau_5
3746,0.50000,2.67204,0.69597,0.11966,32.00000,30.00000,tau_5
3751,0.50000,2.67548,0.63736,0.14896,32.00000,30.00000,tau_5
3756,0.50000,2.67853,0.62271,0.15873,32.00000,30.00000,tau_5
3761,0.50000,2.68196,0.68132,0.15385,32.00000,30.00000,tau_5
3766,0.50000,2.68578,0.72528,0.13431,32.00000,30.00000,tau_5
3771,0.50000,2.68921,0.71062,0.12943,32.00000,30.00000,tau_5
3776,0.50000,2.69303,0.72528,0.11966,32.00000,30.00000,tau_5
3781,0.50000,2.69722,0.78388,0.10989,32.00000,30.00000,tau_5
3786,0.50000,2.70066,0.69597,0.11477,32.00000,30.00000,tau_5
3791,0.50000,2.70409,0.66667,0.12943,32.00000,30.00000,tau_5
3796,0.50000,2.70829,0.75458,0.11966,32.00000,30.00000,tau_5
3801,0.50000,2.71248,0.82784,0.10012,32.00000,30.00000,tau_5
3807,0.50000,2.71668,0.82784,0.09035,32.00000,30.00000,tau_5
3812,0.50000,2.72087,0.79854,0.09035,32.00000,30.00000,tau_5
3817,0.50000,2.72431,0.69597,0.11477,32.00000,30.00000,tau_5
3822,0.50000,2.72736,0.56410,0.14408,32.00000,30.00000,tau_5
3827,0.50000,2.73041,0.59341,0.15385,32.00000,30.00000,tau_5
3832,0.50000,2.73384,0.71062,0.14408,32.00000,30.00000,tau_5
3837,0.50000,2.73804,0.79854,0.11477,32.00000,30.00000,tau_5
3842,0.50000,2.74224,0.79854,0.10012,32.00000,30.00000,tau_5
3847,0.50000,2.74605,0.75458,0.10012,32.00000,30.00000,tau_5
3852,0.50000,2.74949,0.66667,0.12454,32.00000,30.00000,tau_5
3857,0.50000,2.75254,0.56410,0.14896,32.00000,30.00000,tau_5
3862,0.50000,2.75559,0.62271,0.16361,32.00000,30.00000,tau_5
3867,0.50000,2.75940,0.76923,0.14408,32.00000,30.00000,tau_5
3872,0.50000,2.76398,0.84249,0.11477,32.00000,30.00000,tau_5
3877,0.50000,2.76818,0.79854,0.10501,32.00000,30.00000,tau_5
3882,0.50000,2.77161,0.69597,0.11477,32.00000,30.00000,tau_5
3887,0.50000,2.77504,0.66667,0.12454,32.00000,30.00000,tau_5
3892,0.50000,2.77848,0.60806,0.13919,32.00000,30.00000,tau_5
3898,0.50000,2.78191,0.68132,0.13919,32.00000,30.00000,tau_5
3903,0.50000,2.78573,0.79854,0.11966,32.00000,30.00000,tau_5
3908,0.50000,2.79030,0.88645,0.08547,32.00000,30.00000,tau_5
3913,0.50000,2.79450,0.78388,0.08547,32.00000,30.00000,tau_5
3918,0.50000,2.79793,0.69597,0.10012,32.00000,30.00000,tau_5
3923,0.50000,2.80137,0.68132,0.12454,32.00000,30.00000,tau_5
3928,0.50000,2.80480,0.65202,0.13919,32.00000,30.00000,tau_5
3933,0.50000,2.80823,0.66667,0.14896,32.00000,30.00000,tau_5
3938,0.50000,2.81205,0.76923,0.13919,32.00000,30.00000,tau_5
3943,0.50000,2.81624,0.78388,0.11966,32.00000,30.00000,tau_5
3948,0.50000,2.82006,0.73993,0.10989,32.00000,30.00000,tau_5
3953,0.50000,2.82387,0.69597,0.11477,32.00000,30.00000,tau_5
3958,0.50000,2.82769,0.75458,0.10989,32.00000,30.00000,tau_5
3963,0.50000,2.83150,0.73993,0.10989,32.00000,30.00000,tau_5
3968,0.50000,2.83532,0.76923,0.09524,32.00000,30.00000,tau_5
3973,0.50000,2.83951,0.81319,0.09035,32.00000,30.00000,tau_5
3978,0.50000,2.84371,0.84249,0.08059,32.00000,30.00000,tau_5
3984,0.50000,2.84791,0.78388,0.09035,32.00000,30.00000,tau_5
3989,0.50000,2.85172,0.75458,0.10012,32.00000,30.00000,tau_5
3994,0.50000,2.85515,0.71062,0.11966,32.00000,30.00000,tau_5
3999,0.50000,2.85820,0.57876,0.14896,32.00000,30.00000,tau_5
4004,0.50000,2.86126,0.57876,0.16361,32.00000,30.00000,tau_5
4009,0.50000,2.86469,0.69597,0.14896,32.00000,30.00000,tau_5
4014,0.50000,2.86889,0.76923,0.12454,32.00000,30.00000,tau_5
4019,0.50000,2.87308,0.81319,0.10012,32.00000,30.00000,tau_5
4024,0.50000,2.87728,0.82784,0.08059,32.00000,30.00000,tau_5
4029,0.50000,2.88148,0.76923,0.09524,32.00000,30.00000,tau_5
4034,0.50000,2.88491,0.69597,0.10989,32.00000,30.00000,tau_5
4039,0.50000,2.88872,0.75458,0.10989,32.00000,30.00000,tau_5
4044,0.50000,2.89292,0.88645,0.09035,32.00000,30.00000,tau_5
4049,0.50000,2.89750,0.88645,0.08059,32.00000,30.00000,tau_5
4054,0.50000,2.90169,0.79854,0.08547,32.00000,30.00000,tau_5
4059,0.50000,2.90513,0.68132,0.10989,32.00000,30.00000,tau_5
4064,0.50000,2.90818,0.59341,0.13919,32.00000,30.00000,tau_5
4069,0.50000,2.91123,0.59341,0.15873,32.00000,30.00000,tau_5
4075,0.50000,2.91466,0.69597,0.14896,32.00000,30.00000,tau_5
4080,0.50000,2.91886,0.84249,0.11477,32.00000,30.00000,tau_5
4085,0.50000,2.92344,0.91575,0.08547,32.00000,30.00000,tau_5
4090,0.50000,2.92763,0.78388,0.08547,32.00000,30.00000,tau_5
4095,0.50000,2.93145,0.76923,0.09524,32.00000,30.00000,tau_5
4100,0.50000,2.93488,0.69597,0.11966,32.00000,30.00000,tau_5
4105,0.50000,2.93870,0.72528,0.12943,32.00000,30.00000,tau_5
4110,0.50000,2.94289,0.81319,0.10989,32.00000,30.00000,tau_5
4115,0.50000,2.94747,0.90110,0.08547,32.00000,30.00000,tau_5
4120,0.50000,2.95129,0.78388,0.09035,32.00000,30.00000,tau_5
4125,0.50000,2.95510,0.69597,0.09524,32.00000,30.00000,tau_5
4130,0.50000,2.95853,0.69597,0.10989,32.00000,30.00000,tau_5
4135,0.50000,2.96197,0.65202,0.12454,32.00000,30.00000,tau_5
4140,0.50000,2.96578,0.72528,0.11966,32.00000,30.00000,tau_5
4145,0.50000,2.96998,0.82784,0.10012,32.00000,30.00000,tau_5
4150,0.50000,2.97417,0.84249,0.08547,32.00000,30.00000,tau_5
4155,0.50000,2.97837,0.76923,0.09035,32.00000,30.00000,tau_5
4160,0.50000,2.98219,0.75458,0.10012,32.00000,30.00000,tau_5
4166,0.50000,2.98600,0.75458,0.11477,32.00000,30.00000,tau_5
4171,0.50000,2.98943,0.69597,0.12943,32.00000,30.00000,tau_5
4176,0.50000,2.99287,0.69597,0.12943,32.00000,30.00000,tau_5
4181,0.50000,2.99706,0.76923,0.11966,32.00000,30.00000,tau_5
4186,0.50000,3.00088,0.79854,0.10501,32.00000,30.00000,tau_5
4191,0.50000,3.00507,0.76923,0.09524,32.00000,30.00000,tau_5
4196,0.50000,3.00927,0.79854,0.08547,32.00000,30.00000,tau_5
4201,0.50000,3.01308,0.81319,0.09035,32.00000,30.00000,tau_5
4206,0.50000,3.01690,0.71062,0.10501,32.00000,30.00000,tau_5
4211,0.50000,3.02071,0.76923,0.10501,32.00000,30.00000,tau_5
4216,0.50000,3.02491,0.82784,0.10012,32.00000,30.00000,tau_5
4221,0.50000,3.02911,0.84249,0.09035,32.00000,30.00000,tau_5
4226,0.50000,3.03292,0.76923,0.09524,32.00000,30.00000,tau_5
4231,0.50000,3.03674,0.72528,0.10989,32.00000,30.00000,tau_5
4236,0.50000,3.03979,0.57876,0.14408,32.00000,30.00000,tau_5
4241,0.50000,3.04284,0.60806,0.15873,32.00000,30.00000,tau_5
4246,0.50000,3.04665,0.71062,0.14896,32.00000,30.00000,tau_5
4251,0.50000,3.05085,0.84249,0.10989,32.00000,30.00000,tau_5
4257,0.50000,3.05543,0.88645,0.08059,32.00000,30.00000,tau_5
4262,0.50000,3.05962,0.84249,0.06594,32.00000,30.00000,tau_5
4267,0.50000,3.06344,0.76923,0.08059,32.00000,30.00000,tau_5
4272,0.50000,3.06725,0.68132,0.10501,32.00000,30.00000,tau_5
4277,0.50000,3.07069,0.69597,0.11966,32.00000,30.00000,tau_5
4282,0.50000,3.07488,0.82784,0.10012,32.00000,30.00000,tau_5
4287,0.50000,3.07946,0.90110,0.08059,32.00000,30.00000,tau_5
4292,0.50000,3.08366,0.78388,0.09035,32.00000,30.00000,tau_5
4297,0.50000,3.08709,0.68132,0.10501,32.00000,30.00000,tau_5
4302,0.50000,3.09052,0.65202,0.12943,32.00000,30.00000,tau_5
4307,0.50000,3.09358,0.59341,0.14408,32.00000,30.00000,tau_5
4312,0.50000,3.09701,0.69597,0.13431,32.00000,30.00000,tau_5
4317,0.50000,3.10121,0.84249,0.10012,32.00000,30.00000,tau_5
4322,0.50000,3.10578,0.90110,0.07570,32.00000,30.00000,tau_5
4327,0.50000,3.10998,0.81319,0.07570,32.00000,30.00000,tau_5
4332,0.50000,3.11418,0.76923,0.09035,32.00000,30.00000,tau_5
4337,0.50000,3.11761,0.75458,0.10989,32.00000,30.00000,tau_5
4343,0.50000,3.12142,0.71062,0.11966,32.00000,30.00000,tau_5
4348,0.50000,3.12524,0.79854,0.10989,32.00000,30.00000,tau_5
4353,0.50000,3.12943,0.82784,0.10012,32.00000,30.00000,tau_5
4358,0.50000,3.13363,0.79854,0.10012,32.00000,30.00000,tau_5
4363,0.50000,3.13706,0.71062,0.10989,32.00000,30.00000,tau_5
4368,0.50000,3.14088,0.75458,0.10501,32.00000,30.00000,tau_5
4373,0.50000,3.14469,0.72528,0.11477,32.00000,30.00000,tau_5
4378,0.50000,3.14851,0.75458,0.10989,32.00000,30.00000,tau_5
4383,0.50000,3.15270,0.78388,0.10501,32.00000,30.00000,tau_5
4388,0.50000,3.15690,0.82784,0.08547,32.00000,30.00000,tau_5
4393,0.50000,3.16110,0.81319,0.09035,32.00000,30.00000,tau_5
4398,0.50000,3.16491,0.79854,0.09035,32.00000,30.00000,tau_5
4403,0.50000,3.16873,0.75458,0.10501,32.00000,30.00000,tau_5
4408,0.50000,3.17216,0.62271,0.12943,32.00000,30.00000,tau_5
4413,0.50000,3.17559,0.62271,0.14896,32.00000,30.00000,tau_5
4418,0.50000,3.17941,0.73993,0.12943,32.00000,30.00000,tau_5
4423,0.50000,3.18322,0.81319,0.10501,32.00000,30.00000,tau_5
4428,0.50000,3.18780,0.82784,0.08547,32.00000,30.00000,tau_5
4434,0.50000,3.19200,0.84249,0.07570,32.00000,30.00000,tau_5
4439,0.50000,3.19581,0.76923,0.09035,32.00000,30.00000,tau_5
4444,0.50000,3.19925,0.68132,0.10989,32.00000,30.00000,tau_5
4449,0.50000,3.20306,0.72528,0.11477,32.00000,30.00000,tau_5
4454,0.50000,3.20726,0.85715,0.09524,32.00000,30.00000,tau_5
4459,0.50000,3.21183,0.88645,0.08547,32.00000,30.00000,tau_5
4464,0.50000,3.21565,0.79854,0.09035,32.00000,30.00000,tau_5
4469,0.50000,3.21946,0.71062,0.11477,32.00000,30.00000,tau_5
4474,0.50000,3.22252,0.63736,0.13431,32.00000,30.00000,tau_5
4479,0.50000,3.22557,0.62271,0.15385,32.00000,30.00000,tau_5
4484,0.50000,3.22938,0.72528,0.13431,32.00000,30.00000,tau_5
4489,0.50000,3.23358,0.87180,0.10012,32.00000,30.00000,tau_5
4494,0.50000,3.23816,0.90110,0.07082,32.00000,30.00000,tau_5
4499,0.50000,3.24235,0.79854,0.07570,32.00000,30.00000,tau_5
4504,0.50000,3.24617,0.76923,0.08547,32.00000,30.00000,tau_5
4509,0.50000,3.24960,0.66667,0.10989,32.00000,30.00000,tau_5
4514,0.50000,3.25341,0.71062,0.11966,32.00000,30.00000,tau_5
4519,0.50000,3.25761,0.84249,0.10501,32.00000,30.00000,tau_5
4525,0.50000,3.26219,0.87180,0.08547,32.00000,30.00000,tau_5
4530,0.50000,3.26600,0.75458,0.09035,32.00000,30.00000,tau_5
4535,0.50000,3.26982,0.69597,0.10501,32.00000,30.00000,tau_5
4540,0.50000,3.27325,0.69597,0.11477,32.00000,30.00000,tau_5
4545,0.50000,3.27668,0.68132,0.12454,32.00000,30.00000,tau_5
4550,0.50000,3.28050,0.73993,0.11477,32.00000,30.00000,tau_5
4555,0.50000,3.28508,0.85715,0.08547,32.00000,30.00000,tau_5
4560,0.50000,3.28927,0.87180,0.07570,32.00000,30.00000,tau_5
4565,0.50000,3.29347,0.79854,0.08059,32.00000,30.00000,tau_5
4570,0.50000,3.29767,0.81319,0.08547,32.00000,30.00000,tau_5
4575,0.50000,3.30148,0.75458,0.10501,32.00000,30.00000,tau_5
4580,0.50000,3.30491,0.72528,0.11477,32.00000,30.00000,tau_5
4585,0.50000,3.30873,0.73993,0.11966,32.00000,30.00000,tau_5
4590,0.50000,3.31292,0.79854,0.10501,32.00000,30.00000,tau_5
4595,0.50000,3.31674,0.78388,0.10012,32.00000,30.00000,tau_5
4600,0.50000,3.32094,0.76923,0.09035,32.00000,30.00000,tau_5
4605,0.50000,3.32513,0.81319,0.08059,32.00000,30.00000,tau_5
4610,0.50000,3.32895,0.73993,0.09524,32.00000,30.00000,tau_5
4616,0.50000,3.33238,0.69597,0.10501,32.00000,30.00000,tau_5
4621,0.50000,3.33658,0.79854,0.09524,32.00000,30.00000,tau_5
4626,0.50000,3.34115,0.87180,0.08547,32.00000,30.00000,tau_5
4631,0.50000,3.34535,0.84249,0.08059,32.00000,30.00000,tau_5
4636,0.50000,3.34955,0.82784,0.08547,32.00000,30.00000,tau_5
4641,0.50000,3.35298,0.71062,0.10989,32.00000,30.00000,tau_5
4646,0.50000,3.35641,0.60806,0.13431,32.00000,30.00000,tau_5
4651,0.50000,3.35985,0.63736,0.13919,32.00000,30.00000,tau_5
4656,0.50000,3.36366,0.78388,0.11966,32.00000,30.00000,tau_5
4661,0.50000,3.36824,0.90110,0.08059,32.00000,30.00000,tau_5
4666,0.50000,3.37282,0.87180,0.06594,32.00000,30.00000,tau_5
4671,0.50000,3.37663,0.79854,0.07570,32.00000,30.00000,tau_5
4676,0.50000,3.38045,0.69597,0.10012,32.00000,30.00000,tau_5
4681,0.50000,3.38388,0.69597,0.11966,32.00000,30.00000,tau_5
4686,0.50000,3.38808,0.82784,0.10501,32.00000,30.00000,tau_5
4691,0.50000,3.39265,0.91575,0.08059,32.00000,30.00000,tau_5
4696,0.50000,3.39723,0.82784,0.08059,32.00000,30.00000,tau_5
4702,0.50000,3.40105,0.72528,0.09524,32.00000,30.00000,tau_5
4707,0.50000,3.40410,0.66667,0.11966,32.00000,30.00000,tau_5
4712,0.50000,3.40753,0.59341,0.13919,32.00000,30.00000,tau_5
4717,0.50000,3.41096,0.69597,0.12943,32.00000,30.00000,tau_5
4722,0.50000,3.41554,0.84249,0.10501,32.00000,30.00000,tau_5
4727,0.50000,3.42012,0.93040,0.06594,32.00000,30.00000,tau_5
4732,0.50000,3.42432,0.84249,0.06594,32.00000,30.00000,tau_5
4737,0.50000,3.42851,0.78388,0.08059,32.00000,30.00000,tau_5
4742,0.50000,3.43194,0.76923,0.09524,32.00000,30.00000,tau_5
4747,0.50000,3.43576,0.72528,0.11477,32.00000,30.00000,tau_5
4752,0.50000,3.43996,0.81319,0.10501,32.00000,30.00000,tau_5
4757,0.50000,3.44415,0.81319,0.10012,32.00000,30.00000,tau_5
4762,0.50000,3.44797,0.76923,0.09524,32.00000,30.00000,tau_5
4767,0.50000,3.45178,0.71062,0.10012,32.00000,30.00000,tau_5
4772,0.50000,3.45560,0.75458,0.10012,32.00000,30.00000,tau_5
4777,0.50000,3.45941,0.72528,0.10501,32.00000,30.00000,tau_5
4782,0.50000,3.46323,0.75458,0.10501,32.00000,30.00000,tau_5
4787,0.50000,3.46742,0.81319,0.09524,32.00000,30.00000,tau_5
4792,0.50000,3.47200,0.85715,0.07570,32.00000,30.00000,tau_5
4798,0.50000,3.47620,0.84249,0.07570,32.00000,30.00000,tau_5
4803,0.50000,3.48039,0.82784,0.08059,32.00000,30.00000,tau_5
4808,0.50000,3.48421,0.76923,0.10012,32.00000,30.00000,tau_5
4813,0.50000,3.48764,0.65202,0.12454,32.00000,30.00000,tau_5
4818,0.50000,3.49107,0.68132,0.13431,32.00000,30.00000,tau_5
4823,0.50000,3.49489,0.76923,0.11966,32.00000,30.00000,tau_5
4828,0.50000,3.49908,0.85715,0.09524,32.00000,30.00000,tau_5
4833,0.50000,3.50328,0.82784,0.08059,32.00000,30.00000,tau_5
4838,0.50000,3.50748,0.84249,0.07570,32.00000,30.00000,tau_5
4843,0.50000,3.51129,0.72528,0.09524,32.00000,30.00000,tau_5
4848,0.50000,3.51472,0.69597,0.10989,32.00000,30.00000,tau_5
4853,0.50000,3.51892,0.79854,0.10501,32.00000,30.00000,tau_5
4858,0.50000,3.52350,0.90110,0.08059,32.00000,30.00000,tau_5
4863,0.50000,3.52769,0.87180,0.07570,32.00000,30.00000,tau_5
4868,0.50000,3.53189,0.78388,0.08547,32.00000,30.00000,tau_5
4873,0.50000,3.53532,0.68132,0.10989,32.00000,30.00000,tau_5
4878,0.50000,3.53838,0.59341,0.13919,32.00000,30.00000,tau_5
4883,0.50000,3.54181,0.63736,0.14408,32.00000,30.00000,tau_5
4888,0.50000,3.54601,0.79854,0.10989,32.00000,30.00000,tau_5
4894,0.50000,3.55058,0.93040,0.07570,32.00000,30.00000,tau_5
4899,0.50000,3.55478,0.85715,0.06105,32.00000,30.00000,tau_5
4904,0.50000,3.55898,0.79854,0.07082,32.00000,30.00000,tau_5
4909,0.50000,3.56241,0.72528,0.10012,32.00000,30.00000,tau_5
4914,0.50000,3.56623,0.71062,0.11477,32.00000,30.00000,tau_5
4919,0.50000,3.57004,0.79854,0.11477,32.00000,30.00000,tau_5
4924,0.50000,3.57462,0.88645,0.09524,32.00000,30.00000,tau_5
4929,0.50000,3.57843,0.81319,0.09524,32.00000,30.00000,tau_5
4934,0.50000,3.58225,0.69597,0.10501,32.00000,30.00000,tau_5
4939,0.50000,3.58568,0.68132,0.11966,32.00000,30.00000,tau_5
4944,0.50000,3.58911,0.68132,0.12943,32.00000,30.00000,tau_5
4949,0.50000,3.59293,0.72528,0.12454,32.00000,30.00000,tau_5
4954,0.50000,3.59712,0.84249,0.10012,32.00000,30.00000,tau_5
4959,0.50000,3.60170,0.87180,0.07570,32.00000,30.00000,tau_5
4964,0.50000,3.60590,0.81319,0.07570,32.00000,30.00000,tau_5
4969,0.50000,3.60971,0.78388,0.08547,32.00000,30.00000,tau_5
4974,0.50000,3.61391,0.76923,0.10012,32.00000,30.00000,tau_5
4979,0.50000,3.61734,0.69597,0.10989,32.00000,30.00000,tau_5
4984,0.50000,3.62116,0.69597,0.12454,32.00000,30.00000,tau_5
4990,0.50000,3.62497,0.73993,0.11966,32.00000,30.00000,tau_5
4995,0.50000,3.62879,0.78388,0.10501,32.00000,30.00000,tau_5
5000,0.50000,3.63260,0.73993,0.10012,32.00000,30.00000,tau_5
5005,0.50000,3.63680,0.75458,0.10012,32.00000,30.00000,tau_5
5010,0.50000,3.64061,0.79854,0.09524,32.00000,30.00000,tau_5
5015,0.50000,3.64404,0.69597,0.10501,32.00000,30.00000,tau_5
5020,0.50000,3.64786,0.71062,0.10989,32.00000,30.00000,tau_5
5025,0.50000,3.65206,0.81319,0.10012,32.00000,30.00000,tau_5
5030,0.50000,3.65663,0.90110,0.08547,32.00000,30.00000,tau_5
5035,0.50000,3.66083,0.81319,0.08547,32.00000,30.00000,tau_5
5040,0.50000,3.66465,0.78388,0.09524,32.00000,30.00000,tau_5
5045,0.50000,3.66808,0.62271,0.13431,32.00000,30.00000,tau_5
5050,0.50000,3.67113,0.62271,0.14896,32.00000,30.00000,tau_5
5055,0.50000,3.67456,0.71062,0.14408,32.00000,30.00000,tau_5
5060,0.50000,3.67876,0.82784,0.10989,32.00000,30.00000,tau_5
5065,0.50000,3.68334,0.88645,0.08547,32.00000,30.00000,tau_5
5070,0.50000,3.68753,0.82784,0.07082,32.00000,30.00000,tau_5
5075,0.50000,3.69135,0.75458,0.09035,32.00000,30.00000,tau_5
5081,0.50000,3.69478,0.66667,0.10989,32.00000,30.00000,tau_5
5086,0.50000,3.69822,0.68132,0.12943,32.00000,30.00000,tau_5
5091,0.50000,3.70241,0.81319,0.11477,32.00000,30.00000,tau_5
5096,0.50000,3.70699,0.88645,0.09035,32.00000,30.00000,tau_5
5101,0.50000,3.71119,0.82784,0.08059,32.00000,30.00000,tau_5
5106,0.50000,3.71500,0.69597,0.10012,32.00000,30.00000,tau_5
5111,0.50000,3.71805,0.66667,0.12454,32.00000,30.00000,tau_5
5116,0.50000,3.72110,0.57876,0.14896,32.00000,30.00000,tau_5
5121,0.50000,3.72492,0.68132,0.14408,32.00000,30.00000,tau_5
5126,0.50000,3.72911,0.81319,0.11477,32.00000,30.00000,tau_5
5131,0.50000,3.73369,0.91575,0.07570,32.00000,30.00000,tau_5
5136,0.50000,3.73789,0.82784,0.07570,32.00000,30.00000,tau_5
5141,0.50000,3.74170,0.76923,0.08547,32.00000,30.00000,tau_5
5146,0.50000,3.74552,0.75458,0.10501,32.00000,30.00000,tau_5
5151,0.50000,3.74895,0.69597,0.12454,32.00000,30.00000,tau_5
5156,0.50000,3.75315,0.76923,0.12454,32.00000,30.00000,tau_5
5161,0.50000,3.75696,0.79854,0.10989,32.00000,30.00000,tau_5
5166,0.50000,3.76078,0.79854,0.10501,32.00000,30.00000,tau_5
5171,0.50000,3.76459,0.71062,0.11477,32.00000,30.00000,tau_5
5177,0.50000,3.76841,0.73993,0.10989,32.00000,30.00000,tau_5
5182,0.50000,3.77184,0.73993,0.11477,32.00000,30.00000,tau_5
5187,0.50000,3.77565,0.73993,0.11477,32.00000,30.00000,tau_5
5192,0.50000,3.77947,0.76923,0.10501,32.00000,30.00000,tau_5
5197,0.50000,3.78366,0.84249,0.09035,32.00000,30.00000,tau_5
5202,0.50000,3.78824,0.85715,0.08547,32.00000,30.00000,tau_5
5207,0.50000,3.79206,0.81319,0.08547,32.00000,30.00000,tau_5
5212,0.50000,3.79625,0.79854,0.09035,32.00000,30.00000,tau_5
5217,0.50000,3.79969,0.68132,0.11477,32.00000,30.00000,tau_5
5222,0.50000,3.80274,0.59341,0.14896,32.00000,30.00000,tau_5
5227,0.50000,3.80655,0.69597,0.13431,32.00000,30.00000,tau_5
5232,0.50000,3.81037,0.76923,0.11966,32.00000,30.00000,tau_5
5237,0.50000,3.81456,0.79854,0.10012,32.00000,30.00000,tau_5
5242,0.50000,3.81838,0.78388,0.09524,32.00000,30.00000,tau_5
5247,0.50000,3.82257,0.78388,0.09035,32.00000,30.00000,tau_5
5252,0.50000,3.82601,0.65202,0.11477,32.00000,30.00000,tau_5
5257,0.50000,3.82944,0.66667,0.12943,32.00000,30.00000,tau_5
5262,0.50000,3.83326,0.78388,0.11477,32.00000,30.00000,tau_5
5268,0.50000,3.83783,0.88645,0.09524,32.00000,30.00000,tau_5
5273,0.50000,3.84241,0.85715,0.08059,32.00000,30.00000,tau_5
5278,0.50000,3.84623,0.76923,0.09035,32.00000,30.00000,tau_5
5283,0.50000,3.84966,0.66667,0.11966,32.00000,30.00000,tau_5
5288,0.50000,3.85233,0.56410,0.14896,32.00000,30.00000,tau_5
5293,0.50000,3.85576,0.60806,0.15873,32.00000,30.00000,tau_5
5298,0.50000,3.85958,0.76923,0.12943,32.00000,30.00000,tau_5
5303,0.50000,3.86416,0.87180,0.09524,32.00000,30.00000,tau_5
5308,0.50000,3.86835,0.84249,0.08059,32.00000,30.00000,tau_5
5313,0.50000,3.87217,0.75458,0.09035,32.00000,30.00000,tau_5
5318,0.50000,3.87598,0.71062,0.10989,32.00000,30.00000,tau_5
5323,0.50000,3.87942,0.68132,0.12454,32.00000,30.00000,tau_5
5328,0.50000,3.88323,0.75458,0.12454,32.00000,30.00000,tau_5
5333,0.50000,3.88743,0.87180,0.10501,32.00000,30.00000,tau_5
5338,0.50000,3.89162,0.82784,0.10012,32.00000,30.00000,tau_5
5343,0.50000,3.89544,0.72528,0.10501,32.00000,30.00000,tau_5
5348,0.50000,3.89887,0.69597,0.11966,32.00000,30.00000,tau_5
5353,0.50000,3.90230,0.68132,0.12943,32.00000,30.00000,tau_5
5358,0.50000,3.90574,0.68132,0.12454,32.00000,30.00000,tau_5
5364,0.50000,3.90993,0.78388,0.10989,32.00000,30.00000,tau_5
5369,0.50000,3.91413,0.85715,0.09035,32.00000,30.00000,tau_5
5374,0.50000,3.91833,0.85715,0.08059,32.00000,30.00000,tau_5
5379,0.50000,3.92252,0.76923,0.09035,32.00000,30.00000,tau_5
5384,0.50000,3.92634,0.78388,0.10012,32.00000,30.00000,tau_5
5389,0.50000,3.92977,0.71062,0.11966,32.00000,30.00000,tau_5
5394,0.50000,3.93358,0.69597,0.12943,32.00000,30.00000,tau_5
5399,0.50000,3.93702,0.71062,0.13431,32.00000,30.00000,tau_5
5404,0.50000,3.94083,0.78388,0.12454,32.00000,30.00000,tau_5
5409,0.50000,3.94465,0.76923,0.11477,32.00000,30.00000,tau_5
5414,0.50000,3.94846,0.73993,0.10989,32.00000,30.00000,tau_5
5419,0.50000,3.95228,0.76923,0.10501,32.00000,30.00000,tau_5
5424,0.50000,3.95609,0.72528,0.10501,32.00000,30.00000,tau_5
5429,0.50000,3.95991,0.68132,0.11966,32.00000,30.00000,tau_5
5434,0.50000,3.96372,0.78388,0.10989,32.00000,30.00000,tau_5
5439,0.50000,3.96792,0.87180,0.09035,32.00000,30.00000,tau_5
5444,0.50000,3.97250,0.85715,0.08547,32.00000,30.00000,tau_5
5449,0.50000,3.97669,0.79854,0.08547,32.00000,30.00000,tau_5
5455,0.50000,3.98013,0.71062,0.10501,32.00000,30.00000,tau_5
5460,0.50000,3.98318,0.54945,0.14896,32.00000,30.00000,tau_5
5465,0.50000,3.98623,0.57876,0.16361,32.00000,30.00000,tau_5
5470,0.50000,3.98966,0.69597,0.14896,32.00000,30.00000,tau_5
5475,0.50000,3.99386,0.82784,0.11477,32.00000,30.00000,tau_5
5480,0.50000,3.99844,0.85715,0.09035,32.00000,30.00000,tau_5
5485,0.50000,4.00263,0.82784,0.07570,32.00000,30.00000,tau_5
5490,0.50000,4.00645,0.73993,0.09524,32.00000,30.00000,tau_5
5495,0.50000,4.00950,0.63736,0.11477,32.00000,30.00000,tau_5
5500,0.50000,4.01331,0.68132,0.13431,32.00000,30.00000,tau_5
5505,0.50000,4.01751,0.84249,0.10989,32.00000,30.00000,tau_5
5510,0.50000,4.02209,0.91575,0.08547,32.00000,30.00000,tau_5
5515,0.50000,4.02590,0.78388,0.09524,32.00000,30.00000,tau_5
5520,0.50000,4.02972,0.69597,0.10989,32.00000,30.00000,tau_5
5525,0.50000,4.03277,0.63736,0.13431,32.00000,30.00000,tau_5
5530,0.50000,4.03582,0.56410,0.15385,32.00000,30.00000,tau_5
5535,0.50000,4.03925,0.66667,0.14896,32.00000,30.00000,tau_5
5540,0.50000,4.04345,0.81319,0.11477,32.00000,30.00000,tau_5
5545,0.50000,4.04803,0.88645,0.08547,32.00000,30.00000,tau_5
5551,0.50000,4.05222,0.79854,0.08547,32.00000,30.00000,tau_5
5556,0.50000,4.05604,0.75458,0.09524,32.00000,30.00000,tau_5
5561,0.50000,4.05985,0.75458,0.10989,32.00000,30.00000,tau_5
5566,0.50000,4.06329,0.71062,0.12454,32.00000,30.00000,tau_5
5571,0.50000,4.06710,0.76923,0.11966,32.00000,30.00000,tau_5
5576,0.50000,4.07130,0.81319,0.10501,32.00000,30.00000,tau_5
5581,0.50000,4.07549,0.79854,0.10012,32.00000,30.00000,tau_5
5586,0.50000,4.07893,0.71062,0.10501,32.00000,30.00000,tau_5
5591,0.50000,4.08274,0.73993,0.10501,32.00000,30.00000,tau_5
5596,0.50000,4.08656,0.72528,0.11477,32.00000,30.00000,tau_5
5601,0.50000,4.08999,0.73993,0.11477,32.00000,30.00000,tau_5
5606,0.50000,4.09419,0.76923,0.10989,32.00000,30.00000,tau_5
5611,0.50000,4.09838,0.82784,0.09035,32.00000,30.00000,tau_5
5616,0.50000,4.10220,0.81319,0.09524,32.00000,30.00000,tau_5
5621,0.50000,4.10639,0.78388,0.09035,32.00000,30.00000,tau_5
5626,0.50000,4.11021,0.78388,0.10501,32.00000,30.00000,tau_5
5631,0.50000,4.11364,0.66667,0.12454,32.00000,30.00000,tau_5
5637,0.50000,4.11707,0.60806,0.15385,32.00000,30.00000,tau_5
5642,0.50000,4.12051,0.71062,0.14408,32.00000,30.00000,tau_5
5647,0.50000,4.12470,0.78388,0.11966,32.00000,30.00000,tau_5
5652,0.50000,4.12890,0.81319,0.10012,32.00000,30.00000,tau_5
5657,0.50000,4.13272,0.78388,0.08547,32.00000,30.00000,tau_5
5662,0.50000,4.13691,0.78388,0.08547,32.00000,30.00000,tau_5
5667,0.50000,4.14034,0.65202,0.10989,32.00000,30.00000,tau_5
5672,0.50000,4.14378,0.68132,0.11966,32.00000,30.00000,tau_5
5677,0.50000,4.14797,0.78388,0.10989,32.00000,30.00000,tau_5
5682,0.50000,4.15217,0.88645,0.08547,32.00000,30.00000,tau_5
5687,0.50000,4.15675,0.84249,0.08547,32.00000,30.00000,tau_5
5692,0.50000,4.16018,0.73993,0.10989,32.00000,30.00000,tau_5
5697,0.50000,4.16362,0.63736,0.13431,32.00000,30.00000,tau_5
5702,0.50000,4.16667,0.54945,0.15873,32.00000,30.00000,tau_5
5707,0.50000,4.16972,0.62271,0.15873,32.00000,30.00000,tau_5
5712,0.50000,4.17353,0.78388,0.12943,32.00000,30.00000,tau_5
5717,0.50000,4.17849,0.90110,0.08547,32.00000,30.00000,tau_5
5722,0.50000,4.18269,0.84249,0.07570,32.00000,30.00000,tau_5
5728,0.50000,4.18650,0.76923,0.08547,32.00000,30.00000,tau_5
5733,0.50000,4.19032,0.72528,0.10501,32.00000,30.00000,tau_5
5738,0.50000,4.19375,0.66667,0.12454,32.00000,30.00000,tau_5
5743,0.50000,4.19757,0.75458,0.12454,32.00000,30.00000,tau_5
5748,0.50000,4.20176,0.87180,0.10501,32.00000,30.00000,tau_5
5753,0.50000,4.20596,0.84249,0.10012,32.00000,30.00000,tau_5
5758,0.50000,4.20977,0.71062,0.10989,32.00000,30.00000,tau_5
5763,0.50000,4.21321,0.68132,0.11966,32.00000,30.00000,tau_5
5768,0.50000,4.21664,0.68132,0.13431,32.00000,30.00000,tau_5
5773,0.50000,4.21969,0.66667,0.13919,32.00000,30.00000,tau_5
5778,0.50000,4.22389,0.78388,0.11966,32.00000,30.00000,tau_5
5783,0.50000,4.22808,0.85715,0.09524,32.00000,30.00000,tau_5
5788,0.50000,4.23228,0.85715,0.08059,32.00000,30.00000,tau_5
5793,0.50000,4.23610,0.76923,0.09035,32.00000,30.00000,tau_5
5798,0.50000,4.24029,0.79854,0.09524,32.00000,30.00000,tau_5
5803,0.50000,4.24411,0.72528,0.11477,32.00000,30.00000,tau_5
5808,0.50000,4.24754,0.71062,0.12454,32.00000,30.00000,tau_5
5814,0.50000,4.25135,0.72528,0.12943,32.00000,30.00000,tau_5
5819,0.50000,4.25517,0.78388,0.10989,32.00000,30.00000,tau_5
5824,0.50000,4.25898,0.76923,0.10989,32.00000,30.00000,tau_5
5829,0.50000,4.26280,0.72528,0.10989,32.00000,30.00000,tau_5
5834,0.50000,4.26661,0.76923,0.10501,32.00000,30.00000,tau_5
5839,0.50000,4.27043,0.72528,0.10989,32.00000,30.00000,tau_5
5844,0.50000,4.27386,0.66667,0.12454,32.00000,30.00000,tau_5
5849,0.50000,4.27768,0.73993,0.12454,32.00000,30.00000,tau_5
5854,0.50000,4.28187,0.84249,0.10989,32.00000,30.00000,tau_5
5859,0.50000,4.28607,0.85715,0.09035,32.00000,30.00000,tau_5
5864,0.50000,4.29026,0.79854,0.09035,32.00000,30.00000,tau_5
5869,0.50000,4.29408,0.72528,0.10989,32.00000,30.00000,tau_5
5874,0.50000,4.29713,0.56410,0.14408,32.00000,30.00000,tau_5
5879,0.50000,4.30018,0.59341,0.15873,32.00000,30.00000,tau_5
5884,0.50000,4.30362,0.71062,0.14408,32.00000,30.00000,tau_5
5889,0.50000,4.30819,0.82784,0.10989,32.00000,30.00000,tau_5
5894,0.50000,4.31239,0.85715,0.08547,32.00000,30.00000,tau_5
5900,0.50000,4.31659,0.81319,0.07570,32.00000,30.00000,tau_5
5905,0.50000,4.32040,0.75458,0.08547,32.00000,30.00000,tau_5
5910,0.50000,4.32383,0.65202,0.10989,32.00000,30.00000,tau_5
5915,0.50000,4.32765,0.68132,0.12454,32.00000,30.00000,tau_5
5920,0.50000,4.33184,0.81319,0.10989,32.00000,30.00000,tau_5
5925,0.50000,4.33642,0.88645,0.09524,32.00000,30.00000,tau_5
5930,0.50000,4.34024,0.78388,0.09524,32.00000,30.00000,tau_5
5935,0.50000,4.34367,0.68132,0.10989,32.00000,30.00000,tau_5
5940,0.50000,4.34711,0.65202,0.12943,32.00000,30.00000,tau_5
5945,0.50000,4.35016,0.57876,0.14896,32.00000,30.00000,tau_5
5950,0.50000,4.35359,0.69597,0.13431,32.00000,30.00000,tau_5
5955,0.50000,4.35779,0.84249,0.10501,32.00000,30.00000,tau_5
5960,0.50000,4.36236,0.88645,0.07570,32.00000,30.00000,tau_5
5965,0.50000,4.36656,0.79854,0.08547,32.00000,30.00000,tau_5
5970,0.50000,4.37037,0.78388,0.09035,32.00000,30.00000,tau_5
5975,0.50000,4.37419,0.76923,0.10501,32.00000,30.00000,tau_5
5980,0.50000,4.37800,0.73993,0.11477,32.00000,30.00000,tau_5
5985,0.50000,4.38220,0.81319,0.10989,32.00000,30.00000,tau_5
5991,0.50000,4.38601,0.81319,0.10012,32.00000,30.00000,tau_5
5996,0.50000,4.39021,0.76923,0.10501,32.00000,30.00000,tau_5
6001,0.50000,4.39364,0.68132,0.11966,32.00000,30.00000,tau_5
6006,0.50000,4.39746,0.73993,0.11477,32.00000,30.00000,tau_5
6011,0.50000,4.40089,0.71062,0.11966,32.00000,30.00000,tau_5
6016,0.50000,4.40471,0.73993,0.11966,32.00000,30.00000,tau_5
6021,0.50000,4.40852,0.76923,0.11477,32.00000,30.00000,tau_5
6026,0.50000,4.41272,0.84249,0.09035,32.00000,30.00000,tau_5
6031,0.50000,4.41691,0.84249,0.09035,32.00000,30.00000,tau_5
6036,0.50000,4.42111,0.79854,0.09035,32.00000,30.00000,tau_5
6041,0.50000,4.42531,0.79854,0.10012,32.00000,30.00000,tau_5
6046,0.50000,4.42874,0.65202,0.12454,32.00000,30.00000,tau_5
6051,0.50000,4.43217,0.63736,0.13919,32.00000,30.00000,tau_5
6056,0.50000,4.43599,0.73993,0.12454,32.00000,30.00000,tau_5
6061,0.50000,4.43980,0.78388,0.10501,32.00000,30.00000,tau_5
6066,0.50000,4.44400,0.78388,0.09035,32.00000,30.00000,tau_5
6071,0.50000,4.44820,0.79854,0.09035,32.00000,30.00000,tau_5
6076,0.50000,4.45163,0.75458,0.10012,32.00000,30.00000,tau_5
6082,0.50000,4.45506,0.63736,0.12454,32.00000,30.00000,tau_5
6087,0.50000,4.45850,0.66667,0.12454,32.00000,30.00000,tau_5
6092,0.50000,4.46269,0.81319,0.10989,32.00000,30.00000,tau_5
6097,0.50000,4.46727,0.90110,0.09035,32.00000,30.00000,tau_5
6102,0.50000,4.47147,0.85715,0.08059,32.00000,30.00000,tau_5
6107,0.50000,4.47528,0.75458,0.10012,32.00000,30.00000,tau_5
6112,0.50000,4.47871,0.66667,0.12943,32.00000,30.00000,tau_5
6117,0.50000,4.48177,0.59341,0.15385,32.00000,30.00000,tau_5
6122,0.50000,4.48520,0.66667,0.14408,32.00000,30.00000,tau_5
6127,0.50000,4.48940,0.85715,0.10501,32.00000,30.00000,tau_5
6132,0.50000,4.49397,0.91575,0.07082,32.00000,30.00000,tau_5
6137,0.50000,4.49817,0.78388,0.08059,32.00000,30.00000,tau_5
6142,0.50000,4.50198,0.75458,0.09035,32.00000,30.00000,tau_5
6147,0.50000,4.50542,0.68132,0.11966,32.00000,30.00000,tau_5
6152,0.50000,4.50923,0.71062,0.12943,32.00000,30.00000,tau_5
6157,0.50000,4.51305,0.81319,0.11477,32.00000,30.00000,tau_5
6162,0.50000,4.51762,0.88645,0.09524,32.00000,30.00000,tau_5
6167,0.50000,4.52144,0.78388,0.09035,32.00000,30.00000,tau_5
6172,0.50000,4.52525,0.71062,0.10501,32.00000,30.00000,tau_5
6178,0.50000,4.52869,0.68132,0.11477,32.00000,30.00000,tau_5
6183,0.50000,4.53250,0.68132,0.12454,32.00000,30.00000,tau_5
6188,0.50000,4.53593,0.71062,0.12454,32.00000,30.00000,tau_5
6193,0.50000,4.54013,0.82784,0.10012,32.00000,30.00000,tau_5
6198,0.50000,4.54471,0.87180,0.07570,32.00000,30.00000,tau_5
6203,0.50000,4.54891,0.82784,0.07570,32.00000,30.00000,tau_5
6208,0.50000,4.55310,0.79854,0.08059,32.00000,30.00000,tau_5
6213,0.50000,4.55692,0.76923,0.09524,32.00000,30.00000,tau_5
6218,0.50000,4.56073,0.72528,0.10989,32.00000,30.00000,tau_5
6223,0.50000,4.56417,0.71062,0.12454,32.00000,30.00000,tau_5
6228,0.50000,4.56798,0.78388,0.11477,32.00000,30.00000,tau_5
6233,0.50000,4.57218,0.78388,0.10989,32.00000,30.00000,tau_5
6238,0.50000,4.57599,0.75458,0.10501,32.00000,30.00000,tau_5
6243,0.50000,4.58019,0.78388,0.09524,32.00000,30.00000,tau_5
6248,0.50000,4.58400,0.78388,0.09524,32.00000,30.00000,tau_5
6253,0.50000,4.58743,0.71062,0.10989,32.00000,30.00000,tau_5
6258,0.50000,4.59125,0.76923,0.10501,32.00000,30.00000,tau_5
6264,0.50000,4.59545,0.84249,0.09524,32.00000,30.00000,tau_5
6269,0.50000,4.60002,0.88645,0.07570,32.00000,30.00000,tau_5
6274,0.50000,4.60460,0.84249,0.07570,32.00000,30.00000,tau_5
6279,0.50000,4.60842,0.78388,0.09035,32.00000,30.00000,tau_5
6284,0.50000,4.61147,0.59341,0.12943,32.00000,30.00000,tau_5
6289,0.50000,4.61490,0.60806,0.14408,32.00000,30.00000,tau_5
6294,0.50000,4.61833,0.71062,0.13919,32.00000,30.00000,tau_5
6299,0.50000,4.62253,0.82784,0.10501,32.00000,30.00000,tau_5
6304,0.50000,4.62673,0.84249,0.09035,32.00000,30.00000,tau_5
6309,0.50000,4.63092,0.79854,0.07570,32.00000,30.00000,tau_5
6314,0.50000,4.63474,0.72528,0.09524,32.00000,30.00000,tau_5
6319,0.50000,4.63817,0.63736,0.11477,32.00000,30.00000,tau_5
6324,0.50000,4.64199,0.71062,0.11966,32.00000,30.00000,tau_5
6329,0.50000,4.64618,0.85715,0.10012,32.00000,30.00000,tau_5
6334,0.50000,4.65076,0.93040,0.08059,32.00000,30.00000,tau_5
6339,0.50000,4.65496,0.78388,0.09035,32.00000,30.00000,tau_5
6344,0.50000,4.65877,0.72528,0.10012,32.00000,30.00000,tau_5
6349,0.50000,4.66182,0.66667,0.12454,32.00000,30.00000,tau_5
6355,0.50000,4.66526,0.66667,0.13431,32.00000,30.00000,tau_5
6360,0.50000,4.66907,0.73993,0.11966,32.00000,30.00000,tau_5
6365,0.50000,4.67365,0.90110,0.08547,32.00000,30.00000,tau_5
6370,0.50000,4.67785,0.87180,0.07570,32.00000,30.00000,tau_5
6375,0.50000,4.68204,0.76923,0.08547,32.00000,30.00000,tau_5
6380,0.50000,4.68586,0.73993,0.10012,32.00000,30.00000,tau_5
6385,0.50000,4.68929,0.73993,0.11477,32.00000,30.00000,tau_5
6390,0.50000,4.69310,0.72528,0.11966,32.00000,30.00000,tau_5
6395,0.50000,4.69730,0.82784,0.10989,32.00000,30.00000,tau_5
6400,0.50000,4.70150,0.81319,0.09524,32.00000,30.00000,tau_5
6405,0.50000,4.70531,0.73993,0.09524,32.00000,30.00000,tau_5
6410,0.50000,4.70913,0.71062,0.10501,32.00000,30.00000,tau_5
6415,0.50000,4.71294,0.73993,0.10501,32.00000,30.00000,tau_5
6420,0.50000,4.71675,0.72528,0.10989,32.00000,30.00000,tau_5
6425,0.50000,4.72057,0.75458,0.10501,32.00000,30.00000,tau_5
6430,0.50000,4.72477,0.82784,0.09035,32.00000,30.00000,tau_5
6435,0.50000,4.72934,0.87180,0.07570,32.00000,30.00000,tau_5
6440,0.50000,4.73354,0.82784,0.07570,32.00000,30.00000,tau_5
6446,0.50000,4.73735,0.81319,0.08547,32.00000,30.00000,tau_5
6451,0.50000,4.74117,0.75458,0.10501,32.00000,30.00000,tau_5
6456,0.50000,4.74460,0.63736,0.12943,32.00000,30.00000,tau_5
6461,0.50000,4.74804,0.71062,0.13431,32.00000,30.00000,tau_5
6466,0.50000,4.75223,0.78388,0.11477,32.00000,30.00000,tau_5
6471,0.50000,4.75643,0.85715,0.09035,32.00000,30.00000,tau_5
6476,0.50000,4.76062,0.81319,0.08059,32.00000,30.00000,tau_5
6481,0.50000,4.76444,0.81319,0.07570,32.00000,30.00000,tau_5
6486,0.50000,4.76825,0.68132,0.10012,32.00000,30.00000,tau_5
6491,0.50000,4.77169,0.69597,0.11477,32.00000,30.00000,tau_5
6496,0.50000,4.77588,0.81319,0.10501,32.00000,30.00000,tau_5
6501,0.50000,4.78046,0.93040,0.07570,32.00000,30.00000,tau_5
6506,0.50000,4.78504,0.88645,0.06594,32.00000,30.00000,tau_5
6511,0.50000,4.78885,0.78388,0.08547,32.00000,30.00000,tau_5
6516,0.50000,4.79229,0.66667,0.10989,32.00000,30.00000,tau_5
6521,0.50000,4.79534,0.59341,0.13919,32.00000,30.00000,tau_5
6526,0.50000,4.79877,0.65202,0.13919,32.00000,30.00000,tau_5
6531,0.50000,4.80297,0.81319,0.10989,32.00000,30.00000,tau_5
6537,0.50000,4.80754,0.91575,0.07570,32.00000,30.00000,tau_5
6542,0.50000,4.81174,0.82784,0.07570,32.00000,30.00000,tau_5
6547,0.50000,4.81594,0.78388,0.08059,32.00000,30.00000,tau_5
6552,0.50000,4.81937,0.72528,0.10501,32.00000,30.00000,tau_5
6557,0.50000,4.82318,0.72528,0.11477,32.00000,30.00000,tau_5
6562,0.50000,4.82700,0.81319,0.10989,32.00000,30.00000,tau_5
6567,0.50000,4.83158,0.88645,0.09035,32.00000,30.00000,tau_5
6572,0.50000,4.83578,0.81319,0.09524,32.00000,30.00000,tau_5
6577,0.50000,4.83959,0.71062,0.10012,32.00000,30.00000,tau_5
6582,0.50000,4.84302,0.69597,0.11477,32.00000,30.00000,tau_5
6587,0.50000,4.84646,0.66667,0.12454,32.00000,30.00000,tau_5
6592,0.50000,4.85027,0.72528,0.11966,32.00000,30.00000,tau_5
6597,0.50000,4.85447,0.82784,0.09524,32.00000,30.00000,tau_5
6602,0.50000,4.85866,0.84249,0.08059,32.00000,30.00000,tau_5
6607,0.50000,4.86286,0.78388,0.08547,32.00000,30.00000,tau_5
6612,0.50000,4.86667,0.76923,0.09035,32.00000,30.00000,tau_5
6617,0.50000,4.87049,0.78388,0.10501,32.00000,30.00000,tau_5
6622,0.50000,4.87430,0.72528,0.11477,32.00000,30.00000,tau_5
6627,0.50000,4.87812,0.71062,0.11966,32.00000,30.00000,tau_5
6633,0.50000,4.88193,0.76923,0.10989,32.00000,30.00000,tau_5
6638,0.50000,4.88613,0.78388,0.10012,32.00000,30.00000,tau_5
6643,0.50000,4.88994,0.75458,0.10012,32.00000,30.00000,tau_5
6648,0.50000,4.89376,0.78388,0.09524,32.00000,30.00000,tau_5
6653,0.50000,4.89795,0.79854,0.09035,32.00000,30.00000,tau_5
6658,0.50000,4.90139,0.71062,0.10989,32.00000,30.00000,tau_5
6663,0.50000,4.90520,0.73993,0.10501,32.00000,30.00000,tau_5
6668,0.50000,4.90940,0.84249,0.09524,32.00000,30.00000,tau_5
6673,0.50000,4.91398,0.88645,0.08059,32.00000,30.00000,tau_5
6678,0.50000,4.91779,0.81319,0.08547,32.00000,30.00000,tau_5
6683,0.50000,4.92199,0.75458,0.09524,32.00000,30.00000,tau_5
6688,0.50000,4.92504,0.60806,0.12943,32.00000,30.00000,tau_5
6693,0.50000,4.92847,0.63736,0.13919,32.00000,30.00000,tau_5
6698,0.50000,4.93191,0.73993,0.13431,32.00000,30.00000,tau_5
6703,0.50000,4.93649,0.84249,0.10012,32.00000,30.00000,tau_5
6708,0.50000,4.94068,0.85715,0.08059,32.00000,30.00000,tau_5
6713,0.50000,4.94488,0.79854,0.07082,32.00000,30.00000,tau_5
6718,0.50000,4.94869,0.73993,0.08547,32.00000,30.00000,tau_5
6724,0.50000,4.95213,0.65202,0.10989,32.00000,30.00000,tau_5
6729,0.50000,4.95594,0.69597,0.11966,32.00000,30.00000,tau_5
6734,0.50000,4.96014,0.85715,0.10012,32.00000,30.00000,tau_5
6739,0.50000,4.96510,0.93040,0.08059,32.00000,30.00000,tau_5
6744,0.50000,4.96891,0.79854,0.09035,32.00000,30.00000,tau_5
6749,0.50000,4.97272,0.71062,0.10501,32.00000,30.00000,tau_5
6754,0.50000,4.97578,0.63736,0.12454,32.00000,30.00000,tau_5
6759,0.50000,4.97883,0.60806,0.14408,32.00000,30.00000,tau_5
6764,0.50000,4.98264,0.69597,0.13431,32.00000,30.00000,tau_5
6769,0.50000,4.98684,0.82784,0.10501,32.00000,30.00000,tau_5
6774,0.50000,4.99142,0.88645,0.07570,32.00000,30.00000,tau_5
6779,0.50000,4.99561,0.79854,0.07570,32.00000,30.00000,tau_5
6784,0.50000,4.99943,0.76923,0.09035,32.00000,30.00000,tau_5
6789,0.50000,5.00324,0.73993,0.10501,32.00000,30.00000,tau_5
6794,0.50000,5.00706,0.73993,0.11966,32.00000,30.00000,tau_5
6799,0.50000,5.01125,0.82784,0.10012,32.00000,30.00000,tau_5
6804,0.50000,5.01545,0.82784,0.09524,32.00000,30.00000,tau_5
6809,0.50000,5.01926,0.76923,0.09035,32.00000,30.00000,tau_5
6815,0.50000,5.02308,0.69597,0.10501,32.00000,30.00000,tau_5
6820,0.50000,5.02689,0.73993,0.10501,32.00000,30.00000,tau_5
6825,0.50000,5.03033,0.68132,0.11477,32.00000,30.00000,tau_5
6830,0.50000,5.03414,0.72528,0.11477,32.00000,30.00000,tau_5
6835,0.50000,5.03796,0.78388,0.10501,32.00000,30.00000,tau_5
6840,0.50000,5.04254,0.84249,0.08547,32.00000,30.00000,tau_5
6845,0.50000,5.04673,0.82784,0.08059,32.00000,30.00000,tau_5
6850,0.50000,5.05093,0.82784,0.08059,32.00000,30.00000,tau_5
6855,0.50000,5.05474,0.79854,0.09524,32.00000,30.00000,tau_5
6860,0.50000,5.05818,0.66667,0.11966,32.00000,30.00000,tau_5
6865,0.50000,5.06161,0.69597,0.12943,32.00000,30.00000,tau_5
6870,0.50000,5.06542,0.78388,0.11966,32.00000,30.00000,tau_5
6875,0.50000,5.06962,0.84249,0.09524,32.00000,30.00000,tau_5
6880,0.50000,5.07382,0.81319,0.08547,32.00000,30.00000,tau_5
6885,0.50000,5.07801,0.81319,0.08059,32.00000,30.00000,tau_5
6890,0.50000,5.08183,0.69597,0.10989,32.00000,30.00000,tau_5
6895,0.50000,5.08526,0.66667,0.11966,32.00000,30.00000,tau_5
6900,0.50000,5.08908,0.78388,0.11477,32.00000,30.00000,tau_5
6906,0.50000,5.09327,0.88645,0.09035,32.00000,30.00000,tau_5
6911,0.50000,5.09785,0.87180,0.08059,32.00000,30.00000,tau_5
6916,0.50000,5.10205,0.78388,0.08547,32.00000,30.00000,tau_5
6921,0.50000,5.10548,0.69597,0.10501,32.00000,30.00000,tau_5
6926,0.50000,5.10853,0.59341,0.13431,32.00000,30.00000,tau_5
6931,0.50000,5.11196,0.62271,0.14896,32.00000,30.00000,tau_5
6936,0.50000,5.11578,0.76923,0.12943,32.00000,30.00000,tau_5
6941,0.50000,5.12036,0.88645,0.09035,32.00000,30.00000,tau_5
6946,0.50000,5.12493,0.87180,0.07082,32.00000,30.00000,tau_5
6951,0.50000,5.12913,0.79854,0.07570,32.00000,30.00000,tau_5
6956,0.50000,5.13256,0.73993,0.10012,32.00000,30.00000,tau_5
6961,0.50000,5.13638,0.72528,0.10989,32.00000,30.00000,tau_5
6966,0.50000,5.14019,0.79854,0.10501,32.00000,30.00000,tau_5
6971,0.50000,5.14477,0.90110,0.09035,32.00000,30.00000,tau_5
6976,0.50000,5.14897,0.81319,0.09524,32.00000,30.00000,tau_5
6981,0.50000,5.15278,0.72528,0.10012,32.00000,30.00000,tau_5
6986,0.50000,5.15621,0.69597,0.11477,32.00000,30.00000,tau_5
6992,0.50000,5.15965,0.69597,0.12454,32.00000,30.00000,tau_5
6997,0.50000,5.16308,0.69597,0.12454,32.00000,30.00000,tau_5
7002,0.50000,5.16728,0.81319,0.10501,32.00000,30.00000,tau_5
7007,0.50000,5.17185,0.87180,0.08547,32.00000,30.00000,tau_5
7012,0.50000,5.17605,0.84249,0.07082,32.00000,30.00000,tau_5
7017,0.50000,5.18025,0.78388,0.08059,32.00000,30.00000,tau_5
7022,0.50000,5.18444,0.79854,0.08547,32.00000,30.00000,tau_5
7027,0.50000,5.18788,0.73993,0.10012,32.00000,30.00000,tau_5
7032,0.50000,5.19169,0.71062,0.11477,32.00000,30.00000,tau_5
7037,0.50000,5.19551,0.73993,0.11477,32.00000,30.00000,tau_5
7042,0.50000,5.19970,0.78388,0.10012,32.00000,30.00000,tau_5
7047,0.50000,5.20352,0.75458,0.10012,32.00000,30.00000,tau_5
7052,0.50000,5.20733,0.76923,0.09524,32.00000,30.00000,tau_5
7057,0.50000,5.21153,0.79854,0.10012,32.00000,30.00000,tau_5
7062,0.50000,5.21496,0.69597,0.11477,32.00000,30.00000,tau_5
7067,0.50000,5.21839,0.71062,0.11966,32.00000,30.00000,tau_5
7072,0.50000,5.22259,0.82784,0.10012,32.00000,30.00000,tau_5
7077,0.50000,5.22717,0.90110,0.08547,32.00000,30.00000,tau_5
7082,0.50000,5.23137,0.84249,0.08059,32.00000,30.00000,tau_5
7087,0.50000,5.23556,0.81319,0.08547,32.00000,30.00000,tau_5
7093,0.50000,5.23899,0.65202,0.11966,32.00000,30.00000,tau_5
7098,0.50000,5.24205,0.63736,0.13431,32.00000,30.00000,tau_5
7103,0.50000,5.24586,0.69597,0.13919,32.00000,30.00000,tau_5
7108,0.50000,5.25006,0.84249,0.10501,32.00000,30.00000,tau_5
7113,0.50000,5.25425,0.87180,0.08547,32.00000,30.00000,tau_5
7118,0.50000,5.25845,0.82784,0.07082,32.00000,30.00000,tau_5
7123,0.50000,5.26226,0.73993,0.09035,32.00000,30.00000,tau_5
7128,0.50000,5.26570,0.65202,0.11966,32.00000,30.00000,tau_5
7133,0.50000,5.26913,0.68132,0.13431,32.00000,30.00000,tau_5
7138,0.50000,5.27333,0.81319,0.11477,32.00000,30.00000,tau_5
7143,0.50000,5.27790,0.91575,0.08059,32.00000,30.00000,tau_5
7148,0.50000,5.28210,0.81319,0.08547,32.00000,30.00000,tau_5
7153,0.50000,5.28592,0.73993,0.09524,32.00000,30.00000,tau_5
7158,0.50000,5.28935,0.66667,0.11477,32.00000,30.00000,tau_5
7163,0.50000,5.29278,0.60806,0.13431,32.00000,30.00000,tau_5
7168,0.50000,5.29622,0.69597,0.12943,32.00000,30.00000,tau_5
7173,0.50000,5.30079,0.87180,0.10012,32.00000,30.00000,tau_5
7179,0.50000,5.30537,0.90110,0.07082,32.00000,30.00000,tau_5
7184,0.50000,5.30919,0.79854,0.07082,32.00000,30.00000,tau_5
7189,0.50000,5.31300,0.75458,0.09035,32.00000,30.00000,tau_5
7194,0.50000,5.31681,0.75458,0.10501,32.00000,30.00000,tau_5
7199,0.50000,5.32063,0.72528,0.12454,32.00000,30.00000,tau_5
7204,0.50000,5.32445,0.79854,0.11477,32.00000,30.00000,tau_5
7209,0.50000,5.32864,0.82784,0.10012,32.00000,30.00000,tau_5
7214,0.50000,5.33284,0.79854,0.10012,32.00000,30.00000,tau_5
7219,0.50000,5.33627,0.71062,0.10989,32.00000,30.00000,tau_5
7224,0.50000,5.34009,0.75458,0.10501,32.00000,30.00000,tau_5
7229,0.50000,5.34390,0.71062,0.11477,32.00000,30.00000,tau_5
7234,0.50000,5.34772,0.73993,0.10501,32.00000,30.00000,tau_5
7239,0.50000,5.35191,0.78388,0.09524,32.00000,30.00000,tau_5
7244,0.50000,5.35611,0.84249,0.08059,32.00000,30.00000,tau_5
7249,0.50000,5.36030,0.84249,0.08059,32.00000,30.00000,tau_5
7254,0.50000,5.36450,0.82784,0.08059,32.00000,30.00000,tau_5
7259,0.50000,5.36870,0.79854,0.09035,32.00000,30.00000,tau_5
7264,0.50000,5.37213,0.66667,0.11966,32.00000,30.00000,tau_5
7270,0.50000,5.37556,0.66667,0.12943,32.00000,30.00000,tau_5
7275,0.50000,5.37938,0.76923,0.11477,32.00000,30.00000,tau_5
7280,0.50000,5.38357,0.82784,0.10012,32.00000,30.00000,tau_5
7285,0.50000,5.38739,0.79854,0.09035,32.00000,30.00000,tau_5
7290,0.50000,5.39158,0.81319,0.08547,32.00000,30.00000,tau_5
7295,0.50000,5.39540,0.72528,0.10012,32.00000,30.00000,tau_5
7300,0.50000,5.39883,0.68132,0.11477,32.00000,30.00000,tau_5
7305,0.50000,5.40265,0.75458,0.10989,32.00000,30.00000,tau_5
7310,0.50000,5.40722,0.88645,0.09035,32.00000,30.00000,tau_5
7315,0.50000,5.41180,0.90110,0.07570,32.00000,30.00000,tau_5
7320,0.50000,5.41600,0.81319,0.08059,32.00000,30.00000,tau_5
7325,0.50000,5.41943,0.69597,0.10012,32.00000,30.00000,tau_5
7330,0.50000,5.42287,0.60806,0.13431,32.00000,30.00000,tau_5
7335,0.50000,5.42592,0.63736,0.14408,32.00000,30.00000,tau_5
7340,0.50000,5.43011,0.79854,0.11477,32.00000,30.00000,tau_5
7345,0.50000,5.43469,0.90110,0.08547,32.00000,30.00000,tau_5
7350,0.50000,5.43889,0.84249,0.07570,32.00000,30.00000,tau_5
7356,0.50000,5.44308,0.76923,0.07570,32.00000,30.00000,tau_5
7361,0.50000,5.44690,0.73993,0.10012,32.00000,30.00000,tau_5
7366,0.50000,5.45033,0.69597,0.11477,32.00000,30.00000,tau_5
7371,0.50000,5.45415,0.76923,0.11477,32.00000,30.00000,tau_5
7376,0.50000,5.45872,0.88645,0.09035,32.00000,30.00000,tau_5
7381,0.50000,5.46292,0.85715,0.09035,32.00000,30.00000,tau_5
7386,0.50000,5.46674,0.73993,0.10501,32.00000,30.00000,tau_5
7391,0.50000,5.47017,0.71062,0.11477,32.00000,30.00000,tau_5
7396,0.50000,5.47398,0.71062,0.12454,32.00000,30.00000,tau_5
7401,0.50000,5.47742,0.69597,0.12454,32.00000,30.00000,tau_5
7406,0.50000,5.48161,0.84249,0.10012,32.00000,30.00000,tau_5
7411,0.50000,5.48581,0.85715,0.07570,32.00000,30.00000,tau_5
7416,0.50000,5.49039,0.82784,0.07082,32.00000,30.00000,tau_5
7421,0.50000,5.49420,0.76923,0.08059,32.00000,30.00000,tau_5
7426,0.50000,5.49840,0.78388,0.09035,32.00000,30.00000,tau_5
7431,0.50000,5.50183,0.71062,0.10501,32.00000,30.00000,tau_5
7436,0.50000,5.50565,0.71062,0.11966,32.00000,30.00000,tau_5
7441,0.50000,5.50946,0.75458,0.10989,32.00000,30.00000,tau_5
7446,0.50000,5.51366,0.78388,0.10012,32.00000,30.00000,tau_5
7452,0.50000,5.51747,0.75458,0.10012,32.00000,30.00000,tau_5
7457,0.50000,5.52129,0.75458,0.10012,32.00000,30.00000,tau_5
7462,0.50000,5.52548,0.78388,0.10012,32.00000,30.00000,tau_5
7467,0.50000,5.52892,0.69597,0.10989,32.00000,30.00000,tau_5
7472,0.50000,5.53273,0.71062,0.11477,32.00000,30.00000,tau_5
7477,0.50000,5.53693,0.81319,0.10012,32.00000,30.00000,tau_5
7482,0.50000,5.54151,0.90110,0.08059,32.00000,30.00000,tau_5
7487,0.50000,5.54570,0.84249,0.07570,32.00000,30.00000,tau_5
7492,0.50000,5.54990,0.82784,0.08059,32.00000,30.00000,tau_5
7497,0.50000,5.55333,0.63736,0.11966,32.00000,30.00000,tau_5
7502,0.50000,5.55638,0.63736,0.13919,32.00000,30.00000,tau_5
7507,0.50000,5.56020,0.72528,0.12943,32.00000,30.00000,tau_5
7512,0.50000,5.56439,0.84249,0.10012,32.00000,30.00000,tau_5
7517,0.50000,5.56859,0.85715,0.08547,32.00000,30.00000,tau_5
7522,0.50000,5.57279,0.81319,0.07570,32.00000,30.00000,tau_5
7527,0.50000,5.57660,0.73993,0.09035,32.00000,30.00000,tau_5
7532,0.50000,5.58003,0.65202,0.10989,32.00000,30.00000,tau_5
7538,0.50000,5.58385,0.68132,0.12454,32.00000,30.00000,tau_5
7543,0.50000,5.58805,0.84249,0.10501,32.00000,30.00000,tau_5
7548,0.50000,5.59262,0.93040,0.08059,32.00000,30.00000,tau_5
7553,0.50000,5.59682,0.82784,0.08059,32.00000,30.00000,tau_5
7558,0.50000,5.60063,0.73993,0.09035,32.00000,30.00000,tau_5
7563,0.50000,5.60407,0.68132,0.11477,32.00000,30.00000,tau_5
7568,0.50000,5.60750,0.62271,0.13431,32.00000,30.00000,tau_5
7573,0.50000,5.61131,0.71062,0.12454,32.00000,30.00000,tau_5
7578,0.50000,5.61551,0.85715,0.09524,32.00000,30.00000,tau_5
7583,0.50000,5.62009,0.88645,0.07570,32.00000,30.00000,tau_5
7588,0.50000,5.62390,0.78388,0.07570,32.00000,30.00000,tau_5
7593,0.50000,5.62810,0.76923,0.09035,32.00000,30.00000,tau_5
7598,0.50000,5.63153,0.73993,0.10501,32.00000,30.00000,tau_5
7603,0.50000,5.63535,0.73993,0.11966,32.00000,30.00000,tau_5
7608,0.50000,5.63954,0.82784,0.10501,32.00000,30.00000,tau_5
7613,0.50000,5.64374,0.81319,0.09524,32.00000,30.00000,tau_5
7618,0.50000,5.64755,0.75458,0.10012,32.00000,30.00000,tau_5
7624,0.50000,5.65137,0.71062,0.10501,32.00000,30.00000,tau_5
7629,0.50000,5.65518,0.73993,0.10501,32.00000,30.00000,tau_5
7634,0.50000,5.65900,0.69597,0.10989,32.00000,30.00000,tau_5
7639,0.50000,5.66281,0.72528,0.10501,32.00000,30.00000,tau_5
7644,0.50000,5.66701,0.78388,0.09524,32.00000,30.00000,tau_5
7649,0.50000,5.67121,0.84249,0.08059,32.00000,30.00000,tau_5
7654,0.50000,5.67540,0.82784,0.08059,32.00000,30.00000,tau_5
7659,0.50000,5.67960,0.82784,0.08059,32.00000,30.00000,tau_5
7664,0.50000,5.68341,0.78388,0.09524,32.00000,30.00000,tau_5
7669,0.50000,5.68685,0.66667,0.12454,32.00000,30.00000,tau_5
7674,0.50000,5.69028,0.72528,0.12943,32.00000,30.00000,tau_5
7679,0.50000,5.69448,0.78388,0.11477,32.00000,30.00000,tau_5
7684,0.50000,5.69867,0.82784,0.09524,32.00000,30.00000,tau_5
7689,0.50000,5.70249,0.79854,0.09035,32.00000,30.00000,tau_5
7694,0.50000,5.70668,0.79854,0.08547,32.00000,30.00000,tau_5
7699,0.50000,5.71012,0.68132,0.10989,32.00000,30.00000,tau_5
7704,0.50000,5.71355,0.66667,0.11966,32.00000,30.00000,tau_5
7709,0.50000,5.71775,0.78388,0.10989,32.00000,30.00000,tau_5
7715,0.50000,5.72194,0.88645,0.08547,32.00000,30.00000,tau_5
7720,0.50000,5.72652,0.88645,0.07570,32.00000,30.00000,tau_5
7725,0.50000,5.73072,0.79854,0.08059,32.00000,30.00000,tau_5
7730,0.50000,5.73415,0.69597,0.10012,32.00000,30.00000,tau_5
7735,0.50000,5.73758,0.59341,0.12943,32.00000,30.00000,tau_5
7740,0.50000,5.74063,0.62271,0.14408,32.00000,30.00000,tau_5
7745,0.50000,5.74483,0.78388,0.11477,32.00000,30.00000,tau_5
7750,0.50000,5.74941,0.88645,0.08547,32.00000,30.00000,tau_5
7755,0.50000,5.75360,0.84249,0.07570,32.00000,30.00000,tau_5
7760,0.50000,5.75742,0.76923,0.08547,32.00000,30.00000,tau_5
7765,0.50000,5.76123,0.72528,0.10501,32.00000,30.00000,tau_5
7770,0.50000,5.76467,0.71062,0.11966,32.00000,30.00000,tau_5
7775,0.50000,5.76886,0.81319,0.10989,32.00000,30.00000,tau_5
7780,0.50000,5.77344,0.90110,0.08547,32.00000,30.00000,tau_5
7785,0.50000,5.77764,0.82784,0.09035,32.00000,30.00000,tau_5
7790,0.50000,5.78145,0.73993,0.09524,32.00000,30.00000,tau_5
7795,0.50000,5.78489,0.71062,0.10989,32.00000,30.00000,tau_5
7801,0.50000,5.78832,0.68132,0.12454,32.00000,30.00000,tau_5
7806,0.50000,5.79213,0.69597,0.12454,32.00000,30.00000,tau_5
7811,0.50000,5.79595,0.81319,0.10501,32.00000,30.00000,tau_5
7816,0.50000,5.80053,0.84249,0.09035,32.00000,30.00000,tau_5
7821,0.50000,5.80472,0.81319,0.08059,32.00000,30.00000,tau_5
7826,0.50000,5.80854,0.76923,0.08547,32.00000,30.00000,tau_5
7831,0.50000,5.81273,0.78388,0.09035,32.00000,30.00000,tau_5
7836,0.50000,5.81617,0.72528,0.10989,32.00000,30.00000,tau_5
7841,0.50000,5.81998,0.72528,0.11477,32.00000,30.00000,tau_5
7846,0.50000,5.82418,0.76923,0.10989,32.00000,30.00000,tau_5
7851,0.50000,5.82799,0.79854,0.10012,32.00000,30.00000,tau_5
7856,0.50000,5.83219,0.76923,0.09524,32.00000,30.00000,tau_5
7861,0.50000,5.83600,0.76923,0.09035,32.00000,30.00000,tau_5
7866,0.50000,5.83982,0.78388,0.09524,32.00000,30.00000,tau_5
7871,0.50000,5.84325,0.68132,0.11477,32.00000,30.00000,tau_5
7876,0.50000,5.84707,0.71062,0.11966,32.00000,30.00000,tau_5
7881,0.50000,5.85126,0.79854,0.10501,32.00000,30.00000,tau_5
7886,0.50000,5.85546,0.88645,0.08547,32.00000,30.00000,tau_5
7891,0.50000,5.85966,0.82784,0.08547,32.00000,30.00000,tau_5
7897,0.50000,5.86385,0.81319,0.09035,32.00000,30.00000,tau_5
7902,0.50000,5.86728,0.65202,0.11966,32.00000,30.00000,tau_5
7907,0.50000,5.87034,0.62271,0.14408,32.00000,30.00000,tau_5
7912,0.50000,5.87377,0.68132,0.13919,32.00000,30.00000,tau_5
7917,0.50000,5.87797,0.82784,0.11477,32.00000,30.00000,tau_5
7922,0.50000,5.88216,0.87180,0.09035,32.00000,30.00000,tau_5
7927,0.50000,5.88674,0.84249,0.07570,32.00000,30.00000,tau_5
7932,0.50000,5.89055,0.75458,0.09035,32.00000,30.00000,tau_5
7937,0.50000,5.89399,0.66667,0.10989,32.00000,30.00000,tau_5
7942,0.50000,5.89742,0.66667,0.13431,32.00000,30.00000,tau_5
7947,0.50000,5.90124,0.81319,0.11477,32.00000,30.00000,tau_5
7952,0.50000,5.90581,0.90110,0.09035,32.00000,30.00000,tau_5
7957,0.50000,5.91001,0.81319,0.09035,32.00000,30.00000,tau_5
7962,0.50000,5.91383,0.72528,0.10501,32.00000,30.00000,tau_5
7967,0.50000,5.91726,0.65202,0.12454,32.00000,30.00000,tau_5
7972,0.50000,5.92031,0.56410,0.14896,32.00000,30.00000,tau_5
7977,0.50000,5.92374,0.66667,0.14896,32.00000,30.00000,tau_5
7983,0.50000,5.92794,0.79854,0.11966,32.00000,30.00000,tau_5
7988,0.50000,5.93214,0.88645,0.09035,32.00000,30.00000,tau_5
7993,0.50000,5.93633,0.79854,0.08547,32.00000,30.00000,tau_5
7998,0.50000,5.94015,0.75458,0.09035,32.00000,30.00000,tau_5
8003,0.50000,5.94396,0.73993,0.10501,32.00000,30.00000,tau_5
8008,0.50000,5.94778,0.69597,0.11477,32.00000,30.00000,tau_5
8013,0.50000,5.95159,0.73993,0.11966,32.00000,30.00000,tau_5
8018,0.50000,5.95579,0.81319,0.10501,32.00000,30.00000,tau_5
8023,0.50000,5.95960,0.79854,0.10501,32.00000,30.00000,tau_5
8028,0.50000,5.96342,0.71062,0.11477,32.00000,30.00000,tau_5
8033,0.50000,5.96685,0.72528,0.11477,32.00000,30.00000,tau_5
8038,0.50000,5.97066,0.69597,0.12454,32.00000,30.00000,tau_5
8043,0.50000,5.97410,0.69597,0.12943,32.00000,30.00000,tau_5
8048,0.50000,5.97753,0.72528,0.12943,32.00000,30.00000,tau_5
8053,0.50000,5.98173,0.78388,0.11477,32.00000,30.00000,tau_5
8058,0.50000,5.98592,0.82784,0.09524,32.00000,30.00000,tau_5
8063,0.50000,5.98974,0.81319,0.09035,32.00000,30.00000,tau_5
8068,0.50000,5.99393,0.82784,0.09035,32.00000,30.00000,tau_5
8074,0.50000,5.99775,0.75458,0.10501,32.00000,30.00000,tau_5
8079,0.50000,6.00118,0.65202,0.12943,32.00000,30.00000,tau_5
8084,0.50000,6.00462,0.71062,0.12943,32.00000,30.00000,tau_5
8089,0.50000,6.00881,0.76923,0.11966,32.00000,30.00000,tau_5
8094,0.50000,6.01263,0.81319,0.10501,32.00000,30.00000,tau_5
8099,0.50000,6.01644,0.76923,0.10012,32.00000,30.00000,tau_5
8104,0.50000,6.02064,0.76923,0.10012,32.00000,30.00000,tau_5
8109,0.50000,6.02369,0.65202,0.12943,32.00000,30.00000,tau_5
8114,0.50000,6.02712,0.62271,0.13919,32.00000,30.00000,tau_5
8119,0.50000,6.03056,0.69597,0.13919,32.00000,30.00000,tau_5
8124,0.50000,6.03475,0.85715,0.10989,32.00000,30.00000,tau_5
8129,0.50000,6.03933,0.87180,0.09035,32.00000,30.00000,tau_5
8134,0.50000,6.04353,0.79854,0.09035,32.00000,30.00000,tau_5
8139,0.50000,6.04696,0.71062,0.10989,32.00000,30.00000,tau_5
8144,0.50000,6.05039,0.60806,0.12943,32.00000,30.00000,tau_5
8149,0.50000,6.05344,0.63736,0.14896,32.00000,30.00000,tau_5
8154,0.50000,6.05726,0.75458,0.12943,32.00000,30.00000,tau_5
8160,0.50000,6.06145,0.87180,0.10012,32.00000,30.00000,tau_5
8165,0.50000,6.06603,0.85715,0.08059,32.00000,30.00000,tau_5
8170,0.50000,6.06985,0.72528,0.09035,32.00000,30.00000,tau_5
8175,0.50000,6.07328,0.69597,0.10989,32.00000,30.00000,tau_5
8180,0.50000,6.07671,0.62271,0.13431,32.00000,30.00000,tau_5
8185,0.50000,6.08015,0.68132,0.13919,32.00000,30.00000,tau_5
8190,0.50000,6.08434,0.79854,0.12454,32.00000,30.00000,tau_5
8195,0.50000,6.08854,0.87180,0.09524,32.00000,30.00000,tau_5
8200,0.50000,6.09235,0.78388,0.10501,32.00000,30.00000,tau_5
8205,0.50000,6.09617,0.68132,0.11477,32.00000,30.00000,tau_5
8210,0.50000,6.09960,0.66667,0.12943,32.00000,30.00000,tau_5
8215,0.50000,6.10303,0.62271,0.13919,32.00000,30.00000,tau_5
8220,0.50000,6.10647,0.69597,0.14408,32.00000,30.00000,tau_5
8225,0.50000,6.11028,0.81319,0.11477,32.00000,30.00000,tau_5
8230,0.50000,6.11486,0.82784,0.10012,32.00000,30.00000,tau_5
8235,0.50000,6.11868,0.76923,0.09524,32.00000,30.00000,tau_5
8240,0.50000,6.12249,0.73993,0.10012,32.00000,30.00000,tau_5
8245,0.50000,6.12669,0.75458,0.10501,32.00000,30.00000,tau_5
8251,0.50000,6.13012,0.69597,0.12454,32.00000,30.00000,tau_5
8256,0.50000,6.13355,0.68132,0.13431,32.00000,30.00000,tau_5
8261,0.50000,6.13737,0.71062,0.13431,32.00000,30.00000,tau_5
8266,0.50000,6.14118,0.75458,0.11966,32.00000,30.00000,tau_5
8271,0.50000,6.14500,0.72528,0.11477,32.00000,30.00000,tau_5
8276,0.50000,6.14881,0.72528,0.10989,32.00000,30.00000,tau_5
8281,0.50000,6.15263,0.75458,0.11477,32.00000,30.00000,tau_5
8286,0.50000,6.15606,0.66667,0.12454,32.00000,30.00000,tau_5
8291,0.50000,6.15949,0.63736,0.13919,32.00000,30.00000,tau_5
8296,0.50000,6.16331,0.75458,0.12454,32.00000,30.00000,tau_5
8301,0.50000,6.16751,0.82784,0.10501,32.00000,30.00000,tau_5
8306,0.50000,6.17170,0.82784,0.09035,32.00000,30.00000,tau_5
8311,0.50000,6.17590,0.79854,0.09035,32.00000,30.00000,tau_5
8316,0.50000,6.17971,0.72528,0.11477,32.00000,30.00000,tau_5
8321,0.50000,6.18276,0.57876,0.14408,32.00000,30.00000,tau_5
8326,0.50000,6.18582,0.60806,0.15385,32.00000,30.00000,tau_5
8331,0.50000,6.18963,0.72528,0.13919,32.00000,30.00000,tau_5
8337,0.50000,6.19383,0.81319,0.10989,32.00000,30.00000,tau_5
8342,0.50000,6.19764,0.79854,0.10012,32.00000,30.00000,tau_5
8347,0.50000,6.20146,0.72528,0.10012,32.00000,30.00000,tau_5
8352,0.50000,6.20489,0.66667,0.12454,32.00000,30.00000,tau_5
8357,0.50000,6.20832,0.60806,0.14408,32.00000,30.00000,tau_5
8362,0.50000,6.21138,0.65202,0.15385,32.00000,30.00000,tau_5
8367,0.50000,6.21557,0.79854,0.12454,32.00000,30.00000,tau_5
8372,0.50000,6.22015,0.88645,0.09524,32.00000,30.00000,tau_5
8377,0.50000,6.22435,0.82784,0.08547,32.00000,30.00000,tau_5
8382,0.50000,6.22816,0.72528,0.10012,32.00000,30.00000,tau_5
8387,0.50000,6.23159,0.66667,0.12454,32.00000,30.00000,tau_5
8392,0.50000,6.23465,0.57876,0.14408,32.00000,30.00000,tau_5
8397,0.50000,6.23808,0.68132,0.14408,32.00000,30.00000,tau_5
8402,0.50000,6.24228,0.79854,0.11966,32.00000,30.00000,tau_5
8407,0.50000,6.24647,0.85715,0.09035,32.00000,30.00000,tau_5
8412,0.50000,6.25029,0.73993,0.10012,32.00000,30.00000,tau_5
8417,0.50000,6.25410,0.68132,0.10989,32.00000,30.00000,tau_5
8423,0.50000,6.25753,0.68132,0.12454,32.00000,30.00000,tau_5
8428,0.50000,6.26097,0.63736,0.13919,32.00000,30.00000,tau_5
8433,0.50000,6.26440,0.68132,0.13919,32.00000,30.00000,tau_5
8438,0.50000,6.26860,0.78388,0.12454,32.00000,30.00000,tau_5
8443,0.50000,6.27241,0.78388,0.11477,32.00000,30.00000,tau_5
8448,0.50000,6.27623,0.73993,0.11477,32.00000,30.00000,tau_5
8453,0.50000,6.28004,0.68132,0.11477,32.00000,30.00000,tau_5
8458,0.50000,6.28386,0.72528,0.11477,32.00000,30.00000,tau_5
8463,0.50000,6.28729,0.68132,0.12454,32.00000,30.00000,tau_5
8468,0.50000,6.29110,0.69597,0.12454,32.00000,30.00000,tau_5
8473,0.50000,6.29492,0.75458,0.11477,32.00000,30.00000,tau_5
8478,0.50000,6.29912,0.81319,0.09524,32.00000,30.00000,tau_5
8483,0.50000,6.30293,0.78388,0.10012,32.00000,30.00000,tau_5
8488,0.50000,6.30713,0.76923,0.10012,32.00000,30.00000,tau_5
8493,0.50000,6.31094,0.75458,0.11477,32.00000,30.00000,tau_5
8498,0.50000,6.31399,0.60806,0.13431,32.00000,30.00000,tau_5
8503,0.50000,6.31705,0.60806,0.15873,32.00000,30.00000,tau_5
8509,0.50000,6.32086,0.72528,0.14408,32.00000,30.00000,tau_5
8514,0.50000,6.32506,0.78388,0.11966,32.00000,30.00000,tau_5
8519,0.50000,6.32887,0.78388,0.10501,32.00000,30.00000,tau_5
8524,0.50000,6.33307,0.78388,0.09524,32.00000,30.00000,tau_5
8529,0.50000,6.33688,0.72528,0.10501,32.00000,30.00000,tau_5
8534,0.50000,6.33993,0.60806,0.13431,32.00000,30.00000,tau_5
8539,0.50000,6.34337,0.65202,0.13919,32.00000,30.00000,tau_5
8544,0.50000,6.34756,0.78388,0.11966,32.00000,30.00000,tau_5
8549,0.50000,6.35176,0.87180,0.09035,32.00000,30.00000,tau_5
8554,0.50000,6.35634,0.85715,0.08547,32.00000,30.00000,tau_5
8559,0.50000,6.35977,0.75458,0.10501,32.00000,30.00000,tau_5
8564,0.50000,6.36320,0.65202,0.13431,32.00000,30.00000,tau_5
8569,0.50000,6.36625,0.56410,0.15873,32.00000,30.00000,tau_5
8574,0.50000,6.36931,0.62271,0.16361,32.00000,30.00000,tau_5
8579,0.50000,6.37312,0.75458,0.13431,32.00000,30.00000,tau_5
8584,0.50000,6.37770,0.85715,0.10501,32.00000,30.00000,tau_5
8589,0.50000,6.38151,0.78388,0.09524,32.00000,30.00000,tau_5
8594,0.50000,6.38533,0.72528,0.10501,32.00000,30.00000,tau_5
8600,0.50000,6.38876,0.69597,0.11966,32.00000,30.00000,tau_5
8605,0.50000,6.39219,0.63736,0.13431,32.00000,30.00000,tau_5
8610,0.50000,6.39601,0.72528,0.12943,32.00000,30.00000,tau_5
8615,0.50000,6.40021,0.85715,0.10501,32.00000,30.00000,tau_5
8620,0.50000,6.40479,0.88645,0.08547,32.00000,30.00000,tau_5
8625,0.50000,6.40860,0.78388,0.09035,32.00000,30.00000,tau_5
8630,0.50000,6.41241,0.71062,0.10501,32.00000,30.00000,tau_5
8635,0.50000,6.41585,0.69597,0.11966,32.00000,30.00000,tau_5
8640,0.50000,6.41928,0.63736,0.13431,32.00000,30.00000,tau_5
8645,0.50000,6.42310,0.72528,0.12943,32.00000,30.00000,tau_5
8650,0.50000,6.42691,0.79854,0.10989,32.00000,30.00000,tau_5
8655,0.50000,6.43111,0.78388,0.10501,32.00000,30.00000,tau_5
8660,0.50000,6.43454,0.71062,0.11477,32.00000,30.00000,tau_5
8665,0.50000,6.43835,0.75458,0.11477,32.00000,30.00000,tau_5
8670,0.50000,6.44217,0.73993,0.12454,32.00000,30.00000,tau_5
8675,0.50000,6.44560,0.71062,0.12943,32.00000,30.00000,tau_5
8680,0.50000,6.44942,0.72528,0.12943,32.00000,30.00000,tau_5
8686,0.50000,6.45323,0.79854,0.11477,32.00000,30.00000,tau_5
8691,0.50000,6.45743,0.81319,0.10501,32.00000,30.00000,tau_5
8696,0.50000,6.46124,0.78388,0.09524,32.00000,30.00000,tau_5
8701,0.50000,6.46544,0.81319,0.09035,32.00000,30.00000,tau_5
8706,0.50000,6.46925,0.76923,0.10012,32.00000,30.00000,tau_5
8711,0.50000,6.47269,0.68132,0.11966,32.00000,30.00000,tau_5
8716,0.50000,6.47650,0.73993,0.11477,32.00000,30.00000,tau_5
8721,0.50000,6.48070,0.81319,0.10012,32.00000,30.00000,tau_5
8726,0.50000,6.48489,0.84249,0.09035,32.00000,30.00000,tau_5
8731,0.50000,6.48909,0.76923,0.09524,32.00000,30.00000,tau_5
8736,0.50000,6.49290,0.72528,0.10989,32.00000,30.00000,tau_5
8741,0.50000,6.49557,0.56410,0.14408,32.00000,30.00000,tau_5
8746,0.50000,6.49901,0.60806,0.15873,32.00000,30.00000,tau_5
8751,0.50000,6.50244,0.71062,0.15385,32.00000,30.00000,tau_5
8756,0.50000,6.50664,0.82784,0.11966,32.00000,30.00000,tau_5
8761,0.50000,6.51083,0.85715,0.09524,32.00000,30.00000,tau_5
8766,0.50000,6.51503,0.81319,0.08547,32.00000,30.00000,tau_5
8772,0.50000,6.51884,0.75458,0.09524,32.00000,30.00000,tau_5
8777,0.50000,6.52228,0.66667,0.11477,32.00000,30.00000,tau_5
8782,0.50000,6.52571,0.68132,0.12943,32.00000,30.00000,tau_5
8787,0.50000,6.52991,0.81319,0.10989,32.00000,30.00000,tau_5
8792,0.50000,6.53448,0.90110,0.08059,32.00000,30.00000,tau_5
8797,0.50000,6.53868,0.82784,0.08059,32.00000,30.00000,tau_5
8802,0.50000,6.54250,0.71062,0.09524,32.00000,30.00000,tau_5
8807,0.50000,6.54593,0.65202,0.11966,32.00000,30.00000,tau_5
8812,0.50000,6.54898,0.56410,0.14896,32.00000,30.00000,tau_5
8817,0.50000,6.55203,0.65202,0.14896,32.00000,30.00000,tau_5
8822,0.50000,6.55623,0.79854,0.11966,32.00000,30.00000,tau_5
8827,0.50000,6.56081,0.85715,0.09524,32.00000,30.00000,tau_5
8832,0.50000,6.56462,0.76923,0.09524,32.00000,30.00000,tau_5
8837,0.50000,6.56844,0.71062,0.10012,32.00000,30.00000,tau_5
8842,0.50000,6.57187,0.72528,0.10989,32.00000,30.00000,tau_5
8847,0.50000,6.57568,0.71062,0.11966,32.00000,30.00000,tau_5
8852,0.50000,6.57950,0.76923,0.10989,32.00000,30.00000,tau_5
8857,0.50000,6.58369,0.85715,0.09524,32.00000,30.00000,tau_5
8863,0.50000,6.58827,0.84249,0.09035,32.00000,30.00000,tau_5
8868,0.50000,6.59209,0.73993,0.10501,32.00000,30.00000,tau_5
8873,0.50000,6.59552,0.73993,0.10501,32.00000,30.00000,tau_5
8878,0.50000,6.59934,0.72528,0.11477,32.00000,30.00000,tau_5
8883,0.50000,6.60277,0.69597,0.12454,32.00000,30.00000,tau_5
8888,0.50000,6.60658,0.71062,0.12454,32.00000,30.00000,tau_5
8893,0.50000,6.61040,0.76923,0.11477,32.00000,30.00000,tau_5
8898,0.50000,6.61460,0.81319,0.10501,32.00000,30.00000,tau_5
8903,0.50000,6.61841,0.79854,0.10012,32.00000,30.00000,tau_5
8908,0.50000,6.62261,0.81319,0.09524,32.00000,30.00000,tau_5
8913,0.50000,6.62642,0.72528,0.10989,32.00000,30.00000,tau_5
8918,0.50000,6.62947,0.65202,0.12943,32.00000,30.00000,tau_5
8923,0.50000,6.63329,0.73993,0.12454,32.00000,30.00000,tau_5
8928,0.50000,6.63748,0.81319,0.10989,32.00000,30.00000,tau_5
8933,0.50000,6.64168,0.84249,0.09524,32.00000,30.00000,tau_5
8938,0.50000,6.64588,0.79854,0.08547,32.00000,30.00000,tau_5
8943,0.50000,6.64969,0.76923,0.09524,32.00000,30.00000,tau_5
8949,0.50000,6.65312,0.62271,0.11966,32.00000,30.00000,tau_5
8954,0.50000,6.65656,0.65202,0.13431,32.00000,30.00000,tau_5
8959,0.50000,6.66037,0.75458,0.12454,32.00000,30.00000,tau_5
8964,0.50000,6.66457,0.85715,0.09524,32.00000,30.00000,tau_5
8969,0.50000,6.66915,0.84249,0.09035,32.00000,30.00000,tau_5
8974,0.50000,6.67296,0.76923,0.09524,32.00000,30.00000,tau_5
8979,0.50000,6.67639,0.68132,0.10989,32.00000,30.00000,tau_5
8984,0.50000,6.67945,0.59341,0.13919,32.00000,30.00000,tau_5
8989,0.50000,6.68288,0.63736,0.14896,32.00000,30.00000,tau_5
8994,0.50000,6.68707,0.78388,0.11966,32.00000,30.00000,tau_5
8999,0.50000,6.69165,0.91575,0.08059,32.00000,30.00000,tau_5
9004,0.50000,6.69585,0.82784,0.08059,32.00000,30.00000,tau_5
9009,0.50000,6.70005,0.76923,0.08547,32.00000,30.00000,tau_5
9014,0.50000,6.70348,0.71062,0.10989,32.00000,30.00000,tau_5
9019,0.50000,6.70691,0.66667,0.12454,32.00000,30.00000,tau_5
9024,0.50000,6.71073,0.75458,0.12454,32.00000,30.00000,tau_5
9029,0.50000,6.71492,0.87180,0.10012,32.00000,30.00000,tau_5
9035,0.50000,6.71912,0.82784,0.09524,32.00000,30.00000,tau_5
9040,0.50000,6.72293,0.72528,0.10501,32.00000,30.00000,tau_5
9045,0.50000,6.72637,0.69597,0.11477,32.00000,30.00000,tau_5
9050,0.50000,6.72980,0.69597,0.12943,32.00000,30.00000,tau_5
9055,0.50000,6.73323,0.66667,0.13431,32.00000,30.00000,tau_5
9060,0.50000,6.73743,0.78388,0.11966,32.00000,30.00000,tau_5
9065,0.50000,6.74163,0.84249,0.09524,32.00000,30.00000,tau_5
9070,0.50000,6.74582,0.84249,0.08547,32.00000,30.00000,tau_5
9075,0.50000,6.74964,0.76923,0.09035,32.00000,30.00000,tau_5
9080,0.50000,6.75383,0.78388,0.09524,32.00000,30.00000,tau_5
9085,0.50000,6.75727,0.75458,0.10989,32.00000,30.00000,tau_5
9090,0.50000,6.76108,0.71062,0.11966,32.00000,30.00000,tau_5
9095,0.50000,6.76490,0.75458,0.11966,32.00000,30.00000,tau_5
9100,0.50000,6.76909,0.78388,0.10501,32.00000,30.00000,tau_5
9105,0.50000,6.77291,0.75458,0.10501,32.00000,30.00000,tau_5
9110,0.50000,6.77672,0.72528,0.10501,32.00000,30.00000,tau_5
9115,0.50000,6.78054,0.75458,0.10501,32.00000,30.00000,tau_5
9120,0.50000,6.78397,0.68132,0.11477,32.00000,30.00000,tau_5
9126,0.50000,6.78741,0.65202,0.13431,32.00000,30.00000,tau_5
9131,0.50000,6.79122,0.75458,0.11966,32.00000,30.00000,tau_5
9136,0.50000,6.79542,0.82784,0.10501,32.00000,30.00000,tau_5
9141,0.50000,6.79961,0.84249,0.09035,32.00000,30.00000,tau_5
9146,0.50000,6.80381,0.79854,0.09035,32.00000,30.00000,tau_5
9151,0.50000,6.80762,0.75458,0.10012,32.00000,30.00000,tau_5
9156,0.50000,6.81106,0.62271,0.11966,32.00000,30.00000,tau_5
9161,0.50000,6.81449,0.65202,0.13431,32.00000,30.00000,tau_5
9166,0.50000,6.81830,0.76923,0.11966,32.00000,30.00000,tau_5
9171,0.50000,6.82288,0.85715,0.09035,32.00000,30.00000,tau_5
9176,0.50000,6.82708,0.85715,0.08059,32.00000,30.00000,tau_5
9181,0.50000,6.83127,0.75458,0.09035,32.00000,30.00000,tau_5
9186,0.50000,6.83471,0.69597,0.11477,32.00000,30.00000,tau_5
9191,0.50000,6.83776,0.60806,0.13431,32.00000,30.00000,tau_5
9196,0.50000,6.84119,0.69597,0.13431,32.00000,30.00000,tau_5
9201,0.50000,6.84539,0.84249,0.10989,32.00000,30.00000,tau_5
9206,0.50000,6.84997,0.90110,0.08547,32.00000,30.00000,tau_5
9211,0.50000,6.85416,0.76923,0.09524,32.00000,30.00000,tau_5
9217,0.50000,6.85760,0.73993,0.10012,32.00000,30.00000,tau_5
9222,0.50000,6.86103,0.66667,0.11966,32.00000,30.00000,tau_5
9227,0.50000,6.86446,0.66667,0.13431,32.00000,30.00000,tau_5
9232,0.50000,6.86828,0.75458,0.11966,32.00000,30.00000,tau_5
9237,0.50000,6.87285,0.90110,0.08547,32.00000,30.00000,tau_5
9242,0.50000,6.87743,0.87180,0.08059,32.00000,30.00000,tau_5
9247,0.50000,6.88125,0.76923,0.08547,32.00000,30.00000,tau_5
9252,0.50000,6.88506,0.72528,0.10012,32.00000,30.00000,tau_5
9257,0.50000,6.88849,0.69597,0.11966,32.00000,30.00000,tau_5
9262,0.50000,6.89193,0.69597,0.13431,32.00000,30.00000,tau_5
9267,0.50000,6.89612,0.79854,0.11477,32.00000,30.00000,tau_5
9272,0.50000,6.89994,0.78388,0.10989,32.00000,30.00000,tau_5
9277,0.50000,6.90413,0.75458,0.10501,32.00000,30.00000,tau_5
9282,0.50000,6.90757,0.71062,0.10501,32.00000,30.00000,tau_5
9287,0.50000,6.91176,0.75458,0.10501,32.00000,30.00000,tau_5
9292,0.50000,6.91520,0.71062,0.11477,32.00000,30.00000,tau_5
9297,0.50000,6.91901,0.73993,0.10989,32.00000,30.00000,tau_5
9303,0.50000,6.92321,0.78388,0.10012,32.00000,30.00000,tau_5
9308,0.50000,6.92740,0.82784,0.08547,32.00000,30.00000,tau_5
9313,0.50000,6.93160,0.82784,0.08059,32.00000,30.00000,tau_5
9318,0.50000,6.93580,0.81319,0.08059,32.00000,30.00000,tau_5
9323,0.50000,6.93961,0.78388,0.09524,32.00000,30.00000,tau_5
9328,0.50000,6.94304,0.66667,0.11966,32.00000,30.00000,tau_5
9333,0.50000,6.94686,0.69597,0.12943,32.00000,30.00000,tau_5
9338,0.50000,6.95067,0.76923,0.11477,32.00000,30.00000,tau_5
9343,0.50000,6.95487,0.82784,0.09524,32.00000,30.00000,tau_5
9348,0.50000,6.95868,0.78388,0.09035,32.00000,30.00000,tau_5
9353,0.50000,6.96288,0.79854,0.09035,32.00000,30.00000,tau_5
9358,0.50000,6.96631,0.69597,0.11477,32.00000,30.00000,tau_5
9363,0.50000,6.96975,0.63736,0.13919,32.00000,30.00000,tau_5
9368,0.50000,6.97318,0.73993,0.13431,32.00000,30.00000,tau_5
9373,0.50000,6.97738,0.87180,0.10501,32.00000,30.00000,tau_5
9378,0.50000,6.98195,0.88645,0.08547,32.00000,30.00000,tau_5
9383,0.50000,6.98615,0.81319,0.08059,32.00000,30.00000,tau_5
9388,0.50000,6.98997,0.73993,0.10012,32.00000,30.00000,tau_5
9394,0.50000,6.99340,0.62271,0.11966,32.00000,30.00000,tau_5
9399,0.50000,6.99683,0.65202,0.13919,32.00000,30.00000,tau_5
9404,0.50000,7.00065,0.78388,0.11477,32.00000,30.00000,tau_5
9409,0.50000,7.00523,0.88645,0.08547,32.00000,30.00000,tau_5
9414,0.50000,7.00980,0.84249,0.08059,32.00000,30.00000,tau_5
9419,0.50000,7.01362,0.75458,0.08547,32.00000,30.00000,tau_5
9424,0.50000,7.01743,0.72528,0.10012,32.00000,30.00000,tau_5
9429,0.50000,7.02087,0.65202,0.11966,32.00000,30.00000,tau_5
9434,0.50000,7.02468,0.72528,0.12454,32.00000,30.00000,tau_5
9439,0.50000,7.02888,0.85715,0.10012,32.00000,30.00000,tau_5
9444,0.50000,7.03345,0.87180,0.08059,32.00000,30.00000,tau_5
9449,0.50000,7.03727,0.75458,0.09524,32.00000,30.00000,tau_5
9454,0.50000,7.04108,0.72528,0.10501,32.00000,30.00000,tau_5
9459,0.50000,7.04452,0.72528,0.11477,32.00000,30.00000,tau_5
9464,0.50000,7.04833,0.72528,0.11477,32.00000,30.00000,tau_5
9469,0.50000,7.05253,0.82784,0.10012,32.00000,30.00000,tau_5
9474,0.50000,7.05672,0.85715,0.08547,32.00000,30.00000,tau_5
9479,0.50000,7.06092,0.81319,0.07570,32.00000,30.00000,tau_5
9485,0.50000,7.06512,0.76923,0.09035,32.00000,30.00000,tau_5
9490,0.50000,7.06893,0.76923,0.09035,32.00000,30.00000,tau_5
9495,0.50000,7.07275,0.72528,0.10501,32.00000,30.00000,tau_5
9500,0.50000,7.07618,0.71062,0.11477,32.00000,30.00000,tau_5
9505,0.50000,7.08038,0.75458,0.11477,32.00000,30.00000,tau_5
9510,0.50000,7.08457,0.79854,0.09524,32.00000,30.00000,tau_5
9515,0.50000,7.08839,0.78388,0.09035,32.00000,30.00000,tau_5
9520,0.50000,7.09258,0.78388,0.08547,32.00000,30.00000,tau_5
9525,0.50000,7.09678,0.81319,0.08547,32.00000,30.00000,tau_5
9530,0.50000,7.10021,0.71062,0.10012,32.00000,30.00000,tau_5
9535,0.50000,7.10403,0.75458,0.10501,32.00000,30.00000,tau_5
9540,0.50000,7.10822,0.84249,0.09035,32.00000,30.00000,tau_5
9545,0.50000,7.11280,0.88645,0.07570,32.00000,30.00000,tau_5
9550,0.50000,7.11700,0.82784,0.07082,32.00000,30.00000,tau_5
9555,0.50000,7.12119,0.78388,0.08059,32.00000,30.00000,tau_5
9560,0.50000,7.12463,0.63736,0.11966,32.00000,30.00000,tau_5
9565,0.50000,7.12768,0.65202,0.13431,32.00000,30.00000,tau_5
9571,0.50000,7.13149,0.73993,0.12454,32.00000,30.00000,tau_5
9576,0.50000,7.13569,0.85715,0.09524,32.00000,30.00000,tau_5
9581,0.50000,7.14027,0.87180,0.07570,32.00000,30.00000,tau_5
9586,0.50000,7.14446,0.81319,0.07082,32.00000,30.00000,tau_5
9591,0.50000,7.14828,0.72528,0.09035,32.00000,30.00000,tau_5
9596,0.50000,7.15171,0.62271,0.11477,32.00000,30.00000,tau_5
9601,0.50000,7.15515,0.68132,0.12943,32.00000,30.00000,tau_5
9606,0.50000,7.15934,0.82784,0.10501,32.00000,30.00000,tau_5
9611,0.50000,7.16430,0.93040,0.07570,32.00000,30.00000,tau_5
9616,0.50000,7.16850,0.82784,0.07570,32.00000,30.00000,tau_5
9621,0.50000,7.17231,0.75458,0.09035,32.00000,30.00000,tau_5
9626,0.50000,7.17575,0.66667,0.11966,32.00000,30.00000,tau_5
9631,0.50000,7.17918,0.69597,0.12454,32.00000,30.00000,tau_5
9636,0.50000,7.18299,0.79854,0.10989,32.00000,30.00000,tau_5
9641,0.50000,7.18757,0.91575,0.08059,32.00000,30.00000,tau_5
9646,0.50000,7.19215,0.84249,0.07570,32.00000,30.00000,tau_5
9651,0.50000,7.19596,0.73993,0.08547,32.00000,30.00000,tau_5
9656,0.50000,7.19978,0.72528,0.10012,32.00000,30.00000,tau_5
9662,0.50000,7.20321,0.69597,0.11477,32.00000,30.00000,tau_5
9667,0.50000,7.20703,0.73993,0.11966,32.00000,30.00000,tau_5
9672,0.50000,7.21122,0.82784,0.10012,32.00000,30.00000,tau_5
9677,0.50000,7.21580,0.84249,0.08547,32.00000,30.00000,tau_5
9682,0.50000,7.21962,0.76923,0.08547,32.00000,30.00000,tau_5
9687,0.50000,7.22381,0.78388,0.08547,32.00000,30.00000,tau_5
9692,0.50000,7.22763,0.76923,0.09524,32.00000,30.00000,tau_5
9697,0.50000,7.23144,0.75458,0.10012,32.00000,30.00000,tau_5
9702,0.50000,7.23526,0.76923,0.10012,32.00000,30.00000,tau_5
9707,0.50000,7.23945,0.84249,0.09035,32.00000,30.00000,tau_5
9712,0.50000,7.24365,0.85715,0.08059,32.00000,30.00000,tau_5
9717,0.50000,7.24784,0.79854,0.08059,32.00000,30.00000,tau_5
9722,0.50000,7.25204,0.81319,0.08547,32.00000,30.00000,tau_5
9727,0.50000,7.25547,0.68132,0.10501,32.00000,30.00000,tau_5
9732,0.50000,7.25891,0.65202,0.12454,32.00000,30.00000,tau_5
9737,0.50000,7.26272,0.75458,0.11966,32.00000,30.00000,tau_5
9742,0.50000,7.26730,0.82784,0.09524,32.00000,30.00000,tau_5
9747,0.50000,7.27150,0.84249,0.08059,32.00000,30.00000,tau_5
9753,0.50000,7.27569,0.84249,0.07570,32.00000,30.00000,tau_5
9758,0.50000,7.27951,0.76923,0.08547,32.00000,30.00000,tau_5
9763,0.50000,7.28294,0.66667,0.10989,32.00000,30.00000,tau_5
9768,0.50000,7.28676,0.71062,0.11477,32.00000,30.00000,tau_5
9773,0.50000,7.29095,0.85715,0.09524,32.00000,30.00000,tau_5
9778,0.50000,7.29553,0.90110,0.07570,32.00000,30.00000,tau_5
9783,0.50000,7.29973,0.84249,0.07082,32.00000,30.00000,tau_5
9788,0.50000,7.30354,0.73993,0.09035,32.00000,30.00000,tau_5
9793,0.50000,7.30697,0.65202,0.11477,32.00000,30.00000,tau_5
9798,0.50000,7.31041,0.65202,0.13431,32.00000,30.00000,tau_5
9803,0.50000,7.31422,0.78388,0.11966,32.00000,30.00000,tau_5
9808,0.50000,7.31880,0.91575,0.08059,32.00000,30.00000,tau_5
9813,0.50000,7.32338,0.87180,0.06594,32.00000,30.00000,tau_5
9818,0.50000,7.32719,0.76923,0.07570,32.00000,30.00000,tau_5
9823,0.50000,7.33101,0.72528,0.10012,32.00000,30.00000,tau_5
9828,0.50000,7.33444,0.65202,0.11966,32.00000,30.00000,tau_5
9833,0.50000,7.33825,0.73993,0.11477,32.00000,30.00000,tau_5
9838,0.50000,7.34283,0.87180,0.09524,32.00000,30.00000,tau_5
9844,0.50000,7.34703,0.88645,0.08059,32.00000,30.00000,tau_5
9849,0.50000,7.35122,0.76923,0.08547,32.00000,30.00000,tau_5
9854,0.50000,7.35466,0.72528,0.10012,32.00000,30.00000,tau_5
9859,0.50000,7.35847,0.73993,0.11477,32.00000,30.00000,tau_5
9864,0.50000,7.36229,0.71062,0.11966,32.00000,30.00000,tau_5
9869,0.50000,7.36610,0.82784,0.10501,32.00000,30.00000,tau_5
9874,0.50000,7.37068,0.87180,0.08547,32.00000,30.00000,tau_5
9879,0.50000,7.37488,0.84249,0.07570,32.00000,30.00000,tau_5
9884,0.50000,7.37869,0.75458,0.08059,32.00000,30.00000,tau_5
9889,0.50000,7.38289,0.78388,0.09035,32.00000,30.00000,tau_5
9894,0.50000,7.38632,0.72528,0.10989,32.00000,30.00000,tau_5
9899,0.50000,7.39013,0.71062,0.10989,32.00000,30.00000,tau_5
9904,0.50000,7.39395,0.76923,0.10989,32.00000,30.00000,tau_5
9909,0.50000,7.39815,0.81319,0.09035,32.00000,30.00000,tau_5
9914,0.50000,7.40234,0.78388,0.09035,32.00000,30.00000,tau_5
9919,0.50000,7.40654,0.78388,0.09035,32.00000,30.00000,tau_5
9924,0.50000,7.41035,0.79854,0.09035,32.00000,30.00000,tau_5
9929,0.50000,7.41417,0.71062,0.10501,32.00000,30.00000,tau_5
9935,0.50000,7.41760,0.71062,0.10989,32.00000,30.00000,tau_5
9940,0.50000,7.42180,0.82784,0.09524,32.00000,30.00000,tau_5
9945,0.50000,7.42637,0.88645,0.08059,32.00000,30.00000,tau_5
9950,0.50000,7.43057,0.82784,0.08059,32.00000,30.00000,tau_5
9955,0.50000,7.43477,0.81319,0.08059,32.00000,30.00000,tau_5
9960,0.50000,7.43820,0.66667,0.10989,32.00000,30.00000,tau_5
9965,0.50000,7.44125,0.65202,0.12943,32.00000,30.00000,tau_5
9970,0.50000,7.44507,0.73993,0.12943,32.00000,30.00000,tau_5
9975,0.50000,7.44964,0.85715,0.10012,32.00000,30.00000,tau_5
9980,0.50000,7.45384,0.88645,0.07570,32.00000,30.00000,tau_5
9985,0.50000,7.45804,0.81319,0.07570,32.00000,30.00000,tau_5
9990,0.50000,7.46185,0.72528,0.09035,32.00000,30.00000,tau_5
9995,0.50000,7.46528,0.63736,0.11477,32.00000,30.00000,tau_5
0,1.00000,7.46872,0.69597,0.12454,32.00000,30.00000,tau_10
5,1.00000,7.47330,0.84249,0.10012,32.00000,30.00000,tau_10
10,1.00000,7.47787,0.93040,0.07570,32.00000,30.00000,tau_10
15,1.00000,7.48207,0.81319,0.08059,32.00000,30.00000,tau_10
20,1.00000,7.48589,0.73993,0.08547,32.00000,30.00000,tau_10
25,1.00000,7.48932,0.68132,0.10989,32.00000,30.00000,tau_10
30,1.00000,7.49275,0.66667,0.12454,32.00000,30.00000,tau_10
35,1.00000,7.49733,1.03297,0.19292,32.00000,30.00000,tau_10
40,1.00000,7.50458,1.57509,0.19292,32.00000,30.00000,tau_10
45,1.00000,7.51259,1.67766,0.16361,32.00000,30.00000,tau_10
50,1.00000,7.52098,1.66301,0.15385,32.00000,30.00000,tau_10
55,1.00000,7.52975,1.73627,0.14408,32.00000,30.00000,tau_10
60,1.00000,7.53891,1.76557,0.11966,32.00000,30.00000,tau_10
65,1.00000,7.54730,1.75092,0.11477,32.00000,30.00000,tau_10
70,1.00000,7.55646,1.76557,0.10989,32.00000,30.00000,tau_10
75,1.00000,7.56561,1.79487,0.10989,32.00000,30.00000,tau_10
80,1.00000,7.57439,1.70696,0.11966,32.00000,30.00000,tau_10
85,1.00000,7.58316,1.75092,0.10989,32.00000,30.00000,tau_10
91,1.00000,7.59232,1.79487,0.10012,32.00000,30.00000,tau_10
96,1.00000,7.60109,1.72161,0.10989,32.00000,30.00000,tau_10
101,1.00000,7.61025,1.79487,0.10501,32.00000,30.00000,tau_10
106,1.00000,7.61902,1.79487,0.11477,32.00000,30.00000,tau_10
111,1.00000,7.62779,1.67766,0.11477,32.00000,30.00000,tau_10
116,1.00000,7.63695,1.79487,0.10501,32.00000,30.00000,tau_10
121,1.00000,7.64610,1.79487,0.10012,32.00000,30.00000,tau_10
126,1.00000,7.65488,1.72161,0.10989,32.00000,30.00000,tau_10
131,1.00000,7.66403,1.80952,0.10501,32.00000,30.00000,tau_10
136,1.00000,7.67281,1.76557,0.10989,32.00000,30.00000,tau_10
141,1.00000,7.68158,1.72161,0.10989,32.00000,30.00000,tau_10
146,1.00000,7.69074,1.79487,0.10501,32.00000,30.00000,tau_10
151,1.00000,7.69951,1.78022,0.10989,32.00000,30.00000,tau_10
156,1.00000,7.70867,1.73627,0.11966,32.00000,30.00000,tau_10
161,1.00000,7.71782,1.76557,0.10989,32.00000,30.00000,tau_10
166,1.00000,7.72660,1.78022,0.10501,32.00000,30.00000,tau_10
171,1.00000,7.73537,1.73627,0.10501,32.00000,30.00000,tau_10
176,1.00000,7.74453,1.79487,0.10501,32.00000,30.00000,tau_10
182,1.00000,7.75330,1.76557,0.11477,32.00000,30.00000,tau_10
187,1.00000,7.76207,1.69231,0.11966,32.00000,30.00000,tau_10
192,1.00000,7.77123,1.80952,0.10012,32.00000,30.00000,tau_10
197,1.00000,7.78038,1.78022,0.10501,32.00000,30.00000,tau_10
202,1.00000,7.78916,1.72161,0.10989,32.00000,30.00000,tau_10
207,1.00000,7.79831,1.79487,0.10989,32.00000,30.00000,tau_10
212,1.00000,7.80671,1.70696,0.11966,32.00000,30.00000,tau_10
217,1.00000,7.81548,1.72161,0.11477,32.00000,30.00000,tau_10
222,1.00000,7.82463,1.80952,0.10501,32.00000,30.00000,tau_10
227,1.00000,7.83341,1.75092,0.10989,32.00000,30.00000,tau_10
232,1.00000,7.84256,1.76557,0.10989,32.00000,30.00000,tau_10
237,1.00000,7.85134,1.76557,0.10989,32.00000,30.00000,tau_10
242,1.00000,7.86011,1.72161,0.11477,32.00000,30.00000,tau_10
247,1.00000,7.86889,1.72161,0.11477,32.00000,30.00000,tau_10
252,1.00000,7.87804,1.76557,0.11477,32.00000,30.00000,tau_10
257,1.00000,7.88682,1.73627,0.12454,32.00000,30.00000,tau_10
262,1.00000,7.89559,1.73627,0.11477,32.00000,30.00000,tau_10
268,1.00000,7.90475,1.79487,0.10012,32.00000,30.00000,tau_10
273,1.00000,7.91352,1.70696,0.11477,32.00000,30.00000,tau_10
278,1.00000,7.92229,1.73627,0.11477,32.00000,30.00000,tau_10
283,1.00000,7.93145,1.78022,0.11966,32.00000,30.00000,tau_10
288,1.00000,7.93984,1.67766,0.12943,32.00000,30.00000,tau_10
293,1.00000,7.94900,1.75092,0.11477,32.00000,30.00000,tau_10
298,1.00000,7.95815,1.80952,0.10989,32.00000,30.00000,tau_10
303,1.00000,7.96655,1.69231,0.11966,32.00000,30.00000,tau_10
308,1.00000,7.97532,1.73627,0.12454,32.00000,30.00000,tau_10
313,1.00000,7.98409,1.72161,0.12454,32.00000,30.00000,tau_10
318,1.00000,7.99287,1.67766,0.12943,32.00000,30.00000,tau_10
323,1.00000,8.00202,1.76557,0.12454,32.00000,30.00000,tau_10
328,1.00000,8.01080,1.78022,0.11477,32.00000,30.00000,tau_10
333,1.00000,8.01957,1.72161,0.12454,32.00000,30.00000,tau_10
338,1.00000,8.02834,1.70696,0.13431,32.00000,30.00000,tau_10
343,1.00000,8.03674,1.70696,0.12943,32.00000,30.00000,tau_10
348,1.00000,8.04551,1.67766,0.13919,32.00000,30.00000,tau_10
353,1.00000,8.05428,1.75092,0.12943,32.00000,30.00000,tau_10
359,1.00000,8.06306,1.78022,0.12454,32.00000,30.00000,tau_10
364,1.00000,8.07183,1.67766,0.12943,32.00000,30.00000,tau_10
369,1.00000,8.08061,1.72161,0.12454,32.00000,30.00000,tau_10
374,1.00000,8.08938,1.76557,0.12454,32.00000,30.00000,tau_10
379,1.00000,8.09777,1.63370,0.14408,32.00000,30.00000,tau_10
384,1.00000,8.10655,1.70696,0.14408,32.00000,30.00000,tau_10
389,1.00000,8.11532,1.75092,0.12943,32.00000,30.00000,tau_10
394,1.00000,8.12409,1.67766,0.12943,32.00000,30.00000,tau_10
399,1.00000,8.13287,1.76557,0.11477,32.00000,30.00000,tau_10
404,1.00000,8.14164,1.75092,0.12454,32.00000,30.00000,tau_10
409,1.00000,8.15003,1.64835,0.14408,32.00000,30.00000,tau_10
414,1.00000,8.15881,1.67766,0.14896,32.00000,30.00000,tau_10
419,1.00000,8.16758,1.70696,0.13919,32.00000,30.00000,tau_10
424,1.00000,8.17598,1.72161,0.12943,32.00000,30.00000,tau_10
429,1.00000,8.18513,1.78022,0.12454,32.00000,30.00000,tau_10
434,1.00000,8.19390,1.78022,0.11966,32.00000,30.00000,tau_10
439,1.00000,8.20230,1.64835,0.14408,32.00000,30.00000,tau_10
444,1.00000,8.21069,1.64835,0.14896,32.00000,30.00000,tau_10
450,1.00000,8.21984,1.72161,0.12943,32.00000,30.00000,tau_10
455,1.00000,8.22824,1.67766,0.13431,32.00000,30.00000,tau_10
460,1.00000,8.23701,1.73627,0.12943,32.00000,30.00000,tau_10
465,1.00000,8.24617,1.78022,0.12943,32.00000,30.00000,tau_10
470,1.00000,8.25456,1.66301,0.13919,32.00000,30.00000,tau_10
475,1.00000,8.26333,1.70696,0.13431,32.00000,30.00000,tau_10
480,1.00000,8.27211,1.73627,0.13431,32.00000,30.00000,tau_10
485,1.00000,8.28012,1.63370,0.14408,32.00000,30.00000,tau_10
490,1.00000,8.28927,1.72161,0.14408,32.00000,30.00000,tau_10
495,1.00000,8.29805,1.75092,0.13431,32.00000,30.00000,tau_10
500,1.00000,8.30644,1.70696,0.13431,32.00000,30.00000,tau_10
505,1.00000,8.31559,1.75092,0.12943,32.00000,30.00000,tau_10
510,1.00000,8.32437,1.73627,0.12943,32.00000,30.00000,tau_10
515,1.00000,8.33238,1.66301,0.14408,32.00000,30.00000,tau_10
520,1.00000,8.34115,1.67766,0.14408,32.00000,30.00000,tau_10
525,1.00000,8.34993,1.75092,0.12943,32.00000,30.00000,tau_10
530,1.00000,8.35870,1.75092,0.12454,32.00000,30.00000,tau_10
536,1.00000,8.36786,1.76557,0.11966,32.00000,30.00000,tau_10
541,1.00000,8.37663,1.76557,0.12454,32.00000,30.00000,tau_10
546,1.00000,8.38502,1.60440,0.14408,32.00000,30.00000,tau_10
551,1.00000,8.39342,1.63370,0.13919,32.00000,30.00000,tau_10
556,1.00000,8.40219,1.78022,0.13431,32.00000,30.00000,tau_10
561,1.00000,8.41096,1.73627,0.12943,32.00000,30.00000,tau_10
566,1.00000,8.42012,1.78022,0.11966,32.00000,30.00000,tau_10
571,1.00000,8.42927,1.79487,0.11477,32.00000,30.00000,tau_10
576,1.00000,8.43767,1.63370,0.12454,32.00000,30.00000,tau_10
581,1.00000,8.44644,1.69231,0.12454,32.00000,30.00000,tau_10
586,1.00000,8.45483,1.73627,0.12943,32.00000,30.00000,tau_10
591,1.00000,8.46361,1.70696,0.14408,32.00000,30.00000,tau_10
596,1.00000,8.47238,1.73627,0.13431,32.00000,30.00000,tau_10
601,1.00000,8.48154,1.76557,0.11966,32.00000,30.00000,tau_10
606,1.00000,8.49031,1.73627,0.11477,32.00000,30.00000,tau_10
611,1.00000,8.49870,1.72161,0.11477,32.00000,30.00000,tau_10
616,1.00000,8.50748,1.72161,0.12943,32.00000,30.00000,tau_10
621,1.00000,8.51625,1.66301,0.14408,32.00000,30.00000,tau_10
626,1.00000,8.52502,1.70696,0.12943,32.00000,30.00000,tau_10
632,1.00000,8.53418,1.80952,0.10501,32.00000,30.00000,tau_10
637,1.00000,8.54295,1.75092,0.11477,32.00000,30.00000,tau_10
642,1.00000,8.55173,1.75092,0.11477,32.00000,30.00000,tau_10
647,1.00000,8.56050,1.72161,0.12943,32.00000,30.00000,tau_10
652,1.00000,8.56890,1.61905,0.14408,32.00000,30.00000,tau_10
657,1.00000,8.57805,1.76557,0.11966,32.00000,30.00000,tau_10
662,1.00000,8.58721,1.82418,0.10501,32.00000,30.00000,tau_10
667,1.00000,8.59598,1.73627,0.11477,32.00000,30.00000,tau_10
672,1.00000,8.60475,1.78022,0.10989,32.00000,30.00000,tau_10
677,1.00000,8.61353,1.69231,0.12454,32.00000,30.00000,tau_10
682,1.00000,8.62192,1.64835,0.12943,32.00000,30.00000,tau_10
687,1.00000,8.63107,1.76557,0.12454,32.00000,30.00000,tau_10
692,1.00000,8.63985,1.78022,0.11966,32.00000,30.00000,tau_10
697,1.00000,8.64862,1.72161,0.12454,32.00000,30.00000,tau_10
702,1.00000,8.65778,1.76557,0.11966,32.00000,30.00000,tau_10
707,1.00000,8.66655,1.76557,0.11477,32.00000,30.00000,tau_10
712,1.00000,8.67533,1.67766,0.12943,32.00000,30.00000,tau_10
717,1.00000,8.68372,1.72161,0.12943,32.00000,30.00000,tau_10
722,1.00000,8.69249,1.75092,0.12943,32.00000,30.00000,tau_10
728,1.00000,8.70127,1.67766,0.13431,32.00000,30.00000,tau_10
733,1.00000,8.71042,1.79487,0.10989,32.00000,30.00000,tau_10
738,1.00000,8.71958,1.82418,0.10501,32.00000,30.00000,tau_10
743,1.00000,8.72797,1.67766,0.11966,32.00000,30.00000,tau_10
748,1.00000,8.73674,1.73627,0.12454,32.00000,30.00000,tau_10
753,1.00000,8.74552,1.69231,0.12943,32.00000,30.00000,tau_10
758,1.00000,8.75391,1.66301,0.13431,32.00000,30.00000,tau_10
763,1.00000,8.76307,1.82418,0.11477,32.00000,30.00000,tau_10
768,1.00000,8.77222,1.82418,0.10501,32.00000,30.00000,tau_10
773,1.00000,8.78099,1.73627,0.11477,32.00000,30.00000,tau_10
778,1.00000,8.78977,1.72161,0.11966,32.00000,30.00000,tau_10
783,1.00000,8.79854,1.69231,0.11966,32.00000,30.00000,tau_10
788,1.00000,8.80732,1.70696,0.12943,32.00000,30.00000,tau_10
793,1.00000,8.81609,1.78022,0.11966,32.00000,30.00000,tau_10
798,1.00000,8.82524,1.80952,0.11477,32.00000,30.00000,tau_10
803,1.00000,8.83402,1.70696,0.11966,32.00000,30.00000,tau_10
808,1.00000,8.84279,1.75092,0.11477,32.00000,30.00000,tau_10
813,1.00000,8.85157,1.75092,0.11966,32.00000,30.00000,tau_10
819,1.00000,8.86034,1.69231,0.12943,32.00000,30.00000,tau_10
824,1.00000,8.86950,1.79487,0.11966,32.00000,30.00000,tau_10
829,1.00000,8.87827,1.75092,0.11966,32.00000,30.00000,tau_10
834,1.00000,8.88704,1.69231,0.11477,32.00000,30.00000,tau_10
839,1.00000,8.89620,1.82418,0.10012,32.00000,30.00000,tau_10
844,1.00000,8.90497,1.76557,0.10989,32.00000,30.00000,tau_10
849,1.00000,8.91375,1.72161,0.11966,32.00000,30.00000,tau_10
854,1.00000,8.92290,1.76557,0.12454,32.00000,30.00000,tau_10
859,1.00000,8.93168,1.73627,0.11477,32.00000,30.00000,tau_10
864,1.00000,8.94045,1.75092,0.10989,32.00000,30.00000,tau_10
869,1.00000,8.94999,1.85348,0.10501,32.00000,30.00000,tau_10
874,1.00000,8.95876,1.78022,0.10989,32.00000,30.00000,tau_10
879,1.00000,8.96754,1.70696,0.11477,32.00000,30.00000,tau_10
884,1.00000,8.97631,1.72161,0.10989,32.00000,30.00000,tau_10
889,1.00000,8.98508,1.76557,0.10989,32.00000,30.00000,tau_10
894,1.00000,8.99424,1.78022,0.10989,32.00000,30.00000,tau_10
899,1.00000,9.00340,1.82418,0.10012,32.00000,30.00000,tau_10
904,1.00000,9.01217,1.73627,0.11477,32.00000,30.00000,tau_10
909,1.00000,9.02094,1.69231,0.10989,32.00000,30.00000,tau_10
915,1.00000,9.03010,1.79487,0.10989,32.00000,30.00000,tau_10
920,1.00000,9.03887,1.73627,0.11477,32.00000,30.00000,tau_10
925,1.00000,9.04803,1.76557,0.11477,32.00000,30.00000,tau_10
930,1.00000,9.05680,1.79487,0.10989,32.00000,30.00000,tau_10
935,1.00000,9.06558,1.69231,0.11477,32.00000,30.00000,tau_10
940,1.00000,9.07473,1.78022,0.10501,32.00000,30.00000,tau_10
945,1.00000,9.08351,1.79487,0.10501,32.00000,30.00000,tau_10
950,1.00000,9.09228,1.72161,0.12454,32.00000,30.00000,tau_10
955,1.00000,9.10143,1.75092,0.11966,32.00000,30.00000,tau_10
960,1.00000,9.11021,1.76557,0.10501,32.00000,30.00000,tau_10
965,1.00000,9.11936,1.75092,0.10012,32.00000,30.00000,tau_10
970,1.00000,9.12852,1.80952,0.09524,32.00000,30.00000,tau_10
975,1.00000,9.13729,1.80952,0.10501,32.00000,30.00000,tau_10
980,1.00000,9.14607,1.70696,0.12454,32.00000,30.00000,tau_10
985,1.00000,9.15484,1.69231,0.11966,32.00000,30.00000,tau_10
990,1.00000,9.16400,1.80952,0.10501,32.00000,30.00000,tau_10
995,1.00000,9.17277,1.76557,0.10989,32.00000,30.00000,tau_10
1000,1.00000,9.18231,1.82418,0.10501,32.00000,30.00000,tau_10
1005,1.00000,9.19108,1.76557,0.11477,32.00000,30.00000,tau_10
1011,1.00000,9.19947,1.64835,0.11966,32.00000,30.00000,tau_10
1016,1.00000,9.20863,1.79487,0.10501,32.00000,30.00000,tau_10
1021,1.00000,9.21778,1.80952,0.10501,32.00000,30.00000,tau_10
1026,1.00000,9.22656,1.75092,0.11477,32.00000,30.00000,tau_10
1031,1.00000,9.23571,1.80952,0.10989,32.00000,30.00000,tau_10
1036,1.00000,9.24449,1.75092,0.10989,32.00000,30.00000,tau_10
1041,1.00000,9.25326,1.72161,0.10501,32.00000,30.00000,tau_10
1046,1.00000,9.26242,1.80952,0.10501,32.00000,30.00000,tau_10
1051,1.00000,9.27119,1.78022,0.11477,32.00000,30.00000,tau_10
1056,1.00000,9.27996,1.70696,0.12454,32.00000,30.00000,tau_10
1061,1.00000,9.28912,1.75092,0.11477,32.00000,30.00000,tau_10
1066,1.00000,9.29827,1.78022,0.10501,32.00000,30.00000,tau_10
1071,1.00000,9.30705,1.75092,0.10501,32.00000,30.00000,tau_10
1076,1.00000,9.31582,1.80952,0.10501,32.00000,30.00000,tau_10
1081,1.00000,9.32498,1.72161,0.11966,32.00000,30.00000,tau_10
1086,1.00000,9.33337,1.67766,0.11966,32.00000,30.00000,tau_10
1091,1.00000,9.34253,1.80952,0.10012,32.00000,30.00000,tau_10
1096,1.00000,9.35168,1.78022,0.10501,32.00000,30.00000,tau_10
1102,1.00000,9.36046,1.76557,0.10989,32.00000,30.00000,tau_10
1107,1.00000,9.36961,1.79487,0.11477,32.00000,30.00000,tau_10
1112,1.00000,9.37839,1.67766,0.11966,32.00000,30.00000,tau_10
1117,1.00000,9.38716,1.73627,0.10501,32.00000,30.00000,tau_10
1122,1.00000,9.39631,1.80952,0.10012,32.00000,30.00000,tau_10
1127,1.00000,9.40509,1.76557,0.11477,32.00000,30.00000,tau_10
1132,1.00000,9.41424,1.76557,0.11477,32.00000,30.00000,tau_10
1137,1.00000,9.42302,1.75092,0.10989,32.00000,30.00000,tau_10
1142,1.00000,9.43179,1.73627,0.10501,32.00000,30.00000,tau_10
1147,1.00000,9.44095,1.75092,0.10501,32.00000,30.00000,tau_10
1152,1.00000,9.45010,1.80952,0.10989,32.00000,30.00000,tau_10
1157,1.00000,9.45850,1.73627,0.12454,32.00000,30.00000,tau_10
1162,1.00000,9.46765,1.72161,0.11966,32.00000,30.00000,tau_10
1167,1.00000,9.47681,1.78022,0.10012,32.00000,30.00000,tau_10
1172,1.00000,9.48558,1.75092,0.10501,32.00000,30.00000,tau_10
1177,1.00000,9.49474,1.79487,0.10989,32.00000,30.00000,tau_10
1182,1.00000,9.50351,1.78022,0.11477,32.00000,30.00000,tau_10
1187,1.00000,9.51228,1.66301,0.11966,32.00000,30.00000,tau_10
1192,1.00000,9.52106,1.78022,0.10012,32.00000,30.00000,tau_10
1198,1.00000,9.53021,1.82418,0.09524,32.00000,30.00000,tau_10
1203,1.00000,9.53937,1.75092,0.10989,32.00000,30.00000,tau_10
1208,1.00000,9.54852,1.80952,0.10501,32.00000,30.00000,tau_10
1213,1.00000,9.55730,1.73627,0.10501,32.00000,30.00000,tau_10
1218,1.00000,9.56607,1.70696,0.10012,32.00000,30.00000,tau_10
1223,1.00000,9.57523,1.80952,0.09524,32.00000,30.00000,tau_10
1228,1.00000,9.58438,1.80952,0.10012,32.00000,30.00000,tau_10
1233,1.00000,9.59316,1.75092,0.10989,32.00000,30.00000,tau_10
1238,1.00000,9.60231,1.75092,0.10989,32.00000,30.00000,tau_10
1243,1.00000,9.61109,1.78022,0.10012,32.00000,30.00000,tau_10
1248,1.00000,9.61986,1.75092,0.10012,32.00000,30.00000,tau_10
1253,1.00000,9.62901,1.80952,0.10501,32.00000,30.00000,tau_10
1258,1.00000,9.63817,1.79487,0.10989,32.00000,30.00000,tau_10
1263,1.00000,9.64694,1.69231,0.11477,32.00000,30.00000,tau_10
1268,1.00000,9.65610,1.78022,0.10012,32.00000,30.00000,tau_10
1273,1.00000,9.66525,1.78022,0.10012,32.00000,30.00000,tau_10
1278,1.00000,9.67403,1.76557,0.10501,32.00000,30.00000,tau_10
1283,1.00000,9.68318,1.80952,0.10989,32.00000,30.00000,tau_10
1289,1.00000,9.69196,1.70696,0.11477,32.00000,30.00000,tau_10
1294,1.00000,9.70073,1.75092,0.10012,32.00000,30.00000,tau_10
1299,1.00000,9.70989,1.82418,0.09524,32.00000,30.00000,tau_10
1304,1.00000,9.71904,1.78022,0.10501,32.00000,30.00000,tau_10
1309,1.00000,9.72782,1.76557,0.10989,32.00000,30.00000,tau_10
1314,1.00000,9.73697,1.75092,0.10989,32.00000,30.00000,tau_10
1319,1.00000,9.74575,1.73627,0.10501,32.00000,30.00000,tau_10
1324,1.00000,9.75452,1.78022,0.10012,32.00000,30.00000,tau_10
1329,1.00000,9.76406,1.82418,0.10012,32.00000,30.00000,tau_10
1334,1.00000,9.77283,1.75092,0.11477,32.00000,30.00000,tau_10
1339,1.00000,9.78160,1.70696,0.10989,32.00000,30.00000,tau_10
1344,1.00000,9.79076,1.78022,0.09524,32.00000,30.00000,tau_10
1349,1.00000,9.79953,1.75092,0.10012,32.00000,30.00000,tau_10
1354,1.00000,9.80869,1.79487,0.10501,32.00000,30.00000,tau_10
1359,1.00000,9.81785,1.80952,0.10989,32.00000,30.00000,tau_10
1364,1.00000,9.82624,1.69231,0.12454,32.00000,30.00000,tau_10
1369,1.00000,9.83539,1.78022,0.10012,32.00000,30.00000,tau_10
1374,1.00000,9.84455,1.80952,0.09524,32.00000,30.00000,tau_10
1379,1.00000,9.85332,1.75092,0.10989,32.00000,30.00000,tau_10
1385,1.00000,9.86248,1.80952,0.10989,32.00000,30.00000,tau_10
1390,1.00000,9.87125,1.73627,0.10989,32.00000,30.00000,tau_10
1395,1.00000,9.88003,1.70696,0.10989,32.00000,30.00000,tau_10
1400,1.00000,9.88918,1.80952,0.10012,32.00000,30.00000,tau_10
1405,1.00000,9.89834,1.80952,0.10501,32.00000,30.00000,tau_10
1410,1.00000,9.90711,1.72161,0.12454,32.00000,30.00000,tau_10
1415,1.00000,9.91589,1.73627,0.11966,32.00000,30.00000,tau_10
1420,1.00000,9.92504,1.76557,0.10501,32.00000,30.00000,tau_10
1425,1.00000,9.93382,1.73627,0.10989,32.00000,30.00000,tau_10
1430,1.00000,9.94297,1.80952,0.10501,32.00000,30.00000,tau_10
1435,1.00000,9.95174,1.79487,0.11477,32.00000,30.00000,tau_10
1440,1.00000,9.96052,1.66301,0.12454,32.00000,30.00000,tau_10
1445,1.00000,9.96929,1.76557,0.10989,32.00000,30.00000,tau_10
1450,1.00000,9.97845,1.79487,0.10501,32.00000,30.00000,tau_10
1455,1.00000,9.98722,1.75092,0.11477,32.00000,30.00000,tau_10
1460,1.00000,9.99638,1.80952,0.11477,32.00000,30.00000,tau_10
1465,1.00000,10.00515,1.69231,0.11966,32.00000,30.00000,tau_10
1470,1.00000,10.01392,1.70696,0.10989,32.00000,30.00000,tau_10
1476,1.00000,10.02308,1.80952,0.10501,32.00000,30.00000,tau_10
1481,1.00000,10.03185,1.76557,0.10989,32.00000,30.00000,tau_10
1486,1.00000,10.04063,1.75092,0.11966,32.00000,30.00000,tau_10
1491,1.00000,10.04978,1.75092,0.11477,32.00000,30.00000,tau_10
1496,1.00000,10.05856,1.70696,0.11477,32.00000,30.00000,tau_10
1501,1.00000,10.06733,1.75092,0.10989,32.00000,30.00000,tau_10
1506,1.00000,10.07648,1.80952,0.10501,32.00000,30.00000,tau_10
1511,1.00000,10.08526,1.76557,0.11966,32.00000,30.00000,tau_10
1516,1.00000,10.09403,1.69231,0.12454,32.00000,30.00000,tau_10
1521,1.00000,10.10281,1.75092,0.11477,32.00000,30.00000,tau_10
1526,1.00000,10.11196,1.75092,0.10989,32.00000,30.00000,tau_10
1531,1.00000,10.12074,1.75092,0.10501,32.00000,30.00000,tau_10
1536,1.00000,10.12989,1.80952,0.11477,32.00000,30.00000,tau_10
1541,1.00000,10.13828,1.70696,0.12454,32.00000,30.00000,tau_10
1546,1.00000,10.14706,1.72161,0.11477,32.00000,30.00000,tau_10
1551,1.00000,10.15621,1.79487,0.10501,32.00000,30.00000,tau_10
1556,1.00000,10.16499,1.72161,0.11477,32.00000,30.00000,tau_10
1562,1.00000,10.17414,1.79487,0.12454,32.00000,30.00000,tau_10
1567,1.00000,10.18292,1.75092,0.11966,32.00000,30.00000,tau_10
1572,1.00000,10.19131,1.67766,0.11966,32.00000,30.00000,tau_10
1577,1.00000,10.20046,1.76557,0.10989,32.00000,30.00000,tau_10
1582,1.00000,10.20962,1.79487,0.10989,32.00000,30.00000,tau_10
1587,1.00000,10.21840,1.73627,0.12454,32.00000,30.00000,tau_10
1592,1.00000,10.22717,1.73627,0.12454,32.00000,30.00000,tau_10
1597,1.00000,10.23594,1.73627,0.11477,32.00000,30.00000,tau_10
1602,1.00000,10.24472,1.72161,0.11966,32.00000,30.00000,tau_10
1607,1.00000,10.25387,1.76557,0.11477,32.00000,30.00000,tau_10
1612,1.00000,10.26265,1.80952,0.11477,32.00000,30.00000,tau_10
1617,1.00000,10.27142,1.66301,0.12454,32.00000,30.00000,tau_10
1622,1.00000,10.28019,1.67766,0.11966,32.00000,30.00000,tau_10
1627,1.00000,10.28897,1.79487,0.10989,32.00000,30.00000,tau_10
1632,1.00000,10.29774,1.72161,0.11966,32.00000,30.00000,tau_10
1637,1.00000,10.30690,1.79487,0.11477,32.00000,30.00000,tau_10
1642,1.00000,10.31567,1.73627,0.11966,32.00000,30.00000,tau_10
1647,1.00000,10.32406,1.63370,0.12943,32.00000,30.00000,tau_10
1653,1.00000,10.33322,1.76557,0.11966,32.00000,30.00000,tau_10
1658,1.00000,10.34199,1.78022,0.11966,32.00000,30.00000,tau_10
1663,1.00000,10.35077,1.73627,0.12454,32.00000,30.00000,tau_10
1668,1.00000,10.35992,1.76557,0.11966,32.00000,30.00000,tau_10
1673,1.00000,10.36870,1.70696,0.11477,32.00000,30.00000,tau_10
1678,1.00000,10.37709,1.70696,0.11966,32.00000,30.00000,tau_10
1683,1.00000,10.38624,1.76557,0.11966,32.00000,30.00000,tau_10
1688,1.00000,10.39502,1.78022,0.11966,32.00000,30.00000,tau_10
1693,1.00000,10.40379,1.69231,0.13431,32.00000,30.00000,tau_10
1698,1.00000,10.41257,1.72161,0.11966,32.00000,30.00000,tau_10
1703,1.00000,10.42134,1.76557,0.11477,32.00000,30.00000,tau_10
1708,1.00000,10.43011,1.72161,0.12454,32.00000,30.00000,tau_10
1713,1.00000,10.43927,1.78022,0.12454,32.00000,30.00000,tau_10
1718,1.00000,10.44804,1.75092,0.12454,32.00000,30.00000,tau_10
1723,1.00000,10.45644,1.61905,0.13431,32.00000,30.00000,tau_10
1728,1.00000,10.46521,1.78022,0.11966,32.00000,30.00000,tau_10
1733,1.00000,10.47437,1.78022,0.11966,32.00000,30.00000,tau_10
1738,1.00000,10.48314,1.72161,0.12454,32.00000,30.00000,tau_10
1744,1.00000,10.49191,1.78022,0.12943,32.00000,30.00000,tau_10
1749,1.00000,10.50069,1.67766,0.12943,32.00000,30.00000,tau_10
1754,1.00000,10.50908,1.66301,0.12454,32.00000,30.00000,tau_10
1759,1.00000,10.51785,1.76557,0.11966,32.00000,30.00000,tau_10
1764,1.00000,10.52701,1.78022,0.11966,32.00000,30.00000,tau_10
1769,1.00000,10.53540,1.72161,0.13431,32.00000,30.00000,tau_10
1774,1.00000,10.54417,1.72161,0.12943,32.00000,30.00000,tau_10
1779,1.00000,10.55295,1.72161,0.12454,32.00000,30.00000,tau_10
1784,1.00000,10.56134,1.66301,0.12943,32.00000,30.00000,tau_10
1789,1.00000,10.57050,1.75092,0.12943,32.00000,30.00000,tau_10
1794,1.00000,10.57927,1.76557,0.13431,32.00000,30.00000,tau_10
1799,1.00000,10.58766,1.64835,0.14408,32.00000,30.00000,tau_10
1804,1.00000,10.59682,1.73627,0.12454,32.00000,30.00000,tau_10
1809,1.00000,10.60559,1.79487,0.10989,32.00000,30.00000,tau_10
1814,1.00000,10.61437,1.69231,0.11966,32.00000,30.00000,tau_10
1819,1.00000,10.62314,1.75092,0.13431,32.00000,30.00000,tau_10
1824,1.00000,10.63153,1.67766,0.14408,32.00000,30.00000,tau_10
1829,1.00000,10.63993,1.63370,0.14408,32.00000,30.00000,tau_10
1835,1.00000,10.64908,1.78022,0.12943,32.00000,30.00000,tau_10
1840,1.00000,10.65785,1.76557,0.11966,32.00000,30.00000,tau_10
1845,1.00000,10.66663,1.73627,0.12454,32.00000,30.00000,tau_10
1850,1.00000,10.67540,1.73627,0.12943,32.00000,30.00000,tau_10
1855,1.00000,10.68418,1.67766,0.13431,32.00000,30.00000,tau_10
1860,1.00000,10.69257,1.66301,0.13431,32.00000,30.00000,tau_10
1865,1.00000,10.70134,1.76557,0.12943,32.00000,30.00000,tau_10
1870,1.00000,10.71050,1.79487,0.12454,32.00000,30.00000,tau_10
1875,1.00000,10.71889,1.69231,0.12943,32.00000,30.00000,tau_10
1880,1.00000,10.72766,1.70696,0.12454,32.00000,30.00000,tau_10
1885,1.00000,10.73644,1.69231,0.13431,32.00000,30.00000,tau_10
1890,1.00000,10.74445,1.63370,0.14896,32.00000,30.00000,tau_10
1895,1.00000,10.75360,1.76557,0.14408,32.00000,30.00000,tau_10
1900,1.00000,10.76238,1.78022,0.13919,32.00000,30.00000,tau_10
1905,1.00000,10.77077,1.64835,0.13919,32.00000,30.00000,tau_10
1910,1.00000,10.77993,1.76557,0.12454,32.00000,30.00000,tau_10
1915,1.00000,10.78870,1.72161,0.12943,32.00000,30.00000,tau_10
1920,1.00000,10.79671,1.64835,0.14896,32.00000,30.00000,tau_10
1925,1.00000,10.80549,1.72161,0.15385,32.00000,30.00000,tau_10
1931,1.00000,10.81426,1.69231,0.13919,32.00000,30.00000,tau_10
1936,1.00000,10.82303,1.67766,0.13431,32.00000,30.00000,tau_10
1941,1.00000,10.83181,1.76557,0.11966,32.00000,30.00000,tau_10
1946,1.00000,10.84058,1.75092,0.12454,32.00000,30.00000,tau_10
1951,1.00000,10.84897,1.67766,0.14408,32.00000,30.00000,tau_10
1956,1.00000,10.85737,1.64835,0.14896,32.00000,30.00000,tau_10
1961,1.00000,10.86614,1.67766,0.14408,32.00000,30.00000,tau_10
1966,1.00000,10.87491,1.69231,0.13919,32.00000,30.00000,tau_10
1971,1.00000,10.88369,1.78022,0.12454,32.00000,30.00000,tau_10
1976,1.00000,10.89285,1.79487,0.11966,32.00000,30.00000,tau_10
1981,1.00000,10.90124,1.63370,0.13919,32.00000,30.00000,tau_10
1986,1.00000,10.90963,1.66301,0.13919,32.00000,30.00000,tau_10
1991,1.00000,10.91840,1.70696,0.13919,32.00000,30.00000,tau_10
1996,1.00000,10.92680,1.64835,0.14896,32.00000,30.00000,tau_10
2001,1.00000,10.93557,1.79487,0.13431,32.00000,30.00000,tau_10
2006,1.00000,10.94473,1.75092,0.13431,32.00000,30.00000,tau_10
2011,1.00000,10.95312,1.61905,0.13431,32.00000,30.00000,tau_10
2017,1.00000,10.96189,1.73627,0.13431,32.00000,30.00000,tau_10
2022,1.00000,10.97028,1.69231,0.13919,32.00000,30.00000,tau_10
2027,1.00000,10.97868,1.66301,0.15385,32.00000,30.00000,tau_10
2032,1.00000,10.98745,1.73627,0.14408,32.00000,30.00000,tau_10
2037,1.00000,10.99622,1.73627,0.12454,32.00000,30.00000,tau_10
2042,1.00000,11.00500,1.72161,0.12454,32.00000,30.00000,tau_10
2047,1.00000,11.01415,1.76557,0.11966,32.00000,30.00000,tau_10
2052,1.00000,11.02293,1.73627,0.12943,32.00000,30.00000,tau_10
2057,1.00000,11.03094,1.63370,0.15385,32.00000,30.00000,tau_10
2062,1.00000,11.03971,1.66301,0.14408,32.00000,30.00000,tau_10
2067,1.00000,11.04848,1.75092,0.12454,32.00000,30.00000,tau_10
2072,1.00000,11.05726,1.72161,0.12454,32.00000,30.00000,tau_10
2077,1.00000,11.06641,1.80952,0.11477,32.00000,30.00000,tau_10
2082,1.00000,11.07557,1.79487,0.12454,32.00000,30.00000,tau_10
2087,1.00000,11.08396,1.61905,0.13431,32.00000,30.00000,tau_10
2092,1.00000,11.09236,1.70696,0.12943,32.00000,30.00000,tau_10
2097,1.00000,11.10113,1.75092,0.12943,32.00000,30.00000,tau_10
2102,1.00000,11.10990,1.72161,0.13431,32.00000,30.00000,tau_10
2108,1.00000,11.11906,1.80952,0.12454,32.00000,30.00000,tau_10
2113,1.00000,11.12783,1.72161,0.12454,32.00000,30.00000,tau_10
2118,1.00000,11.13622,1.66301,0.12454,32.00000,30.00000,tau_10
2123,1.00000,11.14500,1.70696,0.12454,32.00000,30.00000,tau_10
2128,1.00000,11.15339,1.69231,0.13431,32.00000,30.00000,tau_10
2133,1.00000,11.16178,1.69231,0.15385,32.00000,30.00000,tau_10
2138,1.00000,11.17094,1.73627,0.13919,32.00000,30.00000,tau_10
2143,1.00000,11.17971,1.75092,0.12454,32.00000,30.00000,tau_10
2148,1.00000,11.18849,1.72161,0.11966,32.00000,30.00000,tau_10
2153,1.00000,11.19764,1.76557,0.11966,32.00000,30.00000,tau_10
2158,1.00000,11.20642,1.75092,0.12943,32.00000,30.00000,tau_10
2163,1.00000,11.21443,1.61905,0.14896,32.00000,30.00000,tau_10
2168,1.00000,11.22320,1.70696,0.13431,32.00000,30.00000,tau_10
2173,1.00000,11.23236,1.79487,0.11966,32.00000,30.00000,tau_10
2178,1.00000,11.24113,1.70696,0.12454,32.00000,30.00000,tau_10
2183,1.00000,11.24990,1.78022,0.12454,32.00000,30.00000,tau_10
2188,1.00000,11.25868,1.70696,0.12943,32.00000,30.00000,tau_10
2193,1.00000,11.26707,1.61905,0.13919,32.00000,30.00000,tau_10
2199,1.00000,11.27584,1.75092,0.12454,32.00000,30.00000,tau_10
2204,1.00000,11.28500,1.78022,0.11966,32.00000,30.00000,tau_10
2209,1.00000,11.29378,1.75092,0.12454,32.00000,30.00000,tau_10
2214,1.00000,11.30255,1.76557,0.11966,32.00000,30.00000,tau_10
2219,1.00000,11.31132,1.72161,0.11966,32.00000,30.00000,tau_10
2224,1.00000,11.31972,1.67766,0.12943,32.00000,30.00000,tau_10
2229,1.00000,11.32849,1.73627,0.12943,32.00000,30.00000,tau_10
2234,1.00000,11.33764,1.78022,0.12943,32.00000,30.00000,tau_10
2239,1.00000,11.34642,1.70696,0.13431,32.00000,30.00000,tau_10
2244,1.00000,11.35519,1.73627,0.11966,32.00000,30.00000,tau_10
2249,1.00000,11.36435,1.76557,0.10501,32.00000,30.00000,tau_10
2254,1.00000,11.37274,1.70696,0.11966,32.00000,30.00000,tau_10
2259,1.00000,11.38151,1.76557,0.12454,32.00000,30.00000,tau_10
2264,1.00000,11.39029,1.73627,0.13431,32.00000,30.00000,tau_10
2269,1.00000,11.39906,1.64835,0.13919,32.00000,30.00000,tau_10
2274,1.00000,11.40784,1.79487,0.11966,32.00000,30.00000,tau_10
2279,1.00000,11.41699,1.79487,0.11477,32.00000,30.00000,tau_10
2284,1.00000,11.42576,1.75092,0.11966,32.00000,30.00000,tau_10
2290,1.00000,11.43492,1.76557,0.12943,32.00000,30.00000,tau_10
2295,1.00000,11.44331,1.66301,0.12943,32.00000,30.00000,tau_10
2300,1.00000,11.45209,1.67766,0.12454,32.00000,30.00000,tau_10
2305,1.00000,11.46086,1.80952,0.10989,32.00000,30.00000,tau_10
2310,1.00000,11.47001,1.80952,0.10989,32.00000,30.00000,tau_10
2315,1.00000,11.47917,1.73627,0.11966,32.00000,30.00000,tau_10
2320,1.00000,11.48795,1.73627,0.11477,32.00000,30.00000,tau_10
2325,1.00000,11.49672,1.72161,0.10989,32.00000,30.00000,tau_10
2330,1.00000,11.50511,1.69231,0.11966,32.00000,30.00000,tau_10
2335,1.00000,11.51427,1.79487,0.11966,32.00000,30.00000,tau_10
2340,1.00000,11.52304,1.79487,0.12943,32.00000,30.00000,tau_10
2345,1.00000,11.53181,1.67766,0.12943,32.00000,30.00000,tau_10
2350,1.00000,11.54097,1.76557,0.10989,32.00000,30.00000,tau_10
2355,1.00000,11.54974,1.76557,0.11477,32.00000,30.00000,tau_10
2360,1.00000,11.55852,1.69231,0.11966,32.00000,30.00000,tau_10
2365,1.00000,11.56729,1.79487,0.11966,32.00000,30.00000,tau_10
2370,1.00000,11.57607,1.70696,0.12454,32.00000,30.00000,tau_10
2375,1.00000,11.58484,1.72161,0.11477,32.00000,30.00000,tau_10
2381,1.00000,11.59438,1.80952,0.10012,32.00000,30.00000,tau_10
2386,1.00000,11.60315,1.76557,0.10989,32.00000,30.00000,tau_10
2391,1.00000,11.61193,1.75092,0.12454,32.00000,30.00000,tau_10
2396,1.00000,11.62070,1.75092,0.11966,32.00000,30.00000,tau_10
2401,1.00000,11.62947,1.70696,0.11966,32.00000,30.00000,tau_10
2406,1.00000,11.63825,1.73627,0.11477,32.00000,30.00000,tau_10
2411,1.00000,11.64740,1.82418,0.10989,32.00000,30.00000,tau_10
2416,1.00000,11.65656,1.78022,0.11477,32.00000,30.00000,tau_10
2421,1.00000,11.66533,1.70696,0.11966,32.00000,30.00000,tau_10
2426,1.00000,11.67449,1.76557,0.10989,32.00000,30.00000,tau_10
2431,1.00000,11.68326,1.73627,0.10989,32.00000,30.00000,tau_10
2436,1.00000,11.69204,1.76557,0.10501,32.00000,30.00000,tau_10
2441,1.00000,11.70119,1.82418,0.10501,32.00000,30.00000,tau_10
2446,1.00000,11.70996,1.72161,0.11966,32.00000,30.00000,tau_10
2451,1.00000,11.71912,1.76557,0.10501,32.00000,30.00000,tau_10
2456,1.00000,11.72828,1.79487,0.09524,32.00000,30.00000,tau_10
2461,1.00000,11.73705,1.72161,0.10989,32.00000,30.00000,tau_10
2466,1.00000,11.74582,1.80952,0.11477,32.00000,30.00000,tau_10
2472,1.00000,11.75498,1.75092,0.11477,32.00000,30.00000,tau_10
2477,1.00000,11.76375,1.69231,0.11477,32.00000,30.00000,tau_10
2482,1.00000,11.77253,1.79487,0.10012,32.00000,30.00000,tau_10
2487,1.00000,11.78168,1.79487,0.10012,32.00000,30.00000,tau_10
2492,1.00000,11.79046,1.73627,0.11966,32.00000,30.00000,tau_10
2497,1.00000,11.79961,1.76557,0.11966,32.00000,30.00000,tau_10
2502,1.00000,11.80839,1.75092,0.10989,32.00000,30.00000,tau_10
2507,1.00000,11.81716,1.72161,0.10989,32.00000,30.00000,tau_10
2512,1.00000,11.82631,1.79487,0.10012,32.00000,30.00000,tau_10
2517,1.00000,11.83547,1.82418,0.10501,32.00000,30.00000,tau_10
2522,1.00000,11.84424,1.69231,0.11966,32.00000,30.00000,tau_10
2527,1.00000,11.85302,1.75092,0.11477,32.00000,30.00000,tau_10
2532,1.00000,11.86217,1.79487,0.10501,32.00000,30.00000,tau_10
2537,1.00000,11.87095,1.72161,0.10989,32.00000,30.00000,tau_10
2542,1.00000,11.88010,1.82418,0.10501,32.00000,30.00000,tau_10
2547,1.00000,11.88888,1.75092,0.11966,32.00000,30.00000,tau_10
2552,1.00000,11.89765,1.70696,0.11477,32.00000,30.00000,tau_10
2557,1.00000,11.90681,1.80952,0.10501,32.00000,30.00000,tau_10
2563,1.00000,11.91558,1.76557,0.10501,32.00000,30.00000,tau_10
2568,1.00000,11.92473,1.75092,0.11477,32.00000,30.00000,tau_10
2573,1.00000,11.93351,1.78022,0.11477,32.00000,30.00000,tau_10
2578,1.00000,11.94228,1.72161,0.11477,32.00000,30.00000,tau_10
2583,1.00000,11.95144,1.72161,0.10989,32.00000,30.00000,tau_10
2588,1.00000,11.96021,1.78022,0.10501,32.00000,30.00000,tau_10
2593,1.00000,11.96937,1.78022,0.11477,32.00000,30.00000,tau_10
2598,1.00000,11.97776,1.70696,0.12454,32.00000,30.00000,tau_10
2603,1.00000,11.98692,1.75092,0.11477,32.00000,30.00000,tau_10
2608,1.00000,11.99569,1.75092,0.11966,32.00000,30.00000,tau_10
2613,1.00000,12.00446,1.72161,0.11477,32.00000,30.00000,tau_10
2618,1.00000,12.01362,1.80952,0.10989,32.00000,30.00000,tau_10
2623,1.00000,12.02239,1.73627,0.12454,32.00000,30.00000,tau_10
2628,1.00000,12.03117,1.69231,0.11966,32.00000,30.00000,tau_10
2633,1.00000,12.04032,1.78022,0.11477,32.00000,30.00000,tau_10
2638,1.00000,12.04910,1.72161,0.11477,32.00000,30.00000,tau_10
2643,1.00000,12.05787,1.78022,0.11477,32.00000,30.00000,tau_10
2649,1.00000,12.06703,1.78022,0.11477,32.00000,30.00000,tau_10
2654,1.00000,12.07542,1.67766,0.12454,32.00000,30.00000,tau_10
2659,1.00000,12.08419,1.73627,0.11966,32.00000,30.00000,tau_10
2664,1.00000,12.09335,1.78022,0.11477,32.00000,30.00000,tau_10
2669,1.00000,12.10250,1.75092,0.11966,32.00000,30.00000,tau_10
2674,1.00000,12.11128,1.75092,0.11477,32.00000,30.00000,tau_10
2679,1.00000,12.12005,1.73627,0.10989,32.00000,30.00000,tau_10
2684,1.00000,12.12882,1.70696,0.11966,32.00000,30.00000,tau_10
2689,1.00000,12.13760,1.72161,0.11966,32.00000,30.00000,tau_10
2694,1.00000,12.14675,1.80952,0.11477,32.00000,30.00000,tau_10
2699,1.00000,12.15515,1.70696,0.12454,32.00000,30.00000,tau_10
2704,1.00000,12.16392,1.69231,0.11477,32.00000,30.00000,tau_10
2709,1.00000,12.17308,1.78022,0.10989,32.00000,30.00000,tau_10
2714,1.00000,12.18185,1.70696,0.11966,32.00000,30.00000,tau_10
2719,1.00000,12.19062,1.75092,0.11966,32.00000,30.00000,tau_10
2724,1.00000,12.19978,1.75092,0.11966,32.00000,30.00000,tau_10
2729,1.00000,12.20817,1.66301,0.12943,32.00000,30.00000,tau_10
2734,1.00000,12.21695,1.76557,0.11477,32.00000,30.00000,tau_10
2740,1.00000,12.22610,1.76557,0.11477,32.00000,30.00000,tau_10
2745,1.00000,12.23487,1.72161,0.12454,32.00000,30.00000,tau_10
2750,1.00000,12.24365,1.76557,0.12454,32.00000,30.00000,tau_10
2755,1.00000,12.25242,1.72161,0.12454,32.00000,30.00000,tau_10
2760,1.00000,12.26081,1.67766,0.12943,32.00000,30.00000,tau_10
2765,1.00000,12.26997,1.75092,0.11966,32.00000,30.00000,tau_10
2770,1.00000,12.27874,1.79487,0.11966,32.00000,30.00000,tau_10
2775,1.00000,12.28752,1.72161,0.12943,32.00000,30.00000,tau_10
2780,1.00000,12.29667,1.73627,0.11966,32.00000,30.00000,tau_10
2785,1.00000,12.30545,1.75092,0.10989,32.00000,30.00000,tau_10
2790,1.00000,12.31384,1.67766,0.12454,32.00000,30.00000,tau_10
2795,1.00000,12.32299,1.75092,0.11966,32.00000,30.00000,tau_10
2800,1.00000,12.33177,1.79487,0.12454,32.00000,30.00000,tau_10
2805,1.00000,12.34054,1.67766,0.12943,32.00000,30.00000,tau_10
2810,1.00000,12.34932,1.75092,0.11477,32.00000,30.00000,tau_10
2815,1.00000,12.35847,1.75092,0.11966,32.00000,30.00000,tau_10
2820,1.00000,12.36687,1.67766,0.12943,32.00000,30.00000,tau_10
2825,1.00000,12.37564,1.78022,0.13431,32.00000,30.00000,tau_10
2830,1.00000,12.38441,1.73627,0.12454,32.00000,30.00000,tau_10
2836,1.00000,12.39319,1.69231,0.12454,32.00000,30.00000,tau_10
2841,1.00000,12.40234,1.78022,0.10989,32.00000,30.00000,tau_10
2846,1.00000,12.41112,1.76557,0.11477,32.00000,30.00000,tau_10
2851,1.00000,12.41989,1.70696,0.12943,32.00000,30.00000,tau_10
2856,1.00000,12.42866,1.73627,0.12943,32.00000,30.00000,tau_10
2861,1.00000,12.43744,1.73627,0.12454,32.00000,30.00000,tau_10
2866,1.00000,12.44583,1.70696,0.12454,32.00000,30.00000,tau_10
2871,1.00000,12.45499,1.76557,0.11477,32.00000,30.00000,tau_10
2876,1.00000,12.46414,1.79487,0.11966,32.00000,30.00000,tau_10
2881,1.00000,12.47253,1.67766,0.12943,32.00000,30.00000,tau_10
2886,1.00000,12.48131,1.72161,0.12454,32.00000,30.00000,tau_10
2891,1.00000,12.49008,1.75092,0.11966,32.00000,30.00000,tau_10
2896,1.00000,12.49886,1.66301,0.12943,32.00000,30.00000,tau_10
2901,1.00000,-12.49275,1.78022,0.12454,32.00000,30.00000,tau_10
2906,1.00000,-12.48398,1.76557,0.11966,32.00000,30.00000,tau_10
2911,1.00000,-12.47520,1.67766,0.12454,32.00000,30.00000,tau_10
2916,1.00000,-12.46643,1.76557,0.11966,32.00000,30.00000,tau_10
2921,1.00000,-12.45727,1.72161,0.12454,32.00000,30.00000,tau_10
2927,1.00000,-12.44888,1.69231,0.13431,32.00000,30.00000,tau_10
2932,1.00000,-12.44011,1.75092,0.12943,32.00000,30.00000,tau_10
2937,1.00000,-12.43133,1.75092,0.12454,32.00000,30.00000,tau_10
2942,1.00000,-12.42256,1.72161,0.12454,32.00000,30.00000,tau_10
2947,1.00000,-12.41341,1.76557,0.11966,32.00000,30.00000,tau_10
2952,1.00000,-12.40463,1.75092,0.12454,32.00000,30.00000,tau_10
2957,1.00000,-12.39624,1.67766,0.13919,32.00000,30.00000,tau_10
2962,1.00000,-12.38746,1.72161,0.12943,32.00000,30.00000,tau_10
2967,1.00000,-12.37831,1.75092,0.12454,32.00000,30.00000,tau_10
2972,1.00000,-12.36992,1.70696,0.12454,32.00000,30.00000,tau_10
2977,1.00000,-12.36076,1.80952,0.11477,32.00000,30.00000,tau_10
2982,1.00000,-12.35199,1.76557,0.11966,32.00000,30.00000,tau_10
2987,1.00000,-12.34321,1.64835,0.12943,32.00000,30.00000,tau_10
2992,1.00000,-12.33444,1.75092,0.12454,32.00000,30.00000,tau_10
2997,1.00000,-12.32567,1.70696,0.12943,32.00000,30.00000,tau_10
3002,1.00000,-12.31689,1.73627,0.12454,32.00000,30.00000,tau_10
3007,1.00000,-12.30774,1.80952,0.11966,32.00000,30.00000,tau_10
3012,1.00000,-12.29896,1.75092,0.11477,32.00000,30.00000,tau_10
3018,1.00000,-12.29019,1.72161,0.11477,32.00000,30.00000,tau_10
3023,1.00000,-12.28141,1.75092,0.11966,32.00000,30.00000,tau_10
3028,1.00000,-12.27264,1.73627,0.12943,32.00000,30.00000,tau_10
3033,1.00000,-12.26387,1.72161,0.12943,32.00000,30.00000,tau_10
3038,1.00000,-12.25509,1.76557,0.11477,32.00000,30.00000,tau_10
3043,1.00000,-12.24594,1.76557,0.10989,32.00000,30.00000,tau_10
3048,1.00000,-12.23716,1.72161,0.10989,32.00000,30.00000,tau_10
3053,1.00000,-12.22801,1.78022,0.11477,32.00000,30.00000,tau_10
3058,1.00000,-12.21962,1.72161,0.12943,32.00000,30.00000,tau_10
3063,1.00000,-12.21084,1.67766,0.12943,32.00000,30.00000,tau_10
3068,1.00000,-12.20169,1.78022,0.11477,32.00000,30.00000,tau_10
3073,1.00000,-12.19291,1.76557,0.10989,32.00000,30.00000,tau_10
3078,1.00000,-12.18414,1.73627,0.10989,32.00000,30.00000,tau_10
3083,1.00000,-12.17498,1.80952,0.11477,32.00000,30.00000,tau_10
3088,1.00000,-12.16621,1.67766,0.12454,32.00000,30.00000,tau_10
3093,1.00000,-12.15782,1.70696,0.11477,32.00000,30.00000,tau_10
3098,1.00000,-12.14866,1.76557,0.11477,32.00000,30.00000,tau_10
3103,1.00000,-12.13989,1.72161,0.12454,32.00000,30.00000,tau_10
3109,1.00000,-12.13111,1.78022,0.11966,32.00000,30.00000,tau_10
3114,1.00000,-12.12196,1.78022,0.10989,32.00000,30.00000,tau_10
3119,1.00000,-12.11318,1.72161,0.10989,32.00000,30.00000,tau_10
3124,1.00000,-12.10441,1.70696,0.11477,32.00000,30.00000,tau_10
3129,1.00000,-12.09564,1.73627,0.11966,32.00000,30.00000,tau_10
3134,1.00000,-12.08686,1.72161,0.13431,32.00000,30.00000,tau_10
3139,1.00000,-12.07809,1.73627,0.12454,32.00000,30.00000,tau_10
3144,1.00000,-12.06893,1.80952,0.10501,32.00000,30.00000,tau_10
3149,1.00000,-12.06016,1.72161,0.10989,32.00000,30.00000,tau_10
3154,1.00000,-12.05100,1.73627,0.11477,32.00000,30.00000,tau_10
3159,1.00000,-12.04223,1.78022,0.11966,32.00000,30.00000,tau_10
3164,1.00000,-12.03384,1.69231,0.12943,32.00000,30.00000,tau_10
3169,1.00000,-12.02468,1.75092,0.11966,32.00000,30.00000,tau_10
3174,1.00000,-12.01553,1.80952,0.10501,32.00000,30.00000,tau_10
3179,1.00000,-12.00675,1.70696,0.11477,32.00000,30.00000,tau_10
3184,1.00000,-11.99760,1.78022,0.11966,32.00000,30.00000,tau_10
3189,1.00000,-11.98882,1.72161,0.12454,32.00000,30.00000,tau_10
3194,1.00000,-11.98043,1.67766,0.12943,32.00000,30.00000,tau_10
3200,1.00000,-11.97128,1.78022,0.11477,32.00000,30.00000,tau_10
3205,1.00000,-11.96250,1.76557,0.10989,32.00000,30.00000,tau_10
3210,1.00000,-11.95373,1.73627,0.12454,32.00000,30.00000,tau_10
3215,1.00000,-11.94457,1.75092,0.11477,32.00000,30.00000,tau_10
3220,1.00000,-11.93580,1.75092,0.11477,32.00000,30.00000,tau_10
3225,1.00000,-11.92702,1.69231,0.11966,32.00000,30.00000,tau_10
3230,1.00000,-11.91825,1.75092,0.11477,32.00000,30.00000,tau_10
3235,1.00000,-11.90909,1.78022,0.11477,32.00000,30.00000,tau_10
3240,1.00000,-11.90070,1.69231,0.12943,32.00000,30.00000,tau_10
3245,1.00000,-11.89155,1.78022,0.11966,32.00000,30.00000,tau_10
3250,1.00000,-11.88239,1.79487,0.10501,32.00000,30.00000,tau_10
3255,1.00000,-11.87400,1.67766,0.11966,32.00000,30.00000,tau_10
3260,1.00000,-11.86522,1.76557,0.11477,32.00000,30.00000,tau_10
3265,1.00000,-11.85607,1.76557,0.11966,32.00000,30.00000,tau_10
3270,1.00000,-11.84730,1.70696,0.12454,32.00000,30.00000,tau_10
3275,1.00000,-11.83852,1.80952,0.10501,32.00000,30.00000,tau_10
3280,1.00000,-11.82937,1.76557,0.10501,32.00000,30.00000,tau_10
3286,1.00000,-11.82059,1.72161,0.11477,32.00000,30.00000,tau_10
3291,1.00000,-11.81182,1.75092,0.11966,32.00000,30.00000,tau_10
3296,1.00000,-11.80304,1.73627,0.11966,32.00000,30.00000,tau_10
3301,1.00000,-11.79389,1.73627,0.11966,32.00000,30.00000,tau_10
3306,1.00000,-11.78512,1.79487,0.10989,32.00000,30.00000,tau_10
3311,1.00000,-11.77596,1.79487,0.10501,32.00000,30.00000,tau_10
3316,1.00000,-11.76719,1.70696,0.11966,32.00000,30.00000,tau_10
3321,1.00000,-11.75841,1.75092,0.11477,32.00000,30.00000,tau_10
3326,1.00000,-11.74964,1.76557,0.11477,32.00000,30.00000,tau_10
3331,1.00000,-11.74086,1.69231,0.12454,32.00000,30.00000,tau_10
3336,1.00000,-11.73171,1.79487,0.11477,32.00000,30.00000,tau_10
3341,1.00000,-11.72293,1.78022,0.11477,32.00000,30.00000,tau_10
3346,1.00000,-11.71378,1.72161,0.10989,32.00000,30.00000,tau_10
3351,1.00000,-11.70462,1.82418,0.10501,32.00000,30.00000,tau_10
3356,1.00000,-11.69585,1.75092,0.10989,32.00000,30.00000,tau_10
3361,1.00000,-11.68708,1.72161,0.10989,32.00000,30.00000,tau_10
3366,1.00000,-11.67792,1.78022,0.10989,32.00000,30.00000,tau_10
3371,1.00000,-11.66915,1.75092,0.11477,32.00000,30.00000,tau_10
3377,1.00000,-11.65999,1.78022,0.10501,32.00000,30.00000,tau_10
3382,1.00000,-11.65122,1.79487,0.10501,32.00000,30.00000,tau_10
3387,1.00000,-11.64206,1.76557,0.10989,32.00000,30.00000,tau_10
3392,1.00000,-11.63329,1.75092,0.10989,32.00000,30.00000,tau_10
3397,1.00000,-11.62413,1.75092,0.10501,32.00000,30.00000,tau_10
3402,1.00000,-11.61536,1.75092,0.11477,32.00000,30.00000,tau_10
3407,1.00000,-11.60658,1.75092,0.10501,32.00000,30.00000,tau_10
3412,1.00000,-11.59705,1.80952,0.10012,32.00000,30.00000,tau_10
3417,1.00000,-11.58865,1.72161,0.10501,32.00000,30.00000,tau_10
3422,1.00000,-11.57950,1.72161,0.10989,32.00000,30.00000,tau_10
3427,1.00000,-11.57034,1.80952,0.10501,32.00000,30.00000,tau_10
3432,1.00000,-11.56195,1.72161,0.11477,32.00000,30.00000,tau_10
3437,1.00000,-11.55280,1.76557,0.10501,32.00000,30.00000,tau_10
3442,1.00000,-11.54364,1.80952,0.10501,32.00000,30.00000,tau_10
3447,1.00000,-11.53487,1.70696,0.10989,32.00000,30.00000,tau_10
3452,1.00000,-11.52571,1.80952,0.10501,32.00000,30.00000,tau_10
3457,1.00000,-11.51694,1.76557,0.10501,32.00000,30.00000,tau_10
3462,1.00000,-11.50816,1.70696,0.10989,32.00000,30.00000,tau_10
3468,1.00000,-11.49901,1.79487,0.10501,32.00000,30.00000,tau_10
3473,1.00000,-11.48985,1.78022,0.10501,32.00000,30.00000,tau_10
3478,1.00000,-11.48108,1.75092,0.10501,32.00000,30.00000,tau_10
3483,1.00000,-11.47192,1.79487,0.10501,32.00000,30.00000,tau_10
3488,1.00000,-11.46277,1.79487,0.10501,32.00000,30.00000,tau_10
3493,1.00000,-11.45438,1.70696,0.10989,32.00000,30.00000,tau_10
3498,1.00000,-11.44522,1.78022,0.10989,32.00000,30.00000,tau_10
3503,1.00000,-11.43606,1.80952,0.10501,32.00000,30.00000,tau_10
3508,1.00000,-11.42729,1.73627,0.10501,32.00000,30.00000,tau_10
3513,1.00000,-11.41814,1.80952,0.10012,32.00000,30.00000,tau_10
3518,1.00000,-11.40936,1.76557,0.10501,32.00000,30.00000,tau_10
3523,1.00000,-11.40059,1.69231,0.10989,32.00000,30.00000,tau_10
3528,1.00000,-11.39143,1.82418,0.10012,32.00000,30.00000,tau_10
3533,1.00000,-11.38228,1.78022,0.10989,32.00000,30.00000,tau_10
3538,1.00000,-11.37350,1.73627,0.10989,32.00000,30.00000,tau_10
3543,1.00000,-11.36435,1.79487,0.10012,32.00000,30.00000,tau_10
3548,1.00000,-11.35557,1.73627,0.10989,32.00000,30.00000,tau_10
3554,1.00000,-11.34642,1.76557,0.10012,32.00000,30.00000,tau_10
3559,1.00000,-11.33726,1.79487,0.10012,32.00000,30.00000,tau_10
3564,1.00000,-11.32849,1.75092,0.10989,32.00000,30.00000,tau_10
3569,1.00000,-11.31971,1.75092,0.10989,32.00000,30.00000,tau_10
3574,1.00000,-11.31056,1.78022,0.10501,32.00000,30.00000,tau_10
3579,1.00000,-11.30140,1.76557,0.10989,32.00000,30.00000,tau_10
3584,1.00000,-11.29263,1.75092,0.10989,32.00000,30.00000,tau_10
3589,1.00000,-11.28347,1.79487,0.10501,32.00000,30.00000,tau_10
3594,1.00000,-11.27470,1.72161,0.11477,32.00000,30.00000,tau_10
3599,1.00000,-11.26593,1.72161,0.10989,32.00000,30.00000,tau_10
3604,1.00000,-11.25677,1.80952,0.10501,32.00000,30.00000,tau_10
3609,1.00000,-11.24800,1.73627,0.10989,32.00000,30.00000,tau_10
3614,1.00000,-11.23884,1.76557,0.10989,32.00000,30.00000,tau_10
3619,1.00000,-11.22969,1.80952,0.10501,32.00000,30.00000,tau_10
3624,1.00000,-11.22129,1.72161,0.10989,32.00000,30.00000,tau_10
3629,1.00000,-11.21214,1.80952,0.10989,32.00000,30.00000,tau_10
3634,1.00000,-11.20298,1.78022,0.10501,32.00000,30.00000,tau_10
3639,1.00000,-11.19421,1.73627,0.11477,32.00000,30.00000,tau_10
3645,1.00000,-11.18505,1.78022,0.10989,32.00000,30.00000,tau_10
3650,1.00000,-11.17628,1.78022,0.10501,32.00000,30.00000,tau_10
3655,1.00000,-11.16712,1.75092,0.10989,32.00000,30.00000,tau_10
3660,1.00000,-11.15835,1.78022,0.10501,32.00000,30.00000,tau_10
3665,1.00000,-11.14919,1.79487,0.10501,32.00000,30.00000,tau_10
3670,1.00000,-11.14042,1.70696,0.11477,32.00000,30.00000,tau_10
3675,1.00000,-11.13127,1.76557,0.10501,32.00000,30.00000,tau_10
3680,1.00000,-11.12249,1.80952,0.10501,32.00000,30.00000,tau_10
3685,1.00000,-11.11372,1.73627,0.10989,32.00000,30.00000,tau_10
3690,1.00000,-11.10456,1.80952,0.10501,32.00000,30.00000,tau_10
3695,1.00000,-11.09541,1.78022,0.10989,32.00000,30.00000,tau_10
3700,1.00000,-11.08663,1.69231,0.10989,32.00000,30.00000,tau_10
3705,1.00000,-11.07748,1.82418,0.10501,32.00000,30.00000,tau_10
3710,1.00000,-11.06870,1.78022,0.10989,32.00000,30.00000,tau_10
3715,1.00000,-11.05955,1.75092,0.10989,32.00000,30.00000,tau_10
3720,1.00000,-11.05039,1.80952,0.10012,32.00000,30.00000,tau_10
3725,1.00000,-11.04162,1.75092,0.10501,32.00000,30.00000,tau_10
3730,1.00000,-11.03284,1.75092,0.10501,32.00000,30.00000,tau_10
3736,1.00000,-11.02369,1.79487,0.10501,32.00000,30.00000,tau_10
3741,1.00000,-11.01453,1.76557,0.10989,32.00000,30.00000,tau_10
3746,1.00000,-11.00576,1.75092,0.10501,32.00000,30.00000,tau_10
3751,1.00000,-10.99660,1.76557,0.10012,32.00000,30.00000,tau_10
3756,1.00000,-10.98783,1.76557,0.10501,32.00000,30.00000,tau_10
3761,1.00000,-10.97868,1.75092,0.10501,32.00000,30.00000,tau_10
3766,1.00000,-10.96990,1.80952,0.10501,32.00000,30.00000,tau_10
3771,1.00000,-10.96075,1.73627,0.11477,32.00000,30.00000,tau_10
3776,1.00000,-10.95197,1.72161,0.10501,32.00000,30.00000,tau_10
3781,1.00000,-10.94282,1.82418,0.10012,32.00000,30.00000,tau_10
3786,1.00000,-10.93404,1.73627,0.11477,32.00000,30.00000,tau_10
3791,1.00000,-10.92489,1.76557,0.10501,32.00000,30.00000,tau_10
3796,1.00000,-10.91611,1.79487,0.10989,32.00000,30.00000,tau_10
3801,1.00000,-10.90734,1.69231,0.10989,32.00000,30.00000,tau_10
3806,1.00000,-10.89818,1.78022,0.10501,32.00000,30.00000,tau_10
3811,1.00000,-10.88903,1.78022,0.10501,32.00000,30.00000,tau_10
3816,1.00000,-10.88025,1.73627,0.11477,32.00000,30.00000,tau_10
3821,1.00000,-10.87148,1.78022,0.10501,32.00000,30.00000,tau_10
3827,1.00000,-10.86233,1.76557,0.10501,32.00000,30.00000,tau_10
3832,1.00000,-10.85355,1.73627,0.11477,32.00000,30.00000,tau_10
3837,1.00000,-10.84440,1.78022,0.10989,32.00000,30.00000,tau_10
3842,1.00000,-10.83524,1.79487,0.10501,32.00000,30.00000,tau_10
3847,1.00000,-10.82647,1.70696,0.11477,32.00000,30.00000,tau_10
3852,1.00000,-10.81769,1.76557,0.10501,32.00000,30.00000,tau_10
3857,1.00000,-10.80854,1.79487,0.10501,32.00000,30.00000,tau_10
3862,1.00000,-10.79976,1.73627,0.10989,32.00000,30.00000,tau_10
3867,1.00000,-10.79061,1.78022,0.10989,32.00000,30.00000,tau_10
3872,1.00000,-10.78183,1.76557,0.11477,32.00000,30.00000,tau_10
3877,1.00000,-10.77306,1.67766,0.11477,32.00000,30.00000,tau_10
3882,1.00000,-10.76390,1.80952,0.10989,32.00000,30.00000,tau_10
3887,1.00000,-10.75513,1.79487,0.10501,32.00000,30.00000,tau_10
3892,1.00000,-10.74598,1.70696,0.11477,32.00000,30.00000,tau_10
3897,1.00000,-10.73720,1.79487,0.11477,32.00000,30.00000,tau_10
3902,1.00000,-10.72843,1.72161,0.11477,32.00000,30.00000,tau_10
3907,1.00000,-10.71965,1.75092,0.11477,32.00000,30.00000,tau_10
3912,1.00000,-10.71050,1.79487,0.10989,32.00000,30.00000,tau_10
3918,1.00000,-10.70172,1.75092,0.11477,32.00000,30.00000,tau_10
3923,1.00000,-10.69295,1.73627,0.11966,32.00000,30.00000,tau_10
3928,1.00000,-10.68379,1.73627,0.11477,32.00000,30.00000,tau_10
3933,1.00000,-10.67502,1.75092,0.11477,32.00000,30.00000,tau_10
3938,1.00000,-10.66625,1.72161,0.11966,32.00000,30.00000,tau_10
3943,1.00000,-10.65709,1.79487,0.11477,32.00000,30.00000,tau_10
3948,1.00000,-10.64832,1.75092,0.12454,32.00000,30.00000,tau_10
3953,1.00000,-10.63954,1.70696,0.11966,32.00000,30.00000,tau_10
3958,1.00000,-10.63077,1.79487,0.10989,32.00000,30.00000,tau_10
3963,1.00000,-10.62200,1.73627,0.11966,32.00000,30.00000,tau_10
3968,1.00000,-10.61322,1.70696,0.11966,32.00000,30.00000,tau_10
3973,1.00000,-10.60407,1.78022,0.11966,32.00000,30.00000,tau_10
3978,1.00000,-10.59529,1.70696,0.12454,32.00000,30.00000,tau_10
3983,1.00000,-10.58652,1.73627,0.10989,32.00000,30.00000,tau_10
3988,1.00000,-10.57736,1.79487,0.10989,32.00000,30.00000,tau_10
3993,1.00000,-10.56859,1.70696,0.12454,32.00000,30.00000,tau_10
3998,1.00000,-10.56020,1.72161,0.12454,32.00000,30.00000,tau_10
4003,1.00000,-10.55104,1.73627,0.12454,32.00000,30.00000,tau_10
4009,1.00000,-10.54227,1.73627,0.11966,32.00000,30.00000,tau_10
4014,1.00000,-10.53349,1.76557,0.11477,32.00000,30.00000,tau_10
4019,1.00000,-10.52434,1.79487,0.10989,32.00000,30.00000,tau_10
4024,1.00000,-10.51556,1.70696,0.12454,32.00000,30.00000,tau_10
4029,1.00000,-10.50717,1.67766,0.12943,32.00000,30.00000,tau_10
4034,1.00000,-10.49802,1.75092,0.11966,32.00000,30.00000,tau_10
4039,1.00000,-10.48962,1.70696,0.12943,32.00000,30.00000,tau_10
4044,1.00000,-10.48047,1.73627,0.11966,32.00000,30.00000,tau_10
4049,1.00000,-10.47169,1.80952,0.11477,32.00000,30.00000,tau_10
4054,1.00000,-10.46292,1.70696,0.11966,32.00000,30.00000,tau_10
4059,1.00000,-10.45376,1.72161,0.11477,32.00000,30.00000,tau_10
4064,1.00000,-10.44499,1.76557,0.11477,32.00000,30.00000,tau_10
4069,1.00000,-10.43660,1.67766,0.12943,32.00000,30.00000,tau_10
4074,1.00000,-10.42744,1.75092,0.12943,32.00000,30.00000,tau_10
4079,1.00000,-10.41867,1.76557,0.11966,32.00000,30.00000,tau_10
4084,1.00000,-10.40989,1.72161,0.11966,32.00000,30.00000,tau_10
4089,1.00000,-10.40074,1.78022,0.10989,32.00000,30.00000,tau_10
4095,1.00000,-10.39197,1.75092,0.11477,32.00000,30.00000,tau_10
4100,1.00000,-10.38357,1.67766,0.12943,32.00000,30.00000,tau_10
4105,1.00000,-10.37480,1.70696,0.12943,32.00000,30.00000,tau_10
4110,1.00000,-10.36564,1.76557,0.11966,32.00000,30.00000,tau_10
4115,1.00000,-10.35687,1.75092,0.11966,32.00000,30.00000,tau_10
4120,1.00000,-10.34810,1.76557,0.10989,32.00000,30.00000,tau_10
4125,1.00000,-10.33894,1.76557,0.11477,32.00000,30.00000,tau_10
4130,1.00000,-10.33093,1.61905,0.13431,32.00000,30.00000,tau_10
4135,1.00000,-10.32216,1.69231,0.13431,32.00000,30.00000,tau_10
4140,1.00000,-10.31300,1.80952,0.11966,32.00000,30.00000,tau_10
4145,1.00000,-10.30423,1.72161,0.12454,32.00000,30.00000,tau_10
4150,1.00000,-10.29507,1.78022,0.11477,32.00000,30.00000,tau_10
4155,1.00000,-10.28630,1.76557,0.10989,32.00000,30.00000,tau_10
4160,1.00000,-10.27790,1.63370,0.12943,32.00000,30.00000,tau_10
4165,1.00000,-10.26913,1.73627,0.12454,32.00000,30.00000,tau_10
4170,1.00000,-10.26036,1.73627,0.12454,32.00000,30.00000,tau_10
4175,1.00000,-10.25158,1.70696,0.12943,32.00000,30.00000,tau_10
4180,1.00000,-10.24281,1.78022,0.11966,32.00000,30.00000,tau_10
4186,1.00000,-10.23365,1.76557,0.10989,32.00000,30.00000,tau_10
4191,1.00000,-10.22488,1.73627,0.11966,32.00000,30.00000,tau_10
4196,1.00000,-10.21611,1.75092,0.12454,32.00000,30.00000,tau_10
4201,1.00000,-10.20733,1.75092,0.12454,32.00000,30.00000,tau_10
4206,1.00000,-10.19894,1.67766,0.13431,32.00000,30.00000,tau_10
4211,1.00000,-10.18978,1.73627,0.11966,32.00000,30.00000,tau_10
4216,1.00000,-10.18063,1.80952,0.10989,32.00000,30.00000,tau_10
4221,1.00000,-10.17185,1.73627,0.11966,32.00000,30.00000,tau_10
4226,1.00000,-10.16308,1.75092,0.11966,32.00000,30.00000,tau_10
4231,1.00000,-10.15431,1.72161,0.13431,32.00000,30.00000,tau_10
4236,1.00000,-10.14591,1.63370,0.13919,32.00000,30.00000,tau_10
4241,1.00000,-10.13676,1.78022,0.11966,32.00000,30.00000,tau_10
4246,1.00000,-10.12799,1.80952,0.10989,32.00000,30.00000,tau_10
4251,1.00000,-10.11921,1.73627,0.11477,32.00000,30.00000,tau_10
4256,1.00000,-10.11006,1.78022,0.11966,32.00000,30.00000,tau_10
4261,1.00000,-10.10128,1.67766,0.12454,32.00000,30.00000,tau_10
4266,1.00000,-10.09289,1.67766,0.12943,32.00000,30.00000,tau_10
4272,1.00000,-10.08412,1.78022,0.12454,32.00000,30.00000,tau_10
4277,1.00000,-10.07496,1.76557,0.12454,32.00000,30.00000,tau_10
4282,1.00000,-10.06619,1.70696,0.12943,32.00000,30.00000,tau_10
4287,1.00000,-10.05741,1.73627,0.12454,32.00000,30.00000,tau_10
4292,1.00000,-10.04864,1.73627,0.11477,32.00000,30.00000,tau_10
4297,1.00000,-10.04025,1.67766,0.12943,32.00000,30.00000,tau_10
4302,1.00000,-10.03147,1.72161,0.13431,32.00000,30.00000,tau_10
4307,1.00000,-10.02270,1.73627,0.13919,32.00000,30.00000,tau_10
4312,1.00000,-10.01431,1.66301,0.13431,32.00000,30.00000,tau_10
4317,1.00000,-10.00515,1.79487,0.11477,32.00000,30.00000,tau_10
4322,1.00000,-9.99599,1.82418,0.10989,32.00000,30.00000,tau_10
4327,1.00000,-9.98722,1.67766,0.11966,32.00000,30.00000,tau_10
4332,1.00000,-9.97845,1.72161,0.12943,32.00000,30.00000,tau_10
4337,1.00000,-9.97005,1.69231,0.13431,32.00000,30.00000,tau_10
4342,1.00000,-9.96128,1.67766,0.12943,32.00000,30.00000,tau_10
4347,1.00000,-9.95212,1.80952,0.11477,32.00000,30.00000,tau_10
4352,1.00000,-9.94335,1.76557,0.10989,32.00000,30.00000,tau_10
4357,1.00000,-9.93458,1.70696,0.11966,32.00000,30.00000,tau_10
4363,1.00000,-9.92580,1.70696,0.12943,32.00000,30.00000,tau_10
4368,1.00000,-9.91741,1.67766,0.13919,32.00000,30.00000,tau_10
4373,1.00000,-9.90864,1.70696,0.13431,32.00000,30.00000,tau_10
4378,1.00000,-9.89986,1.78022,0.12454,32.00000,30.00000,tau_10
4383,1.00000,-9.89071,1.79487,0.11966,32.00000,30.00000,tau_10
4388,1.00000,-9.88193,1.69231,0.12454,32.00000,30.00000,tau_10
4393,1.00000,-9.87316,1.72161,0.12454,32.00000,30.00000,tau_10
4398,1.00000,-9.86439,1.72161,0.13431,32.00000,30.00000,tau_10
4403,1.00000,-9.85599,1.67766,0.13919,32.00000,30.00000,tau_10
4408,1.00000,-9.84722,1.78022,0.12943,32.00000,30.00000,tau_10
4413,1.00000,-9.83806,1.75092,0.12943,32.00000,30.00000,tau_10
4418,1.00000,-9.82967,1.69231,0.11966,32.00000,30.00000,tau_10
4423,1.00000,-9.82052,1.82418,0.10989,32.00000,30.00000,tau_10
4428,1.00000,-9.81174,1.73627,0.11966,32.00000,30.00000,tau_10
4433,1.00000,-9.80297,1.66301,0.13919,32.00000,30.00000,tau_10
4438,1.00000,-9.79458,1.70696,0.13919,32.00000,30.00000,tau_10
4443,1.00000,-9.78580,1.69231,0.13431,32.00000,30.00000,tau_10
4449,1.00000,-9.77665,1.76557,0.11966,32.00000,30.00000,tau_10
4454,1.00000,-9.76749,1.85348,0.10501,32.00000,30.00000,tau_10
4459,1.00000,-9.75834,1.76557,0.11477,32.00000,30.00000,tau_10
4464,1.00000,-9.74994,1.67766,0.13431,32.00000,30.00000,tau_10
4469,1.00000,-9.74155,1.67766,0.12943,32.00000,30.00000,tau_10
4474,1.00000,-9.73240,1.73627,0.12454,32.00000,30.00000,tau_10
4479,1.00000,-9.72362,1.75092,0.11477,32.00000,30.00000,tau_10
4484,1.00000,-9.71447,1.82418,0.10989,32.00000,30.00000,tau_10
4489,1.00000,-9.70569,1.75092,0.11477,32.00000,30.00000,tau_10
4494,1.00000,-9.69692,1.66301,0.11966,32.00000,30.00000,tau_10
4499,1.00000,-9.68814,1.73627,0.11477,32.00000,30.00000,tau_10
4504,1.00000,-9.67937,1.72161,0.12454,32.00000,30.00000,tau_10
4509,1.00000,-9.67098,1.72161,0.12454,32.00000,30.00000,tau_10
4514,1.00000,-9.66182,1.79487,0.12454,32.00000,30.00000,tau_10
4519,1.00000,-9.65305,1.70696,0.12454,32.00000,30.00000,tau_10
4524,1.00000,-9.64389,1.76557,0.10989,32.00000,30.00000,tau_10
4529,1.00000,-9.63512,1.76557,0.10989,32.00000,30.00000,tau_10
4534,1.00000,-9.62673,1.67766,0.12943,32.00000,30.00000,tau_10
4540,1.00000,-9.61795,1.72161,0.13919,32.00000,30.00000,tau_10
4545,1.00000,-9.60880,1.75092,0.12454,32.00000,30.00000,tau_10
4550,1.00000,-9.60002,1.76557,0.10989,32.00000,30.00000,tau_10
4555,1.00000,-9.59087,1.80952,0.10012,32.00000,30.00000,tau_10
4560,1.00000,-9.58171,1.79487,0.10501,32.00000,30.00000,tau_10
4565,1.00000,-9.57332,1.66301,0.13431,32.00000,30.00000,tau_10
4570,1.00000,-9.56493,1.63370,0.13919,32.00000,30.00000,tau_10
4575,1.00000,-9.55577,1.75092,0.12454,32.00000,30.00000,tau_10
4580,1.00000,-9.54700,1.76557,0.11477,32.00000,30.00000,tau_10
4585,1.00000,-9.53784,1.80952,0.10501,32.00000,30.00000,tau_10
4590,1.00000,-9.52869,1.80952,0.10501,32.00000,30.00000,tau_10
4595,1.00000,-9.52029,1.64835,0.12943,32.00000,30.00000,tau_10
4600,1.00000,-9.51152,1.67766,0.12454,32.00000,30.00000,tau_10
4605,1.00000,-9.50237,1.78022,0.11966,32.00000,30.00000,tau_10
4610,1.00000,-9.49359,1.73627,0.11966,32.00000,30.00000,tau_10
4615,1.00000,-9.48482,1.82418,0.11966,32.00000,30.00000,tau_10
4620,1.00000,-9.47566,1.76557,0.10989,32.00000,30.00000,tau_10
4626,1.00000,-9.46689,1.69231,0.11477,32.00000,30.00000,tau_10
4631,1.00000,-9.45811,1.76557,0.11477,32.00000,30.00000,tau_10
4636,1.00000,-9.44934,1.75092,0.11477,32.00000,30.00000,tau_10
4641,1.00000,-9.44057,1.69231,0.12943,32.00000,30.00000,tau_10
4646,1.00000,-9.43179,1.75092,0.12943,32.00000,30.00000,tau_10
4651,1.00000,-9.42264,1.78022,0.10989,32.00000,30.00000,tau_10
4656,1.00000,-9.41348,1.73627,0.10989,32.00000,30.00000,tau_10
4661,1.00000,-9.40471,1.76557,0.10989,32.00000,30.00000,tau_10
4666,1.00000,-9.39593,1.75092,0.11966,32.00000,30.00000,tau_10
4671,1.00000,-9.38754,1.61905,0.13919,32.00000,30.00000,tau_10
4676,1.00000,-9.37877,1.72161,0.12454,32.00000,30.00000,tau_10
4681,1.00000,-9.36961,1.80952,0.10989,32.00000,30.00000,tau_10
4686,1.00000,-9.36084,1.75092,0.11477,32.00000,30.00000,tau_10
4691,1.00000,-9.35168,1.80952,0.10501,32.00000,30.00000,tau_10
4696,1.00000,-9.34291,1.73627,0.11477,32.00000,30.00000,tau_10
4701,1.00000,-9.33452,1.64835,0.12943,32.00000,30.00000,tau_10
4706,1.00000,-9.32536,1.79487,0.11966,32.00000,30.00000,tau_10
4712,1.00000,-9.31621,1.78022,0.11477,32.00000,30.00000,tau_10
4717,1.00000,-9.30743,1.75092,0.11966,32.00000,30.00000,tau_10
4722,1.00000,-9.29866,1.76557,0.11966,32.00000,30.00000,tau_10
4727,1.00000,-9.28988,1.72161,0.11477,32.00000,30.00000,tau_10
4732,1.00000,-9.28111,1.70696,0.11966,32.00000,30.00000,tau_10
4737,1.00000,-9.27195,1.76557,0.11966,32.00000,30.00000,tau_10
4742,1.00000,-9.26318,1.78022,0.11966,32.00000,30.00000,tau_10
4747,1.00000,-9.25441,1.67766,0.12454,32.00000,30.00000,tau_10
4752,1.00000,-9.24563,1.73627,0.11477,32.00000,30.00000,tau_10
4757,1.00000,-9.23686,1.78022,0.11477,32.00000,30.00000,tau_10
4762,1.00000,-9.22770,1.72161,0.11966,32.00000,30.00000,tau_10
4767,1.00000,-9.21893,1.78022,0.11966,32.00000,30.00000,tau_10
4772,1.00000,-9.21015,1.70696,0.12943,32.00000,30.00000,tau_10
4777,1.00000,-9.20176,1.63370,0.12943,32.00000,30.00000,tau_10
4782,1.00000,-9.19299,1.79487,0.11966,32.00000,30.00000,tau_10
4787,1.00000,-9.18383,1.76557,0.11966,32.00000,30.00000,tau_10
4792,1.00000,-9.17506,1.75092,0.11966,32.00000,30.00000,tau_10
4797,1.00000,-9.16590,1.75092,0.11966,32.00000,30.00000,tau_10
4803,1.00000,-9.15751,1.66301,0.12454,32.00000,30.00000,tau_10
4808,1.00000,-9.14874,1.69231,0.12454,32.00000,30.00000,tau_10
4813,1.00000,-9.13996,1.79487,0.11966,32.00000,30.00000,tau_10
4818,1.00000,-9.13081,1.78022,0.11966,32.00000,30.00000,tau_10
4823,1.00000,-9.12203,1.73627,0.11966,32.00000,30.00000,tau_10
4828,1.00000,-9.11326,1.73627,0.11477,32.00000,30.00000,tau_10
4833,1.00000,-9.10449,1.72161,0.11477,32.00000,30.00000,tau_10
4838,1.00000,-9.09571,1.70696,0.11477,32.00000,30.00000,tau_10
4843,1.00000,-9.08656,1.79487,0.11966,32.00000,30.00000,tau_10
4848,1.00000,-9.07778,1.73627,0.12943,32.00000,30.00000,tau_10
4853,1.00000,-9.06939,1.66301,0.12943,32.00000,30.00000,tau_10
4858,1.00000,-9.06024,1.78022,0.10989,32.00000,30.00000,tau_10
4863,1.00000,-9.05146,1.76557,0.11477,32.00000,30.00000,tau_10
4868,1.00000,-9.04269,1.70696,0.12454,32.00000,30.00000,tau_10
4873,1.00000,-9.03391,1.78022,0.12943,32.00000,30.00000,tau_10
4878,1.00000,-9.02514,1.67766,0.12943,32.00000,30.00000,tau_10
4883,1.00000,-9.01637,1.69231,0.11966,32.00000,30.00000,tau_10
4888,1.00000,-9.00721,1.82418,0.10501,32.00000,30.00000,tau_10
4893,1.00000,-8.99844,1.76557,0.11477,32.00000,30.00000,tau_10
4899,1.00000,-8.98966,1.75092,0.11966,32.00000,30.00000,tau_10
4904,1.00000,-8.98089,1.72161,0.11477,32.00000,30.00000,tau_10
4909,1.00000,-8.97211,1.70696,0.11477,32.00000,30.00000,tau_10
4914,1.00000,-8.96296,1.76557,0.10989,32.00000,30.00000,tau_10
4919,1.00000,-8.95380,1.80952,0.10989,32.00000,30.00000,tau_10
4924,1.00000,-8.94503,1.75092,0.12454,32.00000,30.00000,tau_10
4929,1.00000,-8.93626,1.69231,0.11966,32.00000,30.00000,tau_10
4934,1.00000,-8.92748,1.76557,0.10989,32.00000,30.00000,tau_10
4939,1.00000,-8.91871,1.72161,0.11477,32.00000,30.00000,tau_10
4944,1.00000,-8.90993,1.75092,0.11477,32.00000,30.00000,tau_10
4949,1.00000,-8.90078,1.79487,0.11966,32.00000,30.00000,tau_10
4954,1.00000,-8.89200,1.69231,0.12943,32.00000,30.00000,tau_10
4959,1.00000,-8.88323,1.72161,0.11477,32.00000,30.00000,tau_10
4964,1.00000,-8.87407,1.79487,0.10501,32.00000,30.00000,tau_10
4969,1.00000,-8.86530,1.72161,0.11477,32.00000,30.00000,tau_10
4974,1.00000,-8.85653,1.75092,0.11966,32.00000,30.00000,tau_10
4979,1.00000,-8.84775,1.72161,0.12454,32.00000,30.00000,tau_10
4984,1.00000,-8.83898,1.67766,0.11966,32.00000,30.00000,tau_10
4990,1.00000,-8.82982,1.79487,0.10989,32.00000,30.00000,tau_10
4995,1.00000,-8.82105,1.78022,0.10501,32.00000,30.00000,tau_10
5000,1.00000,-8.81228,1.72161,0.12454,32.00000,30.00000,tau_10
5005,1.00000,-8.80350,1.72161,0.12454,32.00000,30.00000,tau_10
5010,1.00000,-8.79473,1.72161,0.11966,32.00000,30.00000,tau_10
5015,1.00000,-8.78595,1.72161,0.12454,32.00000,30.00000,tau_10
5020,1.00000,-8.77718,1.78022,0.11477,32.00000,30.00000,tau_10
5025,1.00000,-8.76802,1.78022,0.11966,32.00000,30.00000,tau_10
5030,1.00000,-8.75963,1.66301,0.12943,32.00000,30.00000,tau_10
5035,1.00000,-8.75048,1.70696,0.12454,32.00000,30.00000,tau_10
5040,1.00000,-8.74170,1.78022,0.11477,32.00000,30.00000,tau_10
5045,1.00000,-8.73293,1.69231,0.12454,32.00000,30.00000,tau_10
5050,1.00000,-8.72416,1.78022,0.12454,32.00000,30.00000,tau_10
5055,1.00000,-8.71538,1.75092,0.11966,32.00000,30.00000,tau_10
5060,1.00000,-8.70661,1.64835,0.12943,32.00000,30.00000,tau_10
5065,1.00000,-8.69783,1.78022,0.11966,32.00000,30.00000,tau_10
5070,1.00000,-8.68868,1.75092,0.11966,32.00000,30.00000,tau_10
5076,1.00000,-8.68029,1.69231,0.12943,32.00000,30.00000,tau_10
5081,1.00000,-8.67151,1.72161,0.13431,32.00000,30.00000,tau_10
5086,1.00000,-8.66312,1.69231,0.12943,32.00000,30.00000,tau_10
5091,1.00000,-8.65434,1.69231,0.12943,32.00000,30.00000,tau_10
5096,1.00000,-8.64519,1.76557,0.12454,32.00000,30.00000,tau_10
5101,1.00000,-8.63642,1.79487,0.12454,32.00000,30.00000,tau_10
5106,1.00000,-8.62802,1.66301,0.13919,32.00000,30.00000,tau_10
5111,1.00000,-8.61963,1.64835,0.13431,32.00000,30.00000,tau_10
5116,1.00000,-8.61086,1.70696,0.12943,32.00000,30.00000,tau_10
5121,1.00000,-8.60208,1.67766,0.13919,32.00000,30.00000,tau_10
5126,1.00000,-8.59331,1.76557,0.13431,32.00000,30.00000,tau_10
5131,1.00000,-8.58454,1.75092,0.13919,32.00000,30.00000,tau_10
5136,1.00000,-8.57614,1.60440,0.15385,32.00000,30.00000,tau_10
5141,1.00000,-8.56775,1.67766,0.14408,32.00000,30.00000,tau_10
5146,1.00000,-8.55898,1.70696,0.14408,32.00000,30.00000,tau_10
5151,1.00000,-8.55058,1.64835,0.15385,32.00000,30.00000,tau_10
5156,1.00000,-8.54181,1.76557,0.15385,32.00000,30.00000,tau_10
5161,1.00000,-8.53342,1.70696,0.14408,32.00000,30.00000,tau_10
5167,1.00000,-8.52464,1.64835,0.13431,32.00000,30.00000,tau_10
5172,1.00000,-8.51587,1.72161,0.13431,32.00000,30.00000,tau_10
5177,1.00000,-8.50748,1.70696,0.13919,32.00000,30.00000,tau_10
5182,1.00000,-8.49908,1.63370,0.16361,32.00000,30.00000,tau_10
5187,1.00000,-8.49069,1.64835,0.15873,32.00000,30.00000,tau_10
5192,1.00000,-8.48192,1.70696,0.14408,32.00000,30.00000,tau_10
5197,1.00000,-8.47353,1.70696,0.14408,32.00000,30.00000,tau_10
5202,1.00000,-8.46437,1.72161,0.13919,32.00000,30.00000,tau_10
5207,1.00000,-8.45560,1.75092,0.13919,32.00000,30.00000,tau_10
5212,1.00000,-8.44759,1.63370,0.15873,32.00000,30.00000,tau_10
5217,1.00000,-8.43919,1.60440,0.15385,32.00000,30.00000,tau_10
5222,1.00000,-8.43042,1.73627,0.13919,32.00000,30.00000,tau_10
5227,1.00000,-8.42203,1.72161,0.13919,32.00000,30.00000,tau_10
5232,1.00000,-8.41325,1.72161,0.13919,32.00000,30.00000,tau_10
5237,1.00000,-8.40448,1.73627,0.14408,32.00000,30.00000,tau_10
5242,1.00000,-8.39609,1.58974,0.14896,32.00000,30.00000,tau_10
5247,1.00000,-8.38769,1.64835,0.14896,32.00000,30.00000,tau_10
5252,1.00000,-8.37892,1.70696,0.14896,32.00000,30.00000,tau_10
5258,1.00000,-8.37053,1.70696,0.14896,32.00000,30.00000,tau_10
5263,1.00000,-8.36175,1.75092,0.14408,32.00000,30.00000,tau_10
5268,1.00000,-8.35260,1.73627,0.13431,32.00000,30.00000,tau_10
5273,1.00000,-8.34421,1.67766,0.12943,32.00000,30.00000,tau_10
5278,1.00000,-8.33543,1.67766,0.13431,32.00000,30.00000,tau_10
5283,1.00000,-8.32704,1.69231,0.13919,32.00000,30.00000,tau_10
5288,1.00000,-8.31865,1.67766,0.14896,32.00000,30.00000,tau_10
5293,1.00000,-8.30987,1.64835,0.15385,32.00000,30.00000,tau_10
5298,1.00000,-8.30110,1.75092,0.13431,32.00000,30.00000,tau_10
5303,1.00000,-8.29233,1.73627,0.13431,32.00000,30.00000,tau_10
5308,1.00000,-8.28393,1.69231,0.13431,32.00000,30.00000,tau_10
5313,1.00000,-8.27516,1.73627,0.13919,32.00000,30.00000,tau_10
5318,1.00000,-8.26677,1.63370,0.15385,32.00000,30.00000,tau_10
5323,1.00000,-8.25837,1.58974,0.15385,32.00000,30.00000,tau_10
5328,1.00000,-8.24960,1.78022,0.13431,32.00000,30.00000,tau_10
5333,1.00000,-8.24083,1.72161,0.13431,32.00000,30.00000,tau_10
5338,1.00000,-8.23205,1.70696,0.13919,32.00000,30.00000,tau_10
5343,1.00000,-8.22328,1.70696,0.13919,32.00000,30.00000,tau_10
5349,1.00000,-8.21527,1.60440,0.14896,32.00000,30.00000,tau_10
5354,1.00000,-8.20687,1.63370,0.15385,32.00000,30.00000,tau_10
5359,1.00000,-8.19810,1.75092,0.13919,32.00000,30.00000,tau_10
5364,1.00000,-8.18933,1.76557,0.13431,32.00000,30.00000,tau_10
5369,1.00000,-8.18055,1.70696,0.13919,32.00000,30.00000,tau_10
5374,1.00000,-8.17178,1.69231,0.13431,32.00000,30.00000,tau_10
5379,1.00000,-8.16339,1.67766,0.13431,32.00000,30.00000,tau_10
5384,1.00000,-8.15499,1.60440,0.14408,32.00000,30.00000,tau_10
5389,1.00000,-8.14660,1.69231,0.14896,32.00000,30.00000,tau_10
5394,1.00000,-8.13783,1.72161,0.15385,32.00000,30.00000,tau_10
5399,1.00000,-8.12943,1.63370,0.15385,32.00000,30.00000,tau_10
5404,1.00000,-8.12066,1.75092,0.13431,32.00000,30.00000,tau_10
5409,1.00000,-8.11151,1.76557,0.11966,32.00000,30.00000,tau_10
5414,1.00000,-8.10311,1.64835,0.13431,32.00000,30.00000,tau_10
5419,1.00000,-8.09472,1.69231,0.14408,32.00000,30.00000,tau_10
5424,1.00000,-8.08633,1.63370,0.15873,32.00000,30.00000,tau_10
5429,1.00000,-8.07832,1.61905,0.16361,32.00000,30.00000,tau_10
5434,1.00000,-8.06916,1.78022,0.13919,32.00000,30.00000,tau_10
5440,1.00000,-8.06001,1.78022,0.11966,32.00000,30.00000,tau_10
5445,1.00000,-8.05161,1.72161,0.12454,32.00000,30.00000,tau_10
5450,1.00000,-8.04284,1.72161,0.12943,32.00000,30.00000,tau_10
5455,1.00000,-8.03445,1.63370,0.13919,32.00000,30.00000,tau_10
5460,1.00000,-8.02605,1.63370,0.14896,32.00000,30.00000,tau_10
5465,1.00000,-8.01728,1.75092,0.13919,32.00000,30.00000,tau_10
5470,1.00000,-8.00813,1.79487,0.13431,32.00000,30.00000,tau_10
5475,1.00000,-7.99973,1.70696,0.13919,32.00000,30.00000,tau_10
5480,1.00000,-7.99096,1.70696,0.12454,32.00000,30.00000,tau_10
5485,1.00000,-7.98218,1.69231,0.12943,32.00000,30.00000,tau_10
5490,1.00000,-7.97417,1.60440,0.14896,32.00000,30.00000,tau_10
5495,1.00000,-7.96540,1.70696,0.15385,32.00000,30.00000,tau_10
5500,1.00000,-7.95663,1.78022,0.14408,32.00000,30.00000,tau_10
5505,1.00000,-7.94785,1.66301,0.13919,32.00000,30.00000,tau_10
5510,1.00000,-7.93908,1.73627,0.11966,32.00000,30.00000,tau_10
5515,1.00000,-7.93030,1.75092,0.11477,32.00000,30.00000,tau_10
5520,1.00000,-7.92191,1.64835,0.14408,32.00000,30.00000,tau_10
5525,1.00000,-7.91314,1.70696,0.14896,32.00000,30.00000,tau_10
5531,1.00000,-7.90475,1.69231,0.14408,32.00000,30.00000,tau_10
5536,1.00000,-7.89597,1.69231,0.13431,32.00000,30.00000,tau_10
5541,1.00000,-7.88682,1.78022,0.11966,32.00000,30.00000,tau_10
5546,1.00000,-7.87804,1.76557,0.11477,32.00000,30.00000,tau_10
5551,1.00000,-7.86965,1.69231,0.13919,32.00000,30.00000,tau_10
5556,1.00000,-7.86088,1.66301,0.14896,32.00000,30.00000,tau_10
5561,1.00000,-7.85248,1.69231,0.13919,32.00000,30.00000,tau_10
5566,1.00000,-7.84371,1.70696,0.13431,32.00000,30.00000,tau_10
5571,1.00000,-7.83455,1.78022,0.11966,32.00000,30.00000,tau_10
5576,1.00000,-7.82540,1.80952,0.11477,32.00000,30.00000,tau_10
5581,1.00000,-7.81701,1.64835,0.13431,32.00000,30.00000,tau_10
5586,1.00000,-7.80861,1.66301,0.12943,32.00000,30.00000,tau_10
5591,1.00000,-7.79984,1.75092,0.12943,32.00000,30.00000,tau_10
5596,1.00000,-7.79107,1.67766,0.13919,32.00000,30.00000,tau_10
5601,1.00000,-7.78229,1.78022,0.12943,32.00000,30.00000,tau_10
5606,1.00000,-7.77314,1.78022,0.11966,32.00000,30.00000,tau_10
5611,1.00000,-7.76474,1.64835,0.12454,32.00000,30.00000,tau_10
5616,1.00000,-7.75597,1.75092,0.12454,32.00000,30.00000,tau_10
5622,1.00000,-7.74720,1.72161,0.13431,32.00000,30.00000,tau_10
5627,1.00000,-7.73842,1.67766,0.14408,32.00000,30.00000,tau_10
5632,1.00000,-7.72965,1.75092,0.13919,32.00000,30.00000,tau_10
5637,1.00000,-7.72087,1.75092,0.11966,32.00000,30.00000,tau_10
5642,1.00000,-7.71210,1.73627,0.11966,32.00000,30.00000,tau_10
5647,1.00000,-7.70295,1.79487,0.10989,32.00000,30.00000,tau_10
5652,1.00000,-7.69379,1.78022,0.11966,32.00000,30.00000,tau_10
5657,1.00000,-7.68540,1.64835,0.13431,32.00000,30.00000,tau_10
5662,1.00000,-7.67700,1.69231,0.12943,32.00000,30.00000,tau_10
5667,1.00000,-7.66823,1.76557,0.11966,32.00000,30.00000,tau_10
5672,1.00000,-7.65908,1.73627,0.11966,32.00000,30.00000,tau_10
5677,1.00000,-7.64992,1.82418,0.10989,32.00000,30.00000,tau_10
5682,1.00000,-7.64115,1.79487,0.11966,32.00000,30.00000,tau_10
5687,1.00000,-7.63237,1.63370,0.12943,32.00000,30.00000,tau_10
5692,1.00000,-7.62360,1.73627,0.11477,32.00000,30.00000,tau_10
5697,1.00000,-7.61482,1.76557,0.11477,32.00000,30.00000,tau_10
5702,1.00000,-7.60605,1.73627,0.11966,32.00000,30.00000,tau_10
5707,1.00000,-7.59689,1.80952,0.11477,32.00000,30.00000,tau_10
5712,1.00000,-7.58812,1.72161,0.11477,32.00000,30.00000,tau_10
5718,1.00000,-7.57935,1.69231,0.10989,32.00000,30.00000,tau_10
5723,1.00000,-7.57057,1.75092,0.11477,32.00000,30.00000,tau_10
5728,1.00000,-7.56180,1.76557,0.12454,32.00000,30.00000,tau_10
5733,1.00000,-7.55302,1.72161,0.13919,32.00000,30.00000,tau_10
5738,1.00000,-7.54425,1.75092,0.12454,32.00000,30.00000,tau_10
5743,1.00000,-7.53510,1.76557,0.10989,32.00000,30.00000,tau_10
5748,1.00000,-7.52632,1.72161,0.11477,32.00000,30.00000,tau_10
5753,1.00000,-7.51755,1.78022,0.11477,32.00000,30.00000,tau_10
5758,1.00000,-7.50839,1.76557,0.12454,32.00000,30.00000,tau_10
5763,1.00000,-7.50000,1.64835,0.12943,32.00000,30.00000,tau_10
5768,1.00000,-7.49084,1.76557,0.11477,32.00000,30.00000,tau_10
5773,1.00000,-7.48207,1.79487,0.10501,32.00000,30.00000,tau_10
5778,1.00000,-7.47330,1.72161,0.10989,32.00000,30.00000,tau_10
5783,1.00000,-7.46414,1.80952,0.11966,32.00000,30.00000,tau_10
5788,1.00000,-7.45537,1.70696,0.12943,32.00000,30.00000,tau_10
5793,1.00000,-7.44697,1.67766,0.12454,32.00000,30.00000,tau_10
5798,1.00000,-7.43782,1.79487,0.10989,32.00000,30.00000,tau_10
5804,1.00000,-7.42905,1.76557,0.11477,32.00000,30.00000,tau_10
5809,1.00000,-7.41989,1.76557,0.11966,32.00000,30.00000,tau_10
5814,1.00000,-7.41112,1.75092,0.11966,32.00000,30.00000,tau_10
5819,1.00000,-7.40234,1.70696,0.11966,32.00000,30.00000,tau_10
5824,1.00000,-7.39357,1.70696,0.11477,32.00000,30.00000,tau_10
5829,1.00000,-7.38441,1.78022,0.10989,32.00000,30.00000,tau_10
5834,1.00000,-7.37564,1.78022,0.11966,32.00000,30.00000,tau_10
5839,1.00000,-7.36687,1.70696,0.12454,32.00000,30.00000,tau_10
5844,1.00000,-7.35809,1.75092,0.11477,32.00000,30.00000,tau_10
5849,1.00000,-7.34932,1.75092,0.11477,32.00000,30.00000,tau_10
5854,1.00000,-7.34016,1.73627,0.11477,32.00000,30.00000,tau_10
5859,1.00000,-7.33139,1.80952,0.11477,32.00000,30.00000,tau_10
5864,1.00000,-7.32261,1.70696,0.12943,32.00000,30.00000,tau_10
5869,1.00000,-7.31384,1.69231,0.12454,32.00000,30.00000,tau_10
5874,1.00000,-7.30468,1.79487,0.11477,32.00000,30.00000,tau_10
5879,1.00000,-7.29591,1.75092,0.11477,32.00000,30.00000,tau_10
5884,1.00000,-7.28714,1.78022,0.11966,32.00000,30.00000,tau_10
5889,1.00000,-7.27836,1.75092,0.12454,32.00000,30.00000,tau_10
5895,1.00000,-7.26959,1.67766,0.12454,32.00000,30.00000,tau_10
5900,1.00000,-7.26081,1.76557,0.11966,32.00000,30.00000,tau_10
5905,1.00000,-7.25166,1.80952,0.10501,32.00000,30.00000,tau_10
5910,1.00000,-7.24250,1.76557,0.11477,32.00000,30.00000,tau_10
5915,1.00000,-7.23373,1.75092,0.11477,32.00000,30.00000,tau_10
5920,1.00000,-7.22496,1.73627,0.10989,32.00000,30.00000,tau_10
5925,1.00000,-7.21618,1.72161,0.11477,32.00000,30.00000,tau_10
5930,1.00000,-7.20703,1.76557,0.10989,32.00000,30.00000,tau_10
5935,1.00000,-7.19787,1.83883,0.10012,32.00000,30.00000,tau_10
5940,1.00000,-7.18910,1.70696,0.11477,32.00000,30.00000,tau_10
5945,1.00000,-7.18032,1.70696,0.10989,32.00000,30.00000,tau_10
5950,1.00000,-7.17117,1.79487,0.10501,32.00000,30.00000,tau_10
5955,1.00000,-7.16239,1.70696,0.11477,32.00000,30.00000,tau_10
5960,1.00000,-7.15324,1.80952,0.10989,32.00000,30.00000,tau_10
5965,1.00000,-7.14446,1.79487,0.10501,32.00000,30.00000,tau_10
5970,1.00000,-7.13569,1.69231,0.10989,32.00000,30.00000,tau_10
5975,1.00000,-7.12654,1.80952,0.10501,32.00000,30.00000,tau_10
5980,1.00000,-7.11738,1.78022,0.10012,32.00000,30.00000,tau_10
5986,1.00000,-7.10861,1.75092,0.10989,32.00000,30.00000,tau_10
5991,1.00000,-7.09945,1.79487,0.10989,32.00000,30.00000,tau_10
5996,1.00000,-7.09068,1.75092,0.10501,32.00000,30.00000,tau_10
6001,1.00000,-7.08190,1.75092,0.10501,32.00000,30.00000,tau_10
6006,1.00000,-7.07275,1.80952,0.10012,32.00000,30.00000,tau_10
6011,1.00000,-7.06359,1.82418,0.10501,32.00000,30.00000,tau_10
6016,1.00000,-7.05482,1.72161,0.11477,32.00000,30.00000,tau_10
6021,1.00000,-7.04566,1.76557,0.10501,32.00000,30.00000,tau_10
6026,1.00000,-7.03651,1.78022,0.10501,32.00000,30.00000,tau_10
6031,1.00000,-7.02773,1.76557,0.10501,32.00000,30.00000,tau_10
6036,1.00000,-7.01858,1.83883,0.09524,32.00000,30.00000,tau_10
6041,1.00000,-7.00980,1.75092,0.10989,32.00000,30.00000,tau_10
6046,1.00000,-7.00065,1.70696,0.10989,32.00000,30.00000,tau_10
6051,1.00000,-6.99149,1.82418,0.10012,32.00000,30.00000,tau_10
6056,1.00000,-6.98272,1.76557,0.10501,32.00000,30.00000,tau_10
6061,1.00000,-6.97356,1.79487,0.10501,32.00000,30.00000,tau_10
6066,1.00000,-6.96441,1.79487,0.10501,32.00000,30.00000,tau_10
6072,1.00000,-6.95563,1.70696,0.11477,32.00000,30.00000,tau_10
6077,1.00000,-6.94686,1.78022,0.10501,32.00000,30.00000,tau_10
6082,1.00000,-6.93771,1.80952,0.09524,32.00000,30.00000,tau_10
6087,1.00000,-6.92855,1.76557,0.10989,32.00000,30.00000,tau_10
6092,1.00000,-6.91978,1.76557,0.11477,32.00000,30.00000,tau_10
6097,1.00000,-6.91062,1.76557,0.10501,32.00000,30.00000,tau_10
6102,1.00000,-6.90185,1.73627,0.10989,32.00000,30.00000,tau_10
6107,1.00000,-6.89269,1.78022,0.10501,32.00000,30.00000,tau_10
6112,1.00000,-6.88354,1.82418,0.10012,32.00000,30.00000,tau_10
6117,1.00000,-6.87476,1.70696,0.11477,32.00000,30.00000,tau_10
6122,1.00000,-6.86599,1.73627,0.10989,32.00000,30.00000,tau_10
6127,1.00000,-6.85683,1.79487,0.10012,32.00000,30.00000,tau_10
6132,1.00000,-6.84806,1.72161,0.10989,32.00000,30.00000,tau_10
6137,1.00000,-6.83890,1.80952,0.10501,32.00000,30.00000,tau_10
6142,1.00000,-6.83013,1.79487,0.10501,32.00000,30.00000,tau_10
6147,1.00000,-6.82135,1.69231,0.11477,32.00000,30.00000,tau_10
6152,1.00000,-6.81220,1.79487,0.10501,32.00000,30.00000,tau_10
6158,1.00000,-6.80304,1.78022,0.10012,32.00000,30.00000,tau_10
6163,1.00000,-6.79427,1.75092,0.10989,32.00000,30.00000,tau_10
6168,1.00000,-6.78511,1.79487,0.10989,32.00000,30.00000,tau_10
6173,1.00000,-6.77634,1.75092,0.10989,32.00000,30.00000,tau_10
6178,1.00000,-6.76757,1.73627,0.10989,32.00000,30.00000,tau_10
6183,1.00000,-6.75841,1.79487,0.10501,32.00000,30.00000,tau_10
6188,1.00000,-6.74926,1.79487,0.10501,32.00000,30.00000,tau_10
6193,1.00000,-6.74048,1.72161,0.11477,32.00000,30.00000,tau_10
6198,1.00000,-6.73171,1.75092,0.10989,32.00000,30.00000,tau_10
6203,1.00000,-6.72255,1.78022,0.10989,32.00000,30.00000,tau_10
6208,1.00000,-6.71378,1.72161,0.10989,32.00000,30.00000,tau_10
6213,1.00000,-6.70462,1.82418,0.10501,32.00000,30.00000,tau_10
6218,1.00000,-6.69585,1.75092,0.11477,32.00000,30.00000,tau_10
6223,1.00000,-6.68708,1.69231,0.11966,32.00000,30.00000,tau_10
6228,1.00000,-6.67792,1.79487,0.10989,32.00000,30.00000,tau_10
6233,1.00000,-6.66915,1.76557,0.10989,32.00000,30.00000,tau_10
6238,1.00000,-6.65999,1.78022,0.10989,32.00000,30.00000,tau_10
6243,1.00000,-6.65084,1.79487,0.10989,32.00000,30.00000,tau_10
6249,1.00000,-6.64206,1.72161,0.11477,32.00000,30.00000,tau_10
6254,1.00000,-6.63329,1.75092,0.10989,32.00000,30.00000,tau_10
6259,1.00000,-6.62413,1.79487,0.10501,32.00000,30.00000,tau_10
6264,1.00000,-6.61536,1.78022,0.10989,32.00000,30.00000,tau_10
6269,1.00000,-6.60620,1.76557,0.10989,32.00000,30.00000,tau_10
6274,1.00000,-6.59743,1.75092,0.10501,32.00000,30.00000,tau_10
6279,1.00000,-6.58865,1.73627,0.10989,32.00000,30.00000,tau_10
6284,1.00000,-6.57950,1.75092,0.10989,32.00000,30.00000,tau_10
6289,1.00000,-6.57034,1.82418,0.10501,32.00000,30.00000,tau_10
6294,1.00000,-6.56157,1.72161,0.11966,32.00000,30.00000,tau_10
6299,1.00000,-6.55280,1.70696,0.10989,32.00000,30.00000,tau_10
6304,1.00000,-6.54402,1.80952,0.10501,32.00000,30.00000,tau_10
6309,1.00000,-6.53525,1.70696,0.11477,32.00000,30.00000,tau_10
6314,1.00000,-6.52609,1.76557,0.10989,32.00000,30.00000,tau_10
6319,1.00000,-6.51694,1.79487,0.11477,32.00000,30.00000,tau_10
6324,1.00000,-6.50855,1.66301,0.12454,32.00000,30.00000,tau_10
6329,1.00000,-6.49939,1.78022,0.11477,32.00000,30.00000,tau_10
6334,1.00000,-6.49062,1.78022,0.10989,32.00000,30.00000,tau_10
6340,1.00000,-6.48184,1.73627,0.11477,32.00000,30.00000,tau_10
6345,1.00000,-6.47269,1.78022,0.11477,32.00000,30.00000,tau_10
6350,1.00000,-6.46391,1.73627,0.11966,32.00000,30.00000,tau_10
6355,1.00000,-6.45514,1.69231,0.11966,32.00000,30.00000,tau_10
6360,1.00000,-6.44636,1.75092,0.11477,32.00000,30.00000,tau_10
6365,1.00000,-6.43721,1.80952,0.11477,32.00000,30.00000,tau_10
6370,1.00000,-6.42882,1.72161,0.11966,32.00000,30.00000,tau_10
6375,1.00000,-6.41966,1.75092,0.11477,32.00000,30.00000,tau_10
6380,1.00000,-6.41089,1.76557,0.11477,32.00000,30.00000,tau_10
6385,1.00000,-6.40211,1.69231,0.12454,32.00000,30.00000,tau_10
6390,1.00000,-6.39334,1.76557,0.11966,32.00000,30.00000,tau_10
6395,1.00000,-6.38418,1.78022,0.12454,32.00000,30.00000,tau_10
6400,1.00000,-6.37579,1.67766,0.12454,32.00000,30.00000,tau_10
6405,1.00000,-6.36664,1.78022,0.10989,32.00000,30.00000,tau_10
6410,1.00000,-6.35786,1.75092,0.10989,32.00000,30.00000,tau_10
6415,1.00000,-6.34909,1.69231,0.12454,32.00000,30.00000,tau_10
6420,1.00000,-6.34031,1.78022,0.12943,32.00000,30.00000,tau_10
6426,1.00000,-6.33154,1.72161,0.12454,32.00000,30.00000,tau_10
6431,1.00000,-6.32277,1.70696,0.12454,32.00000,30.00000,tau_10
6436,1.00000,-6.31361,1.78022,0.11966,32.00000,30.00000,tau_10
6441,1.00000,-6.30484,1.75092,0.11966,32.00000,30.00000,tau_10
6446,1.00000,-6.29644,1.70696,0.12943,32.00000,30.00000,tau_10
6451,1.00000,-6.28767,1.72161,0.12943,32.00000,30.00000,tau_10
6456,1.00000,-6.27890,1.73627,0.12454,32.00000,30.00000,tau_10
6461,1.00000,-6.27012,1.69231,0.11966,32.00000,30.00000,tau_10
6466,1.00000,-6.26097,1.78022,0.11966,32.00000,30.00000,tau_10
6471,1.00000,-6.25219,1.79487,0.12454,32.00000,30.00000,tau_10
6476,1.00000,-6.24342,1.67766,0.12943,32.00000,30.00000,tau_10
6481,1.00000,-6.23465,1.75092,0.12454,32.00000,30.00000,tau_10
6486,1.00000,-6.22587,1.73627,0.12454,32.00000,30.00000,tau_10
6491,1.00000,-6.21748,1.66301,0.12943,32.00000,30.00000,tau_10
6496,1.00000,-6.20832,1.78022,0.12454,32.00000,30.00000,tau_10
6501,1.00000,-6.19955,1.73627,0.12943,32.00000,30.00000,tau_10
6506,1.00000,-6.19078,1.69231,0.11966,32.00000,30.00000,tau_10
6512,1.00000,-6.18200,1.76557,0.11477,32.00000,30.00000,tau_10
6517,1.00000,-6.17323,1.69231,0.12454,32.00000,30.00000,tau_10
6522,1.00000,-6.16484,1.69231,0.12943,32.00000,30.00000,tau_10
6527,1.00000,-6.15568,1.75092,0.12943,32.00000,30.00000,tau_10
6532,1.00000,-6.14691,1.73627,0.12454,32.00000,30.00000,tau_10
6537,1.00000,-6.13813,1.72161,0.12454,32.00000,30.00000,tau_10
6542,1.00000,-6.12936,1.75092,0.11966,32.00000,30.00000,tau_10
6547,1.00000,-6.12058,1.73627,0.12454,32.00000,30.00000,tau_10
6552,1.00000,-6.11219,1.66301,0.13431,32.00000,30.00000,tau_10
6557,1.00000,-6.10342,1.73627,0.12943,32.00000,30.00000,tau_10
6562,1.00000,-6.09426,1.76557,0.12454,32.00000,30.00000,tau_10
6567,1.00000,-6.08549,1.70696,0.12454,32.00000,30.00000,tau_10
6572,1.00000,-6.07671,1.79487,0.11477,32.00000,30.00000,tau_10
6577,1.00000,-6.06794,1.73627,0.12454,32.00000,30.00000,tau_10
6582,1.00000,-6.05917,1.64835,0.12943,32.00000,30.00000,tau_10
6587,1.00000,-6.05039,1.76557,0.12454,32.00000,30.00000,tau_10
6592,1.00000,-6.04162,1.70696,0.12943,32.00000,30.00000,tau_10
6597,1.00000,-6.03285,1.73627,0.12454,32.00000,30.00000,tau_10
6602,1.00000,-6.02407,1.80952,0.11477,32.00000,30.00000,tau_10
6608,1.00000,-6.01492,1.73627,0.11966,32.00000,30.00000,tau_10
6613,1.00000,-6.00652,1.72161,0.11966,32.00000,30.00000,tau_10
6618,1.00000,-5.99737,1.75092,0.12454,32.00000,30.00000,tau_10
6623,1.00000,-5.98898,1.70696,0.13431,32.00000,30.00000,tau_10
6628,1.00000,-5.98020,1.70696,0.13431,32.00000,30.00000,tau_10
6633,1.00000,-5.97105,1.75092,0.12454,32.00000,30.00000,tau_10
6638,1.00000,-5.96227,1.76557,0.11477,32.00000,30.00000,tau_10
6643,1.00000,-5.95350,1.72161,0.11477,32.00000,30.00000,tau_10
6648,1.00000,-5.94434,1.78022,0.11966,32.00000,30.00000,tau_10
6653,1.00000,-5.93595,1.70696,0.13431,32.00000,30.00000,tau_10
6658,1.00000,-5.92718,1.66301,0.13919,32.00000,30.00000,tau_10
6663,1.00000,-5.91840,1.78022,0.11966,32.00000,30.00000,tau_10
6668,1.00000,-5.90963,1.76557,0.11477,32.00000,30.00000,tau_10
6673,1.00000,-5.90047,1.72161,0.11966,32.00000,30.00000,tau_10
6678,1.00000,-5.89170,1.79487,0.11966,32.00000,30.00000,tau_10
6683,1.00000,-5.88293,1.66301,0.12943,32.00000,30.00000,tau_10
6688,1.00000,-5.87453,1.69231,0.12454,32.00000,30.00000,tau_10
6694,1.00000,-5.86538,1.76557,0.11966,32.00000,30.00000,tau_10
6699,1.00000,-5.85660,1.72161,0.12454,32.00000,30.00000,tau_10
6704,1.00000,-5.84783,1.76557,0.11966,32.00000,30.00000,tau_10
6709,1.00000,-5.83867,1.76557,0.11477,32.00000,30.00000,tau_10
6714,1.00000,-5.83028,1.70696,0.11966,32.00000,30.00000,tau_10
6719,1.00000,-5.82151,1.70696,0.11966,32.00000,30.00000,tau_10
6724,1.00000,-5.81235,1.75092,0.11477,32.00000,30.00000,tau_10
6729,1.00000,-5.80396,1.73627,0.12943,32.00000,30.00000,tau_10
6734,1.00000,-5.79480,1.72161,0.12454,32.00000,30.00000,tau_10
6739,1.00000,-5.78565,1.79487,0.10989,32.00000,30.00000,tau_10
6744,1.00000,-5.77726,1.72161,0.11477,32.00000,30.00000,tau_10
6749,1.00000,-5.76810,1.72161,0.11966,32.00000,30.00000,tau_10
6754,1.00000,-5.75933,1.78022,0.11966,32.00000,30.00000,tau_10
6759,1.00000,-5.75093,1.69231,0.13431,32.00000,30.00000,tau_10
6764,1.00000,-5.74178,1.73627,0.11966,32.00000,30.00000,tau_10
6769,1.00000,-5.73262,1.80952,0.10989,32.00000,30.00000,tau_10
6774,1.00000,-5.72385,1.70696,0.11477,32.00000,30.00000,tau_10
6779,1.00000,-5.71508,1.78022,0.11966,32.00000,30.00000,tau_10
6785,1.00000,-5.70630,1.72161,0.12454,32.00000,30.00000,tau_10
6790,1.00000,-5.69791,1.66301,0.13431,32.00000,30.00000,tau_10
6795,1.00000,-5.68875,1.76557,0.11477,32.00000,30.00000,tau_10
6800,1.00000,-5.67998,1.76557,0.11477,32.00000,30.00000,tau_10
6805,1.00000,-5.67121,1.72161,0.12454,32.00000,30.00000,tau_10
6810,1.00000,-5.66205,1.75092,0.11966,32.00000,30.00000,tau_10
6815,1.00000,-5.65328,1.75092,0.11477,32.00000,30.00000,tau_10
6820,1.00000,-5.64450,1.70696,0.12454,32.00000,30.00000,tau_10
6825,1.00000,-5.63573,1.73627,0.11966,32.00000,30.00000,tau_10
6830,1.00000,-5.62657,1.76557,0.11477,32.00000,30.00000,tau_10
6835,1.00000,-5.61818,1.67766,0.12454,32.00000,30.00000,tau_10
6840,1.00000,-5.60903,1.76557,0.11477,32.00000,30.00000,tau_10
6845,1.00000,-5.60025,1.80952,0.10989,32.00000,30.00000,tau_10
6850,1.00000,-5.59148,1.67766,0.11477,32.00000,30.00000,tau_10
6855,1.00000,-5.58232,1.76557,0.11477,32.00000,30.00000,tau_10
6860,1.00000,-5.57355,1.75092,0.12454,32.00000,30.00000,tau_10
6865,1.00000,-5.56516,1.69231,0.12943,32.00000,30.00000,tau_10
6870,1.00000,-5.55600,1.80952,0.10989,32.00000,30.00000,tau_10
6876,1.00000,-5.54685,1.78022,0.10501,32.00000,30.00000,tau_10
6881,1.00000,-5.53807,1.72161,0.11477,32.00000,30.00000,tau_10
6886,1.00000,-5.52930,1.73627,0.12454,32.00000,30.00000,tau_10
6891,1.00000,-5.52052,1.73627,0.11966,32.00000,30.00000,tau_10
6896,1.00000,-5.51175,1.73627,0.11966,32.00000,30.00000,tau_10
6901,1.00000,-5.50259,1.78022,0.11477,32.00000,30.00000,tau_10
6906,1.00000,-5.49382,1.80952,0.10501,32.00000,30.00000,tau_10
6911,1.00000,-5.48505,1.70696,0.11966,32.00000,30.00000,tau_10
6916,1.00000,-5.47589,1.73627,0.11966,32.00000,30.00000,tau_10
6921,1.00000,-5.46712,1.76557,0.11966,32.00000,30.00000,tau_10
6926,1.00000,-5.45872,1.69231,0.12943,32.00000,30.00000,tau_10
6931,1.00000,-5.44957,1.78022,0.11966,32.00000,30.00000,tau_10
6936,1.00000,-5.44079,1.79487,0.11966,32.00000,30.00000,tau_10
6941,1.00000,-5.43202,1.70696,0.11477,32.00000,30.00000,tau_10
6946,1.00000,-5.42287,1.80952,0.10989,32.00000,30.00000,tau_10
6951,1.00000,-5.41371,1.76557,0.10989,32.00000,30.00000,tau_10
6956,1.00000,-5.40494,1.72161,0.11477,32.00000,30.00000,tau_10
6961,1.00000,-5.39616,1.79487,0.10501,32.00000,30.00000,tau_10
6966,1.00000,-5.38701,1.73627,0.10989,32.00000,30.00000,tau_10
6972,1.00000,-5.37823,1.75092,0.10989,32.00000,30.00000,tau_10
6977,1.00000,-5.36908,1.79487,0.10501,32.00000,30.00000,tau_10
6982,1.00000,-5.36030,1.76557,0.10989,32.00000,30.00000,tau_10
6987,1.00000,-5.35153,1.73627,0.11477,32.00000,30.00000,tau_10
6992,1.00000,-5.34237,1.75092,0.10989,32.00000,30.00000,tau_10
6997,1.00000,-5.33360,1.76557,0.10989,32.00000,30.00000,tau_10
7002,1.00000,-5.32444,1.75092,0.10989,32.00000,30.00000,tau_10
7007,1.00000,-5.31529,1.80952,0.10501,32.00000,30.00000,tau_10
7012,1.00000,-5.30652,1.73627,0.11477,32.00000,30.00000,tau_10
7017,1.00000,-5.29774,1.70696,0.10989,32.00000,30.00000,tau_10
7022,1.00000,-5.28897,1.79487,0.10501,32.00000,30.00000,tau_10
7027,1.00000,-5.27981,1.73627,0.10989,32.00000,30.00000,tau_10
7032,1.00000,-5.27104,1.75092,0.10989,32.00000,30.00000,tau_10
7037,1.00000,-5.26188,1.82418,0.10012,32.00000,30.00000,tau_10
7042,1.00000,-5.25311,1.72161,0.10989,32.00000,30.00000,tau_10
7047,1.00000,-5.24395,1.76557,0.10012,32.00000,30.00000,tau_10
7052,1.00000,-5.23518,1.78022,0.10012,32.00000,30.00000,tau_10
7057,1.00000,-5.22602,1.72161,0.11477,32.00000,30.00000,tau_10
7063,1.00000,-5.21725,1.78022,0.10989,32.00000,30.00000,tau_10
7068,1.00000,-5.20810,1.78022,0.10012,32.00000,30.00000,tau_10
7073,1.00000,-5.19932,1.75092,0.10501,32.00000,30.00000,tau_10
7078,1.00000,-5.19017,1.79487,0.10501,32.00000,30.00000,tau_10
7083,1.00000,-5.18101,1.80952,0.10501,32.00000,30.00000,tau_10
7088,1.00000,-5.17262,1.72161,0.11477,32.00000,30.00000,tau_10
7093,1.00000,-5.16346,1.76557,0.10501,32.00000,30.00000,tau_10
7098,1.00000,-5.15431,1.80952,0.10012,32.00000,30.00000,tau_10
7103,1.00000,-5.14553,1.73627,0.10989,32.00000,30.00000,tau_10
7108,1.00000,-5.13638,1.79487,0.10501,32.00000,30.00000,tau_10
7113,1.00000,-5.12722,1.78022,0.10501,32.00000,30.00000,tau_10
7118,1.00000,-5.11883,1.69231,0.10989,32.00000,30.00000,tau_10
7123,1.00000,-5.10929,1.80952,0.10012,32.00000,30.00000,tau_10
7128,1.00000,-5.10052,1.79487,0.10501,32.00000,30.00000,tau_10
7133,1.00000,-5.09136,1.73627,0.10501,32.00000,30.00000,tau_10
7138,1.00000,-5.08259,1.82418,0.10989,32.00000,30.00000,tau_10
7143,1.00000,-5.07382,1.76557,0.10501,32.00000,30.00000,tau_10
7148,1.00000,-5.06466,1.76557,0.10501,32.00000,30.00000,tau_10
7154,1.00000,-5.05550,1.80952,0.10501,32.00000,30.00000,tau_10
7159,1.00000,-5.04673,1.76557,0.11477,32.00000,30.00000,tau_10
7164,1.00000,-5.03758,1.75092,0.11477,32.00000,30.00000,tau_10
7169,1.00000,-5.02880,1.76557,0.10501,32.00000,30.00000,tau_10
7174,1.00000,-5.01965,1.76557,0.10501,32.00000,30.00000,tau_10
7179,1.00000,-5.01087,1.75092,0.10501,32.00000,30.00000,tau_10
7184,1.00000,-5.00172,1.80952,0.10501,32.00000,30.00000,tau_10
7189,1.00000,-4.99294,1.75092,0.10989,32.00000,30.00000,tau_10
7194,1.00000,-4.98417,1.72161,0.10989,32.00000,30.00000,tau_10
7199,1.00000,-4.97501,1.80952,0.10012,32.00000,30.00000,tau_10
7204,1.00000,-4.96586,1.75092,0.10989,32.00000,30.00000,tau_10
7209,1.00000,-4.95708,1.75092,0.10989,32.00000,30.00000,tau_10
7214,1.00000,-4.94793,1.80952,0.10501,32.00000,30.00000,tau_10
7219,1.00000,-4.93915,1.72161,0.10989,32.00000,30.00000,tau_10
7224,1.00000,-4.93000,1.76557,0.10012,32.00000,30.00000,tau_10
7229,1.00000,-4.92084,1.80952,0.10501,32.00000,30.00000,tau_10
7234,1.00000,-4.91207,1.72161,0.11477,32.00000,30.00000,tau_10
7239,1.00000,-4.90330,1.78022,0.10501,32.00000,30.00000,tau_10
7245,1.00000,-4.89414,1.78022,0.10012,32.00000,30.00000,tau_10
7250,1.00000,-4.88537,1.75092,0.10989,32.00000,30.00000,tau_10
7255,1.00000,-4.87621,1.78022,0.10501,32.00000,30.00000,tau_10
7260,1.00000,-4.86706,1.79487,0.10012,32.00000,30.00000,tau_10
7265,1.00000,-4.85828,1.72161,0.11477,32.00000,30.00000,tau_10
7270,1.00000,-4.84951,1.75092,0.10501,32.00000,30.00000,tau_10
7275,1.00000,-4.84035,1.79487,0.10501,32.00000,30.00000,tau_10
7280,1.00000,-4.83158,1.73627,0.10989,32.00000,30.00000,tau_10
7285,1.00000,-4.82242,1.80952,0.10989,32.00000,30.00000,tau_10
7290,1.00000,-4.81365,1.79487,0.10989,32.00000,30.00000,tau_10
7295,1.00000,-4.80487,1.69231,0.11477,32.00000,30.00000,tau_10
7300,1.00000,-4.79572,1.80952,0.10012,32.00000,30.00000,tau_10
7305,1.00000,-4.78656,1.79487,0.10012,32.00000,30.00000,tau_10
7310,1.00000,-4.77779,1.73627,0.10989,32.00000,30.00000,tau_10
7315,1.00000,-4.76864,1.80952,0.10989,32.00000,30.00000,tau_10
7320,1.00000,-4.75948,1.75092,0.10501,32.00000,30.00000,tau_10
7325,1.00000,-4.75071,1.75092,0.10989,32.00000,30.00000,tau_10
7331,1.00000,-4.74155,1.80952,0.10501,32.00000,30.00000,tau_10
7336,1.00000,-4.73278,1.76557,0.10989,32.00000,30.00000,tau_10
7341,1.00000,-4.72362,1.73627,0.10989,32.00000,30.00000,tau_10
7346,1.00000,-4.71485,1.78022,0.10012,32.00000,30.00000,tau_10
7351,1.00000,-4.70569,1.78022,0.10012,32.00000,30.00000,tau_10
7356,1.00000,-4.69692,1.75092,0.10501,32.00000,30.00000,tau_10
7361,1.00000,-4.68776,1.79487,0.10501,32.00000,30.00000,tau_10
7366,1.00000,-4.67861,1.75092,0.11477,32.00000,30.00000,tau_10
7371,1.00000,-4.66983,1.72161,0.10989,32.00000,30.00000,tau_10
7376,1.00000,-4.66106,1.80952,0.10012,32.00000,30.00000,tau_10
7381,1.00000,-4.65190,1.76557,0.10989,32.00000,30.00000,tau_10
7386,1.00000,-4.64313,1.75092,0.10989,32.00000,30.00000,tau_10
7391,1.00000,-4.63397,1.80952,0.10989,32.00000,30.00000,tau_10
7396,1.00000,-4.62520,1.70696,0.11477,32.00000,30.00000,tau_10
7401,1.00000,-4.61643,1.76557,0.10989,32.00000,30.00000,tau_10
7406,1.00000,-4.60727,1.80952,0.10501,32.00000,30.00000,tau_10
7411,1.00000,-4.59850,1.75092,0.11477,32.00000,30.00000,tau_10
7416,1.00000,-4.58934,1.76557,0.11477,32.00000,30.00000,tau_10
7421,1.00000,-4.58057,1.75092,0.10501,32.00000,30.00000,tau_10
7426,1.00000,-4.57179,1.73627,0.10989,32.00000,30.00000,tau_10
7432,1.00000,-4.56264,1.78022,0.10501,32.00000,30.00000,tau_10
7437,1.00000,-4.55348,1.79487,0.10989,32.00000,30.00000,tau_10
7442,1.00000,-4.54471,1.72161,0.11477,32.00000,30.00000,tau_10
7447,1.00000,-4.53593,1.76557,0.10989,32.00000,30.00000,tau_10
7452,1.00000,-4.52678,1.79487,0.10501,32.00000,30.00000,tau_10
7457,1.00000,-4.51801,1.72161,0.11477,32.00000,30.00000,tau_10
7462,1.00000,-4.50923,1.76557,0.10989,32.00000,30.00000,tau_10
7467,1.00000,-4.50008,1.78022,0.11477,32.00000,30.00000,tau_10
7472,1.00000,-4.49168,1.67766,0.11966,32.00000,30.00000,tau_10
7477,1.00000,-4.48215,1.79487,0.10501,32.00000,30.00000,tau_10
7482,1.00000,-4.47337,1.79487,0.10501,32.00000,30.00000,tau_10
7487,1.00000,-4.46460,1.70696,0.11966,32.00000,30.00000,tau_10
7492,1.00000,-4.45582,1.78022,0.12454,32.00000,30.00000,tau_10
7497,1.00000,-4.44705,1.72161,0.11966,32.00000,30.00000,tau_10
7502,1.00000,-4.43828,1.70696,0.12454,32.00000,30.00000,tau_10
7507,1.00000,-4.42912,1.79487,0.11477,32.00000,30.00000,tau_10
7512,1.00000,-4.42035,1.76557,0.11966,32.00000,30.00000,tau_10
7517,1.00000,-4.41157,1.70696,0.12454,32.00000,30.00000,tau_10
7523,1.00000,-4.40280,1.72161,0.12454,32.00000,30.00000,tau_10
7528,1.00000,-4.39403,1.75092,0.11477,32.00000,30.00000,tau_10
7533,1.00000,-4.38525,1.69231,0.12454,32.00000,30.00000,tau_10
7538,1.00000,-4.37610,1.78022,0.11966,32.00000,30.00000,tau_10
7543,1.00000,-4.36732,1.78022,0.12943,32.00000,30.00000,tau_10
7548,1.00000,-4.35893,1.67766,0.12943,32.00000,30.00000,tau_10
7553,1.00000,-4.34978,1.76557,0.11966,32.00000,30.00000,tau_10
7558,1.00000,-4.34100,1.75092,0.11966,32.00000,30.00000,tau_10
7563,1.00000,-4.33261,1.64835,0.13431,32.00000,30.00000,tau_10
7568,1.00000,-4.32384,1.75092,0.12943,32.00000,30.00000,tau_10
7573,1.00000,-4.31506,1.73627,0.13431,32.00000,30.00000,tau_10
7578,1.00000,-4.30629,1.70696,0.12943,32.00000,30.00000,tau_10
7583,1.00000,-4.29713,1.80952,0.11966,32.00000,30.00000,tau_10
7588,1.00000,-4.28874,1.72161,0.11966,32.00000,30.00000,tau_10
7593,1.00000,-4.28035,1.64835,0.13919,32.00000,30.00000,tau_10
7598,1.00000,-4.27157,1.69231,0.13919,32.00000,30.00000,tau_10
7603,1.00000,-4.26280,1.70696,0.13431,32.00000,30.00000,tau_10
7608,1.00000,-4.25402,1.75092,0.12454,32.00000,30.00000,tau_10
7614,1.00000,-4.24487,1.80952,0.11477,32.00000,30.00000,tau_10
7619,1.00000,-4.23610,1.73627,0.11966,32.00000,30.00000,tau_10
7624,1.00000,-4.22770,1.61905,0.13919,32.00000,30.00000,tau_10
7629,1.00000,-4.21931,1.67766,0.13919,32.00000,30.00000,tau_10
7634,1.00000,-4.21054,1.73627,0.13919,32.00000,30.00000,tau_10
7639,1.00000,-4.20176,1.69231,0.14408,32.00000,30.00000,tau_10
7644,1.00000,-4.19299,1.80952,0.12454,32.00000,30.00000,tau_10
7649,1.00000,-4.18383,1.75092,0.12454,32.00000,30.00000,tau_10
7654,1.00000,-4.17544,1.64835,0.12454,32.00000,30.00000,tau_10
7659,1.00000,-4.16667,1.73627,0.13431,32.00000,30.00000,tau_10
7664,1.00000,-4.15827,1.70696,0.13919,32.00000,30.00000,tau_10
7669,1.00000,-4.14950,1.66301,0.14896,32.00000,30.00000,tau_10
7674,1.00000,-4.14073,1.76557,0.13919,32.00000,30.00000,tau_10
7679,1.00000,-4.13195,1.72161,0.12454,32.00000,30.00000,tau_10
7684,1.00000,-4.12318,1.70696,0.11966,32.00000,30.00000,tau_10
7689,1.00000,-4.11402,1.76557,0.11966,32.00000,30.00000,tau_10
7694,1.00000,-4.10563,1.67766,0.14408,32.00000,30.00000,tau_10
7699,1.00000,-4.09724,1.61905,0.15873,32.00000,30.00000,tau_10
7705,1.00000,-4.08885,1.70696,0.14896,32.00000,30.00000,tau_10
7710,1.00000,-4.07969,1.78022,0.12454,32.00000,30.00000,tau_10
7715,1.00000,-4.07092,1.75092,0.11477,32.00000,30.00000,tau_10
7720,1.00000,-4.06176,1.78022,0.11477,32.00000,30.00000,tau_10
7725,1.00000,-4.05337,1.69231,0.13919,32.00000,30.00000,tau_10
7730,1.00000,-4.04536,1.56044,0.15385,32.00000,30.00000,tau_10
7735,1.00000,-4.03658,1.69231,0.14896,32.00000,30.00000,tau_10
7740,1.00000,-4.02781,1.76557,0.12943,32.00000,30.00000,tau_10
7745,1.00000,-4.01904,1.70696,0.12943,32.00000,30.00000,tau_10
7750,1.00000,-4.00988,1.80952,0.11966,32.00000,30.00000,tau_10
7755,1.00000,-4.00111,1.73627,0.12454,32.00000,30.00000,tau_10
7760,1.00000,-3.99310,1.60440,0.13919,32.00000,30.00000,tau_10
7765,1.00000,-3.98432,1.72161,0.14408,32.00000,30.00000,tau_10
7770,1.00000,-3.97555,1.70696,0.14408,32.00000,30.00000,tau_10
7775,1.00000,-3.96715,1.67766,0.14408,32.00000,30.00000,tau_10
7780,1.00000,-3.95838,1.75092,0.12943,32.00000,30.00000,tau_10
7785,1.00000,-3.94923,1.73627,0.11966,32.00000,30.00000,tau_10
7790,1.00000,-3.94045,1.70696,0.13431,32.00000,30.00000,tau_10
7796,1.00000,-3.93206,1.70696,0.13919,32.00000,30.00000,tau_10
7801,1.00000,-3.92367,1.69231,0.14896,32.00000,30.00000,tau_10
7806,1.00000,-3.91527,1.61905,0.15873,32.00000,30.00000,tau_10
7811,1.00000,-3.90650,1.70696,0.14408,32.00000,30.00000,tau_10
7816,1.00000,-3.89734,1.80952,0.12454,32.00000,30.00000,tau_10
7821,1.00000,-3.88857,1.73627,0.12454,32.00000,30.00000,tau_10
7826,1.00000,-3.87980,1.73627,0.12943,32.00000,30.00000,tau_10
7831,1.00000,-3.87140,1.67766,0.14408,32.00000,30.00000,tau_10
7836,1.00000,-3.86339,1.57509,0.15873,32.00000,30.00000,tau_10
7841,1.00000,-3.85462,1.75092,0.13919,32.00000,30.00000,tau_10
7846,1.00000,-3.84546,1.79487,0.12943,32.00000,30.00000,tau_10
7851,1.00000,-3.83669,1.72161,0.12454,32.00000,30.00000,tau_10
7856,1.00000,-3.82753,1.78022,0.12943,32.00000,30.00000,tau_10
7861,1.00000,-3.81914,1.66301,0.13919,32.00000,30.00000,tau_10
7866,1.00000,-3.81113,1.60440,0.14896,32.00000,30.00000,tau_10
7871,1.00000,-3.80236,1.73627,0.13919,32.00000,30.00000,tau_10
7876,1.00000,-3.79320,1.75092,0.12943,32.00000,30.00000,tau_10
7881,1.00000,-3.78481,1.69231,0.13919,32.00000,30.00000,tau_10
7887,1.00000,-3.77604,1.73627,0.13431,32.00000,30.00000,tau_10
7892,1.00000,-3.76726,1.73627,0.12454,32.00000,30.00000,tau_10
7897,1.00000,-3.75887,1.64835,0.13919,32.00000,30.00000,tau_10
7902,1.00000,-3.75010,1.69231,0.14408,32.00000,30.00000,tau_10
7907,1.00000,-3.74170,1.70696,0.14408,32.00000,30.00000,tau_10
7912,1.00000,-3.73331,1.63370,0.14896,32.00000,30.00000,tau_10
7917,1.00000,-3.72454,1.75092,0.12943,32.00000,30.00000,tau_10
7922,1.00000,-3.71500,1.82418,0.11477,32.00000,30.00000,tau_10
7927,1.00000,-3.70661,1.67766,0.12943,32.00000,30.00000,tau_10
7932,1.00000,-3.69783,1.69231,0.13431,32.00000,30.00000,tau_10
7937,1.00000,-3.68944,1.66301,0.14896,32.00000,30.00000,tau_10
7942,1.00000,-3.68143,1.61905,0.15385,32.00000,30.00000,tau_10
7947,1.00000,-3.67227,1.76557,0.13431,32.00000,30.00000,tau_10
7952,1.00000,-3.66312,1.82418,0.11477,32.00000,30.00000,tau_10
7957,1.00000,-3.65435,1.73627,0.11966,32.00000,30.00000,tau_10
7962,1.00000,-3.64557,1.70696,0.12454,32.00000,30.00000,tau_10
7967,1.00000,-3.63718,1.63370,0.13431,32.00000,30.00000,tau_10
7972,1.00000,-3.62879,1.66301,0.14408,32.00000,30.00000,tau_10
7978,1.00000,-3.62001,1.76557,0.13431,32.00000,30.00000,tau_10
7983,1.00000,-3.61086,1.80952,0.12454,32.00000,30.00000,tau_10
7988,1.00000,-3.60208,1.72161,0.12454,32.00000,30.00000,tau_10
7993,1.00000,-3.59331,1.70696,0.11966,32.00000,30.00000,tau_10
7998,1.00000,-3.58492,1.69231,0.12943,32.00000,30.00000,tau_10
8003,1.00000,-3.57652,1.61905,0.14896,32.00000,30.00000,tau_10
8008,1.00000,-3.56775,1.70696,0.14896,32.00000,30.00000,tau_10
8013,1.00000,-3.55898,1.76557,0.13919,32.00000,30.00000,tau_10
8018,1.00000,-3.55058,1.67766,0.13919,32.00000,30.00000,tau_10
8023,1.00000,-3.54143,1.78022,0.11477,32.00000,30.00000,tau_10
8028,1.00000,-3.53227,1.78022,0.10989,32.00000,30.00000,tau_10
8033,1.00000,-3.52426,1.61905,0.13919,32.00000,30.00000,tau_10
8038,1.00000,-3.51549,1.67766,0.15385,32.00000,30.00000,tau_10
8043,1.00000,-3.50710,1.69231,0.14896,32.00000,30.00000,tau_10
8048,1.00000,-3.49832,1.67766,0.14408,32.00000,30.00000,tau_10
8053,1.00000,-3.48917,1.79487,0.11966,32.00000,30.00000,tau_10
8058,1.00000,-3.48001,1.82418,0.10989,32.00000,30.00000,tau_10
8063,1.00000,-3.47162,1.66301,0.13431,32.00000,30.00000,tau_10
8068,1.00000,-3.46323,1.63370,0.14896,32.00000,30.00000,tau_10
8074,1.00000,-3.45483,1.66301,0.14896,32.00000,30.00000,tau_10
8079,1.00000,-3.44606,1.70696,0.14896,32.00000,30.00000,tau_10
8084,1.00000,-3.43729,1.76557,0.12943,32.00000,30.00000,tau_10
8089,1.00000,-3.42813,1.82418,0.10989,32.00000,30.00000,tau_10
8094,1.00000,-3.41936,1.67766,0.12454,32.00000,30.00000,tau_10
8099,1.00000,-3.41096,1.64835,0.12943,32.00000,30.00000,tau_10
8104,1.00000,-3.40219,1.70696,0.13431,32.00000,30.00000,tau_10
8109,1.00000,-3.39418,1.64835,0.14896,32.00000,30.00000,tau_10
8114,1.00000,-3.38502,1.73627,0.14408,32.00000,30.00000,tau_10
8119,1.00000,-3.37625,1.76557,0.12454,32.00000,30.00000,tau_10
8124,1.00000,-3.36748,1.67766,0.12454,32.00000,30.00000,tau_10
8129,1.00000,-3.35870,1.75092,0.11966,32.00000,30.00000,tau_10
8134,1.00000,-3.34993,1.72161,0.12943,32.00000,30.00000,tau_10
8139,1.00000,-3.34153,1.63370,0.15385,32.00000,30.00000,tau_10
8144,1.00000,-3.33314,1.69231,0.15385,32.00000,30.00000,tau_10
8149,1.00000,-3.32437,1.73627,0.13431,32.00000,30.00000,tau_10
8154,1.00000,-3.31521,1.75092,0.11966,32.00000,30.00000,tau_10
8159,1.00000,-3.30606,1.80952,0.10989,32.00000,30.00000,tau_10
8165,1.00000,-3.29728,1.76557,0.11477,32.00000,30.00000,tau_10
8170,1.00000,-3.28889,1.61905,0.14408,32.00000,30.00000,tau_10
8175,1.00000,-3.28050,1.63370,0.14408,32.00000,30.00000,tau_10
8180,1.00000,-3.27172,1.75092,0.12943,32.00000,30.00000,tau_10
8185,1.00000,-3.26295,1.75092,0.12454,32.00000,30.00000,tau_10
8190,1.00000,-3.25380,1.80952,0.11477,32.00000,30.00000,tau_10
8195,1.00000,-3.24464,1.78022,0.11966,32.00000,30.00000,tau_10
8200,1.00000,-3.23625,1.61905,0.13431,32.00000,30.00000,tau_10
8205,1.00000,-3.22786,1.69231,0.12943,32.00000,30.00000,tau_10
8210,1.00000,-3.21870,1.76557,0.11966,32.00000,30.00000,tau_10
8215,1.00000,-3.20993,1.70696,0.12454,32.00000,30.00000,tau_10
8220,1.00000,-3.20115,1.79487,0.12454,32.00000,30.00000,tau_10
8225,1.00000,-3.19200,1.75092,0.11477,32.00000,30.00000,tau_10
8230,1.00000,-3.18360,1.66301,0.12454,32.00000,30.00000,tau_10
8235,1.00000,-3.17445,1.75092,0.11477,32.00000,30.00000,tau_10
8240,1.00000,-3.16568,1.76557,0.11966,32.00000,30.00000,tau_10
8245,1.00000,-3.15728,1.70696,0.13919,32.00000,30.00000,tau_10
8250,1.00000,-3.14851,1.72161,0.13431,32.00000,30.00000,tau_10
8256,1.00000,-3.13935,1.75092,0.11966,32.00000,30.00000,tau_10
8261,1.00000,-3.13058,1.72161,0.11966,32.00000,30.00000,tau_10
8266,1.00000,-3.12181,1.76557,0.11477,32.00000,30.00000,tau_10
8271,1.00000,-3.11303,1.75092,0.11966,32.00000,30.00000,tau_10
8276,1.00000,-3.10464,1.61905,0.13431,32.00000,30.00000,tau_10
8281,1.00000,-3.09586,1.70696,0.13431,32.00000,30.00000,tau_10
8286,1.00000,-3.08671,1.78022,0.12454,32.00000,30.00000,tau_10
8291,1.00000,-3.07794,1.70696,0.12454,32.00000,30.00000,tau_10
8296,1.00000,-3.06916,1.79487,0.11966,32.00000,30.00000,tau_10
8301,1.00000,-3.06039,1.73627,0.12454,32.00000,30.00000,tau_10
8306,1.00000,-3.05200,1.63370,0.12943,32.00000,30.00000,tau_10
8311,1.00000,-3.04284,1.76557,0.12943,32.00000,30.00000,tau_10
8316,1.00000,-3.03407,1.76557,0.11966,32.00000,30.00000,tau_10
8321,1.00000,-3.02529,1.72161,0.12943,32.00000,30.00000,tau_10
8326,1.00000,-3.01652,1.75092,0.11966,32.00000,30.00000,tau_10
8331,1.00000,-3.00774,1.72161,0.11477,32.00000,30.00000,tau_10
8336,1.00000,-2.99897,1.70696,0.12943,32.00000,30.00000,tau_10
8341,1.00000,-2.99020,1.75092,0.12943,32.00000,30.00000,tau_10
8347,1.00000,-2.98142,1.76557,0.12943,32.00000,30.00000,tau_10
8352,1.00000,-2.97303,1.66301,0.13919,32.00000,30.00000,tau_10
8357,1.00000,-2.96426,1.70696,0.12454,32.00000,30.00000,tau_10
8362,1.00000,-2.95510,1.78022,0.11966,32.00000,30.00000,tau_10
8367,1.00000,-2.94633,1.70696,0.12454,32.00000,30.00000,tau_10
8372,1.00000,-2.93755,1.76557,0.12943,32.00000,30.00000,tau_10
8377,1.00000,-2.92878,1.73627,0.13431,32.00000,30.00000,tau_10
8382,1.00000,-2.92039,1.61905,0.13919,32.00000,30.00000,tau_10
8387,1.00000,-2.91161,1.75092,0.11966,32.00000,30.00000,tau_10
8392,1.00000,-2.90284,1.78022,0.12454,32.00000,30.00000,tau_10
8397,1.00000,-2.89406,1.72161,0.12943,32.00000,30.00000,tau_10
8402,1.00000,-2.88491,1.78022,0.12943,32.00000,30.00000,tau_10
8407,1.00000,-2.87613,1.69231,0.12943,32.00000,30.00000,tau_10
8412,1.00000,-2.86774,1.66301,0.12943,32.00000,30.00000,tau_10
8417,1.00000,-2.85897,1.76557,0.11966,32.00000,30.00000,tau_10
8422,1.00000,-2.84981,1.78022,0.11966,32.00000,30.00000,tau_10
8427,1.00000,-2.84104,1.73627,0.12943,32.00000,30.00000,tau_10
8432,1.00000,-2.83226,1.73627,0.11966,32.00000,30.00000,tau_10
8437,1.00000,-2.82311,1.76557,0.11477,32.00000,30.00000,tau_10
8442,1.00000,-2.81472,1.70696,0.11477,32.00000,30.00000,tau_10
8448,1.00000,-2.80556,1.78022,0.11477,32.00000,30.00000,tau_10
8453,1.00000,-2.79679,1.76557,0.12454,32.00000,30.00000,tau_10
8458,1.00000,-2.78801,1.66301,0.12943,32.00000,30.00000,tau_10
8463,1.00000,-2.77924,1.76557,0.11477,32.00000,30.00000,tau_10
8468,1.00000,-2.77009,1.79487,0.10501,32.00000,30.00000,tau_10
8473,1.00000,-2.76169,1.72161,0.11477,32.00000,30.00000,tau_10
8478,1.00000,-2.75254,1.79487,0.11966,32.00000,30.00000,tau_10
8483,1.00000,-2.74376,1.70696,0.12454,32.00000,30.00000,tau_10
8488,1.00000,-2.73499,1.67766,0.12454,32.00000,30.00000,tau_10
8493,1.00000,-2.72583,1.82418,0.10989,32.00000,30.00000,tau_10
8498,1.00000,-2.71706,1.78022,0.10501,32.00000,30.00000,tau_10
8503,1.00000,-2.70790,1.75092,0.11477,32.00000,30.00000,tau_10
8508,1.00000,-2.69913,1.76557,0.11477,32.00000,30.00000,tau_10
8513,1.00000,-2.69036,1.72161,0.11477,32.00000,30.00000,tau_10
8518,1.00000,-2.68158,1.73627,0.11477,32.00000,30.00000,tau_10
8523,1.00000,-2.67243,1.80952,0.10501,32.00000,30.00000,tau_10
8528,1.00000,-2.66327,1.76557,0.11477,32.00000,30.00000,tau_10
8533,1.00000,-2.65450,1.70696,0.11966,32.00000,30.00000,tau_10
8539,1.00000,-2.64534,1.78022,0.10501,32.00000,30.00000,tau_10
8544,1.00000,-2.63657,1.75092,0.10501,32.00000,30.00000,tau_10
8549,1.00000,-2.62779,1.75092,0.10989,32.00000,30.00000,tau_10
8554,1.00000,-2.61864,1.80952,0.11477,32.00000,30.00000,tau_10
8559,1.00000,-2.61025,1.69231,0.12454,32.00000,30.00000,tau_10
8564,1.00000,-2.60147,1.72161,0.11477,32.00000,30.00000,tau_10
8569,1.00000,-2.59232,1.80952,0.10501,32.00000,30.00000,tau_10
8574,1.00000,-2.58316,1.75092,0.10989,32.00000,30.00000,tau_10
8579,1.00000,-2.57439,1.78022,0.11477,32.00000,30.00000,tau_10
8584,1.00000,-2.56561,1.75092,0.11966,32.00000,30.00000,tau_10
8589,1.00000,-2.55684,1.67766,0.11966,32.00000,30.00000,tau_10
8594,1.00000,-2.54768,1.76557,0.11966,32.00000,30.00000,tau_10
8599,1.00000,-2.53853,1.79487,0.10501,32.00000,30.00000,tau_10
8604,1.00000,-2.52976,1.75092,0.11477,32.00000,30.00000,tau_10
8609,1.00000,-2.52098,1.73627,0.11966,32.00000,30.00000,tau_10
8614,1.00000,-2.51221,1.73627,0.11477,32.00000,30.00000,tau_10
8619,1.00000,-2.50343,1.72161,0.12454,32.00000,30.00000,tau_10
8624,1.00000,-2.49428,1.78022,0.11477,32.00000,30.00000,tau_10
8630,1.00000,-2.48550,1.79487,0.11477,32.00000,30.00000,tau_10
8635,1.00000,-2.47673,1.66301,0.12943,32.00000,30.00000,tau_10
8640,1.00000,-2.46796,1.73627,0.11966,32.00000,30.00000,tau_10
8645,1.00000,-2.45918,1.79487,0.10989,32.00000,30.00000,tau_10
8650,1.00000,-2.45041,1.70696,0.11966,32.00000,30.00000,tau_10
8655,1.00000,-2.44125,1.78022,0.11966,32.00000,30.00000,tau_10
8660,1.00000,-2.43248,1.75092,0.12454,32.00000,30.00000,tau_10
8665,1.00000,-2.42409,1.64835,0.12943,32.00000,30.00000,tau_10
8670,1.00000,-2.41493,1.78022,0.10989,32.00000,30.00000,tau_10
8675,1.00000,-2.40578,1.79487,0.10989,32.00000,30.00000,tau_10
8680,1.00000,-2.39738,1.70696,0.12454,32.00000,30.00000,tau_10
8685,1.00000,-2.38861,1.72161,0.12943,32.00000,30.00000,tau_10
8690,1.00000,-2.37984,1.70696,0.12454,32.00000,30.00000,tau_10
8695,1.00000,-2.37106,1.69231,0.12454,32.00000,30.00000,tau_10
8700,1.00000,-2.36229,1.78022,0.11966,32.00000,30.00000,tau_10
8705,1.00000,-2.35313,1.80952,0.11966,32.00000,30.00000,tau_10
8710,1.00000,-2.34436,1.67766,0.12943,32.00000,30.00000,tau_10
8716,1.00000,-2.33597,1.69231,0.12943,32.00000,30.00000,tau_10
8721,1.00000,-2.32681,1.75092,0.12454,32.00000,30.00000,tau_10
8726,1.00000,-2.31842,1.70696,0.12943,32.00000,30.00000,tau_10
8731,1.00000,-2.30926,1.79487,0.12454,32.00000,30.00000,tau_10
8736,1.00000,-2.30049,1.76557,0.12454,32.00000,30.00000,tau_10
8741,1.00000,-2.29210,1.63370,0.12943,32.00000,30.00000,tau_10
8746,1.00000,-2.28332,1.73627,0.11966,32.00000,30.00000,tau_10
8751,1.00000,-2.27455,1.75092,0.12943,32.00000,30.00000,tau_10
8756,1.00000,-2.26577,1.70696,0.13919,32.00000,30.00000,tau_10
8761,1.00000,-2.25700,1.78022,0.13431,32.00000,30.00000,tau_10
8766,1.00000,-2.24784,1.72161,0.12454,32.00000,30.00000,tau_10
8771,1.00000,-2.23945,1.69231,0.11966,32.00000,30.00000,tau_10
8776,1.00000,-2.23030,1.76557,0.10989,32.00000,30.00000,tau_10
8781,1.00000,-2.22152,1.75092,0.11966,32.00000,30.00000,tau_10
8786,1.00000,-2.21313,1.67766,0.13919,32.00000,30.00000,tau_10
8791,1.00000,-2.20436,1.70696,0.13431,32.00000,30.00000,tau_10
8796,1.00000,-2.19558,1.73627,0.11966,32.00000,30.00000,tau_10
8801,1.00000,-2.18681,1.72161,0.11477,32.00000,30.00000,tau_10
8806,1.00000,-2.17765,1.78022,0.11477,32.00000,30.00000,tau_10
8812,1.00000,-2.16888,1.76557,0.12943,32.00000,30.00000,tau_10
8817,1.00000,-2.16049,1.63370,0.14408,32.00000,30.00000,tau_10
8822,1.00000,-2.15171,1.72161,0.12943,32.00000,30.00000,tau_10
8827,1.00000,-2.14294,1.79487,0.12454,32.00000,30.00000,tau_10
8832,1.00000,-2.13416,1.70696,0.11966,32.00000,30.00000,tau_10
8837,1.00000,-2.12501,1.79487,0.11966,32.00000,30.00000,tau_10
8842,1.00000,-2.11624,1.72161,0.12943,32.00000,30.00000,tau_10
8847,1.00000,-2.10784,1.63370,0.13431,32.00000,30.00000,tau_10
8852,1.00000,-2.09907,1.76557,0.11966,32.00000,30.00000,tau_10
8857,1.00000,-2.09030,1.75092,0.11966,32.00000,30.00000,tau_10
8862,1.00000,-2.08152,1.73627,0.12454,32.00000,30.00000,tau_10
8867,1.00000,-2.07237,1.76557,0.11966,32.00000,30.00000,tau_10
8872,1.00000,-2.06359,1.72161,0.11477,32.00000,30.00000,tau_10
8877,1.00000,-2.05482,1.70696,0.11966,32.00000,30.00000,tau_10
8882,1.00000,-2.04604,1.76557,0.12454,32.00000,30.00000,tau_10
8887,1.00000,-2.03727,1.76557,0.12454,32.00000,30.00000,tau_10
8892,1.00000,-2.02850,1.66301,0.13431,32.00000,30.00000,tau_10
8897,1.00000,-2.01972,1.75092,0.11966,32.00000,30.00000,tau_10
8903,1.00000,-2.01095,1.76557,0.11477,32.00000,30.00000,tau_10
8908,1.00000,-2.00217,1.73627,0.11966,32.00000,30.00000,tau_10
8913,1.00000,-1.99302,1.79487,0.11966,32.00000,30.00000,tau_10
8918,1.00000,-1.98463,1.69231,0.12943,32.00000,30.00000,tau_10
8923,1.00000,-1.97585,1.63370,0.12943,32.00000,30.00000,tau_10
8928,1.00000,-1.96708,1.79487,0.11966,32.00000,30.00000,tau_10
8933,1.00000,-1.95792,1.78022,0.12454,32.00000,30.00000,tau_10
8938,1.00000,-1.94915,1.73627,0.11966,32.00000,30.00000,tau_10
8943,1.00000,-1.94038,1.76557,0.12454,32.00000,30.00000,tau_10
8948,1.00000,-1.93160,1.67766,0.12943,32.00000,30.00000,tau_10
8953,1.00000,-1.92321,1.67766,0.12454,32.00000,30.00000,tau_10
8958,1.00000,-1.91405,1.79487,0.11966,32.00000,30.00000,tau_10
8963,1.00000,-1.90528,1.78022,0.12454,32.00000,30.00000,tau_10
8968,1.00000,-1.89651,1.72161,0.13431,32.00000,30.00000,tau_10
8973,1.00000,-1.88773,1.72161,0.11966,32.00000,30.00000,tau_10
8978,1.00000,-1.87896,1.73627,0.11477,32.00000,30.00000,tau_10
8983,1.00000,-1.87018,1.70696,0.12454,32.00000,30.00000,tau_10
8988,1.00000,-1.86141,1.78022,0.12454,32.00000,30.00000,tau_10
8994,1.00000,-1.85264,1.72161,0.13919,32.00000,30.00000,tau_10
8999,1.00000,-1.84386,1.66301,0.13431,32.00000,30.00000,tau_10
9004,1.00000,-1.83471,1.79487,0.11477,32.00000,30.00000,tau_10
9009,1.00000,-1.82593,1.76557,0.11477,32.00000,30.00000,tau_10
9014,1.00000,-1.81716,1.72161,0.12454,32.00000,30.00000,tau_10
9019,1.00000,-1.80838,1.76557,0.12943,32.00000,30.00000,tau_10
9024,1.00000,-1.79999,1.66301,0.13919,32.00000,30.00000,tau_10
9029,1.00000,-1.79122,1.67766,0.12454,32.00000,30.00000,tau_10
9034,1.00000,-1.78206,1.79487,0.11477,32.00000,30.00000,tau_10
9039,1.00000,-1.77329,1.78022,0.11477,32.00000,30.00000,tau_10
9044,1.00000,-1.76413,1.76557,0.11966,32.00000,30.00000,tau_10
9049,1.00000,-1.75536,1.73627,0.11966,32.00000,30.00000,tau_10
9054,1.00000,-1.74659,1.69231,0.11966,32.00000,30.00000,tau_10
9059,1.00000,-1.73781,1.72161,0.11477,32.00000,30.00000,tau_10
9064,1.00000,-1.72866,1.80952,0.10989,32.00000,30.00000,tau_10
9069,1.00000,-1.71988,1.76557,0.11966,32.00000,30.00000,tau_10
9074,1.00000,-1.71111,1.70696,0.12454,32.00000,30.00000,tau_10
9079,1.00000,-1.70233,1.75092,0.10989,32.00000,30.00000,tau_10
9085,1.00000,-1.69356,1.70696,0.11966,32.00000,30.00000,tau_10
9090,1.00000,-1.68479,1.75092,0.11477,32.00000,30.00000,tau_10
9095,1.00000,-1.67563,1.80952,0.11966,32.00000,30.00000,tau_10
9100,1.00000,-1.66724,1.67766,0.12943,32.00000,30.00000,tau_10
9105,1.00000,-1.65808,1.72161,0.11477,32.00000,30.00000,tau_10
9110,1.00000,-1.64893,1.80952,0.10012,32.00000,30.00000,tau_10
9115,1.00000,-1.64015,1.72161,0.11477,32.00000,30.00000,tau_10
9120,1.00000,-1.63138,1.78022,0.11966,32.00000,30.00000,tau_10
9125,1.00000,-1.62222,1.75092,0.11966,32.00000,30.00000,tau_10
9130,1.00000,-1.61383,1.67766,0.11966,32.00000,30.00000,tau_10
9135,1.00000,-1.60468,1.78022,0.10989,32.00000,30.00000,tau_10
9140,1.00000,-1.59552,1.82418,0.10012,32.00000,30.00000,tau_10
9145,1.00000,-1.58675,1.76557,0.11477,32.00000,30.00000,tau_10
9150,1.00000,-1.57797,1.73627,0.11477,32.00000,30.00000,tau_10
9155,1.00000,-1.56882,1.73627,0.10989,32.00000,30.00000,tau_10
9160,1.00000,-1.56004,1.73627,0.11477,32.00000,30.00000,tau_10
9165,1.00000,-1.55127,1.78022,0.10989,32.00000,30.00000,tau_10
9170,1.00000,-1.54173,1.82418,0.10989,32.00000,30.00000,tau_10
9176,1.00000,-1.53334,1.69231,0.11966,32.00000,30.00000,tau_10
9181,1.00000,-1.52457,1.73627,0.11477,32.00000,30.00000,tau_10
9186,1.00000,-1.51541,1.78022,0.10501,32.00000,30.00000,tau_10
9191,1.00000,-1.50664,1.73627,0.10989,32.00000,30.00000,tau_10
9196,1.00000,-1.49748,1.82418,0.10989,32.00000,30.00000,tau_10
9201,1.00000,-1.48833,1.76557,0.11477,32.00000,30.00000,tau_10
9206,1.00000,-1.47993,1.67766,0.11477,32.00000,30.00000,tau_10
9211,1.00000,-1.47078,1.79487,0.10989,32.00000,30.00000,tau_10
9216,1.00000,-1.46162,1.78022,0.10501,32.00000,30.00000,tau_10
9221,1.00000,-1.45285,1.75092,0.11477,32.00000,30.00000,tau_10
9226,1.00000,-1.44408,1.79487,0.11966,32.00000,30.00000,tau_10
9231,1.00000,-1.43492,1.73627,0.10989,32.00000,30.00000,tau_10
9236,1.00000,-1.42615,1.73627,0.11477,32.00000,30.00000,tau_10
9241,1.00000,-1.41699,1.80952,0.10501,32.00000,30.00000,tau_10
9246,1.00000,-1.40784,1.80952,0.10501,32.00000,30.00000,tau_10
9251,1.00000,-1.39944,1.70696,0.11477,32.00000,30.00000,tau_10
9256,1.00000,-1.39029,1.76557,0.10989,32.00000,30.00000,tau_10
9262,1.00000,-1.38151,1.76557,0.10501,32.00000,30.00000,tau_10
9267,1.00000,-1.37236,1.76557,0.10012,32.00000,30.00000,tau_10
9272,1.00000,-1.36320,1.83883,0.10012,32.00000,30.00000,tau_10
9277,1.00000,-1.35443,1.72161,0.11966,32.00000,30.00000,tau_10
9282,1.00000,-1.34566,1.70696,0.11477,32.00000,30.00000,tau_10
9287,1.00000,-1.33650,1.80952,0.10501,32.00000,30.00000,tau_10
9292,1.00000,-1.32773,1.76557,0.10989,32.00000,30.00000,tau_10
9297,1.00000,-1.31857,1.78022,0.10501,32.00000,30.00000,tau_10
9302,1.00000,-1.30941,1.78022,0.10989,32.00000,30.00000,tau_10
9307,1.00000,-1.30064,1.70696,0.11477,32.00000,30.00000,tau_10
9312,1.00000,-1.29187,1.75092,0.10989,32.00000,30.00000,tau_10
9317,1.00000,-1.28271,1.79487,0.10501,32.00000,30.00000,tau_10
9322,1.00000,-1.27394,1.76557,0.10989,32.00000,30.00000,tau_10
9327,1.00000,-1.26478,1.73627,0.11966,32.00000,30.00000,tau_10
9332,1.00000,-1.25601,1.73627,0.10989,32.00000,30.00000,tau_10
9337,1.00000,-1.24723,1.75092,0.10989,32.00000,30.00000,tau_10
9342,1.00000,-1.23808,1.78022,0.10501,32.00000,30.00000,tau_10
9347,1.00000,-1.22892,1.80952,0.10012,32.00000,30.00000,tau_10
9353,1.00000,-1.22015,1.69231,0.11966,32.00000,30.00000,tau_10
9358,1.00000,-1.21138,1.75092,0.10989,32.00000,30.00000,tau_10
9363,1.00000,-1.20222,1.79487,0.10012,32.00000,30.00000,tau_10
9368,1.00000,-1.19345,1.72161,0.10989,32.00000,30.00000,tau_10
9373,1.00000,-1.18429,1.82418,0.10501,32.00000,30.00000,tau_10
9378,1.00000,-1.17552,1.76557,0.10989,32.00000,30.00000,tau_10
9383,1.00000,-1.16674,1.67766,0.11477,32.00000,30.00000,tau_10
9388,1.00000,-1.15759,1.79487,0.10989,32.00000,30.00000,tau_10
9393,1.00000,-1.14881,1.79487,0.10012,32.00000,30.00000,tau_10
9398,1.00000,-1.13966,1.75092,0.10989,32.00000,30.00000,tau_10
9403,1.00000,-1.13088,1.79487,0.10989,32.00000,30.00000,tau_10
9408,1.00000,-1.12173,1.75092,0.10501,32.00000,30.00000,tau_10
9413,1.00000,-1.11296,1.72161,0.11477,32.00000,30.00000,tau_10
9418,1.00000,-1.10380,1.79487,0.10501,32.00000,30.00000,tau_10
9423,1.00000,-1.09503,1.82418,0.10501,32.00000,30.00000,tau_10
9428,1.00000,-1.08625,1.72161,0.11477,32.00000,30.00000,tau_10
9433,1.00000,-1.07710,1.75092,0.10989,32.00000,30.00000,tau_10
9438,1.00000,-1.06832,1.78022,0.10012,32.00000,30.00000,tau_10
9443,1.00000,-1.05917,1.75092,0.10501,32.00000,30.00000,tau_10
9449,1.00000,-1.05001,1.83883,0.10501,32.00000,30.00000,tau_10
9454,1.00000,-1.04124,1.75092,0.11477,32.00000,30.00000,tau_10
9459,1.00000,-1.03246,1.69231,0.10989,32.00000,30.00000,tau_10
9464,1.00000,-1.02331,1.80952,0.10501,32.00000,30.00000,tau_10
9469,1.00000,-1.01415,1.76557,0.10501,32.00000,30.00000,tau_10
9474,1.00000,-1.00538,1.78022,0.10501,32.00000,30.00000,tau_10
9479,1.00000,-0.99622,1.79487,0.10989,32.00000,30.00000,tau_10
9484,1.00000,-0.98745,1.70696,0.10989,32.00000,30.00000,tau_10
9489,1.00000,-0.97868,1.75092,0.10501,32.00000,30.00000,tau_10
9494,1.00000,-0.96952,1.82418,0.10012,32.00000,30.00000,tau_10
9499,1.00000,-0.96037,1.79487,0.10501,32.00000,30.00000,tau_10
9504,1.00000,-0.95159,1.76557,0.10501,32.00000,30.00000,tau_10
9509,1.00000,-0.94244,1.75092,0.10501,32.00000,30.00000,tau_10
9514,1.00000,-0.93366,1.73627,0.10989,32.00000,30.00000,tau_10
9519,1.00000,-0.92451,1.76557,0.10501,32.00000,30.00000,tau_10
9524,1.00000,-0.91535,1.83883,0.10012,32.00000,30.00000,tau_10
9529,1.00000,-0.90658,1.73627,0.11477,32.00000,30.00000,tau_10
9534,1.00000,-0.89780,1.70696,0.10501,32.00000,30.00000,tau_10
9539,1.00000,-0.88865,1.79487,0.10501,32.00000,30.00000,tau_10
9545,1.00000,-0.87987,1.72161,0.10989,32.00000,30.00000,tau_10
9550,1.00000,-0.87072,1.80952,0.10012,32.00000,30.00000,tau_10
9555,1.00000,-0.86156,1.79487,0.10501,32.00000,30.00000,tau_10
9560,1.00000,-0.85317,1.67766,0.10989,32.00000,30.00000,tau_10
9565,1.00000,-0.84401,1.79487,0.10501,32.00000,30.00000,tau_10
9570,1.00000,-0.83486,1.78022,0.10012,32.00000,30.00000,tau_10
9575,1.00000,-0.82609,1.75092,0.10989,32.00000,30.00000,tau_10
9580,1.00000,-0.81693,1.79487,0.10989,32.00000,30.00000,tau_10
9585,1.00000,-0.80816,1.75092,0.10501,32.00000,30.00000,tau_10
9590,1.00000,-0.79938,1.73627,0.10989,32.00000,30.00000,tau_10
9595,1.00000,-0.79023,1.79487,0.10501,32.00000,30.00000,tau_10
9600,1.00000,-0.78107,1.82418,0.10501,32.00000,30.00000,tau_10
9605,1.00000,-0.77230,1.72161,0.11477,32.00000,30.00000,tau_10
9610,1.00000,-0.76314,1.75092,0.10501,32.00000,30.00000,tau_10
9615,1.00000,-0.75437,1.79487,0.10012,32.00000,30.00000,tau_10
9620,1.00000,-0.74521,1.73627,0.10989,32.00000,30.00000,tau_10
9625,1.00000,-0.73606,1.82418,0.10012,32.00000,30.00000,tau_10
9630,1.00000,-0.72728,1.75092,0.10989,32.00000,30.00000,tau_10
9636,1.00000,-0.71851,1.70696,0.10989,32.00000,30.00000,tau_10
9641,1.00000,-0.70935,1.80952,0.10012,32.00000,30.00000,tau_10
9646,1.00000,-0.70020,1.76557,0.10501,32.00000,30.00000,tau_10
9651,1.00000,-0.69104,1.78022,0.10012,32.00000,30.00000,tau_10
9656,1.00000,-0.68227,1.79487,0.10501,32.00000,30.00000,tau_10
9661,1.00000,-0.67350,1.70696,0.10989,32.00000,30.00000,tau_10
9666,1.00000,-0.66434,1.76557,0.10501,32.00000,30.00000,tau_10
9671,1.00000,-0.65518,1.79487,0.10501,32.00000,30.00000,tau_10
9676,1.00000,-0.64641,1.78022,0.10989,32.00000,30.00000,tau_10
9681,1.00000,-0.63725,1.76557,0.10989,32.00000,30.00000,tau_10
9686,1.00000,-0.62848,1.75092,0.10501,32.00000,30.00000,tau_10
9691,1.00000,-0.61971,1.75092,0.10989,32.00000,30.00000,tau_10
9696,1.00000,-0.61055,1.75092,0.10989,32.00000,30.00000,tau_10
9701,1.00000,-0.60140,1.82418,0.10012,32.00000,30.00000,tau_10
9706,1.00000,-0.59262,1.73627,0.11477,32.00000,30.00000,tau_10
9711,1.00000,-0.58385,1.72161,0.10989,32.00000,30.00000,tau_10
9716,1.00000,-0.57469,1.79487,0.10012,32.00000,30.00000,tau_10
9722,1.00000,-0.56592,1.70696,0.10989,32.00000,30.00000,tau_10
9727,1.00000,-0.55676,1.80952,0.10989,32.00000,30.00000,tau_10
9732,1.00000,-0.54761,1.79487,0.10989,32.00000,30.00000,tau_10
9737,1.00000,-0.53883,1.69231,0.11477,32.00000,30.00000,tau_10
9742,1.00000,-0.52968,1.79487,0.10989,32.00000,30.00000,tau_10
9747,1.00000,-0.52091,1.78022,0.10501,32.00000,30.00000,tau_10
9752,1.00000,-0.51213,1.75092,0.10989,32.00000,30.00000,tau_10
9757,1.00000,-0.50298,1.79487,0.10989,32.00000,30.00000,tau_10
9762,1.00000,-0.49382,1.76557,0.10989,32.00000,30.00000,tau_10
9767,1.00000,-0.48505,1.73627,0.10989,32.00000,30.00000,tau_10
9772,1.00000,-0.47627,1.79487,0.10501,32.00000,30.00000,tau_10
9777,1.00000,-0.46712,1.80952,0.10501,32.00000,30.00000,tau_10
9782,1.00000,-0.45834,1.72161,0.11477,32.00000,30.00000,tau_10
9787,1.00000,-0.44919,1.75092,0.10989,32.00000,30.00000,tau_10
9792,1.00000,-0.44041,1.78022,0.10501,32.00000,30.00000,tau_10
9797,1.00000,-0.43164,1.72161,0.11477,32.00000,30.00000,tau_10
9802,1.00000,-0.42248,1.82418,0.10989,32.00000,30.00000,tau_10
9807,1.00000,-0.41333,1.76557,0.11477,32.00000,30.00000,tau_10
9813,1.00000,-0.40455,1.69231,0.11477,32.00000,30.00000,tau_10
9818,1.00000,-0.39578,1.79487,0.10501,32.00000,30.00000,tau_10
9823,1.00000,-0.38663,1.75092,0.10989,32.00000,30.00000,tau_10
9828,1.00000,-0.37785,1.76557,0.11477,32.00000,30.00000,tau_10
9833,1.00000,-0.36870,1.80952,0.10501,32.00000,30.00000,tau_10
9838,1.00000,-0.35992,1.72161,0.10989,32.00000,30.00000,tau_10
9843,1.00000,-0.35115,1.73627,0.10989,32.00000,30.00000,tau_10
9848,1.00000,-0.34199,1.79487,0.10501,32.00000,30.00000,tau_10
9853,1.00000,-0.33284,1.78022,0.10989,32.00000,30.00000,tau_10
9858,1.00000,-0.32406,1.75092,0.10989,32.00000,30.00000,tau_10
9863,1.00000,-0.31491,1.75092,0.10501,32.00000,30.00000,tau_10
9868,1.00000,-0.30613,1.73627,0.10989,32.00000,30.00000,tau_10
9873,1.00000,-0.29736,1.72161,0.11477,32.00000,30.00000,tau_10
9878,1.00000,-0.28821,1.80952,0.10989,32.00000,30.00000,tau_10
9883,1.00000,-0.27943,1.75092,0.12454,32.00000,30.00000,tau_10
9888,1.00000,-0.27066,1.69231,0.11966,32.00000,30.00000,tau_10
9893,1.00000,-0.26188,1.80952,0.10989,32.00000,30.00000,tau_10
9899,1.00000,-0.25311,1.72161,0.11966,32.00000,30.00000,tau_10
9904,1.00000,-0.24395,1.76557,0.11966,32.00000,30.00000,tau_10
9909,1.00000,-0.23518,1.78022,0.11966,32.00000,30.00000,tau_10
9914,1.00000,-0.22641,1.66301,0.12943,32.00000,30.00000,tau_10
9919,1.00000,-0.21763,1.73627,0.11966,32.00000,30.00000,tau_10
9924,1.00000,-0.20886,1.78022,0.10989,32.00000,30.00000,tau_10
9929,1.00000,-0.19970,1.73627,0.12454,32.00000,30.00000,tau_10
9934,1.00000,-0.19093,1.76557,0.11966,32.00000,30.00000,tau_10
9939,1.00000,-0.18215,1.72161,0.11477,32.00000,30.00000,tau_10
9944,1.00000,-0.17338,1.69231,0.11966,32.00000,30.00000,tau_10
9949,1.00000,-0.16461,1.73627,0.11966,32.00000,30.00000,tau_10
9954,1.00000,-0.15583,1.78022,0.11966,32.00000,30.00000,tau_10
9959,1.00000,-0.14706,1.73627,0.12454,32.00000,30.00000,tau_10
9964,1.00000,-0.13790,1.73627,0.11966,32.00000,30.00000,tau_10
9969,1.00000,-0.12913,1.75092,0.11477,32.00000,30.00000,tau_10
9974,1.00000,-0.12036,1.67766,0.12454,32.00000,30.00000,tau_10
9979,1.00000,-0.11158,1.75092,0.12454,32.00000,30.00000,tau_10
9984,1.00000,-0.10281,1.76557,0.12454,32.00000,30.00000,tau_10
9990,1.00000,-0.09442,1.66301,0.13431,32.00000,30.00000,tau_10
9995,1.00000,-0.08526,1.76557,0.11966,32.00000,30.00000,tau_10
0,2.00000,-0.07649,1.75092,0.11477,32.00000,30.00000,tau_20
5,2.00000,-0.06771,1.67766,0.12943,32.00000,30.00000,tau_20
10,2.00000,-0.05894,1.76557,0.13431,32.00000,30.00000,tau_20
15,2.00000,-0.05016,1.72161,0.13431,32.00000,30.00000,tau_20
20,2.00000,-0.04177,1.69231,0.12943,32.00000,30.00000,tau_20
25,2.00000,-0.03262,1.78022,0.11477,32.00000,30.00000,tau_20
30,2.00000,-0.02346,1.76557,0.10989,32.00000,30.00000,tau_20
35,2.00000,-0.01354,2.29304,0.29548,32.00000,30.00000,tau_20
40,2.00000,0.00095,3.08425,0.33455,32.00000,30.00000,tau_20
45,2.00000,0.01774,3.43590,0.28083,32.00000,30.00000,tau_20
50,2.00000,0.03529,3.58242,0.23199,32.00000,30.00000,tau_20
55,2.00000,0.05360,3.62637,0.18804,32.00000,30.00000,tau_20
60,2.00000,0.07229,3.64103,0.17338,32.00000,30.00000,tau_20
65,2.00000,0.09060,3.68498,0.15873,32.00000,30.00000,tau_20
70,2.00000,0.10967,3.68498,0.13919,32.00000,30.00000,tau_20
75,2.00000,0.12799,3.67033,0.14896,32.00000,30.00000,tau_20
80,2.00000,0.14668,3.68498,0.13431,32.00000,30.00000,tau_20
85,2.00000,0.16537,3.68498,0.14408,32.00000,30.00000,tau_20
91,2.00000,0.18406,3.67033,0.13919,32.00000,30.00000,tau_20
96,2.00000,0.20275,3.69963,0.14896,32.00000,30.00000,tau_20
101,2.00000,0.22145,3.71429,0.14896,32.00000,30.00000,tau_20
106,2.00000,0.24052,3.69963,0.14408,32.00000,30.00000,tau_20
111,2.00000,0.25921,3.69963,0.15385,32.00000,30.00000,tau_20
116,2.00000,0.27791,3.71429,0.14896,32.00000,30.00000,tau_20
121,2.00000,0.29660,3.71429,0.15385,32.00000,30.00000,tau_20
126,2.00000,0.31567,3.69963,0.14896,32.00000,30.00000,tau_20
131,2.00000,0.33436,3.71429,0.14896,32.00000,30.00000,tau_20
136,2.00000,0.35267,3.68498,0.15385,32.00000,30.00000,tau_20
141,2.00000,0.37137,3.69963,0.14896,32.00000,30.00000,tau_20
146,2.00000,0.39044,3.69963,0.13919,32.00000,30.00000,tau_20
151,2.00000,0.40913,3.67033,0.14896,32.00000,30.00000,tau_20
156,2.00000,0.42782,3.68498,0.14408,32.00000,30.00000,tau_20
161,2.00000,0.44652,3.71429,0.13431,32.00000,30.00000,tau_20
166,2.00000,0.46521,3.71429,0.12943,32.00000,30.00000,tau_20
171,2.00000,0.48390,3.69963,0.12943,32.00000,30.00000,tau_20
176,2.00000,0.50298,3.72894,0.12943,32.00000,30.00000,tau_20
182,2.00000,0.52205,3.69963,0.12454,32.00000,30.00000,tau_20
187,2.00000,0.54036,3.69963,0.13431,32.00000,30.00000,tau_20
192,2.00000,0.55943,3.72894,0.12454,32.00000,30.00000,tau_20
197,2.00000,0.57813,3.71429,0.12943,32.00000,30.00000,tau_20
202,2.00000,0.59720,3.69963,0.12454,32.00000,30.00000,tau_20
207,2.00000,0.61589,3.71429,0.13431,32.00000,30.00000,tau_20
212,2.00000,0.63458,3.72894,0.12454,32.00000,30.00000,tau_20
217,2.00000,0.65366,3.69963,0.13431,32.00000,30.00000,tau_20
222,2.00000,0.67235,3.69963,0.12943,32.00000,30.00000,tau_20
227,2.00000,0.69104,3.74359,0.13431,32.00000,30.00000,tau_20
232,2.00000,0.70973,3.69963,0.13431,32.00000,30.00000,tau_20
237,2.00000,0.72881,3.69963,0.13919,32.00000,30.00000,tau_20
242,2.00000,0.74750,3.71429,0.13431,32.00000,30.00000,tau_20
247,2.00000,0.76619,3.71429,0.13431,32.00000,30.00000,tau_20
252,2.00000,0.78527,3.72894,0.13431,32.00000,30.00000,tau_20
257,2.00000,0.80396,3.72894,0.13431,32.00000,30.00000,tau_20
262,2.00000,0.82303,3.71429,0.13919,32.00000,30.00000,tau_20
268,2.00000,0.84173,3.71429,0.13919,32.00000,30.00000,tau_20
273,2.00000,0.86042,3.72894,0.12943,32.00000,30.00000,tau_20
278,2.00000,0.87949,3.72894,0.13431,32.00000,30.00000,tau_20
283,2.00000,0.89818,3.74359,0.13431,32.00000,30.00000,tau_20
288,2.00000,0.91726,3.74359,0.12943,32.00000,30.00000,tau_20
293,2.00000,0.93595,3.72894,0.13919,32.00000,30.00000,tau_20
298,2.00000,0.95502,3.74359,0.13431,32.00000,30.00000,tau_20
303,2.00000,0.97410,3.72894,0.13431,32.00000,30.00000,tau_20
308,2.00000,0.99279,3.71429,0.13431,32.00000,30.00000,tau_20
313,2.00000,1.01148,3.71429,0.13919,32.00000,30.00000,tau_20
318,2.00000,1.03056,3.72894,0.14408,32.00000,30.00000,tau_20
323,2.00000,1.04925,3.72894,0.13919,32.00000,30.00000,tau_20
328,2.00000,1.06794,3.71429,0.13919,32.00000,30.00000,tau_20
333,2.00000,1.08701,3.72894,0.13431,32.00000,30.00000,tau_20
338,2.00000,1.10609,3.74359,0.13431,32.00000,30.00000,tau_20
343,2.00000,1.12516,3.72894,0.13431,32.00000,30.00000,tau_20
348,2.00000,1.14386,3.74359,0.13431,32.00000,30.00000,tau_20
353,2.00000,1.16293,3.74359,0.13431,32.00000,30.00000,tau_20
359,2.00000,1.18200,3.75824,0.12943,32.00000,30.00000,tau_20
364,2.00000,1.20108,3.74359,0.12943,32.00000,30.00000,tau_20
369,2.00000,1.21977,3.74359,0.12943,32.00000,30.00000,tau_20
374,2.00000,1.23884,3.75824,0.12943,32.00000,30.00000,tau_20
379,2.00000,1.25753,3.71429,0.12943,32.00000,30.00000,tau_20
384,2.00000,1.27661,3.74359,0.13431,32.00000,30.00000,tau_20
389,2.00000,1.29530,3.71429,0.14408,32.00000,30.00000,tau_20
394,2.00000,1.31437,3.72894,0.13919,32.00000,30.00000,tau_20
399,2.00000,1.33307,3.71429,0.13919,32.00000,30.00000,tau_20
404,2.00000,1.35214,3.72894,0.13431,32.00000,30.00000,tau_20
409,2.00000,1.37083,3.72894,0.13919,32.00000,30.00000,tau_20
414,2.00000,1.38991,3.72894,0.13919,32.00000,30.00000,tau_20
419,2.00000,1.40860,3.72894,0.13431,32.00000,30.00000,tau_20
424,2.00000,1.42767,3.71429,0.13919,32.00000,30.00000,tau_20
429,2.00000,1.44636,3.74359,0.12943,32.00000,30.00000,tau_20
434,2.00000,1.46544,3.72894,0.13431,32.00000,30.00000,tau_20
439,2.00000,1.48451,3.71429,0.13431,32.00000,30.00000,tau_20
445,2.00000,1.50320,3.74359,0.13431,32.00000,30.00000,tau_20
450,2.00000,1.52228,3.74359,0.13431,32.00000,30.00000,tau_20
455,2.00000,1.54135,3.72894,0.13919,32.00000,30.00000,tau_20
460,2.00000,1.56004,3.72894,0.13919,32.00000,30.00000,tau_20
465,2.00000,1.57912,3.74359,0.13431,32.00000,30.00000,tau_20
470,2.00000,1.59781,3.72894,0.13919,32.00000,30.00000,tau_20
475,2.00000,1.61689,3.69963,0.13919,32.00000,30.00000,tau_20
480,2.00000,1.63558,3.74359,0.13919,32.00000,30.00000,tau_20
485,2.00000,1.65427,3.69963,0.13919,32.00000,30.00000,tau_20
490,2.00000,1.67334,3.71429,0.13919,32.00000,30.00000,tau_20
495,2.00000,1.69203,3.71429,0.14408,32.00000,30.00000,tau_20
500,2.00000,1.71073,3.72894,0.14408,32.00000,30.00000,tau_20
505,2.00000,1.72980,3.71429,0.13919,32.00000,30.00000,tau_20
510,2.00000,1.74849,3.69963,0.14896,32.00000,30.00000,tau_20
515,2.00000,1.76757,3.74359,0.14896,32.00000,30.00000,tau_20
520,2.00000,1.78626,3.69963,0.15385,32.00000,30.00000,tau_20
525,2.00000,1.80495,3.72894,0.13919,32.00000,30.00000,tau_20
530,2.00000,1.82403,3.71429,0.14408,32.00000,30.00000,tau_20
536,2.00000,1.84272,3.69963,0.14896,32.00000,30.00000,tau_20
541,2.00000,1.86141,3.72894,0.13431,32.00000,30.00000,tau_20
546,2.00000,1.88010,3.69963,0.14408,32.00000,30.00000,tau_20
551,2.00000,1.89879,3.68498,0.13431,32.00000,30.00000,tau_20
556,2.00000,1.91749,3.69963,0.14408,32.00000,30.00000,tau_20
561,2.00000,1.93618,3.68498,0.12943,32.00000,30.00000,tau_20
566,2.00000,1.95487,3.65568,0.14896,32.00000,30.00000,tau_20
571,2.00000,1.97356,3.67033,0.14408,32.00000,30.00000,tau_20
576,2.00000,1.99226,3.71429,0.14408,32.00000,30.00000,tau_20
581,2.00000,2.01057,3.64103,0.15873,32.00000,30.00000,tau_20
586,2.00000,2.02926,3.65568,0.15873,32.00000,30.00000,tau_20
591,2.00000,2.04795,3.72894,0.15385,32.00000,30.00000,tau_20
596,2.00000,2.06664,3.64103,0.16361,32.00000,30.00000,tau_20
601,2.00000,2.08495,3.67033,0.16361,32.00000,30.00000,tau_20
606,2.00000,2.10365,3.71429,0.16361,32.00000,30.00000,tau_20
611,2.00000,2.12234,3.68498,0.15385,32.00000,30.00000,tau_20
616,2.00000,2.14103,3.65568,0.15873,32.00000,30.00000,tau_20
621,2.00000,2.15972,3.68498,0.14408,32.00000,30.00000,tau_20
627,2.00000,2.17842,3.69963,0.14896,32.00000,30.00000,tau_20
632,2.00000,2.19673,3.64103,0.14408,32.00000,30.00000,tau_20
637,2.00000,2.21542,3.69963,0.14408,32.00000,30.00000,tau_20
642,2.00000,2.23449,3.68498,0.14896,32.00000,30.00000,tau_20
647,2.00000,2.25280,3.62637,0.15873,32.00000,30.00000,tau_20
652,2.00000,2.27150,3.68498,0.16361,32.00000,30.00000,tau_20
657,2.00000,2.28981,3.67033,0.16361,32.00000,30.00000,tau_20
662,2.00000,2.30850,3.67033,0.16361,32.00000,30.00000,tau_20
667,2.00000,2.32719,3.65568,0.16361,32.00000,30.00000,tau_20
672,2.00000,2.34588,3.69963,0.15873,32.00000,30.00000,tau_20
677,2.00000,2.36419,3.68498,0.15873,32.00000,30.00000,tau_20
682,2.00000,2.38289,3.65568,0.15385,32.00000,30.00000,tau_20
687,2.00000,2.40158,3.71429,0.14408,32.00000,30.00000,tau_20
692,2.00000,2.42027,3.67033,0.14896,32.00000,30.00000,tau_20
697,2.00000,2.43896,3.72894,0.14408,32.00000,30.00000,tau_20
702,2.00000,2.45766,3.71429,0.13919,32.00000,30.00000,tau_20
707,2.00000,2.47635,3.65568,0.14408,32.00000,30.00000,tau_20
712,2.00000,2.49504,3.69963,0.14408,32.00000,30.00000,tau_20
717,2.00000,2.51373,3.69963,0.14408,32.00000,30.00000,tau_20
723,2.00000,2.53243,3.68498,0.15385,32.00000,30.00000,tau_20
728,2.00000,2.55074,3.64103,0.16361,32.00000,30.00000,tau_20
733,2.00000,2.56981,3.72894,0.14896,32.00000,30.00000,tau_20
738,2.00000,2.58850,3.68498,0.15873,32.00000,30.00000,tau_20
743,2.00000,2.60681,3.64103,0.15873,32.00000,30.00000,tau_20
748,2.00000,2.62589,3.72894,0.14896,32.00000,30.00000,tau_20
753,2.00000,2.64420,3.69963,0.15385,32.00000,30.00000,tau_20
758,2.00000,2.66327,3.67033,0.14408,32.00000,30.00000,tau_20
763,2.00000,2.68196,3.72894,0.15385,32.00000,30.00000,tau_20
768,2.00000,2.70066,3.69963,0.13431,32.00000,30.00000,tau_20
773,2.00000,2.71935,3.68498,0.13919,32.00000,30.00000,tau_20
778,2.00000,2.73804,3.69963,0.12943,32.00000,30.00000,tau_20
783,2.00000,2.75711,3.75824,0.12943,32.00000,30.00000,tau_20
788,2.00000,2.77581,3.69963,0.12943,32.00000,30.00000,tau_20
793,2.00000,2.79450,3.69963,0.11966,32.00000,30.00000,tau_20
798,2.00000,2.81357,3.74359,0.12943,32.00000,30.00000,tau_20
803,2.00000,2.83226,3.69963,0.11477,32.00000,30.00000,tau_20
808,2.00000,2.85134,3.72894,0.12454,32.00000,30.00000,tau_20
813,2.00000,2.87003,3.71429,0.11966,32.00000,30.00000,tau_20
819,2.00000,2.88872,3.72894,0.12943,32.00000,30.00000,tau_20
824,2.00000,2.90780,3.71429,0.12454,32.00000,30.00000,tau_20
829,2.00000,2.92649,3.69963,0.11966,32.00000,30.00000,tau_20
834,2.00000,2.94518,3.71429,0.12943,32.00000,30.00000,tau_20
839,2.00000,2.96426,3.71429,0.12454,32.00000,30.00000,tau_20
844,2.00000,2.98295,3.75824,0.11966,32.00000,30.00000,tau_20
849,2.00000,3.00202,3.71429,0.12943,32.00000,30.00000,tau_20
854,2.00000,3.02071,3.72894,0.11477,32.00000,30.00000,tau_20
859,2.00000,3.03979,3.75824,0.11966,32.00000,30.00000,tau_20
864,2.00000,3.05886,3.71429,0.10989,32.00000,30.00000,tau_20
869,2.00000,3.07755,3.74359,0.11966,32.00000,30.00000,tau_20
874,2.00000,3.09663,3.74359,0.11477,32.00000,30.00000,tau_20
879,2.00000,3.11570,3.74359,0.11966,32.00000,30.00000,tau_20
884,2.00000,3.13439,3.71429,0.12943,32.00000,30.00000,tau_20
889,2.00000,3.15309,3.74359,0.11477,32.00000,30.00000,tau_20
894,2.00000,3.17216,3.72894,0.12943,32.00000,30.00000,tau_20
899,2.00000,3.19085,3.69963,0.11477,32.00000,30.00000,tau_20
904,2.00000,3.20993,3.72894,0.12943,32.00000,30.00000,tau_20
910,2.00000,3.22862,3.71429,0.12943,32.00000,30.00000,tau_20
915,2.00000,3.24731,3.74359,0.12454,32.00000,30.00000,tau_20
920,2.00000,3.26638,3.71429,0.12454,32.00000,30.00000,tau_20
925,2.00000,3.28508,3.71429,0.12454,32.00000,30.00000,tau_20
930,2.00000,3.30415,3.74359,0.12454,32.00000,30.00000,tau_20
935,2.00000,3.32284,3.71429,0.12943,32.00000,30.00000,tau_20
940,2.00000,3.34153,3.74359,0.11966,32.00000,30.00000,tau_20
945,2.00000,3.36061,3.74359,0.13431,32.00000,30.00000,tau_20
950,2.00000,3.37968,3.72894,0.11477,32.00000,30.00000,tau_20
955,2.00000,3.39876,3.74359,0.12943,32.00000,30.00000,tau_20
960,2.00000,3.41745,3.72894,0.11966,32.00000,30.00000,tau_20
965,2.00000,3.43652,3.75824,0.11966,32.00000,30.00000,tau_20
970,2.00000,3.45521,3.74359,0.11966,32.00000,30.00000,tau_20
975,2.00000,3.47429,3.72894,0.11966,32.00000,30.00000,tau_20
980,2.00000,3.49336,3.72894,0.12454,32.00000,30.00000,tau_20
985,2.00000,3.51205,3.72894,0.10989,32.00000,30.00000,tau_20
990,2.00000,3.53113,3.72894,0.12454,32.00000,30.00000,tau_20
995,2.00000,3.54982,3.69963,0.11477,32.00000,30.00000,tau_20
1000,2.00000,3.56851,3.74359,0.12454,32.00000,30.00000,tau_20
1006,2.00000,3.58759,3.74359,0.11966,32.00000,30.00000,tau_20
1011,2.00000,3.60666,3.72894,0.11966,32.00000,30.00000,tau_20
1016,2.00000,3.62573,3.75824,0.11966,32.00000,30.00000,tau_20
1021,2.00000,3.64443,3.72894,0.11477,32.00000,30.00000,tau_20
1026,2.00000,3.66350,3.74359,0.11477,32.00000,30.00000,tau_20
1031,2.00000,3.68219,3.71429,0.11966,32.00000,30.00000,tau_20
1036,2.00000,3.70127,3.75824,0.10989,32.00000,30.00000,tau_20
1041,2.00000,3.71996,3.74359,0.12454,32.00000,30.00000,tau_20
1046,2.00000,3.73903,3.72894,0.10989,32.00000,30.00000,tau_20
1051,2.00000,3.75772,3.72894,0.12943,32.00000,30.00000,tau_20
1056,2.00000,3.77680,3.71429,0.11477,32.00000,30.00000,tau_20
1061,2.00000,3.79549,3.74359,0.12454,32.00000,30.00000,tau_20
1066,2.00000,3.81456,3.69963,0.12943,32.00000,30.00000,tau_20
1071,2.00000,3.83326,3.72894,0.12454,32.00000,30.00000,tau_20
1076,2.00000,3.85195,3.71429,0.13431,32.00000,30.00000,tau_20
1081,2.00000,3.87102,3.71429,0.12943,32.00000,30.00000,tau_20
1086,2.00000,3.88933,3.71429,0.13919,32.00000,30.00000,tau_20
1091,2.00000,3.90841,3.71429,0.12943,32.00000,30.00000,tau_20
1096,2.00000,3.92748,3.72894,0.13431,32.00000,30.00000,tau_20
1102,2.00000,3.94617,3.71429,0.13431,32.00000,30.00000,tau_20
1107,2.00000,3.96487,3.71429,0.13431,32.00000,30.00000,tau_20
1112,2.00000,3.98394,3.74359,0.13919,32.00000,30.00000,tau_20
1117,2.00000,4.00263,3.69963,0.13431,32.00000,30.00000,tau_20
1122,2.00000,4.02171,3.74359,0.13919,32.00000,30.00000,tau_20
1127,2.00000,4.04040,3.72894,0.13919,32.00000,30.00000,tau_20
1132,2.00000,4.05909,3.74359,0.13431,32.00000,30.00000,tau_20
1137,2.00000,4.07817,3.72894,0.14408,32.00000,30.00000,tau_20
1142,2.00000,4.09686,3.71429,0.13431,32.00000,30.00000,tau_20
1147,2.00000,4.11593,3.72894,0.14408,32.00000,30.00000,tau_20
1152,2.00000,4.13462,3.68498,0.13919,32.00000,30.00000,tau_20
1157,2.00000,4.15332,3.71429,0.14408,32.00000,30.00000,tau_20
1162,2.00000,4.17163,3.71429,0.15385,32.00000,30.00000,tau_20
1167,2.00000,4.19032,3.69963,0.13919,32.00000,30.00000,tau_20
1172,2.00000,4.20939,3.71429,0.14896,32.00000,30.00000,tau_20
1177,2.00000,4.22808,3.71429,0.13919,32.00000,30.00000,tau_20
1182,2.00000,4.24716,3.72894,0.14408,32.00000,30.00000,tau_20
1187,2.00000,4.26547,3.69963,0.13919,32.00000,30.00000,tau_20
1192,2.00000,4.28454,3.72894,0.13919,32.00000,30.00000,tau_20
1198,2.00000,4.30362,3.71429,0.14408,32.00000,30.00000,tau_20
1203,2.00000,4.32231,3.71429,0.12454,32.00000,30.00000,tau_20
1208,2.00000,4.34100,3.72894,0.14408,32.00000,30.00000,tau_20
1213,2.00000,4.35969,3.68498,0.12943,32.00000,30.00000,tau_20
1218,2.00000,4.37877,3.74359,0.13431,32.00000,30.00000,tau_20
1223,2.00000,4.39746,3.69963,0.12943,32.00000,30.00000,tau_20
1228,2.00000,4.41615,3.69963,0.12943,32.00000,30.00000,tau_20
1233,2.00000,4.43484,3.69963,0.13431,32.00000,30.00000,tau_20
1238,2.00000,4.45392,3.68498,0.12454,32.00000,30.00000,tau_20
1243,2.00000,4.47261,3.69963,0.12943,32.00000,30.00000,tau_20
1248,2.00000,4.49092,3.68498,0.13919,32.00000,30.00000,tau_20
1253,2.00000,4.50999,3.71429,0.12943,32.00000,30.00000,tau_20
1258,2.00000,4.52869,3.69963,0.14408,32.00000,30.00000,tau_20
1263,2.00000,4.54738,3.68498,0.13919,32.00000,30.00000,tau_20
1268,2.00000,4.56607,3.72894,0.14408,32.00000,30.00000,tau_20
1273,2.00000,4.58515,3.69963,0.13431,32.00000,30.00000,tau_20
1278,2.00000,4.60384,3.71429,0.14408,32.00000,30.00000,tau_20
1284,2.00000,4.62253,3.68498,0.14896,32.00000,30.00000,tau_20
1289,2.00000,4.64122,3.72894,0.14408,32.00000,30.00000,tau_20
1294,2.00000,4.65992,3.71429,0.14896,32.00000,30.00000,tau_20
1299,2.00000,4.67861,3.68498,0.13919,32.00000,30.00000,tau_20
1304,2.00000,4.69768,3.72894,0.15385,32.00000,30.00000,tau_20
1309,2.00000,4.71637,3.67033,0.14896,32.00000,30.00000,tau_20
1314,2.00000,4.73507,3.69963,0.14896,32.00000,30.00000,tau_20
1319,2.00000,4.75376,3.71429,0.15873,32.00000,30.00000,tau_20
1324,2.00000,4.77245,3.67033,0.13919,32.00000,30.00000,tau_20
1329,2.00000,4.79114,3.69963,0.14896,32.00000,30.00000,tau_20
1334,2.00000,4.80983,3.67033,0.13431,32.00000,30.00000,tau_20
1339,2.00000,4.82853,3.69963,0.14408,32.00000,30.00000,tau_20
1344,2.00000,4.84722,3.68498,0.13431,32.00000,30.00000,tau_20
1349,2.00000,4.86591,3.71429,0.13431,32.00000,30.00000,tau_20
1354,2.00000,4.88460,3.68498,0.14408,32.00000,30.00000,tau_20
1359,2.00000,4.90368,3.69963,0.12454,32.00000,30.00000,tau_20
1364,2.00000,4.92237,3.74359,0.13431,32.00000,30.00000,tau_20
1369,2.00000,4.94144,3.68498,0.12454,32.00000,30.00000,tau_20
1375,2.00000,4.96014,3.69963,0.13919,32.00000,30.00000,tau_20
1380,2.00000,4.97883,3.72894,0.13431,32.00000,30.00000,tau_20
1385,2.00000,4.99752,3.69963,0.13919,32.00000,30.00000,tau_20
1390,2.00000,5.01621,3.68498,0.15385,32.00000,30.00000,tau_20
1395,2.00000,5.03491,3.69963,0.14896,32.00000,30.00000,tau_20
1400,2.00000,5.05398,3.71429,0.15385,32.00000,30.00000,tau_20
1405,2.00000,5.07229,3.67033,0.15873,32.00000,30.00000,tau_20
1410,2.00000,5.09098,3.71429,0.14896,32.00000,30.00000,tau_20
1415,2.00000,5.11006,3.69963,0.15385,32.00000,30.00000,tau_20
1420,2.00000,5.12837,3.67033,0.14896,32.00000,30.00000,tau_20
1425,2.00000,5.14706,3.69963,0.15385,32.00000,30.00000,tau_20
1430,2.00000,5.16613,3.69963,0.14896,32.00000,30.00000,tau_20
1435,2.00000,5.18482,3.68498,0.13919,32.00000,30.00000,tau_20
1440,2.00000,5.20352,3.69963,0.13919,32.00000,30.00000,tau_20
1445,2.00000,5.22221,3.71429,0.13431,32.00000,30.00000,tau_20
1450,2.00000,5.24128,3.71429,0.13919,32.00000,30.00000,tau_20
1455,2.00000,5.25998,3.69963,0.12943,32.00000,30.00000,tau_20
1460,2.00000,5.27867,3.72894,0.12943,32.00000,30.00000,tau_20
1466,2.00000,5.29736,3.69963,0.13431,32.00000,30.00000,tau_20
1471,2.00000,5.31643,3.71429,0.11966,32.00000,30.00000,tau_20
1476,2.00000,5.33551,3.74359,0.13431,32.00000,30.00000,tau_20
1481,2.00000,5.35420,3.69963,0.11966,32.00000,30.00000,tau_20
1486,2.00000,5.37289,3.72894,0.13431,32.00000,30.00000,tau_20
1491,2.00000,5.39158,3.68498,0.11966,32.00000,30.00000,tau_20
1496,2.00000,5.41028,3.69963,0.12943,32.00000,30.00000,tau_20
1501,2.00000,5.42935,3.71429,0.12943,32.00000,30.00000,tau_20
1506,2.00000,5.44804,3.71429,0.12943,32.00000,30.00000,tau_20
1511,2.00000,5.46674,3.71429,0.13431,32.00000,30.00000,tau_20
1516,2.00000,5.48581,3.69963,0.13431,32.00000,30.00000,tau_20
1521,2.00000,5.50450,3.74359,0.12943,32.00000,30.00000,tau_20
1526,2.00000,5.52320,3.71429,0.13431,32.00000,30.00000,tau_20
1531,2.00000,5.54227,3.72894,0.12943,32.00000,30.00000,tau_20
1536,2.00000,5.56096,3.74359,0.12943,32.00000,30.00000,tau_20
1541,2.00000,5.58042,3.74359,0.11966,32.00000,30.00000,tau_20
1546,2.00000,5.59911,3.74359,0.12943,32.00000,30.00000,tau_20
1552,2.00000,5.61780,3.71429,0.12943,32.00000,30.00000,tau_20
1557,2.00000,5.63687,3.74359,0.12454,32.00000,30.00000,tau_20
1562,2.00000,5.65557,3.71429,0.13431,32.00000,30.00000,tau_20
1567,2.00000,5.67464,3.71429,0.12943,32.00000,30.00000,tau_20
1572,2.00000,5.69333,3.72894,0.14408,32.00000,30.00000,tau_20
1577,2.00000,5.71240,3.72894,0.12454,32.00000,30.00000,tau_20
1582,2.00000,5.73110,3.69963,0.13919,32.00000,30.00000,tau_20
1587,2.00000,5.75017,3.71429,0.13919,32.00000,30.00000,tau_20
1592,2.00000,5.76848,3.72894,0.13919,32.00000,30.00000,tau_20
1597,2.00000,5.78756,3.72894,0.13919,32.00000,30.00000,tau_20
1602,2.00000,5.80625,3.69963,0.13431,32.00000,30.00000,tau_20
1607,2.00000,5.82494,3.72894,0.14408,32.00000,30.00000,tau_20
1612,2.00000,5.84402,3.71429,0.13919,32.00000,30.00000,tau_20
1617,2.00000,5.86271,3.71429,0.13919,32.00000,30.00000,tau_20
1622,2.00000,5.88140,3.69963,0.14408,32.00000,30.00000,tau_20
1627,2.00000,5.90047,3.72894,0.14408,32.00000,30.00000,tau_20
1632,2.00000,5.91917,3.72894,0.14896,32.00000,30.00000,tau_20
1637,2.00000,5.93786,3.69963,0.14408,32.00000,30.00000,tau_20
1642,2.00000,5.95693,3.71429,0.15873,32.00000,30.00000,tau_20
1647,2.00000,5.97562,3.69963,0.14408,32.00000,30.00000,tau_20
1653,2.00000,5.99432,3.68498,0.14896,32.00000,30.00000,tau_20
1658,2.00000,6.01301,3.68498,0.14408,32.00000,30.00000,tau_20
1663,2.00000,6.03170,3.69963,0.13919,32.00000,30.00000,tau_20
1668,2.00000,6.05039,3.68498,0.13919,32.00000,30.00000,tau_20
1673,2.00000,6.06908,3.67033,0.13919,32.00000,30.00000,tau_20
1678,2.00000,6.08778,3.69963,0.13431,32.00000,30.00000,tau_20
1683,2.00000,6.10647,3.69963,0.13919,32.00000,30.00000,tau_20
1688,2.00000,6.12516,3.69963,0.12943,32.00000,30.00000,tau_20
1693,2.00000,6.14385,3.69963,0.13919,32.00000,30.00000,tau_20
1698,2.00000,6.16255,3.69963,0.12454,32.00000,30.00000,tau_20
1703,2.00000,6.18162,3.69963,0.13919,32.00000,30.00000,tau_20
1708,2.00000,6.20031,3.69963,0.13431,32.00000,30.00000,tau_20
1713,2.00000,6.21901,3.71429,0.13919,32.00000,30.00000,tau_20
1718,2.00000,6.23770,3.71429,0.13919,32.00000,30.00000,tau_20
1723,2.00000,6.25639,3.72894,0.13431,32.00000,30.00000,tau_20
1728,2.00000,6.27508,3.69963,0.15385,32.00000,30.00000,tau_20
1733,2.00000,6.29377,3.69963,0.14896,32.00000,30.00000,tau_20
1738,2.00000,6.31247,3.69963,0.15385,32.00000,30.00000,tau_20
1744,2.00000,6.33116,3.68498,0.15385,32.00000,30.00000,tau_20
1749,2.00000,6.34985,3.67033,0.15385,32.00000,30.00000,tau_20
1754,2.00000,6.36893,3.69963,0.15873,32.00000,30.00000,tau_20
1759,2.00000,6.38762,3.69963,0.14408,32.00000,30.00000,tau_20
1764,2.00000,6.40593,3.67033,0.15385,32.00000,30.00000,tau_20
1769,2.00000,6.42500,3.69963,0.13919,32.00000,30.00000,tau_20
1774,2.00000,6.44370,3.71429,0.13919,32.00000,30.00000,tau_20
1779,2.00000,6.46239,3.68498,0.13431,32.00000,30.00000,tau_20
1784,2.00000,6.48108,3.71429,0.13431,32.00000,30.00000,tau_20
1789,2.00000,6.49977,3.71429,0.13431,32.00000,30.00000,tau_20
1794,2.00000,6.51846,3.68498,0.13431,32.00000,30.00000,tau_20
1799,2.00000,6.53716,3.69963,0.12943,32.00000,30.00000,tau_20
1804,2.00000,6.55623,3.74359,0.12943,32.00000,30.00000,tau_20
1809,2.00000,6.57492,3.72894,0.11966,32.00000,30.00000,tau_20
1814,2.00000,6.59361,3.69963,0.12943,32.00000,30.00000,tau_20
1819,2.00000,6.61269,3.71429,0.12943,32.00000,30.00000,tau_20
1824,2.00000,6.63138,3.71429,0.13431,32.00000,30.00000,tau_20
1829,2.00000,6.65045,3.69963,0.12943,32.00000,30.00000,tau_20
1835,2.00000,6.66876,3.71429,0.12943,32.00000,30.00000,tau_20
1840,2.00000,6.68784,3.68498,0.14408,32.00000,30.00000,tau_20
1845,2.00000,6.70653,3.69963,0.13919,32.00000,30.00000,tau_20
1850,2.00000,6.72522,3.71429,0.14408,32.00000,30.00000,tau_20
1855,2.00000,6.74392,3.72894,0.13431,32.00000,30.00000,tau_20
1860,2.00000,6.76299,3.71429,0.14408,32.00000,30.00000,tau_20
1865,2.00000,6.78168,3.72894,0.13919,32.00000,30.00000,tau_20
1870,2.00000,6.80037,3.72894,0.13919,32.00000,30.00000,tau_20
1875,2.00000,6.81945,3.71429,0.14408,32.00000,30.00000,tau_20
1880,2.00000,6.83814,3.74359,0.13431,32.00000,30.00000,tau_20
1885,2.00000,6.85721,3.74359,0.13919,32.00000,30.00000,tau_20
1890,2.00000,6.87591,3.69963,0.13919,32.00000,30.00000,tau_20
1895,2.00000,6.89460,3.72894,0.14408,32.00000,30.00000,tau_20
1900,2.00000,6.91367,3.69963,0.14408,32.00000,30.00000,tau_20
1905,2.00000,6.93236,3.71429,0.14896,32.00000,30.00000,tau_20
1910,2.00000,6.95106,3.69963,0.14896,32.00000,30.00000,tau_20
1915,2.00000,6.96975,3.74359,0.13431,32.00000,30.00000,tau_20
1920,2.00000,6.98882,3.69963,0.14408,32.00000,30.00000,tau_20
1925,2.00000,7.00751,3.69963,0.13431,32.00000,30.00000,tau_20
1931,2.00000,7.02659,3.72894,0.13919,32.00000,30.00000,tau_20
1936,2.00000,7.04528,3.71429,0.13431,32.00000,30.00000,tau_20
1941,2.00000,7.06397,3.71429,0.13431,32.00000,30.00000,tau_20
1946,2.00000,7.08305,3.71429,0.13431,32.00000,30.00000,tau_20
1951,2.00000,7.10174,3.72894,0.13919,32.00000,30.00000,tau_20
1956,2.00000,7.12081,3.71429,0.13431,32.00000,30.00000,tau_20
1961,2.00000,7.13951,3.72894,0.12943,32.00000,30.00000,tau_20
1966,2.00000,7.15858,3.74359,0.12943,32.00000,30.00000,tau_20
1971,2.00000,7.17727,3.74359,0.12943,32.00000,30.00000,tau_20
1976,2.00000,7.19635,3.72894,0.11966,32.00000,30.00000,tau_20
1981,2.00000,7.21542,3.74359,0.12943,32.00000,30.00000,tau_20
1986,2.00000,7.23411,3.72894,0.11966,32.00000,30.00000,tau_20
1991,2.00000,7.25319,3.74359,0.12454,32.00000,30.00000,tau_20
1996,2.00000,7.27226,3.71429,0.12454,32.00000,30.00000,tau_20
2001,2.00000,7.29095,3.71429,0.12454,32.00000,30.00000,tau_20
2006,2.00000,7.31003,3.72894,0.13431,32.00000,30.00000,tau_20
2011,2.00000,7.32872,3.74359,0.11966,32.00000,30.00000,tau_20
2016,2.00000,7.34741,3.71429,0.12943,32.00000,30.00000,tau_20
2022,2.00000,7.36648,3.72894,0.12454,32.00000,30.00000,tau_20
2027,2.00000,7.38556,3.75824,0.12454,32.00000,30.00000,tau_20
2032,2.00000,7.40463,3.71429,0.11966,32.00000,30.00000,tau_20
2037,2.00000,7.42332,3.75824,0.12943,32.00000,30.00000,tau_20
2042,2.00000,7.44240,3.72894,0.12454,32.00000,30.00000,tau_20
2047,2.00000,7.46109,3.75824,0.12454,32.00000,30.00000,tau_20
2052,2.00000,7.48016,3.72894,0.12454,32.00000,30.00000,tau_20
2057,2.00000,7.49924,3.74359,0.12943,32.00000,30.00000,tau_20
2062,2.00000,7.51831,3.74359,0.12454,32.00000,30.00000,tau_20
2067,2.00000,7.53700,3.72894,0.13919,32.00000,30.00000,tau_20
2072,2.00000,7.55608,3.74359,0.12454,32.00000,30.00000,tau_20
2077,2.00000,7.57477,3.72894,0.13431,32.00000,30.00000,tau_20
2082,2.00000,7.59384,3.71429,0.12454,32.00000,30.00000,tau_20
2087,2.00000,7.61254,3.69963,0.12454,32.00000,30.00000,tau_20
2092,2.00000,7.63161,3.72894,0.12943,32.00000,30.00000,tau_20
2097,2.00000,7.65030,3.74359,0.12454,32.00000,30.00000,tau_20
2102,2.00000,7.66899,3.72894,0.13431,32.00000,30.00000,tau_20
2108,2.00000,7.68807,3.72894,0.12454,32.00000,30.00000,tau_20
2113,2.00000,7.70714,3.72894,0.13431,32.00000,30.00000,tau_20
2118,2.00000,7.72622,3.72894,0.11966,32.00000,30.00000,tau_20
2123,2.00000,7.74491,3.74359,0.13431,32.00000,30.00000,tau_20
2128,2.00000,7.76398,3.71429,0.12943,32.00000,30.00000,tau_20
2133,2.00000,7.78267,3.75824,0.12943,32.00000,30.00000,tau_20
2138,2.00000,7.80175,3.74359,0.12943,32.00000,30.00000,tau_20
2143,2.00000,7.82082,3.72894,0.12943,32.00000,30.00000,tau_20
2148,2.00000,7.83951,3.72894,0.12943,32.00000,30.00000,tau_20
2153,2.00000,7.85859,3.74359,0.12943,32.00000,30.00000,tau_20
2158,2.00000,7.87766,3.72894,0.12454,32.00000,30.00000,tau_20
2163,2.00000,7.89635,3.72894,0.13431,32.00000,30.00000,tau_20
2168,2.00000,7.91543,3.74359,0.12454,32.00000,30.00000,tau_20
2173,2.00000,7.93412,3.71429,0.12943,32.00000,30.00000,tau_20
2178,2.00000,7.95281,3.71429,0.12943,32.00000,30.00000,tau_20
2183,2.00000,7.97189,3.71429,0.12454,32.00000,30.00000,tau_20
2188,2.00000,7.99058,3.72894,0.12943,32.00000,30.00000,tau_20
2193,2.00000,8.00927,3.72894,0.12454,32.00000,30.00000,tau_20
2198,2.00000,8.02834,3.71429,0.13431,32.00000,30.00000,tau_20
2204,2.00000,8.04742,3.74359,0.12943,32.00000,30.00000,tau_20
2209,2.00000,8.06611,3.71429,0.13431,32.00000,30.00000,tau_20
2214,2.00000,8.08480,3.71429,0.12454,32.00000,30.00000,tau_20
2219,2.00000,8.10388,3.72894,0.13431,32.00000,30.00000,tau_20
2224,2.00000,8.12257,3.72894,0.12943,32.00000,30.00000,tau_20
2229,2.00000,8.14126,3.74359,0.12943,32.00000,30.00000,tau_20
2234,2.00000,8.16034,3.69963,0.12943,32.00000,30.00000,tau_20
2239,2.00000,8.17865,3.71429,0.13431,32.00000,30.00000,tau_20
2244,2.00000,8.19772,3.71429,0.12454,32.00000,30.00000,tau_20
2249,2.00000,8.21641,3.69963,0.13431,32.00000,30.00000,tau_20
2254,2.00000,8.23510,3.69963,0.12943,32.00000,30.00000,tau_20
2259,2.00000,8.25380,3.68498,0.13919,32.00000,30.00000,tau_20
2264,2.00000,8.27287,3.71429,0.11966,32.00000,30.00000,tau_20
2269,2.00000,8.29118,3.68498,0.13919,32.00000,30.00000,tau_20
2274,2.00000,8.30987,3.68498,0.13431,32.00000,30.00000,tau_20
2279,2.00000,8.32895,3.74359,0.12943,32.00000,30.00000,tau_20
2284,2.00000,8.34764,3.68498,0.13919,32.00000,30.00000,tau_20
2289,2.00000,8.36633,3.69963,0.13431,32.00000,30.00000,tau_20
2294,2.00000,8.38540,3.72894,0.13919,32.00000,30.00000,tau_20
2300,2.00000,8.40410,3.71429,0.13431,32.00000,30.00000,tau_20
2305,2.00000,8.42279,3.69963,0.14896,32.00000,30.00000,tau_20
2310,2.00000,8.44148,3.72894,0.13919,32.00000,30.00000,tau_20
2315,2.00000,8.46056,3.72894,0.14408,32.00000,30.00000,tau_20
2320,2.00000,8.47925,3.69963,0.14896,32.00000,30.00000,tau_20
2325,2.00000,8.49794,3.71429,0.14408,32.00000,30.00000,tau_20
2330,2.00000,8.51663,3.72894,0.14896,32.00000,30.00000,tau_20
2335,2.00000,8.53571,3.67033,0.14408,32.00000,30.00000,tau_20
2340,2.00000,8.55402,3.71429,0.14896,32.00000,30.00000,tau_20
2345,2.00000,8.57309,3.69963,0.14408,32.00000,30.00000,tau_20
2350,2.00000,8.59178,3.71429,0.14408,32.00000,30.00000,tau_20
2355,2.00000,8.61048,3.69963,0.13919,32.00000,30.00000,tau_20
2360,2.00000,8.62955,3.71429,0.14408,32.00000,30.00000,tau_20
2365,2.00000,8.64824,3.71429,0.13919,32.00000,30.00000,tau_20
2370,2.00000,8.66693,3.69963,0.12943,32.00000,30.00000,tau_20
2375,2.00000,8.68563,3.72894,0.13919,32.00000,30.00000,tau_20
2380,2.00000,8.70470,3.68498,0.13431,32.00000,30.00000,tau_20
2385,2.00000,8.72339,3.74359,0.13431,32.00000,30.00000,tau_20
2391,2.00000,8.74247,3.72894,0.12943,32.00000,30.00000,tau_20
2396,2.00000,8.76116,3.69963,0.13431,32.00000,30.00000,tau_20
2401,2.00000,8.77985,3.71429,0.12943,32.00000,30.00000,tau_20
2406,2.00000,8.79854,3.69963,0.13431,32.00000,30.00000,tau_20
2411,2.00000,8.81723,3.69963,0.12943,32.00000,30.00000,tau_20
2416,2.00000,8.83593,3.67033,0.13919,32.00000,30.00000,tau_20
2421,2.00000,8.85500,3.74359,0.11966,32.00000,30.00000,tau_20
2426,2.00000,8.87369,3.68498,0.13919,32.00000,30.00000,tau_20
2431,2.00000,8.89239,3.65568,0.13431,32.00000,30.00000,tau_20
2436,2.00000,8.91108,3.74359,0.13919,32.00000,30.00000,tau_20
2441,2.00000,8.92977,3.69963,0.13431,32.00000,30.00000,tau_20
2446,2.00000,8.94884,3.68498,0.14408,32.00000,30.00000,tau_20
2451,2.00000,8.96754,3.72894,0.14408,32.00000,30.00000,tau_20
2456,2.00000,8.98623,3.71429,0.14408,32.00000,30.00000,tau_20
2461,2.00000,9.00530,3.69963,0.15385,32.00000,30.00000,tau_20
2466,2.00000,9.02399,3.71429,0.13431,32.00000,30.00000,tau_20
2471,2.00000,9.04269,3.72894,0.14408,32.00000,30.00000,tau_20
2477,2.00000,9.06176,3.69963,0.14408,32.00000,30.00000,tau_20
2482,2.00000,9.08045,3.72894,0.13919,32.00000,30.00000,tau_20
2487,2.00000,9.09953,3.74359,0.14408,32.00000,30.00000,tau_20
2492,2.00000,9.11822,3.68498,0.13919,32.00000,30.00000,tau_20
2497,2.00000,9.13729,3.72894,0.14408,32.00000,30.00000,tau_20
2502,2.00000,9.15598,3.69963,0.13919,32.00000,30.00000,tau_20
2507,2.00000,9.17468,3.71429,0.14408,32.00000,30.00000,tau_20
2512,2.00000,9.19337,3.71429,0.13919,32.00000,30.00000,tau_20
2517,2.00000,9.21244,3.71429,0.13919,32.00000,30.00000,tau_20
2522,2.00000,9.23114,3.68498,0.14408,32.00000,30.00000,tau_20
2527,2.00000,9.24983,3.71429,0.13919,32.00000,30.00000,tau_20
2532,2.00000,9.26890,3.75824,0.13431,32.00000,30.00000,tau_20
2537,2.00000,9.28759,3.69963,0.13919,32.00000,30.00000,tau_20
2542,2.00000,9.30629,3.71429,0.12943,32.00000,30.00000,tau_20
2547,2.00000,9.32536,3.74359,0.13431,32.00000,30.00000,tau_20
2552,2.00000,9.34405,3.69963,0.13431,32.00000,30.00000,tau_20
2557,2.00000,9.36313,3.71429,0.13919,32.00000,30.00000,tau_20
2562,2.00000,9.38220,3.74359,0.13431,32.00000,30.00000,tau_20
2568,2.00000,9.40089,3.72894,0.12943,32.00000,30.00000,tau_20
2573,2.00000,9.41958,3.69963,0.13919,32.00000,30.00000,tau_20
2578,2.00000,9.43866,3.72894,0.11966,32.00000,30.00000,tau_20
2583,2.00000,9.45735,3.71429,0.13919,32.00000,30.00000,tau_20
2588,2.00000,9.47604,3.68498,0.12454,32.00000,30.00000,tau_20
2593,2.00000,9.49512,3.74359,0.12943,32.00000,30.00000,tau_20
2598,2.00000,9.51381,3.71429,0.12454,32.00000,30.00000,tau_20
2603,2.00000,9.53250,3.72894,0.12454,32.00000,30.00000,tau_20
2608,2.00000,9.55158,3.71429,0.11966,32.00000,30.00000,tau_20
2613,2.00000,9.57027,3.71429,0.11966,32.00000,30.00000,tau_20
2618,2.00000,9.58896,3.72894,0.12454,32.00000,30.00000,tau_20
2623,2.00000,9.60803,3.71429,0.11966,32.00000,30.00000,tau_20
2628,2.00000,9.62711,3.74359,0.11477,32.00000,30.00000,tau_20
2633,2.00000,9.64580,3.69963,0.11966,32.00000,30.00000,tau_20
2638,2.00000,9.66487,3.75824,0.11966,32.00000,30.00000,tau_20
2643,2.00000,9.68357,3.74359,0.11477,32.00000,30.00000,tau_20
2648,2.00000,9.70264,3.69963,0.11966,32.00000,30.00000,tau_20
2654,2.00000,9.72133,3.74359,0.11966,32.00000,30.00000,tau_20
2659,2.00000,9.74041,3.71429,0.11966,32.00000,30.00000,tau_20
2664,2.00000,9.75910,3.71429,0.11966,32.00000,30.00000,tau_20
2669,2.00000,9.77779,3.72894,0.13431,32.00000,30.00000,tau_20
2674,2.00000,9.79686,3.72894,0.11966,32.00000,30.00000,tau_20
2679,2.00000,9.81556,3.71429,0.13431,32.00000,30.00000,tau_20
2684,2.00000,9.83425,3.67033,0.12454,32.00000,30.00000,tau_20
2689,2.00000,9.85332,3.74359,0.13431,32.00000,30.00000,tau_20
2694,2.00000,9.87201,3.72894,0.12943,32.00000,30.00000,tau_20
2699,2.00000,9.89109,3.71429,0.12943,32.00000,30.00000,tau_20
2704,2.00000,9.90978,3.74359,0.12943,32.00000,30.00000,tau_20
2709,2.00000,9.92886,3.71429,0.11966,32.00000,30.00000,tau_20
2714,2.00000,9.94755,3.74359,0.12454,32.00000,30.00000,tau_20
2719,2.00000,9.96662,3.71429,0.12454,32.00000,30.00000,tau_20
2724,2.00000,9.98569,3.74359,0.12943,32.00000,30.00000,tau_20
2729,2.00000,10.00439,3.72894,0.12454,32.00000,30.00000,tau_20
2734,2.00000,10.02346,3.74359,0.12454,32.00000,30.00000,tau_20
2739,2.00000,10.04215,3.72894,0.12943,32.00000,30.00000,tau_20
2745,2.00000,10.06084,3.69963,0.12943,32.00000,30.00000,tau_20
2750,2.00000,10.07992,3.72894,0.13431,32.00000,30.00000,tau_20
2755,2.00000,10.09899,3.69963,0.13431,32.00000,30.00000,tau_20
2760,2.00000,10.11730,3.72894,0.13431,32.00000,30.00000,tau_20
2765,2.00000,10.13638,3.71429,0.14896,32.00000,30.00000,tau_20
2770,2.00000,10.15507,3.69963,0.13919,32.00000,30.00000,tau_20
2775,2.00000,10.17376,3.69963,0.14896,32.00000,30.00000,tau_20
2780,2.00000,10.19245,3.69963,0.14896,32.00000,30.00000,tau_20
2785,2.00000,10.21153,3.71429,0.14896,32.00000,30.00000,tau_20
2790,2.00000,10.23022,3.69963,0.15873,32.00000,30.00000,tau_20
2795,2.00000,10.24891,3.68498,0.15385,32.00000,30.00000,tau_20
2800,2.00000,10.26760,3.71429,0.16361,32.00000,30.00000,tau_20
2805,2.00000,10.28630,3.65568,0.15385,32.00000,30.00000,tau_20
2810,2.00000,10.30499,3.68498,0.15873,32.00000,30.00000,tau_20
2815,2.00000,10.32330,3.68498,0.15385,32.00000,30.00000,tau_20
2820,2.00000,10.34199,3.68498,0.13919,32.00000,30.00000,tau_20
2825,2.00000,10.36069,3.65568,0.15873,32.00000,30.00000,tau_20
2830,2.00000,10.37900,3.65568,0.14896,32.00000,30.00000,tau_20
2835,2.00000,10.39769,3.68498,0.16361,32.00000,30.00000,tau_20
2841,2.00000,10.41600,3.59707,0.16850,32.00000,30.00000,tau_20
2846,2.00000,10.43469,3.65568,0.17338,32.00000,30.00000,tau_20
2851,2.00000,10.45300,3.65568,0.17827,32.00000,30.00000,tau_20
2856,2.00000,10.47131,3.62637,0.16361,32.00000,30.00000,tau_20
2861,2.00000,10.48962,3.65568,0.16850,32.00000,30.00000,tau_20
2866,2.00000,10.50832,3.67033,0.14896,32.00000,30.00000,tau_20
2871,2.00000,10.52701,3.67033,0.15385,32.00000,30.00000,tau_20
2876,2.00000,10.54532,3.64103,0.15385,32.00000,30.00000,tau_20
2881,2.00000,10.56439,3.69963,0.14896,32.00000,30.00000,tau_20
2886,2.00000,10.58270,3.67033,0.15873,32.00000,30.00000,tau_20
2891,2.00000,10.60140,3.62637,0.15873,32.00000,30.00000,tau_20
2896,2.00000,10.62009,3.69963,0.16361,32.00000,30.00000,tau_20
2901,2.00000,10.63840,3.65568,0.17338,32.00000,30.00000,tau_20
2906,2.00000,10.65709,3.67033,0.16361,32.00000,30.00000,tau_20
2911,2.00000,10.67578,3.68498,0.16850,32.00000,30.00000,tau_20
2916,2.00000,10.69410,3.65568,0.14896,32.00000,30.00000,tau_20
2921,2.00000,10.71279,3.65568,0.16361,32.00000,30.00000,tau_20
2927,2.00000,10.73148,3.65568,0.14408,32.00000,30.00000,tau_20
2932,2.00000,10.75017,3.68498,0.15385,32.00000,30.00000,tau_20
2937,2.00000,10.76848,3.62637,0.16361,32.00000,30.00000,tau_20
2942,2.00000,10.78717,3.67033,0.15385,32.00000,30.00000,tau_20
2947,2.00000,10.80587,3.69963,0.15873,32.00000,30.00000,tau_20
2952,2.00000,10.82418,3.64103,0.16361,32.00000,30.00000,tau_20
2957,2.00000,10.84287,3.68498,0.16850,32.00000,30.00000,tau_20
2962,2.00000,10.86156,3.67033,0.16361,32.00000,30.00000,tau_20
2967,2.00000,10.87987,3.65568,0.16850,32.00000,30.00000,tau_20
2972,2.00000,10.89857,3.67033,0.16361,32.00000,30.00000,tau_20
2977,2.00000,10.91726,3.68498,0.14896,32.00000,30.00000,tau_20
2982,2.00000,10.93557,3.68498,0.14896,32.00000,30.00000,tau_20
2987,2.00000,10.95426,3.67033,0.14896,32.00000,30.00000,tau_20
2992,2.00000,10.97334,3.71429,0.13431,32.00000,30.00000,tau_20
2997,2.00000,10.99165,3.67033,0.14896,32.00000,30.00000,tau_20
3002,2.00000,11.01034,3.65568,0.14896,32.00000,30.00000,tau_20
3007,2.00000,11.02903,3.72894,0.15873,32.00000,30.00000,tau_20
3012,2.00000,11.04772,3.64103,0.15385,32.00000,30.00000,tau_20
3018,2.00000,11.06603,3.65568,0.16850,32.00000,30.00000,tau_20
3023,2.00000,11.08511,3.68498,0.16361,32.00000,30.00000,tau_20
3028,2.00000,11.10342,3.68498,0.15873,32.00000,30.00000,tau_20
3033,2.00000,11.12211,3.67033,0.15873,32.00000,30.00000,tau_20
3038,2.00000,11.14080,3.69963,0.14896,32.00000,30.00000,tau_20
3043,2.00000,11.15949,3.72894,0.14408,32.00000,30.00000,tau_20
3048,2.00000,11.17819,3.67033,0.14408,32.00000,30.00000,tau_20
3053,2.00000,11.19726,3.71429,0.13431,32.00000,30.00000,tau_20
3058,2.00000,11.21595,3.74359,0.13919,32.00000,30.00000,tau_20
3063,2.00000,11.23465,3.68498,0.12454,32.00000,30.00000,tau_20
3068,2.00000,11.25372,3.71429,0.13919,32.00000,30.00000,tau_20
3073,2.00000,11.27241,3.71429,0.12454,32.00000,30.00000,tau_20
3078,2.00000,11.29111,3.69963,0.13919,32.00000,30.00000,tau_20
3083,2.00000,11.30980,3.69963,0.13431,32.00000,30.00000,tau_20
3088,2.00000,11.32849,3.71429,0.12943,32.00000,30.00000,tau_20
3093,2.00000,11.34756,3.69963,0.14408,32.00000,30.00000,tau_20
3098,2.00000,11.36625,3.69963,0.12943,32.00000,30.00000,tau_20
3103,2.00000,11.38495,3.71429,0.13919,32.00000,30.00000,tau_20
3109,2.00000,11.40364,3.67033,0.13919,32.00000,30.00000,tau_20
3114,2.00000,11.42233,3.71429,0.14408,32.00000,30.00000,tau_20
3119,2.00000,11.44102,3.71429,0.14408,32.00000,30.00000,tau_20
3124,2.00000,11.45971,3.68498,0.14408,32.00000,30.00000,tau_20
3129,2.00000,11.47841,3.72894,0.15385,32.00000,30.00000,tau_20
3134,2.00000,11.49710,3.69963,0.14408,32.00000,30.00000,tau_20
3139,2.00000,11.51617,3.69963,0.14896,32.00000,30.00000,tau_20
3144,2.00000,11.53448,3.68498,0.15385,32.00000,30.00000,tau_20
3149,2.00000,11.55356,3.72894,0.14896,32.00000,30.00000,tau_20
3154,2.00000,11.57263,3.72894,0.15385,32.00000,30.00000,tau_20
3159,2.00000,11.59133,3.68498,0.14408,32.00000,30.00000,tau_20
3164,2.00000,11.61002,3.72894,0.14896,32.00000,30.00000,tau_20
3169,2.00000,11.62909,3.71429,0.14408,32.00000,30.00000,tau_20
3174,2.00000,11.64778,3.69963,0.13431,32.00000,30.00000,tau_20
3179,2.00000,11.66648,3.72894,0.14408,32.00000,30.00000,tau_20
3184,2.00000,11.68555,3.71429,0.12943,32.00000,30.00000,tau_20
3189,2.00000,11.70424,3.71429,0.12943,32.00000,30.00000,tau_20
3194,2.00000,11.72293,3.71429,0.12454,32.00000,30.00000,tau_20
3200,2.00000,11.74201,3.72894,0.11966,32.00000,30.00000,tau_20
3205,2.00000,11.76070,3.72894,0.12943,32.00000,30.00000,tau_20
3210,2.00000,11.77978,3.74359,0.11477,32.00000,30.00000,tau_20
3215,2.00000,11.79847,3.72894,0.12943,32.00000,30.00000,tau_20
3220,2.00000,11.81754,3.72894,0.11966,32.00000,30.00000,tau_20
3225,2.00000,11.83661,3.75824,0.12943,32.00000,30.00000,tau_20
3230,2.00000,11.85569,3.72894,0.11966,32.00000,30.00000,tau_20
3235,2.00000,11.87476,3.74359,0.12454,32.00000,30.00000,tau_20
3240,2.00000,11.89345,3.75824,0.12943,32.00000,30.00000,tau_20
3245,2.00000,11.91253,3.74359,0.12454,32.00000,30.00000,tau_20
3250,2.00000,11.93160,3.74359,0.12943,32.00000,30.00000,tau_20
3255,2.00000,11.95067,3.74359,0.12943,32.00000,30.00000,tau_20
3260,2.00000,11.96937,3.72894,0.12943,32.00000,30.00000,tau_20
3265,2.00000,11.98806,3.71429,0.13431,32.00000,30.00000,tau_20
3270,2.00000,12.00713,3.72894,0.13431,32.00000,30.00000,tau_20
3275,2.00000,12.02583,3.72894,0.12943,32.00000,30.00000,tau_20
3280,2.00000,12.04490,3.74359,0.12454,32.00000,30.00000,tau_20
3285,2.00000,12.06359,3.72894,0.12943,32.00000,30.00000,tau_20
3291,2.00000,12.08267,3.72894,0.12943,32.00000,30.00000,tau_20
3296,2.00000,12.10174,3.74359,0.12943,32.00000,30.00000,tau_20
3301,2.00000,12.12043,3.72894,0.12943,32.00000,30.00000,tau_20
3306,2.00000,12.13951,3.71429,0.12454,32.00000,30.00000,tau_20
3311,2.00000,12.15820,3.74359,0.13919,32.00000,30.00000,tau_20
3316,2.00000,12.17727,3.74359,0.12454,32.00000,30.00000,tau_20
3321,2.00000,12.19635,3.74359,0.13431,32.00000,30.00000,tau_20
3326,2.00000,12.21504,3.71429,0.12454,32.00000,30.00000,tau_20
3331,2.00000,12.23411,3.74359,0.13431,32.00000,30.00000,tau_20
3336,2.00000,12.25280,3.72894,0.13431,32.00000,30.00000,tau_20
3341,2.00000,12.27188,3.71429,0.13431,32.00000,30.00000,tau_20
3346,2.00000,12.29057,3.72894,0.13431,32.00000,30.00000,tau_20
3351,2.00000,12.30964,3.72894,0.12454,32.00000,30.00000,tau_20
3356,2.00000,12.32833,3.69963,0.12454,32.00000,30.00000,tau_20
3361,2.00000,12.34703,3.68498,0.12454,32.00000,30.00000,tau_20
3366,2.00000,12.36572,3.71429,0.12943,32.00000,30.00000,tau_20
3371,2.00000,12.38479,3.71429,0.12454,32.00000,30.00000,tau_20
3377,2.00000,12.40349,3.71429,0.12943,32.00000,30.00000,tau_20
3382,2.00000,12.42218,3.72894,0.12454,32.00000,30.00000,tau_20
3387,2.00000,12.44125,3.72894,0.12454,32.00000,30.00000,tau_20
3392,2.00000,12.45995,3.71429,0.11966,32.00000,30.00000,tau_20
3397,2.00000,12.47864,3.71429,0.12943,32.00000,30.00000,tau_20
3402,2.00000,12.49771,3.72894,0.11966,32.00000,30.00000,tau_20
3407,2.00000,-12.48360,3.71429,0.12943,32.00000,30.00000,tau_20
3412,2.00000,-12.46490,3.71429,0.11966,32.00000,30.00000,tau_20
3417,2.00000,-12.44621,3.69963,0.13431,32.00000,30.00000,tau_20
3422,2.00000,-12.42752,3.69963,0.12454,32.00000,30.00000,tau_20
3427,2.00000,-12.40883,3.69963,0.13431,32.00000,30.00000,tau_20
3432,2.00000,-12.39013,3.69963,0.13919,32.00000,30.00000,tau_20
3437,2.00000,-12.37144,3.68498,0.14408,32.00000,30.00000,tau_20
3442,2.00000,-12.35237,3.68498,0.14896,32.00000,30.00000,tau_20
3447,2.00000,-12.33406,3.69963,0.14408,32.00000,30.00000,tau_20
3452,2.00000,-12.31498,3.68498,0.15385,32.00000,30.00000,tau_20
3457,2.00000,-12.29629,3.69963,0.15385,32.00000,30.00000,tau_20
3462,2.00000,-12.27760,3.69963,0.14896,32.00000,30.00000,tau_20
3468,2.00000,-12.25929,3.68498,0.15873,32.00000,30.00000,tau_20
3473,2.00000,-12.24022,3.69963,0.14896,32.00000,30.00000,tau_20
3478,2.00000,-12.22152,3.71429,0.15385,32.00000,30.00000,tau_20
3483,2.00000,-12.20283,3.68498,0.14408,32.00000,30.00000,tau_20
3488,2.00000,-12.18414,3.69963,0.14896,32.00000,30.00000,tau_20
3493,2.00000,-12.16506,3.72894,0.13919,32.00000,30.00000,tau_20
3498,2.00000,-12.14637,3.71429,0.13919,32.00000,30.00000,tau_20
3503,2.00000,-12.12768,3.69963,0.13919,32.00000,30.00000,tau_20
3508,2.00000,-12.10899,3.71429,0.13431,32.00000,30.00000,tau_20
3513,2.00000,-12.08991,3.72894,0.12943,32.00000,30.00000,tau_20
3518,2.00000,-12.07122,3.67033,0.13431,32.00000,30.00000,tau_20
3523,2.00000,-12.05253,3.69963,0.12454,32.00000,30.00000,tau_20
3528,2.00000,-12.03384,3.69963,0.13919,32.00000,30.00000,tau_20
3533,2.00000,-12.01514,3.68498,0.12943,32.00000,30.00000,tau_20
3538,2.00000,-11.99645,3.69963,0.13431,32.00000,30.00000,tau_20
3543,2.00000,-11.97776,3.69963,0.13919,32.00000,30.00000,tau_20
3548,2.00000,-11.95907,3.69963,0.13919,32.00000,30.00000,tau_20
3554,2.00000,-11.94038,3.69963,0.13919,32.00000,30.00000,tau_20
3559,2.00000,-11.92130,3.72894,0.13431,32.00000,30.00000,tau_20
3564,2.00000,-11.90261,3.71429,0.14408,32.00000,30.00000,tau_20
3569,2.00000,-11.88354,3.72894,0.12943,32.00000,30.00000,tau_20
3574,2.00000,-11.86484,3.71429,0.13919,32.00000,30.00000,tau_20
3579,2.00000,-11.84615,3.71429,0.13919,32.00000,30.00000,tau_20
3584,2.00000,-11.82708,3.71429,0.14408,32.00000,30.00000,tau_20
3589,2.00000,-11.80838,3.71429,0.14896,32.00000,30.00000,tau_20
3594,2.00000,-11.78969,3.69963,0.14896,32.00000,30.00000,tau_20
3599,2.00000,-11.77100,3.71429,0.15873,32.00000,30.00000,tau_20
3604,2.00000,-11.75193,3.71429,0.14896,32.00000,30.00000,tau_20
3609,2.00000,-11.73323,3.68498,0.14896,32.00000,30.00000,tau_20
3614,2.00000,-11.71454,3.69963,0.14408,32.00000,30.00000,tau_20
3619,2.00000,-11.69547,3.74359,0.13919,32.00000,30.00000,tau_20
3624,2.00000,-11.67678,3.71429,0.13919,32.00000,30.00000,tau_20
3629,2.00000,-11.65808,3.69963,0.12943,32.00000,30.00000,tau_20
3634,2.00000,-11.63901,3.72894,0.13919,32.00000,30.00000,tau_20
3640,2.00000,-11.62032,3.71429,0.13431,32.00000,30.00000,tau_20
3645,2.00000,-11.60124,3.71429,0.13919,32.00000,30.00000,tau_20
3650,2.00000,-11.58255,3.72894,0.13431,32.00000,30.00000,tau_20
3655,2.00000,-11.56348,3.75824,0.13431,32.00000,30.00000,tau_20
3660,2.00000,-11.54479,3.72894,0.12943,32.00000,30.00000,tau_20
3665,2.00000,-11.52571,3.72894,0.12454,32.00000,30.00000,tau_20
3670,2.00000,-11.50664,3.74359,0.12943,32.00000,30.00000,tau_20
3675,2.00000,-11.48795,3.72894,0.12454,32.00000,30.00000,tau_20
3680,2.00000,-11.46887,3.71429,0.11966,32.00000,30.00000,tau_20
3685,2.00000,-11.45018,3.72894,0.12943,32.00000,30.00000,tau_20
3690,2.00000,-11.43111,3.74359,0.11966,32.00000,30.00000,tau_20
3695,2.00000,-11.41241,3.71429,0.12454,32.00000,30.00000,tau_20
3700,2.00000,-11.39334,3.71429,0.11966,32.00000,30.00000,tau_20
3705,2.00000,-11.37465,3.71429,0.12454,32.00000,30.00000,tau_20
3710,2.00000,-11.35596,3.71429,0.11966,32.00000,30.00000,tau_20
3715,2.00000,-11.33650,3.74359,0.11966,32.00000,30.00000,tau_20
3720,2.00000,-11.31819,3.71429,0.12454,32.00000,30.00000,tau_20
3725,2.00000,-11.29912,3.74359,0.11966,32.00000,30.00000,tau_20
3730,2.00000,-11.28004,3.74359,0.11966,32.00000,30.00000,tau_20
3736,2.00000,-11.26135,3.72894,0.11966,32.00000,30.00000,tau_20
3741,2.00000,-11.24189,3.74359,0.12943,32.00000,30.00000,tau_20
3746,2.00000,-11.22320,3.74359,0.12454,32.00000,30.00000,tau_20
3751,2.00000,-11.20413,3.77290,0.12454,32.00000,30.00000,tau_20
3756,2.00000,-11.18505,3.72894,0.12943,32.00000,30.00000,tau_20
3761,2.00000,-11.16636,3.74359,0.12943,32.00000,30.00000,tau_20
3766,2.00000,-11.14729,3.72894,0.12454,32.00000,30.00000,tau_20
3771,2.00000,-11.12860,3.71429,0.12943,32.00000,30.00000,tau_20
3776,2.00000,-11.10952,3.72894,0.12454,32.00000,30.00000,tau_20
3781,2.00000,-11.09083,3.72894,0.13431,32.00000,30.00000,tau_20
3786,2.00000,-11.07176,3.74359,0.12454,32.00000,30.00000,tau_20
3791,2.00000,-11.05306,3.71429,0.12943,32.00000,30.00000,tau_20
3796,2.00000,-11.03437,3.74359,0.12454,32.00000,30.00000,tau_20
3801,2.00000,-11.01530,3.74359,0.12454,32.00000,30.00000,tau_20
3806,2.00000,-10.99622,3.72894,0.12454,32.00000,30.00000,tau_20
3811,2.00000,-10.97753,3.74359,0.12454,32.00000,30.00000,tau_20
3816,2.00000,-10.95846,3.74359,0.13919,32.00000,30.00000,tau_20
3821,2.00000,-10.93938,3.75824,0.12454,32.00000,30.00000,tau_20
3826,2.00000,-10.92069,3.74359,0.13431,32.00000,30.00000,tau_20
3832,2.00000,-10.90162,3.72894,0.12454,32.00000,30.00000,tau_20
3837,2.00000,-10.88254,3.75824,0.13431,32.00000,30.00000,tau_20
3842,2.00000,-10.86385,3.72894,0.12454,32.00000,30.00000,tau_20
3847,2.00000,-10.84478,3.74359,0.12943,32.00000,30.00000,tau_20
3852,2.00000,-10.82570,3.72894,0.13431,32.00000,30.00000,tau_20
3857,2.00000,-10.80701,3.74359,0.12943,32.00000,30.00000,tau_20
3862,2.00000,-10.78794,3.71429,0.12943,32.00000,30.00000,tau_20
3867,2.00000,-10.76925,3.69963,0.13431,32.00000,30.00000,tau_20
3872,2.00000,-10.75055,3.72894,0.13431,32.00000,30.00000,tau_20
3877,2.00000,-10.73148,3.72894,0.13919,32.00000,30.00000,tau_20
3882,2.00000,-10.71279,3.72894,0.12454,32.00000,30.00000,tau_20
3887,2.00000,-10.69371,3.72894,0.13919,32.00000,30.00000,tau_20
3892,2.00000,-10.67464,3.72894,0.12943,32.00000,30.00000,tau_20
3897,2.00000,-10.65595,3.74359,0.13919,32.00000,30.00000,tau_20
3902,2.00000,-10.63687,3.71429,0.13431,32.00000,30.00000,tau_20
3907,2.00000,-10.61818,3.74359,0.13431,32.00000,30.00000,tau_20
3912,2.00000,-10.59911,3.72894,0.13431,32.00000,30.00000,tau_20
3917,2.00000,-10.58041,3.72894,0.12943,32.00000,30.00000,tau_20
3923,2.00000,-10.56134,3.71429,0.14408,32.00000,30.00000,tau_20
3928,2.00000,-10.54265,3.71429,0.13431,32.00000,30.00000,tau_20
3933,2.00000,-10.52396,3.72894,0.13919,32.00000,30.00000,tau_20
3938,2.00000,-10.50488,3.68498,0.12943,32.00000,30.00000,tau_20
3943,2.00000,-10.48619,3.72894,0.13919,32.00000,30.00000,tau_20
3948,2.00000,-10.46750,3.67033,0.13431,32.00000,30.00000,tau_20
3953,2.00000,-10.44881,3.71429,0.12454,32.00000,30.00000,tau_20
3958,2.00000,-10.43011,3.68498,0.12943,32.00000,30.00000,tau_20
3963,2.00000,-10.41142,3.67033,0.13431,32.00000,30.00000,tau_20
3968,2.00000,-10.39273,3.72894,0.12454,32.00000,30.00000,tau_20
3973,2.00000,-10.37404,3.69963,0.13919,32.00000,30.00000,tau_20
3978,2.00000,-10.35534,3.68498,0.12943,32.00000,30.00000,tau_20
3983,2.00000,-10.33665,3.71429,0.13431,32.00000,30.00000,tau_20
3988,2.00000,-10.31758,3.69963,0.12943,32.00000,30.00000,tau_20
3993,2.00000,-10.29927,3.68498,0.14408,32.00000,30.00000,tau_20
3998,2.00000,-10.28019,3.71429,0.14896,32.00000,30.00000,tau_20
4003,2.00000,-10.26150,3.72894,0.14408,32.00000,30.00000,tau_20
4008,2.00000,-10.24281,3.65568,0.15873,32.00000,30.00000,tau_20
4013,2.00000,-10.22412,3.69963,0.14896,32.00000,30.00000,tau_20
4019,2.00000,-10.20542,3.71429,0.15385,32.00000,30.00000,tau_20
4024,2.00000,-10.18711,3.62637,0.15873,32.00000,30.00000,tau_20
4029,2.00000,-10.16842,3.67033,0.15385,32.00000,30.00000,tau_20
4034,2.00000,-10.14973,3.71429,0.14896,32.00000,30.00000,tau_20
4039,2.00000,-10.13104,3.67033,0.13919,32.00000,30.00000,tau_20
4044,2.00000,-10.11234,3.65568,0.14896,32.00000,30.00000,tau_20
4049,2.00000,-10.09365,3.71429,0.13431,32.00000,30.00000,tau_20
4054,2.00000,-10.07496,3.68498,0.13919,32.00000,30.00000,tau_20
4059,2.00000,-10.05665,3.65568,0.13919,32.00000,30.00000,tau_20
4064,2.00000,-10.03757,3.72894,0.13919,32.00000,30.00000,tau_20
4069,2.00000,-10.01926,3.68498,0.13919,32.00000,30.00000,tau_20
4074,2.00000,-10.00057,3.67033,0.14896,32.00000,30.00000,tau_20
4079,2.00000,-9.98150,3.71429,0.14408,32.00000,30.00000,tau_20
4084,2.00000,-9.96319,3.69963,0.15385,32.00000,30.00000,tau_20
4089,2.00000,-9.94411,3.67033,0.15873,32.00000,30.00000,tau_20
4094,2.00000,-9.92542,3.68498,0.16850,32.00000,30.00000,tau_20
4099,2.00000,-9.90711,3.67033,0.15873,32.00000,30.00000,tau_20
4104,2.00000,-9.88842,3.64103,0.17338,32.00000,30.00000,tau_20
4110,2.00000,-9.86973,3.68498,0.14896,32.00000,30.00000,tau_20
4115,2.00000,-9.85103,3.68498,0.15385,32.00000,30.00000,tau_20
4120,2.00000,-9.83272,3.62637,0.14896,32.00000,30.00000,tau_20
4125,2.00000,-9.81403,3.71429,0.14408,32.00000,30.00000,tau_20
4130,2.00000,-9.79534,3.69963,0.13919,32.00000,30.00000,tau_20
4135,2.00000,-9.77665,3.64103,0.14896,32.00000,30.00000,tau_20
4140,2.00000,-9.75834,3.68498,0.14408,32.00000,30.00000,tau_20
4145,2.00000,-9.73926,3.69963,0.14896,32.00000,30.00000,tau_20
4150,2.00000,-9.72095,3.67033,0.15385,32.00000,30.00000,tau_20
4155,2.00000,-9.70226,3.67033,0.16361,32.00000,30.00000,tau_20
4160,2.00000,-9.68357,3.72894,0.14896,32.00000,30.00000,tau_20
4165,2.00000,-9.66487,3.68498,0.15873,32.00000,30.00000,tau_20
4170,2.00000,-9.64618,3.67033,0.15873,32.00000,30.00000,tau_20
4175,2.00000,-9.62711,3.74359,0.14896,32.00000,30.00000,tau_20
4180,2.00000,-9.60842,3.69963,0.15873,32.00000,30.00000,tau_20
4185,2.00000,-9.58972,3.69963,0.14896,32.00000,30.00000,tau_20
4190,2.00000,-9.57103,3.72894,0.14408,32.00000,30.00000,tau_20
4195,2.00000,-9.55234,3.68498,0.13919,32.00000,30.00000,tau_20
4200,2.00000,-9.53403,3.65568,0.13919,32.00000,30.00000,tau_20
4206,2.00000,-9.51495,3.68498,0.13919,32.00000,30.00000,tau_20
4211,2.00000,-9.49626,3.69963,0.13431,32.00000,30.00000,tau_20
4216,2.00000,-9.47757,3.67033,0.14408,32.00000,30.00000,tau_20
4221,2.00000,-9.45888,3.71429,0.12454,32.00000,30.00000,tau_20
4226,2.00000,-9.44018,3.72894,0.13919,32.00000,30.00000,tau_20
4231,2.00000,-9.42149,3.65568,0.12943,32.00000,30.00000,tau_20
4236,2.00000,-9.40280,3.72894,0.13919,32.00000,30.00000,tau_20
4241,2.00000,-9.38411,3.69963,0.13431,32.00000,30.00000,tau_20
4246,2.00000,-9.36542,3.68498,0.13919,32.00000,30.00000,tau_20
4251,2.00000,-9.34634,3.72894,0.14408,32.00000,30.00000,tau_20
4256,2.00000,-9.32765,3.71429,0.13431,32.00000,30.00000,tau_20
4261,2.00000,-9.30896,3.69963,0.14896,32.00000,30.00000,tau_20
4266,2.00000,-9.29027,3.67033,0.14408,32.00000,30.00000,tau_20
4271,2.00000,-9.27157,3.72894,0.14896,32.00000,30.00000,tau_20
4276,2.00000,-9.25288,3.65568,0.15873,32.00000,30.00000,tau_20
4281,2.00000,-9.23419,3.69963,0.14896,32.00000,30.00000,tau_20
4286,2.00000,-9.21550,3.69963,0.14896,32.00000,30.00000,tau_20
4291,2.00000,-9.19680,3.64103,0.14408,32.00000,30.00000,tau_20
4297,2.00000,-9.17811,3.68498,0.15385,32.00000,30.00000,tau_20
4302,2.00000,-9.15942,3.68498,0.13919,32.00000,30.00000,tau_20
4307,2.00000,-9.14073,3.67033,0.14896,32.00000,30.00000,tau_20
4312,2.00000,-9.12242,3.67033,0.14408,32.00000,30.00000,tau_20
4317,2.00000,-9.10372,3.68498,0.13431,32.00000,30.00000,tau_20
4322,2.00000,-9.08503,3.69963,0.13919,32.00000,30.00000,tau_20
4327,2.00000,-9.06634,3.64103,0.14896,32.00000,30.00000,tau_20
4332,2.00000,-9.04765,3.69963,0.14896,32.00000,30.00000,tau_20
4337,2.00000,-9.02895,3.69963,0.15873,32.00000,30.00000,tau_20
4342,2.00000,-9.01026,3.65568,0.15385,32.00000,30.00000,tau_20
4347,2.00000,-8.99157,3.68498,0.16850,32.00000,30.00000,tau_20
4352,2.00000,-8.97288,3.68498,0.15873,32.00000,30.00000,tau_20
4357,2.00000,-8.95418,3.68498,0.15385,32.00000,30.00000,tau_20
4362,2.00000,-8.93587,3.67033,0.16361,32.00000,30.00000,tau_20
4367,2.00000,-8.91718,3.69963,0.14408,32.00000,30.00000,tau_20
4372,2.00000,-8.89849,3.68498,0.14408,32.00000,30.00000,tau_20
4377,2.00000,-8.87980,3.65568,0.13919,32.00000,30.00000,tau_20
4382,2.00000,-8.86072,3.71429,0.13431,32.00000,30.00000,tau_20
4388,2.00000,-8.84203,3.69963,0.13431,32.00000,30.00000,tau_20
4393,2.00000,-8.82334,3.72894,0.12454,32.00000,30.00000,tau_20
4398,2.00000,-8.80465,3.71429,0.13919,32.00000,30.00000,tau_20
4403,2.00000,-8.78595,3.71429,0.12454,32.00000,30.00000,tau_20
4408,2.00000,-8.76688,3.71429,0.13431,32.00000,30.00000,tau_20
4413,2.00000,-8.74819,3.68498,0.11966,32.00000,30.00000,tau_20
4418,2.00000,-8.72950,3.72894,0.12943,32.00000,30.00000,tau_20
4423,2.00000,-8.71042,3.71429,0.12454,32.00000,30.00000,tau_20
4428,2.00000,-8.69173,3.71429,0.12454,32.00000,30.00000,tau_20
4433,2.00000,-8.67266,3.72894,0.13431,32.00000,30.00000,tau_20
4438,2.00000,-8.65396,3.69963,0.12943,32.00000,30.00000,tau_20
4443,2.00000,-8.63527,3.72894,0.13431,32.00000,30.00000,tau_20
4448,2.00000,-8.61658,3.67033,0.14408,32.00000,30.00000,tau_20
4453,2.00000,-8.59789,3.71429,0.14408,32.00000,30.00000,tau_20
4458,2.00000,-8.57919,3.69963,0.15385,32.00000,30.00000,tau_20
4463,2.00000,-8.56050,3.69963,0.14408,32.00000,30.00000,tau_20
4468,2.00000,-8.54143,3.68498,0.16361,32.00000,30.00000,tau_20
4473,2.00000,-8.52312,3.67033,0.15385,32.00000,30.00000,tau_20
4479,2.00000,-8.50404,3.72894,0.15385,32.00000,30.00000,tau_20
4484,2.00000,-8.48573,3.67033,0.15385,32.00000,30.00000,tau_20
4489,2.00000,-8.46704,3.68498,0.15385,32.00000,30.00000,tau_20
4494,2.00000,-8.44835,3.69963,0.14896,32.00000,30.00000,tau_20
4499,2.00000,-8.42966,3.68498,0.14896,32.00000,30.00000,tau_20
4504,2.00000,-8.41058,3.68498,0.13919,32.00000,30.00000,tau_20
4509,2.00000,-8.39227,3.69963,0.14408,32.00000,30.00000,tau_20
4514,2.00000,-8.37358,3.71429,0.12943,32.00000,30.00000,tau_20
4519,2.00000,-8.35451,3.67033,0.14408,32.00000,30.00000,tau_20
4524,2.00000,-8.33619,3.68498,0.13431,32.00000,30.00000,tau_20
4529,2.00000,-8.31712,3.71429,0.14896,32.00000,30.00000,tau_20
4534,2.00000,-8.29881,3.64103,0.14408,32.00000,30.00000,tau_20
4539,2.00000,-8.28012,3.68498,0.15385,32.00000,30.00000,tau_20
4544,2.00000,-8.26143,3.68498,0.16361,32.00000,30.00000,tau_20
4549,2.00000,-8.24273,3.67033,0.15873,32.00000,30.00000,tau_20
4554,2.00000,-8.22404,3.68498,0.16361,32.00000,30.00000,tau_20
4559,2.00000,-8.20573,3.68498,0.15385,32.00000,30.00000,tau_20
4564,2.00000,-8.18666,3.69963,0.15873,32.00000,30.00000,tau_20
4570,2.00000,-8.16796,3.68498,0.15385,32.00000,30.00000,tau_20
4575,2.00000,-8.14927,3.71429,0.14408,32.00000,30.00000,tau_20
4580,2.00000,-8.13096,3.67033,0.15873,32.00000,30.00000,tau_20
4585,2.00000,-8.11189,3.68498,0.13431,32.00000,30.00000,tau_20
4590,2.00000,-8.09319,3.71429,0.14896,32.00000,30.00000,tau_20
4595,2.00000,-8.07488,3.65568,0.13919,32.00000,30.00000,tau_20
4600,2.00000,-8.05581,3.69963,0.14408,32.00000,30.00000,tau_20
4605,2.00000,-8.03712,3.69963,0.13919,32.00000,30.00000,tau_20
4610,2.00000,-8.01842,3.68498,0.14408,32.00000,30.00000,tau_20
4615,2.00000,-7.99973,3.68498,0.15385,32.00000,30.00000,tau_20
4620,2.00000,-7.98104,3.68498,0.14408,32.00000,30.00000,tau_20
4625,2.00000,-7.96235,3.69963,0.15385,32.00000,30.00000,tau_20
4630,2.00000,-7.94404,3.67033,0.15873,32.00000,30.00000,tau_20
4635,2.00000,-7.92496,3.71429,0.14896,32.00000,30.00000,tau_20
4640,2.00000,-7.90627,3.71429,0.15873,32.00000,30.00000,tau_20
4645,2.00000,-7.88758,3.67033,0.14896,32.00000,30.00000,tau_20
4650,2.00000,-7.86889,3.72894,0.15873,32.00000,30.00000,tau_20
4655,2.00000,-7.84981,3.68498,0.14408,32.00000,30.00000,tau_20
4661,2.00000,-7.83112,3.69963,0.15385,32.00000,30.00000,tau_20
4666,2.00000,-7.81243,3.69963,0.14896,32.00000,30.00000,tau_20
4671,2.00000,-7.79374,3.74359,0.13919,32.00000,30.00000,tau_20
4676,2.00000,-7.77466,3.72894,0.14408,32.00000,30.00000,tau_20
4681,2.00000,-7.75597,3.69963,0.13431,32.00000,30.00000,tau_20
4686,2.00000,-7.73728,3.74359,0.13431,32.00000,30.00000,tau_20
4691,2.00000,-7.71820,3.71429,0.12943,32.00000,30.00000,tau_20
4696,2.00000,-7.69913,3.71429,0.12454,32.00000,30.00000,tau_20
4701,2.00000,-7.68044,3.72894,0.13431,32.00000,30.00000,tau_20
4706,2.00000,-7.66175,3.69963,0.11966,32.00000,30.00000,tau_20
4711,2.00000,-7.64305,3.71429,0.13431,32.00000,30.00000,tau_20
4716,2.00000,-7.62398,3.69963,0.11966,32.00000,30.00000,tau_20
4721,2.00000,-7.60529,3.72894,0.12943,32.00000,30.00000,tau_20
4726,2.00000,-7.58621,3.72894,0.11966,32.00000,30.00000,tau_20
4731,2.00000,-7.56752,3.72894,0.11477,32.00000,30.00000,tau_20
4736,2.00000,-7.54845,3.72894,0.12943,32.00000,30.00000,tau_20
4741,2.00000,-7.52976,3.71429,0.10989,32.00000,30.00000,tau_20
4746,2.00000,-7.51068,3.74359,0.11966,32.00000,30.00000,tau_20
4752,2.00000,-7.49199,3.71429,0.10989,32.00000,30.00000,tau_20
4757,2.00000,-7.47292,3.74359,0.11966,32.00000,30.00000,tau_20
4762,2.00000,-7.45384,3.74359,0.11966,32.00000,30.00000,tau_20
4767,2.00000,-7.43515,3.72894,0.11966,32.00000,30.00000,tau_20
4772,2.00000,-7.41608,3.72894,0.11966,32.00000,30.00000,tau_20
4777,2.00000,-7.39738,3.72894,0.11966,32.00000,30.00000,tau_20
4782,2.00000,-7.37831,3.72894,0.11966,32.00000,30.00000,tau_20
4787,2.00000,-7.35962,3.69963,0.12454,32.00000,30.00000,tau_20
4792,2.00000,-7.34054,3.72894,0.10989,32.00000,30.00000,tau_20
4797,2.00000,-7.32147,3.74359,0.12943,32.00000,30.00000,tau_20
4802,2.00000,-7.30278,3.72894,0.10989,32.00000,30.00000,tau_20
4807,2.00000,-7.28408,3.72894,0.12454,32.00000,30.00000,tau_20
4812,2.00000,-7.26501,3.71429,0.10989,32.00000,30.00000,tau_20
4817,2.00000,-7.24632,3.72894,0.11477,32.00000,30.00000,tau_20
4822,2.00000,-7.22724,3.72894,0.11966,32.00000,30.00000,tau_20
4827,2.00000,-7.20855,3.71429,0.10989,32.00000,30.00000,tau_20
4832,2.00000,-7.18948,3.74359,0.12943,32.00000,30.00000,tau_20
4837,2.00000,-7.17079,3.72894,0.10989,32.00000,30.00000,tau_20
4843,2.00000,-7.15171,3.74359,0.11966,32.00000,30.00000,tau_20
4848,2.00000,-7.13302,3.71429,0.10989,32.00000,30.00000,tau_20
4853,2.00000,-7.11395,3.74359,0.11477,32.00000,30.00000,tau_20
4858,2.00000,-7.09487,3.74359,0.10989,32.00000,30.00000,tau_20
4863,2.00000,-7.07618,3.72894,0.10989,32.00000,30.00000,tau_20
4868,2.00000,-7.05711,3.75824,0.11966,32.00000,30.00000,tau_20
4873,2.00000,-7.03803,3.71429,0.10989,32.00000,30.00000,tau_20
4878,2.00000,-7.01934,3.72894,0.11477,32.00000,30.00000,tau_20
4883,2.00000,-7.00027,3.71429,0.11966,32.00000,30.00000,tau_20
4888,2.00000,-6.98119,3.72894,0.10501,32.00000,30.00000,tau_20
4893,2.00000,-6.96250,3.74359,0.12454,32.00000,30.00000,tau_20
4898,2.00000,-6.94381,3.72894,0.10501,32.00000,30.00000,tau_20
4903,2.00000,-6.92474,3.75824,0.11966,32.00000,30.00000,tau_20
4908,2.00000,-6.90566,3.72894,0.10501,32.00000,30.00000,tau_20
4913,2.00000,-6.88659,3.74359,0.10989,32.00000,30.00000,tau_20
4918,2.00000,-6.86790,3.72894,0.11966,32.00000,30.00000,tau_20
4923,2.00000,-6.84882,3.74359,0.10989,32.00000,30.00000,tau_20
4928,2.00000,-6.82975,3.75824,0.12454,32.00000,30.00000,tau_20
4934,2.00000,-6.81106,3.72894,0.10989,32.00000,30.00000,tau_20
4939,2.00000,-6.79198,3.72894,0.12454,32.00000,30.00000,tau_20
4944,2.00000,-6.77291,3.72894,0.10989,32.00000,30.00000,tau_20
4949,2.00000,-6.75422,3.72894,0.11966,32.00000,30.00000,tau_20
4954,2.00000,-6.73514,3.71429,0.11966,32.00000,30.00000,tau_20
4959,2.00000,-6.71645,3.74359,0.11966,32.00000,30.00000,tau_20
4964,2.00000,-6.69738,3.71429,0.11966,32.00000,30.00000,tau_20
4969,2.00000,-6.67868,3.71429,0.11966,32.00000,30.00000,tau_20
4974,2.00000,-6.65999,3.71429,0.11477,32.00000,30.00000,tau_20
4979,2.00000,-6.64130,3.72894,0.12454,32.00000,30.00000,tau_20
4984,2.00000,-6.62222,3.71429,0.11477,32.00000,30.00000,tau_20
4989,2.00000,-6.60315,3.72894,0.12943,32.00000,30.00000,tau_20
4994,2.00000,-6.58446,3.72894,0.11477,32.00000,30.00000,tau_20
4999,2.00000,-6.56538,3.72894,0.12454,32.00000,30.00000,tau_20
5004,2.00000,-6.54631,3.72894,0.11966,32.00000,30.00000,tau_20
5009,2.00000,-6.52762,3.72894,0.11477,32.00000,30.00000,tau_20
5014,2.00000,-6.50855,3.74359,0.12943,32.00000,30.00000,tau_20
5019,2.00000,-6.48985,3.72894,0.11477,32.00000,30.00000,tau_20
5025,2.00000,-6.47116,3.72894,0.12943,32.00000,30.00000,tau_20
5030,2.00000,-6.45209,3.71429,0.11477,32.00000,30.00000,tau_20
5035,2.00000,-6.43339,3.72894,0.12454,32.00000,30.00000,tau_20
5040,2.00000,-6.41432,3.69963,0.11966,32.00000,30.00000,tau_20
5045,2.00000,-6.39563,3.69963,0.12943,32.00000,30.00000,tau_20
5050,2.00000,-6.37694,3.69963,0.12943,32.00000,30.00000,tau_20
5055,2.00000,-6.35824,3.69963,0.12943,32.00000,30.00000,tau_20
5060,2.00000,-6.33955,3.68498,0.13919,32.00000,30.00000,tau_20
5065,2.00000,-6.32086,3.69963,0.14408,32.00000,30.00000,tau_20
5070,2.00000,-6.30217,3.71429,0.13919,32.00000,30.00000,tau_20
5075,2.00000,-6.28309,3.69963,0.14408,32.00000,30.00000,tau_20
5080,2.00000,-6.26440,3.71429,0.14408,32.00000,30.00000,tau_20
5085,2.00000,-6.24571,3.69963,0.15873,32.00000,30.00000,tau_20
5090,2.00000,-6.22702,3.71429,0.14408,32.00000,30.00000,tau_20
5095,2.00000,-6.20832,3.69963,0.15873,32.00000,30.00000,tau_20
5100,2.00000,-6.18963,3.69963,0.14896,32.00000,30.00000,tau_20
5105,2.00000,-6.17094,3.71429,0.15873,32.00000,30.00000,tau_20
5111,2.00000,-6.15225,3.68498,0.15385,32.00000,30.00000,tau_20
5116,2.00000,-6.13317,3.68498,0.15385,32.00000,30.00000,tau_20
5121,2.00000,-6.11486,3.69963,0.14408,32.00000,30.00000,tau_20
5126,2.00000,-6.09579,3.69963,0.13919,32.00000,30.00000,tau_20
5131,2.00000,-6.07748,3.67033,0.13919,32.00000,30.00000,tau_20
5136,2.00000,-6.05840,3.69963,0.14408,32.00000,30.00000,tau_20
5141,2.00000,-6.03971,3.69963,0.13431,32.00000,30.00000,tau_20
5146,2.00000,-6.02102,3.68498,0.14408,32.00000,30.00000,tau_20
5151,2.00000,-6.00233,3.68498,0.13431,32.00000,30.00000,tau_20
5156,2.00000,-5.98402,3.71429,0.14408,32.00000,30.00000,tau_20
5161,2.00000,-5.96494,3.69963,0.12943,32.00000,30.00000,tau_20
5166,2.00000,-5.94625,3.68498,0.13919,32.00000,30.00000,tau_20
5171,2.00000,-5.92756,3.71429,0.14408,32.00000,30.00000,tau_20
5176,2.00000,-5.90887,3.68498,0.14408,32.00000,30.00000,tau_20
5181,2.00000,-5.89017,3.71429,0.14896,32.00000,30.00000,tau_20
5186,2.00000,-5.87110,3.72894,0.13919,32.00000,30.00000,tau_20
5191,2.00000,-5.85241,3.69963,0.14896,32.00000,30.00000,tau_20
5196,2.00000,-5.83371,3.69963,0.14896,32.00000,30.00000,tau_20
5202,2.00000,-5.81464,3.69963,0.14408,32.00000,30.00000,tau_20
5207,2.00000,-5.79595,3.69963,0.15385,32.00000,30.00000,tau_20
5212,2.00000,-5.77726,3.71429,0.14408,32.00000,30.00000,tau_20
5217,2.00000,-5.75856,3.69963,0.14896,32.00000,30.00000,tau_20
5222,2.00000,-5.73987,3.67033,0.14408,32.00000,30.00000,tau_20
5227,2.00000,-5.72118,3.68498,0.14896,32.00000,30.00000,tau_20
5232,2.00000,-5.70249,3.71429,0.13431,32.00000,30.00000,tau_20
5237,2.00000,-5.68379,3.69963,0.13919,32.00000,30.00000,tau_20
5242,2.00000,-5.66510,3.69963,0.13431,32.00000,30.00000,tau_20
5247,2.00000,-5.64603,3.75824,0.13431,32.00000,30.00000,tau_20
5252,2.00000,-5.62734,3.71429,0.12454,32.00000,30.00000,tau_20
5257,2.00000,-5.60826,3.71429,0.12943,32.00000,30.00000,tau_20
5262,2.00000,-5.58957,3.74359,0.12454,32.00000,30.00000,tau_20
5267,2.00000,-5.57050,3.72894,0.12943,32.00000,30.00000,tau_20
5272,2.00000,-5.55180,3.71429,0.11966,32.00000,30.00000,tau_20
5277,2.00000,-5.53273,3.71429,0.12454,32.00000,30.00000,tau_20
5282,2.00000,-5.51404,3.71429,0.13431,32.00000,30.00000,tau_20
5287,2.00000,-5.49573,3.69963,0.12454,32.00000,30.00000,tau_20
5293,2.00000,-5.47665,3.69963,0.13431,32.00000,30.00000,tau_20
5298,2.00000,-5.45796,3.71429,0.13431,32.00000,30.00000,tau_20
5303,2.00000,-5.43927,3.69963,0.13919,32.00000,30.00000,tau_20
5308,2.00000,-5.42020,3.72894,0.12943,32.00000,30.00000,tau_20
5313,2.00000,-5.40150,3.69963,0.13431,32.00000,30.00000,tau_20
5318,2.00000,-5.38281,3.71429,0.12943,32.00000,30.00000,tau_20
5323,2.00000,-5.36412,3.71429,0.13431,32.00000,30.00000,tau_20
5328,2.00000,-5.34504,3.72894,0.13431,32.00000,30.00000,tau_20
5333,2.00000,-5.32635,3.71429,0.13919,32.00000,30.00000,tau_20
5338,2.00000,-5.30728,3.72894,0.13919,32.00000,30.00000,tau_20
5343,2.00000,-5.28859,3.72894,0.13431,32.00000,30.00000,tau_20
5348,2.00000,-5.26951,3.72894,0.13431,32.00000,30.00000,tau_20
5353,2.00000,-5.25044,3.72894,0.13431,32.00000,30.00000,tau_20
5358,2.00000,-5.23175,3.75824,0.12943,32.00000,30.00000,tau_20
5363,2.00000,-5.21267,3.72894,0.13431,32.00000,30.00000,tau_20
5368,2.00000,-5.19398,3.72894,0.12943,32.00000,30.00000,tau_20
5373,2.00000,-5.17491,3.74359,0.12943,32.00000,30.00000,tau_20
5378,2.00000,-5.15621,3.72894,0.13431,32.00000,30.00000,tau_20
5383,2.00000,-5.13752,3.71429,0.13431,32.00000,30.00000,tau_20
5389,2.00000,-5.11845,3.71429,0.13431,32.00000,30.00000,tau_20
5394,2.00000,-5.09976,3.74359,0.13431,32.00000,30.00000,tau_20
5399,2.00000,-5.08068,3.71429,0.13431,32.00000,30.00000,tau_20
5404,2.00000,-5.06199,3.75824,0.12943,32.00000,30.00000,tau_20
5409,2.00000,-5.04292,3.74359,0.12943,32.00000,30.00000,tau_20
5414,2.00000,-5.02384,3.74359,0.12454,32.00000,30.00000,tau_20
5419,2.00000,-5.00515,3.75824,0.12943,32.00000,30.00000,tau_20
5424,2.00000,-4.98608,3.74359,0.12454,32.00000,30.00000,tau_20
5429,2.00000,-4.96700,3.75824,0.12454,32.00000,30.00000,tau_20
5434,2.00000,-4.94793,3.74359,0.11966,32.00000,30.00000,tau_20
5439,2.00000,-4.92924,3.74359,0.12454,32.00000,30.00000,tau_20
5444,2.00000,-4.91016,3.74359,0.11966,32.00000,30.00000,tau_20
5449,2.00000,-4.89147,3.72894,0.12454,32.00000,30.00000,tau_20
5454,2.00000,-4.87240,3.74359,0.11966,32.00000,30.00000,tau_20
5459,2.00000,-4.85370,3.71429,0.12943,32.00000,30.00000,tau_20
5464,2.00000,-4.83425,3.75824,0.12943,32.00000,30.00000,tau_20
5469,2.00000,-4.81556,3.71429,0.12454,32.00000,30.00000,tau_20
5474,2.00000,-4.79686,3.72894,0.12943,32.00000,30.00000,tau_20
5480,2.00000,-4.77779,3.72894,0.12943,32.00000,30.00000,tau_20
5485,2.00000,-4.75910,3.72894,0.12943,32.00000,30.00000,tau_20
5490,2.00000,-4.74002,3.74359,0.12454,32.00000,30.00000,tau_20
5495,2.00000,-4.72095,3.72894,0.12943,32.00000,30.00000,tau_20
5500,2.00000,-4.70226,3.74359,0.11966,32.00000,30.00000,tau_20
5505,2.00000,-4.68318,3.74359,0.12454,32.00000,30.00000,tau_20
5510,2.00000,-4.66449,3.72894,0.11966,32.00000,30.00000,tau_20
5515,2.00000,-4.64542,3.74359,0.12943,32.00000,30.00000,tau_20
5520,2.00000,-4.62634,3.74359,0.11966,32.00000,30.00000,tau_20
5525,2.00000,-4.60765,3.74359,0.11966,32.00000,30.00000,tau_20
5530,2.00000,-4.58858,3.74359,0.12454,32.00000,30.00000,tau_20
5535,2.00000,-4.56951,3.74359,0.12454,32.00000,30.00000,tau_20
5540,2.00000,-4.55081,3.72894,0.11966,32.00000,30.00000,tau_20
5545,2.00000,-4.53174,3.69963,0.12454,32.00000,30.00000,tau_20
5550,2.00000,-4.51305,3.71429,0.12943,32.00000,30.00000,tau_20
5555,2.00000,-4.49397,3.71429,0.12943,32.00000,30.00000,tau_20
5560,2.00000,-4.47528,3.72894,0.12943,32.00000,30.00000,tau_20
5565,2.00000,-4.45659,3.71429,0.12943,32.00000,30.00000,tau_20
5571,2.00000,-4.43751,3.72894,0.12943,32.00000,30.00000,tau_20
5576,2.00000,-4.41882,3.72894,0.12454,32.00000,30.00000,tau_20
5581,2.00000,-4.40013,3.72894,0.12943,32.00000,30.00000,tau_20
5586,2.00000,-4.38106,3.74359,0.12943,32.00000,30.00000,tau_20
5591,2.00000,-4.36236,3.69963,0.13919,32.00000,30.00000,tau_20
5596,2.00000,-4.34329,3.72894,0.12943,32.00000,30.00000,tau_20
5601,2.00000,-4.32460,3.69963,0.14408,32.00000,30.00000,tau_20
5606,2.00000,-4.30591,3.69963,0.14408,32.00000,30.00000,tau_20
5611,2.00000,-4.28721,3.71429,0.14408,32.00000,30.00000,tau_20
5616,2.00000,-4.26852,3.68498,0.15385,32.00000,30.00000,tau_20
5621,2.00000,-4.24983,3.67033,0.15873,32.00000,30.00000,tau_20
5626,2.00000,-4.23114,3.69963,0.16361,32.00000,30.00000,tau_20
5631,2.00000,-4.21244,3.69963,0.14408,32.00000,30.00000,tau_20
5636,2.00000,-4.19375,3.65568,0.15385,32.00000,30.00000,tau_20
5641,2.00000,-4.17506,3.68498,0.14408,32.00000,30.00000,tau_20
5646,2.00000,-4.15637,3.71429,0.13919,32.00000,30.00000,tau_20
5651,2.00000,-4.13767,3.65568,0.14896,32.00000,30.00000,tau_20
5656,2.00000,-4.11936,3.68498,0.13919,32.00000,30.00000,tau_20
5662,2.00000,-4.10029,3.71429,0.14408,32.00000,30.00000,tau_20
5667,2.00000,-4.08198,3.64103,0.14408,32.00000,30.00000,tau_20
5672,2.00000,-4.06329,3.67033,0.15385,32.00000,30.00000,tau_20
5677,2.00000,-4.04459,3.71429,0.14896,32.00000,30.00000,tau_20
5682,2.00000,-4.02590,3.69963,0.15873,32.00000,30.00000,tau_20
5687,2.00000,-4.00721,3.67033,0.16361,32.00000,30.00000,tau_20
5692,2.00000,-3.98852,3.69963,0.15385,32.00000,30.00000,tau_20
5697,2.00000,-3.96982,3.69963,0.16850,32.00000,30.00000,tau_20
5702,2.00000,-3.95113,3.64103,0.15873,32.00000,30.00000,tau_20
5707,2.00000,-3.93244,3.71429,0.15385,32.00000,30.00000,tau_20
5712,2.00000,-3.91375,3.67033,0.14896,32.00000,30.00000,tau_20
5717,2.00000,-3.89544,3.62637,0.15385,32.00000,30.00000,tau_20
5722,2.00000,-3.87675,3.68498,0.14408,32.00000,30.00000,tau_20
5727,2.00000,-3.85805,3.68498,0.14408,32.00000,30.00000,tau_20
5732,2.00000,-3.83974,3.65568,0.14408,32.00000,30.00000,tau_20
5737,2.00000,-3.82105,3.68498,0.14896,32.00000,30.00000,tau_20
5742,2.00000,-3.80236,3.69963,0.15385,32.00000,30.00000,tau_20
5747,2.00000,-3.78405,3.65568,0.16361,32.00000,30.00000,tau_20
5753,2.00000,-3.76497,3.68498,0.15385,32.00000,30.00000,tau_20
5758,2.00000,-3.74628,3.71429,0.15873,32.00000,30.00000,tau_20
5763,2.00000,-3.72797,3.62637,0.16361,32.00000,30.00000,tau_20
5768,2.00000,-3.70890,3.72894,0.16361,32.00000,30.00000,tau_20
5773,2.00000,-3.69020,3.71429,0.15873,32.00000,30.00000,tau_20
5778,2.00000,-3.67151,3.65568,0.15873,32.00000,30.00000,tau_20
5783,2.00000,-3.65320,3.68498,0.15385,32.00000,30.00000,tau_20
5788,2.00000,-3.63413,3.69963,0.14896,32.00000,30.00000,tau_20
5793,2.00000,-3.61582,3.65568,0.14408,32.00000,30.00000,tau_20
5798,2.00000,-3.59712,3.62637,0.15385,32.00000,30.00000,tau_20
5803,2.00000,-3.57843,3.72894,0.13919,32.00000,30.00000,tau_20
5808,2.00000,-3.56012,3.65568,0.15385,32.00000,30.00000,tau_20
5813,2.00000,-3.54143,3.64103,0.15385,32.00000,30.00000,tau_20
5818,2.00000,-3.52274,3.72894,0.15385,32.00000,30.00000,tau_20
5823,2.00000,-3.50366,3.67033,0.15385,32.00000,30.00000,tau_20
5828,2.00000,-3.48535,3.65568,0.16361,32.00000,30.00000,tau_20
5833,2.00000,-3.46704,3.68498,0.16850,32.00000,30.00000,tau_20
5839,2.00000,-3.44797,3.68498,0.16361,32.00000,30.00000,tau_20
5844,2.00000,-3.42966,3.65568,0.16361,32.00000,30.00000,tau_20
5849,2.00000,-3.41096,3.68498,0.15385,32.00000,30.00000,tau_20
5854,2.00000,-3.39189,3.71429,0.14896,32.00000,30.00000,tau_20
5859,2.00000,-3.37320,3.67033,0.14896,32.00000,30.00000,tau_20
5864,2.00000,-3.35451,3.69963,0.12943,32.00000,30.00000,tau_20
5869,2.00000,-3.33581,3.72894,0.13919,32.00000,30.00000,tau_20
5874,2.00000,-3.31712,3.68498,0.12454,32.00000,30.00000,tau_20
5879,2.00000,-3.29805,3.72894,0.12943,32.00000,30.00000,tau_20
5884,2.00000,-3.27935,3.71429,0.12454,32.00000,30.00000,tau_20
5889,2.00000,-3.26066,3.69963,0.13431,32.00000,30.00000,tau_20
5894,2.00000,-3.24197,3.69963,0.13431,32.00000,30.00000,tau_20
5899,2.00000,-3.22328,3.71429,0.12943,32.00000,30.00000,tau_20
5904,2.00000,-3.20459,3.69963,0.13431,32.00000,30.00000,tau_20
5909,2.00000,-3.18551,3.69963,0.13431,32.00000,30.00000,tau_20
5914,2.00000,-3.16644,3.77290,0.12454,32.00000,30.00000,tau_20
5919,2.00000,-3.14775,3.69963,0.12454,32.00000,30.00000,tau_20
5924,2.00000,-3.12867,3.74359,0.12454,32.00000,30.00000,tau_20
5929,2.00000,-3.10998,3.75824,0.11966,32.00000,30.00000,tau_20
5935,2.00000,-3.09091,3.71429,0.11966,32.00000,30.00000,tau_20
5940,2.00000,-3.07221,3.72894,0.11966,32.00000,30.00000,tau_20
5945,2.00000,-3.05314,3.74359,0.12454,32.00000,30.00000,tau_20
5950,2.00000,-3.03407,3.75824,0.11477,32.00000,30.00000,tau_20
5955,2.00000,-3.01537,3.71429,0.12943,32.00000,30.00000,tau_20
5960,2.00000,-2.99630,3.74359,0.11477,32.00000,30.00000,tau_20
5965,2.00000,-2.97723,3.74359,0.12454,32.00000,30.00000,tau_20
5970,2.00000,-2.95892,3.69963,0.12454,32.00000,30.00000,tau_20
5975,2.00000,-2.93984,3.72894,0.12943,32.00000,30.00000,tau_20
5980,2.00000,-2.92077,3.71429,0.12943,32.00000,30.00000,tau_20
5985,2.00000,-2.90207,3.72894,0.12943,32.00000,30.00000,tau_20
5990,2.00000,-2.88300,3.71429,0.13431,32.00000,30.00000,tau_20
5995,2.00000,-2.86431,3.72894,0.12943,32.00000,30.00000,tau_20
6000,2.00000,-2.84562,3.74359,0.12943,32.00000,30.00000,tau_20
6005,2.00000,-2.82654,3.71429,0.11966,32.00000,30.00000,tau_20
6010,2.00000,-2.80747,3.74359,0.12943,32.00000,30.00000,tau_20
6015,2.00000,-2.78878,3.72894,0.12943,32.00000,30.00000,tau_20
6021,2.00000,-2.76970,3.75824,0.12454,32.00000,30.00000,tau_20
6026,2.00000,-2.75063,3.75824,0.12943,32.00000,30.00000,tau_20
6031,2.00000,-2.73194,3.71429,0.11966,32.00000,30.00000,tau_20
6036,2.00000,-2.71286,3.77290,0.12454,32.00000,30.00000,tau_20
6041,2.00000,-2.69379,3.72894,0.12454,32.00000,30.00000,tau_20
6046,2.00000,-2.67472,3.74359,0.11477,32.00000,30.00000,tau_20
6051,2.00000,-2.65602,3.74359,0.12943,32.00000,30.00000,tau_20
6056,2.00000,-2.63695,3.74359,0.11477,32.00000,30.00000,tau_20
6061,2.00000,-2.61826,3.72894,0.12943,32.00000,30.00000,tau_20
6066,2.00000,-2.59918,3.69963,0.11477,32.00000,30.00000,tau_20
6071,2.00000,-2.58011,3.75824,0.12454,32.00000,30.00000,tau_20
6076,2.00000,-2.56142,3.74359,0.11966,32.00000,30.00000,tau_20
6081,2.00000,-2.54234,3.74359,0.11966,32.00000,30.00000,tau_20
6086,2.00000,-2.52365,3.75824,0.11966,32.00000,30.00000,tau_20
6091,2.00000,-2.50458,3.74359,0.10989,32.00000,30.00000,tau_20
6096,2.00000,-2.48550,3.75824,0.11966,32.00000,30.00000,tau_20
6101,2.00000,-2.46643,3.71429,0.10989,32.00000,30.00000,tau_20
6106,2.00000,-2.44774,3.75824,0.11966,32.00000,30.00000,tau_20
6112,2.00000,-2.42866,3.74359,0.11477,32.00000,30.00000,tau_20
6117,2.00000,-2.40959,3.74359,0.11477,32.00000,30.00000,tau_20
6122,2.00000,-2.39090,3.72894,0.11477,32.00000,30.00000,tau_20
6127,2.00000,-2.37182,3.72894,0.11966,32.00000,30.00000,tau_20
6132,2.00000,-2.35313,3.74359,0.11966,32.00000,30.00000,tau_20
6137,2.00000,-2.33444,3.69963,0.12454,32.00000,30.00000,tau_20
6142,2.00000,-2.31537,3.72894,0.11966,32.00000,30.00000,tau_20
6147,2.00000,-2.29667,3.71429,0.13431,32.00000,30.00000,tau_20
6152,2.00000,-2.27798,3.71429,0.11966,32.00000,30.00000,tau_20
6157,2.00000,-2.25929,3.71429,0.13919,32.00000,30.00000,tau_20
6162,2.00000,-2.24060,3.71429,0.12943,32.00000,30.00000,tau_20
6167,2.00000,-2.22152,3.72894,0.13431,32.00000,30.00000,tau_20
6172,2.00000,-2.20283,3.69963,0.13431,32.00000,30.00000,tau_20
6177,2.00000,-2.18414,3.71429,0.13431,32.00000,30.00000,tau_20
6182,2.00000,-2.16506,3.74359,0.13431,32.00000,30.00000,tau_20
6187,2.00000,-2.14637,3.69963,0.13431,32.00000,30.00000,tau_20
6192,2.00000,-2.12730,3.74359,0.14408,32.00000,30.00000,tau_20
6197,2.00000,-2.10861,3.71429,0.13919,32.00000,30.00000,tau_20
6202,2.00000,-2.08953,3.72894,0.14408,32.00000,30.00000,tau_20
6208,2.00000,-2.07084,3.71429,0.14408,32.00000,30.00000,tau_20
6213,2.00000,-2.05177,3.69963,0.13919,32.00000,30.00000,tau_20
6218,2.00000,-2.03307,3.74359,0.15385,32.00000,30.00000,tau_20
6223,2.00000,-2.01438,3.68498,0.13919,32.00000,30.00000,tau_20
6228,2.00000,-1.99569,3.71429,0.14896,32.00000,30.00000,tau_20
6233,2.00000,-1.97700,3.68498,0.14408,32.00000,30.00000,tau_20
6238,2.00000,-1.95792,3.71429,0.13919,32.00000,30.00000,tau_20
6243,2.00000,-1.93923,3.71429,0.14896,32.00000,30.00000,tau_20
6248,2.00000,-1.92054,3.71429,0.13919,32.00000,30.00000,tau_20
6253,2.00000,-1.90146,3.72894,0.14408,32.00000,30.00000,tau_20
6258,2.00000,-1.88239,3.69963,0.13919,32.00000,30.00000,tau_20
6263,2.00000,-1.86370,3.72894,0.13431,32.00000,30.00000,tau_20
6268,2.00000,-1.84501,3.72894,0.14896,32.00000,30.00000,tau_20
6273,2.00000,-1.82593,3.71429,0.12943,32.00000,30.00000,tau_20
6278,2.00000,-1.80724,3.74359,0.14408,32.00000,30.00000,tau_20
6283,2.00000,-1.78855,3.69963,0.13919,32.00000,30.00000,tau_20
6288,2.00000,-1.76947,3.72894,0.13919,32.00000,30.00000,tau_20
6293,2.00000,-1.75078,3.69963,0.13431,32.00000,30.00000,tau_20
6299,2.00000,-1.73209,3.69963,0.12454,32.00000,30.00000,tau_20
6304,2.00000,-1.71302,3.69963,0.13919,32.00000,30.00000,tau_20
6309,2.00000,-1.69432,3.72894,0.11966,32.00000,30.00000,tau_20
6314,2.00000,-1.67563,3.71429,0.13431,32.00000,30.00000,tau_20
6319,2.00000,-1.65694,3.68498,0.11966,32.00000,30.00000,tau_20
6324,2.00000,-1.63787,3.72894,0.12943,32.00000,30.00000,tau_20
6329,2.00000,-1.61917,3.71429,0.12454,32.00000,30.00000,tau_20
6334,2.00000,-1.60010,3.69963,0.11966,32.00000,30.00000,tau_20
6339,2.00000,-1.58141,3.72894,0.13431,32.00000,30.00000,tau_20
6344,2.00000,-1.56271,3.69963,0.12454,32.00000,30.00000,tau_20
6349,2.00000,-1.54402,3.72894,0.12454,32.00000,30.00000,tau_20
6354,2.00000,-1.52495,3.69963,0.12943,32.00000,30.00000,tau_20
6359,2.00000,-1.50626,3.72894,0.11966,32.00000,30.00000,tau_20
6364,2.00000,-1.48718,3.74359,0.13431,32.00000,30.00000,tau_20
6369,2.00000,-1.46849,3.71429,0.11477,32.00000,30.00000,tau_20
6374,2.00000,-1.44942,3.74359,0.12943,32.00000,30.00000,tau_20
6379,2.00000,-1.43072,3.71429,0.11966,32.00000,30.00000,tau_20
6384,2.00000,-1.41165,3.72894,0.12454,32.00000,30.00000,tau_20
6390,2.00000,-1.39296,3.69963,0.12943,32.00000,30.00000,tau_20
6395,2.00000,-1.37427,3.71429,0.12943,32.00000,30.00000,tau_20
6400,2.00000,-1.35557,3.71429,0.13919,32.00000,30.00000,tau_20
6405,2.00000,-1.33688,3.69963,0.12943,32.00000,30.00000,tau_20
6410,2.00000,-1.31781,3.69963,0.14408,32.00000,30.00000,tau_20
6415,2.00000,-1.29912,3.71429,0.13919,32.00000,30.00000,tau_20
6420,2.00000,-1.28042,3.72894,0.13431,32.00000,30.00000,tau_20
6425,2.00000,-1.26135,3.69963,0.13919,32.00000,30.00000,tau_20
6430,2.00000,-1.24266,3.72894,0.13431,32.00000,30.00000,tau_20
6435,2.00000,-1.22358,3.75824,0.14408,32.00000,30.00000,tau_20
6440,2.00000,-1.20489,3.71429,0.13431,32.00000,30.00000,tau_20
6445,2.00000,-1.18620,3.72894,0.13919,32.00000,30.00000,tau_20
6450,2.00000,-1.16712,3.74359,0.13919,32.00000,30.00000,tau_20
6455,2.00000,-1.14843,3.71429,0.13431,32.00000,30.00000,tau_20
6460,2.00000,-1.12974,3.71429,0.14896,32.00000,30.00000,tau_20
6465,2.00000,-1.11067,3.72894,0.14408,32.00000,30.00000,tau_20
6470,2.00000,-1.09197,3.72894,0.14896,32.00000,30.00000,tau_20
6475,2.00000,-1.07290,3.69963,0.13919,32.00000,30.00000,tau_20
6481,2.00000,-1.05421,3.69963,0.14896,32.00000,30.00000,tau_20
6486,2.00000,-1.03551,3.71429,0.14896,32.00000,30.00000,tau_20
6491,2.00000,-1.01682,3.71429,0.13919,32.00000,30.00000,tau_20
6496,2.00000,-0.99775,3.71429,0.14408,32.00000,30.00000,tau_20
6501,2.00000,-0.97906,3.71429,0.13919,32.00000,30.00000,tau_20
6506,2.00000,-0.96037,3.72894,0.13431,32.00000,30.00000,tau_20
6511,2.00000,-0.94129,3.71429,0.13431,32.00000,30.00000,tau_20
6516,2.00000,-0.92260,3.72894,0.12943,32.00000,30.00000,tau_20
6521,2.00000,-0.90353,3.72894,0.14896,32.00000,30.00000,tau_20
6526,2.00000,-0.88483,3.71429,0.12454,32.00000,30.00000,tau_20
6531,2.00000,-0.86576,3.74359,0.13919,32.00000,30.00000,tau_20
6536,2.00000,-0.84707,3.68498,0.12454,32.00000,30.00000,tau_20
6541,2.00000,-0.82799,3.74359,0.12943,32.00000,30.00000,tau_20
6546,2.00000,-0.80930,3.72894,0.12454,32.00000,30.00000,tau_20
6551,2.00000,-0.79061,3.69963,0.12454,32.00000,30.00000,tau_20
6556,2.00000,-0.77192,3.71429,0.13431,32.00000,30.00000,tau_20
6561,2.00000,-0.75284,3.71429,0.11966,32.00000,30.00000,tau_20
6566,2.00000,-0.73415,3.69963,0.13431,32.00000,30.00000,tau_20
6572,2.00000,-0.71546,3.68498,0.12454,32.00000,30.00000,tau_20
6577,2.00000,-0.69676,3.71429,0.13431,32.00000,30.00000,tau_20
6582,2.00000,-0.67807,3.71429,0.12454,32.00000,30.00000,tau_20
6587,2.00000,-0.65900,3.71429,0.12454,32.00000,30.00000,tau_20
6592,2.00000,-0.63993,3.74359,0.12454,32.00000,30.00000,tau_20
6597,2.00000,-0.62123,3.72894,0.12454,32.00000,30.00000,tau_20
6602,2.00000,-0.60216,3.72894,0.11966,32.00000,30.00000,tau_20
6607,2.00000,-0.58347,3.72894,0.12454,32.00000,30.00000,tau_20
6612,2.00000,-0.56439,3.74359,0.11477,32.00000,30.00000,tau_20
6617,2.00000,-0.54570,3.74359,0.12943,32.00000,30.00000,tau_20
6622,2.00000,-0.52663,3.72894,0.10989,32.00000,30.00000,tau_20
6627,2.00000,-0.50793,3.72894,0.11966,32.00000,30.00000,tau_20
6632,2.00000,-0.48886,3.72894,0.10989,32.00000,30.00000,tau_20
6637,2.00000,-0.46979,3.74359,0.11966,32.00000,30.00000,tau_20
6642,2.00000,-0.45109,3.71429,0.11966,32.00000,30.00000,tau_20
6647,2.00000,-0.43240,3.71429,0.11477,32.00000,30.00000,tau_20
6652,2.00000,-0.41333,3.72894,0.12943,32.00000,30.00000,tau_20
6658,2.00000,-0.39425,3.72894,0.11966,32.00000,30.00000,tau_20
6663,2.00000,-0.37556,3.71429,0.12943,32.00000,30.00000,tau_20
6668,2.00000,-0.35687,3.72894,0.12454,32.00000,30.00000,tau_20
6673,2.00000,-0.33780,3.72894,0.12454,32.00000,30.00000,tau_20
6678,2.00000,-0.31910,3.72894,0.12454,32.00000,30.00000,tau_20
6683,2.00000,-0.30003,3.71429,0.12454,32.00000,30.00000,tau_20
6688,2.00000,-0.28096,3.74359,0.12454,32.00000,30.00000,tau_20
6693,2.00000,-0.26226,3.71429,0.12454,32.00000,30.00000,tau_20
6698,2.00000,-0.24319,3.72894,0.12454,32.00000,30.00000,tau_20
6703,2.00000,-0.22450,3.72894,0.12943,32.00000,30.00000,tau_20
6708,2.00000,-0.20581,3.72894,0.12454,32.00000,30.00000,tau_20
6713,2.00000,-0.18673,3.72894,0.13919,32.00000,30.00000,tau_20
6718,2.00000,-0.16804,3.71429,0.13431,32.00000,30.00000,tau_20
6723,2.00000,-0.14897,3.71429,0.14408,32.00000,30.00000,tau_20
6728,2.00000,-0.13027,3.69963,0.13919,32.00000,30.00000,tau_20
6733,2.00000,-0.11158,3.69963,0.14408,32.00000,30.00000,tau_20
6738,2.00000,-0.09289,3.68498,0.14896,32.00000,30.00000,tau_20
6743,2.00000,-0.07420,3.69963,0.14408,32.00000,30.00000,tau_20
6748,2.00000,-0.05550,3.69963,0.15385,32.00000,30.00000,tau_20
6754,2.00000,-0.03643,3.69963,0.14896,32.00000,30.00000,tau_20
6759,2.00000,-0.01812,3.71429,0.15385,32.00000,30.00000,tau_20
6764,2.00000,0.00095,3.72894,0.14896,32.00000,30.00000,tau_20
6769,2.00000,0.01965,3.69963,0.14408,32.00000,30.00000,tau_20
6774,2.00000,0.03834,3.71429,0.15385,32.00000,30.00000,tau_20
6779,2.00000,0.05703,3.71429,0.13919,32.00000,30.00000,tau_20
6784,2.00000,0.07611,3.71429,0.14896,32.00000,30.00000,tau_20
6789,2.00000,0.09480,3.69963,0.13919,32.00000,30.00000,tau_20
6794,2.00000,0.11349,3.72894,0.13919,32.00000,30.00000,tau_20
6799,2.00000,0.13218,3.68498,0.13431,32.00000,30.00000,tau_20
6804,2.00000,0.15087,3.69963,0.13431,32.00000,30.00000,tau_20
6809,2.00000,0.16995,3.69963,0.13431,32.00000,30.00000,tau_20
6814,2.00000,0.18864,3.68498,0.13431,32.00000,30.00000,tau_20
6819,2.00000,0.20695,3.67033,0.13431,32.00000,30.00000,tau_20
6824,2.00000,0.22602,3.69963,0.13431,32.00000,30.00000,tau_20
6829,2.00000,0.24472,3.69963,0.14408,32.00000,30.00000,tau_20
6834,2.00000,0.26303,3.68498,0.14896,32.00000,30.00000,tau_20
6840,2.00000,0.28210,3.69963,0.14408,32.00000,30.00000,tau_20
6845,2.00000,0.30079,3.71429,0.14896,32.00000,30.00000,tau_20
6850,2.00000,0.31949,3.69963,0.14896,32.00000,30.00000,tau_20
6855,2.00000,0.33856,3.71429,0.14896,32.00000,30.00000,tau_20
6860,2.00000,0.35725,3.69963,0.14896,32.00000,30.00000,tau_20
6865,2.00000,0.37594,3.71429,0.14896,32.00000,30.00000,tau_20
6870,2.00000,0.39464,3.72894,0.14896,32.00000,30.00000,tau_20
6875,2.00000,0.41371,3.71429,0.14896,32.00000,30.00000,tau_20
6880,2.00000,0.43240,3.69963,0.14896,32.00000,30.00000,tau_20
6885,2.00000,0.45110,3.71429,0.14896,32.00000,30.00000,tau_20
6890,2.00000,0.47017,3.71429,0.13919,32.00000,30.00000,tau_20
6895,2.00000,0.48886,3.71429,0.14408,32.00000,30.00000,tau_20
6900,2.00000,0.50755,3.71429,0.13919,32.00000,30.00000,tau_20
6905,2.00000,0.52625,3.71429,0.13919,32.00000,30.00000,tau_20
6910,2.00000,0.54494,3.68498,0.13431,32.00000,30.00000,tau_20
6915,2.00000,0.56363,3.69963,0.13431,32.00000,30.00000,tau_20
6920,2.00000,0.58270,3.72894,0.13431,32.00000,30.00000,tau_20
6926,2.00000,0.60140,3.71429,0.12454,32.00000,30.00000,tau_20
6931,2.00000,0.62047,3.71429,0.13431,32.00000,30.00000,tau_20
6936,2.00000,0.63916,3.72894,0.12454,32.00000,30.00000,tau_20
6941,2.00000,0.65824,3.71429,0.13431,32.00000,30.00000,tau_20
6946,2.00000,0.67693,3.71429,0.11966,32.00000,30.00000,tau_20
6951,2.00000,0.69600,3.74359,0.12454,32.00000,30.00000,tau_20
6956,2.00000,0.71469,3.72894,0.12454,32.00000,30.00000,tau_20
6961,2.00000,0.73377,3.72894,0.12454,32.00000,30.00000,tau_20
6966,2.00000,0.75246,3.71429,0.12454,32.00000,30.00000,tau_20
6971,2.00000,0.77153,3.72894,0.12943,32.00000,30.00000,tau_20
6976,2.00000,0.79023,3.69963,0.11966,32.00000,30.00000,tau_20
6981,2.00000,0.80892,3.71429,0.12454,32.00000,30.00000,tau_20
6986,2.00000,0.82799,3.71429,0.11966,32.00000,30.00000,tau_20
6991,2.00000,0.84669,3.69963,0.12943,32.00000,30.00000,tau_20
6996,2.00000,0.86576,3.72894,0.11966,32.00000,30.00000,tau_20
7001,2.00000,0.88445,3.71429,0.12454,32.00000,30.00000,tau_20
7006,2.00000,0.90314,3.72894,0.12943,32.00000,30.00000,tau_20
7011,2.00000,0.92222,3.72894,0.11966,32.00000,30.00000,tau_20
7017,2.00000,0.94091,3.72894,0.12454,32.00000,30.00000,tau_20
7022,2.00000,0.95998,3.71429,0.11966,32.00000,30.00000,tau_20
7027,2.00000,0.97868,3.74359,0.12943,32.00000,30.00000,tau_20
7032,2.00000,0.99775,3.74359,0.11477,32.00000,30.00000,tau_20
7037,2.00000,1.01682,3.72894,0.11966,32.00000,30.00000,tau_20
7042,2.00000,1.03552,3.72894,0.11477,32.00000,30.00000,tau_20
7047,2.00000,1.05459,3.74359,0.11966,32.00000,30.00000,tau_20
7052,2.00000,1.07328,3.72894,0.11477,32.00000,30.00000,tau_20
7057,2.00000,1.09235,3.74359,0.11966,32.00000,30.00000,tau_20
7062,2.00000,1.11143,3.74359,0.11477,32.00000,30.00000,tau_20
7067,2.00000,1.13012,3.72894,0.11477,32.00000,30.00000,tau_20
7072,2.00000,1.14920,3.69963,0.11477,32.00000,30.00000,tau_20
7077,2.00000,1.16789,3.71429,0.12454,32.00000,30.00000,tau_20
7082,2.00000,1.18696,3.74359,0.11477,32.00000,30.00000,tau_20
7087,2.00000,1.20565,3.71429,0.12454,32.00000,30.00000,tau_20
7092,2.00000,1.22473,3.74359,0.11966,32.00000,30.00000,tau_20
7097,2.00000,1.24380,3.72894,0.11477,32.00000,30.00000,tau_20
7103,2.00000,1.26249,3.75824,0.11477,32.00000,30.00000,tau_20
7108,2.00000,1.28157,3.74359,0.10989,32.00000,30.00000,tau_20
7113,2.00000,1.30064,3.74359,0.11966,32.00000,30.00000,tau_20
7118,2.00000,1.31933,3.75824,0.10989,32.00000,30.00000,tau_20
7123,2.00000,1.33841,3.74359,0.11966,32.00000,30.00000,tau_20
7128,2.00000,1.35748,3.74359,0.10501,32.00000,30.00000,tau_20
7133,2.00000,1.37655,3.72894,0.11966,32.00000,30.00000,tau_20
7138,2.00000,1.39525,3.74359,0.10989,32.00000,30.00000,tau_20
7143,2.00000,1.41432,3.74359,0.11477,32.00000,30.00000,tau_20
7148,2.00000,1.43301,3.71429,0.10989,32.00000,30.00000,tau_20
7153,2.00000,1.45209,3.74359,0.11966,32.00000,30.00000,tau_20
7158,2.00000,1.47078,3.71429,0.11477,32.00000,30.00000,tau_20
7163,2.00000,1.48985,3.72894,0.11477,32.00000,30.00000,tau_20
7168,2.00000,1.50854,3.71429,0.11477,32.00000,30.00000,tau_20
7173,2.00000,1.52762,3.72894,0.11966,32.00000,30.00000,tau_20
7178,2.00000,1.54669,3.74359,0.11477,32.00000,30.00000,tau_20
7183,2.00000,1.56538,3.71429,0.11477,32.00000,30.00000,tau_20
7188,2.00000,1.58446,3.74359,0.11966,32.00000,30.00000,tau_20
7194,2.00000,1.60315,3.74359,0.11477,32.00000,30.00000,tau_20
7199,2.00000,1.62223,3.74359,0.11477,32.00000,30.00000,tau_20
7204,2.00000,1.64130,3.74359,0.11477,32.00000,30.00000,tau_20
7209,2.00000,1.66037,3.74359,0.11966,32.00000,30.00000,tau_20
7214,2.00000,1.67906,3.74359,0.11477,32.00000,30.00000,tau_20
7219,2.00000,1.69814,3.72894,0.11966,32.00000,30.00000,tau_20
7224,2.00000,1.71683,3.74359,0.10989,32.00000,30.00000,tau_20
7229,2.00000,1.73590,3.72894,0.11966,32.00000,30.00000,tau_20
7234,2.00000,1.75460,3.69963,0.11477,32.00000,30.00000,tau_20
7239,2.00000,1.77367,3.71429,0.12454,32.00000,30.00000,tau_20
7244,2.00000,1.79236,3.69963,0.12454,32.00000,30.00000,tau_20
7249,2.00000,1.81106,3.72894,0.12454,32.00000,30.00000,tau_20
7254,2.00000,1.83013,3.71429,0.11966,32.00000,30.00000,tau_20
7259,2.00000,1.84882,3.72894,0.12454,32.00000,30.00000,tau_20
7264,2.00000,1.86751,3.72894,0.11966,32.00000,30.00000,tau_20
7269,2.00000,1.88659,3.72894,0.11966,32.00000,30.00000,tau_20
7274,2.00000,1.90566,3.71429,0.12943,32.00000,30.00000,tau_20
7280,2.00000,1.92397,3.69963,0.12454,32.00000,30.00000,tau_20
7285,2.00000,1.94305,3.74359,0.12943,32.00000,30.00000,tau_20
7290,2.00000,1.96174,3.71429,0.13431,32.00000,30.00000,tau_20
7295,2.00000,1.98081,3.71429,0.13431,32.00000,30.00000,tau_20
7300,2.00000,1.99950,3.71429,0.13919,32.00000,30.00000,tau_20
7305,2.00000,2.01820,3.68498,0.14408,32.00000,30.00000,tau_20
7310,2.00000,2.03689,3.69963,0.15385,32.00000,30.00000,tau_20
7315,2.00000,2.05558,3.67033,0.15873,32.00000,30.00000,tau_20
7320,2.00000,2.07427,3.69963,0.15385,32.00000,30.00000,tau_20
7325,2.00000,2.09297,3.65568,0.15385,32.00000,30.00000,tau_20
7330,2.00000,2.11166,3.68498,0.14896,32.00000,30.00000,tau_20
7335,2.00000,2.13035,3.71429,0.14408,32.00000,30.00000,tau_20
7340,2.00000,2.14904,3.67033,0.14896,32.00000,30.00000,tau_20
7345,2.00000,2.16773,3.69963,0.13431,32.00000,30.00000,tau_20
7350,2.00000,2.18681,3.72894,0.14408,32.00000,30.00000,tau_20
7355,2.00000,2.20512,3.67033,0.14408,32.00000,30.00000,tau_20
7360,2.00000,2.22381,3.69963,0.13431,32.00000,30.00000,tau_20
7365,2.00000,2.24289,3.71429,0.13431,32.00000,30.00000,tau_20
7371,2.00000,2.26158,3.69963,0.12943,32.00000,30.00000,tau_20
7376,2.00000,2.28027,3.69963,0.13431,32.00000,30.00000,tau_20
7381,2.00000,2.29935,3.72894,0.11966,32.00000,30.00000,tau_20
7386,2.00000,2.31804,3.69963,0.13431,32.00000,30.00000,tau_20
7391,2.00000,2.33673,3.69963,0.12454,32.00000,30.00000,tau_20
7396,2.00000,2.35542,3.72894,0.13431,32.00000,30.00000,tau_20
7401,2.00000,2.37411,3.68498,0.13919,32.00000,30.00000,tau_20
7406,2.00000,2.39281,3.69963,0.14408,32.00000,30.00000,tau_20
7411,2.00000,2.41188,3.71429,0.13919,32.00000,30.00000,tau_20
7416,2.00000,2.43057,3.68498,0.14408,32.00000,30.00000,tau_20
7421,2.00000,2.44926,3.68498,0.15385,32.00000,30.00000,tau_20
7426,2.00000,2.46796,3.71429,0.14408,32.00000,30.00000,tau_20
7431,2.00000,2.48703,3.72894,0.14408,32.00000,30.00000,tau_20
7436,2.00000,2.50572,3.68498,0.14896,32.00000,30.00000,tau_20
7441,2.00000,2.52442,3.74359,0.13919,32.00000,30.00000,tau_20
7446,2.00000,2.54349,3.71429,0.14408,32.00000,30.00000,tau_20
7451,2.00000,2.56218,3.69963,0.14408,32.00000,30.00000,tau_20
7456,2.00000,2.58125,3.74359,0.14408,32.00000,30.00000,tau_20
7462,2.00000,2.59995,3.72894,0.13919,32.00000,30.00000,tau_20
7467,2.00000,2.61864,3.74359,0.14408,32.00000,30.00000,tau_20
7472,2.00000,2.63733,3.69963,0.14896,32.00000,30.00000,tau_20
7477,2.00000,2.65640,3.72894,0.14896,32.00000,30.00000,tau_20
7482,2.00000,2.67510,3.67033,0.14408,32.00000,30.00000,tau_20
7487,2.00000,2.69379,3.68498,0.14408,32.00000,30.00000,tau_20
7492,2.00000,2.71248,3.71429,0.13431,32.00000,30.00000,tau_20
7497,2.00000,2.73117,3.68498,0.14408,32.00000,30.00000,tau_20
7502,2.00000,2.74987,3.71429,0.12454,32.00000,30.00000,tau_20
7507,2.00000,2.76894,3.69963,0.13919,32.00000,30.00000,tau_20
7512,2.00000,2.78763,3.69963,0.12454,32.00000,30.00000,tau_20
7517,2.00000,2.80632,3.72894,0.12943,32.00000,30.00000,tau_20
7522,2.00000,2.82540,3.71429,0.12454,32.00000,30.00000,tau_20
7527,2.00000,2.84409,3.71429,0.13431,32.00000,30.00000,tau_20
7532,2.00000,2.86278,3.71429,0.12943,32.00000,30.00000,tau_20
7537,2.00000,2.88186,3.74359,0.11477,32.00000,30.00000,tau_20
7542,2.00000,2.90093,3.71429,0.12943,32.00000,30.00000,tau_20
7548,2.00000,2.91924,3.69963,0.11477,32.00000,30.00000,tau_20
7553,2.00000,2.93870,3.75824,0.11966,32.00000,30.00000,tau_20
7558,2.00000,2.95701,3.71429,0.11966,32.00000,30.00000,tau_20
7563,2.00000,2.97608,3.71429,0.12454,32.00000,30.00000,tau_20
7568,2.00000,2.99516,3.74359,0.11966,32.00000,30.00000,tau_20
7573,2.00000,3.01385,3.69963,0.11966,32.00000,30.00000,tau_20
7578,2.00000,3.03254,3.69963,0.12454,32.00000,30.00000,tau_20
7583,2.00000,3.05123,3.69963,0.12943,32.00000,30.00000,tau_20
7588,2.00000,3.07030,3.72894,0.12454,32.00000,30.00000,tau_20
7593,2.00000,3.08900,3.69963,0.13431,32.00000,30.00000,tau_20
7598,2.00000,3.10807,3.74359,0.12454,32.00000,30.00000,tau_20
7603,2.00000,3.12715,3.75824,0.13431,32.00000,30.00000,tau_20
7608,2.00000,3.14584,3.69963,0.11966,32.00000,30.00000,tau_20
7613,2.00000,3.16491,3.75824,0.12943,32.00000,30.00000,tau_20
7618,2.00000,3.18399,3.72894,0.12454,32.00000,30.00000,tau_20
7623,2.00000,3.20268,3.74359,0.12454,32.00000,30.00000,tau_20
7628,2.00000,3.22137,3.74359,0.12454,32.00000,30.00000,tau_20
7633,2.00000,3.24044,3.72894,0.11477,32.00000,30.00000,tau_20
7639,2.00000,3.25914,3.71429,0.13431,32.00000,30.00000,tau_20
7644,2.00000,3.27821,3.71429,0.12454,32.00000,30.00000,tau_20
7649,2.00000,3.29690,3.74359,0.12943,32.00000,30.00000,tau_20
7654,2.00000,3.31598,3.69963,0.12943,32.00000,30.00000,tau_20
7659,2.00000,3.33467,3.74359,0.12943,32.00000,30.00000,tau_20
7664,2.00000,3.35336,3.72894,0.13431,32.00000,30.00000,tau_20
7669,2.00000,3.37244,3.69963,0.12943,32.00000,30.00000,tau_20
7674,2.00000,3.39113,3.72894,0.13919,32.00000,30.00000,tau_20
7679,2.00000,3.41020,3.71429,0.13431,32.00000,30.00000,tau_20
7684,2.00000,3.42889,3.72894,0.13431,32.00000,30.00000,tau_20
7689,2.00000,3.44797,3.72894,0.13919,32.00000,30.00000,tau_20
7694,2.00000,3.46666,3.74359,0.12454,32.00000,30.00000,tau_20
7699,2.00000,3.48573,3.74359,0.13431,32.00000,30.00000,tau_20
7704,2.00000,3.50443,3.71429,0.12454,32.00000,30.00000,tau_20
7709,2.00000,3.52350,3.75824,0.13431,32.00000,30.00000,tau_20
7714,2.00000,3.54219,3.74359,0.12943,32.00000,30.00000,tau_20
7719,2.00000,3.56126,3.74359,0.12943,32.00000,30.00000,tau_20
7724,2.00000,3.58034,3.74359,0.13431,32.00000,30.00000,tau_20
7730,2.00000,3.59941,3.74359,0.12454,32.00000,30.00000,tau_20
7735,2.00000,3.61810,3.75824,0.13431,32.00000,30.00000,tau_20
7740,2.00000,3.63718,3.71429,0.12454,32.00000,30.00000,tau_20
7745,2.00000,3.65587,3.72894,0.12943,32.00000,30.00000,tau_20
7750,2.00000,3.67495,3.72894,0.13431,32.00000,30.00000,tau_20
7755,2.00000,3.69364,3.72894,0.12943,32.00000,30.00000,tau_20
7760,2.00000,3.71271,3.72894,0.13919,32.00000,30.00000,tau_20
7765,2.00000,3.73178,3.71429,0.12943,32.00000,30.00000,tau_20
7770,2.00000,3.75048,3.75824,0.12454,32.00000,30.00000,tau_20
7775,2.00000,3.76955,3.72894,0.12943,32.00000,30.00000,tau_20
7780,2.00000,3.78862,3.75824,0.12454,32.00000,30.00000,tau_20
7785,2.00000,3.80732,3.74359,0.13431,32.00000,30.00000,tau_20
7790,2.00000,3.82639,3.74359,0.11477,32.00000,30.00000,tau_20
7795,2.00000,3.84508,3.74359,0.12943,32.00000,30.00000,tau_20
7800,2.00000,3.86416,3.72894,0.11966,32.00000,30.00000,tau_20
7805,2.00000,3.88285,3.74359,0.12943,32.00000,30.00000,tau_20
7810,2.00000,3.90192,3.69963,0.12943,32.00000,30.00000,tau_20
7815,2.00000,3.92061,3.72894,0.13431,32.00000,30.00000,tau_20
7820,2.00000,3.93969,3.71429,0.14408,32.00000,30.00000,tau_20
7826,2.00000,3.95838,3.71429,0.12943,32.00000,30.00000,tau_20
7831,2.00000,3.97707,3.72894,0.13919,32.00000,30.00000,tau_20
7836,2.00000,3.99615,3.69963,0.13431,32.00000,30.00000,tau_20
7841,2.00000,4.01484,3.72894,0.13919,32.00000,30.00000,tau_20
7846,2.00000,4.03353,3.71429,0.14408,32.00000,30.00000,tau_20
7851,2.00000,4.05260,3.69963,0.13919,32.00000,30.00000,tau_20
7856,2.00000,4.07130,3.72894,0.14896,32.00000,30.00000,tau_20
7861,2.00000,4.08999,3.69963,0.13919,32.00000,30.00000,tau_20
7866,2.00000,4.10868,3.72894,0.14896,32.00000,30.00000,tau_20
7871,2.00000,4.12776,3.69963,0.14896,32.00000,30.00000,tau_20
7876,2.00000,4.14645,3.72894,0.14408,32.00000,30.00000,tau_20
7881,2.00000,4.16514,3.72894,0.15385,32.00000,30.00000,tau_20
7886,2.00000,4.18422,3.68498,0.13919,32.00000,30.00000,tau_20
7891,2.00000,4.20291,3.71429,0.14896,32.00000,30.00000,tau_20
7896,2.00000,4.22160,3.68498,0.14896,32.00000,30.00000,tau_20
7901,2.00000,4.24029,3.71429,0.14408,32.00000,30.00000,tau_20
7906,2.00000,4.25898,3.65568,0.13919,32.00000,30.00000,tau_20
7912,2.00000,4.27768,3.69963,0.13919,32.00000,30.00000,tau_20
7917,2.00000,4.29637,3.69963,0.13919,32.00000,30.00000,tau_20
7922,2.00000,4.31506,3.64103,0.13919,32.00000,30.00000,tau_20
7927,2.00000,4.33337,3.68498,0.13919,32.00000,30.00000,tau_20
7932,2.00000,4.35206,3.69963,0.14896,32.00000,30.00000,tau_20
7937,2.00000,4.37076,3.69963,0.14408,32.00000,30.00000,tau_20
7942,2.00000,4.38945,3.67033,0.15385,32.00000,30.00000,tau_20
7947,2.00000,4.40814,3.69963,0.14408,32.00000,30.00000,tau_20
7952,2.00000,4.42721,3.69963,0.15385,32.00000,30.00000,tau_20
7957,2.00000,4.44553,3.65568,0.15385,32.00000,30.00000,tau_20
7962,2.00000,4.46460,3.71429,0.15385,32.00000,30.00000,tau_20
7967,2.00000,4.48329,3.69963,0.16361,32.00000,30.00000,tau_20
7972,2.00000,4.50160,3.65568,0.15385,32.00000,30.00000,tau_20
7977,2.00000,4.52029,3.69963,0.16361,32.00000,30.00000,tau_20
7982,2.00000,4.53899,3.68498,0.14408,32.00000,30.00000,tau_20
7987,2.00000,4.55768,3.65568,0.15385,32.00000,30.00000,tau_20
7992,2.00000,4.57637,3.65568,0.15385,32.00000,30.00000,tau_20
7997,2.00000,4.59506,3.69963,0.14408,32.00000,30.00000,tau_20
8003,2.00000,4.61337,3.65568,0.15873,32.00000,30.00000,tau_20
8008,2.00000,4.63207,3.65568,0.14896,32.00000,30.00000,tau_20
8013,2.00000,4.65038,3.69963,0.15873,32.00000,30.00000,tau_20
8018,2.00000,4.66907,3.67033,0.15873,32.00000,30.00000,tau_20
8023,2.00000,4.68776,3.67033,0.15873,32.00000,30.00000,tau_20
8028,2.00000,4.70646,3.69963,0.16361,32.00000,30.00000,tau_20
8033,2.00000,4.72515,3.64103,0.15873,32.00000,30.00000,tau_20
8038,2.00000,4.74346,3.67033,0.17338,32.00000,30.00000,tau_20
8043,2.00000,4.76215,3.67033,0.14896,32.00000,30.00000,tau_20
8048,2.00000,4.78084,3.67033,0.15873,32.00000,30.00000,tau_20
8053,2.00000,4.79915,3.67033,0.14896,32.00000,30.00000,tau_20
8058,2.00000,4.81823,3.68498,0.14408,32.00000,30.00000,tau_20
8063,2.00000,4.83654,3.68498,0.14408,32.00000,30.00000,tau_20
8068,2.00000,4.85523,3.64103,0.14896,32.00000,30.00000,tau_20
8073,2.00000,4.87392,3.69963,0.15385,32.00000,30.00000,tau_20
8078,2.00000,4.89261,3.62637,0.16361,32.00000,30.00000,tau_20
8083,2.00000,4.91054,3.62637,0.16850,32.00000,30.00000,tau_20
8088,2.00000,4.92962,3.69963,0.17338,32.00000,30.00000,tau_20
8094,2.00000,4.94831,3.67033,0.14896,32.00000,30.00000,tau_20
8099,2.00000,4.96662,3.65568,0.16361,32.00000,30.00000,tau_20
8104,2.00000,4.98531,3.68498,0.14408,32.00000,30.00000,tau_20
8109,2.00000,5.00401,3.71429,0.14408,32.00000,30.00000,tau_20
8114,2.00000,5.02270,3.65568,0.14408,32.00000,30.00000,tau_20
8119,2.00000,5.04139,3.69963,0.13919,32.00000,30.00000,tau_20
8124,2.00000,5.06008,3.72894,0.13431,32.00000,30.00000,tau_20
8129,2.00000,5.07916,3.67033,0.13431,32.00000,30.00000,tau_20
8134,2.00000,5.09785,3.69963,0.13431,32.00000,30.00000,tau_20
8139,2.00000,5.11654,3.72894,0.13431,32.00000,30.00000,tau_20
8144,2.00000,5.13523,3.68498,0.13431,32.00000,30.00000,tau_20
8149,2.00000,5.15392,3.67033,0.15385,32.00000,30.00000,tau_20
8154,2.00000,5.17262,3.71429,0.14408,32.00000,30.00000,tau_20
8159,2.00000,5.19131,3.69963,0.15385,32.00000,30.00000,tau_20
8164,2.00000,5.21000,3.67033,0.15385,32.00000,30.00000,tau_20
8169,2.00000,5.22869,3.71429,0.14896,32.00000,30.00000,tau_20
8174,2.00000,5.24739,3.69963,0.15385,32.00000,30.00000,tau_20
8179,2.00000,5.26608,3.69963,0.14896,32.00000,30.00000,tau_20
8185,2.00000,5.28515,3.69963,0.14896,32.00000,30.00000,tau_20
8190,2.00000,5.30384,3.71429,0.14408,32.00000,30.00000,tau_20
8195,2.00000,5.32254,3.71429,0.14896,32.00000,30.00000,tau_20
8200,2.00000,5.34161,3.71429,0.14408,32.00000,30.00000,tau_20
8205,2.00000,5.36030,3.71429,0.13919,32.00000,30.00000,tau_20
8210,2.00000,5.37900,3.69963,0.14896,32.00000,30.00000,tau_20
8215,2.00000,5.39769,3.71429,0.13431,32.00000,30.00000,tau_20
8220,2.00000,5.41676,3.72894,0.14408,32.00000,30.00000,tau_20
8225,2.00000,5.43546,3.68498,0.13431,32.00000,30.00000,tau_20
8230,2.00000,5.45415,3.72894,0.13431,32.00000,30.00000,tau_20
8235,2.00000,5.47322,3.72894,0.12454,32.00000,30.00000,tau_20
8240,2.00000,5.49191,3.68498,0.12943,32.00000,30.00000,tau_20
8245,2.00000,5.51060,3.72894,0.12943,32.00000,30.00000,tau_20
8250,2.00000,5.52968,3.69963,0.12454,32.00000,30.00000,tau_20
8255,2.00000,5.54837,3.69963,0.12454,32.00000,30.00000,tau_20
8260,2.00000,5.56706,3.69963,0.12454,32.00000,30.00000,tau_20
8265,2.00000,5.58576,3.72894,0.12943,32.00000,30.00000,tau_20
8271,2.00000,5.60445,3.71429,0.12454,32.00000,30.00000,tau_20
8276,2.00000,5.62352,3.72894,0.12454,32.00000,30.00000,tau_20
8281,2.00000,5.64260,3.74359,0.12454,32.00000,30.00000,tau_20
8286,2.00000,5.66129,3.72894,0.12454,32.00000,30.00000,tau_20
8291,2.00000,5.68036,3.72894,0.11477,32.00000,30.00000,tau_20
8296,2.00000,5.69905,3.72894,0.11966,32.00000,30.00000,tau_20
8301,2.00000,5.71813,3.74359,0.11477,32.00000,30.00000,tau_20
8306,2.00000,5.73720,3.74359,0.11966,32.00000,30.00000,tau_20
8311,2.00000,5.75628,3.72894,0.10501,32.00000,30.00000,tau_20
8316,2.00000,5.77497,3.72894,0.12454,32.00000,30.00000,tau_20
8321,2.00000,5.79404,3.74359,0.10989,32.00000,30.00000,tau_20
8326,2.00000,5.81273,3.74359,0.11966,32.00000,30.00000,tau_20
8331,2.00000,5.83181,3.71429,0.11966,32.00000,30.00000,tau_20
8336,2.00000,5.85050,3.74359,0.11966,32.00000,30.00000,tau_20
8341,2.00000,5.86919,3.72894,0.12454,32.00000,30.00000,tau_20
8346,2.00000,5.88827,3.72894,0.11477,32.00000,30.00000,tau_20
8351,2.00000,5.90696,3.71429,0.12454,32.00000,30.00000,tau_20
8356,2.00000,5.92603,3.72894,0.11966,32.00000,30.00000,tau_20
8362,2.00000,5.94473,3.72894,0.12454,32.00000,30.00000,tau_20
8367,2.00000,5.96380,3.72894,0.12454,32.00000,30.00000,tau_20
8372,2.00000,5.98249,3.71429,0.12454,32.00000,30.00000,tau_20
8377,2.00000,6.00156,3.72894,0.12943,32.00000,30.00000,tau_20
8382,2.00000,6.02026,3.71429,0.12943,32.00000,30.00000,tau_20
8387,2.00000,6.03895,3.72894,0.12943,32.00000,30.00000,tau_20
8392,2.00000,6.05802,3.72894,0.13919,32.00000,30.00000,tau_20
8397,2.00000,6.07710,3.71429,0.12454,32.00000,30.00000,tau_20
8402,2.00000,6.09541,3.71429,0.13919,32.00000,30.00000,tau_20
8407,2.00000,6.11448,3.69963,0.13919,32.00000,30.00000,tau_20
8412,2.00000,6.13317,3.69963,0.14408,32.00000,30.00000,tau_20
8417,2.00000,6.15187,3.69963,0.14896,32.00000,30.00000,tau_20
8422,2.00000,6.17056,3.69963,0.14896,32.00000,30.00000,tau_20
8427,2.00000,6.18925,3.71429,0.15385,32.00000,30.00000,tau_20
8432,2.00000,6.20832,3.69963,0.14408,32.00000,30.00000,tau_20
8437,2.00000,6.22702,3.71429,0.14896,32.00000,30.00000,tau_20
8442,2.00000,6.24571,3.71429,0.14896,32.00000,30.00000,tau_20
8447,2.00000,6.26478,3.71429,0.14896,32.00000,30.00000,tau_20
8453,2.00000,6.28347,3.71429,0.14408,32.00000,30.00000,tau_20
8458,2.00000,6.30217,3.71429,0.14408,32.00000,30.00000,tau_20
8463,2.00000,6.32124,3.72894,0.15385,32.00000,30.00000,tau_20
8468,2.00000,6.34031,3.71429,0.13919,32.00000,30.00000,tau_20
8473,2.00000,6.35901,3.71429,0.14896,32.00000,30.00000,tau_20
8478,2.00000,6.37770,3.69963,0.13919,32.00000,30.00000,tau_20
8483,2.00000,6.39639,3.71429,0.13919,32.00000,30.00000,tau_20
8488,2.00000,6.41508,3.68498,0.13919,32.00000,30.00000,tau_20
8493,2.00000,6.43378,3.69963,0.13919,32.00000,30.00000,tau_20
8498,2.00000,6.45285,3.69963,0.13431,32.00000,30.00000,tau_20
8503,2.00000,6.47154,3.69963,0.13431,32.00000,30.00000,tau_20
8508,2.00000,6.49023,3.67033,0.12943,32.00000,30.00000,tau_20
8513,2.00000,6.50854,3.69963,0.13919,32.00000,30.00000,tau_20
8518,2.00000,6.52762,3.69963,0.12943,32.00000,30.00000,tau_20
8523,2.00000,6.54631,3.68498,0.14408,32.00000,30.00000,tau_20
8528,2.00000,6.56500,3.69963,0.13431,32.00000,30.00000,tau_20
8533,2.00000,6.58408,3.69963,0.13919,32.00000,30.00000,tau_20
8539,2.00000,6.60239,3.69963,0.13919,32.00000,30.00000,tau_20
8544,2.00000,6.62146,3.71429,0.13919,32.00000,30.00000,tau_20
8549,2.00000,6.64015,3.69963,0.14896,32.00000,30.00000,tau_20
8554,2.00000,6.65885,3.69963,0.14408,32.00000,30.00000,tau_20
8559,2.00000,6.67754,3.72894,0.14896,32.00000,30.00000,tau_20
8564,2.00000,6.69661,3.71429,0.14408,32.00000,30.00000,tau_20
8569,2.00000,6.71531,3.69963,0.14896,32.00000,30.00000,tau_20
8574,2.00000,6.73400,3.71429,0.14408,32.00000,30.00000,tau_20
8579,2.00000,6.75307,3.71429,0.13919,32.00000,30.00000,tau_20
8584,2.00000,6.77176,3.69963,0.14896,32.00000,30.00000,tau_20
8589,2.00000,6.79046,3.71429,0.13919,32.00000,30.00000,tau_20
8594,2.00000,6.80915,3.72894,0.14408,32.00000,30.00000,tau_20
8599,2.00000,6.82822,3.68498,0.13431,32.00000,30.00000,tau_20
8604,2.00000,6.84691,3.68498,0.14408,32.00000,30.00000,tau_20
8609,2.00000,6.86561,3.72894,0.13431,32.00000,30.00000,tau_20
8614,2.00000,6.88430,3.72894,0.13919,32.00000,30.00000,tau_20
8619,2.00000,6.90299,3.69963,0.13919,32.00000,30.00000,tau_20
8624,2.00000,6.92245,3.72894,0.12943,32.00000,30.00000,tau_20
8630,2.00000,6.94114,3.71429,0.13919,32.00000,30.00000,tau_20
8635,2.00000,6.95983,3.71429,0.12943,32.00000,30.00000,tau_20
8640,2.00000,6.97852,3.72894,0.13431,32.00000,30.00000,tau_20
8645,2.00000,6.99760,3.71429,0.12943,32.00000,30.00000,tau_20
8650,2.00000,7.01629,3.72894,0.12943,32.00000,30.00000,tau_20
8655,2.00000,7.03536,3.71429,0.12943,32.00000,30.00000,tau_20
8660,2.00000,7.05405,3.72894,0.12943,32.00000,30.00000,tau_20
8665,2.00000,7.07275,3.69963,0.12454,32.00000,30.00000,tau_20
8670,2.00000,7.09182,3.71429,0.12943,32.00000,30.00000,tau_20
8675,2.00000,7.11051,3.71429,0.11966,32.00000,30.00000,tau_20
8680,2.00000,7.12921,3.69963,0.12943,32.00000,30.00000,tau_20
8685,2.00000,7.14828,3.72894,0.11966,32.00000,30.00000,tau_20
8690,2.00000,7.16697,3.69963,0.12943,32.00000,30.00000,tau_20
8695,2.00000,7.18567,3.71429,0.11966,32.00000,30.00000,tau_20
8700,2.00000,7.20436,3.72894,0.12454,32.00000,30.00000,tau_20
8705,2.00000,7.22343,3.71429,0.12454,32.00000,30.00000,tau_20
8710,2.00000,7.24212,3.71429,0.12454,32.00000,30.00000,tau_20
8715,2.00000,7.26081,3.72894,0.13431,32.00000,30.00000,tau_20
8720,2.00000,7.27989,3.74359,0.11477,32.00000,30.00000,tau_20
8725,2.00000,7.29858,3.72894,0.12943,32.00000,30.00000,tau_20
8731,2.00000,7.31766,3.72894,0.11966,32.00000,30.00000,tau_20
8736,2.00000,7.33673,3.74359,0.11966,32.00000,30.00000,tau_20
8741,2.00000,7.35542,3.72894,0.11966,32.00000,30.00000,tau_20
8746,2.00000,7.37411,3.72894,0.12454,32.00000,30.00000,tau_20
8751,2.00000,7.39281,3.72894,0.12454,32.00000,30.00000,tau_20
8756,2.00000,7.41188,3.72894,0.12943,32.00000,30.00000,tau_20
8761,2.00000,7.43095,3.71429,0.12943,32.00000,30.00000,tau_20
8766,2.00000,7.44964,3.71429,0.13431,32.00000,30.00000,tau_20
8771,2.00000,7.46834,3.74359,0.12454,32.00000,30.00000,tau_20
8776,2.00000,7.48703,3.71429,0.12943,32.00000,30.00000,tau_20
8781,2.00000,7.50610,3.74359,0.11966,32.00000,30.00000,tau_20
8786,2.00000,7.52518,3.74359,0.12943,32.00000,30.00000,tau_20
8791,2.00000,7.54387,3.72894,0.11477,32.00000,30.00000,tau_20
8796,2.00000,7.56256,3.74359,0.11966,32.00000,30.00000,tau_20
8801,2.00000,7.58164,3.74359,0.11477,32.00000,30.00000,tau_20
8806,2.00000,7.60071,3.75824,0.11966,32.00000,30.00000,tau_20
8811,2.00000,7.61940,3.72894,0.11477,32.00000,30.00000,tau_20
8816,2.00000,7.63848,3.74359,0.11966,32.00000,30.00000,tau_20
8821,2.00000,7.65717,3.72894,0.11966,32.00000,30.00000,tau_20
8826,2.00000,7.67624,3.74359,0.10989,32.00000,30.00000,tau_20
8832,2.00000,7.69532,3.74359,0.11966,32.00000,30.00000,tau_20
8837,2.00000,7.71401,3.71429,0.11966,32.00000,30.00000,tau_20
8842,2.00000,7.73308,3.74359,0.12454,32.00000,30.00000,tau_20
8847,2.00000,7.75216,3.72894,0.11966,32.00000,30.00000,tau_20
8852,2.00000,7.77085,3.72894,0.11966,32.00000,30.00000,tau_20
8857,2.00000,7.78992,3.72894,0.11966,32.00000,30.00000,tau_20
8862,2.00000,7.80861,3.72894,0.11966,32.00000,30.00000,tau_20
8867,2.00000,7.82769,3.74359,0.11477,32.00000,30.00000,tau_20
8872,2.00000,7.84638,3.71429,0.12454,32.00000,30.00000,tau_20
8877,2.00000,7.86545,3.75824,0.11477,32.00000,30.00000,tau_20
8882,2.00000,7.88415,3.74359,0.11966,32.00000,30.00000,tau_20
8887,2.00000,7.90360,3.72894,0.10989,32.00000,30.00000,tau_20
8892,2.00000,7.92229,3.75824,0.11477,32.00000,30.00000,tau_20
8897,2.00000,7.94137,3.74359,0.10989,32.00000,30.00000,tau_20
8902,2.00000,7.96044,3.74359,0.11477,32.00000,30.00000,tau_20
8907,2.00000,7.97913,3.72894,0.10989,32.00000,30.00000,tau_20
8912,2.00000,7.99821,3.74359,0.10989,32.00000,30.00000,tau_20
8917,2.00000,8.01690,3.74359,0.11477,32.00000,30.00000,tau_20
8923,2.00000,8.03597,3.71429,0.10501,32.00000,30.00000,tau_20
8928,2.00000,8.05505,3.72894,0.11966,32.00000,30.00000,tau_20
8933,2.00000,8.07374,3.72894,0.11477,32.00000,30.00000,tau_20
8938,2.00000,8.09281,3.74359,0.11477,32.00000,30.00000,tau_20
8943,2.00000,8.11151,3.71429,0.11966,32.00000,30.00000,tau_20
8948,2.00000,8.13058,3.74359,0.11477,32.00000,30.00000,tau_20
8953,2.00000,8.14927,3.75824,0.10989,32.00000,30.00000,tau_20
8958,2.00000,8.16835,3.72894,0.10989,32.00000,30.00000,tau_20
8963,2.00000,8.18742,3.74359,0.11477,32.00000,30.00000,tau_20
8968,2.00000,8.20611,3.72894,0.12454,32.00000,30.00000,tau_20
8973,2.00000,8.22519,3.74359,0.10989,32.00000,30.00000,tau_20
8978,2.00000,8.24388,3.72894,0.11966,32.00000,30.00000,tau_20
8983,2.00000,8.26295,3.72894,0.11477,32.00000,30.00000,tau_20
8988,2.00000,8.28164,3.74359,0.12454,32.00000,30.00000,tau_20
8993,2.00000,8.30072,3.71429,0.11477,32.00000,30.00000,tau_20
8998,2.00000,8.31941,3.71429,0.11966,32.00000,30.00000,tau_20
9003,2.00000,8.33810,3.69963,0.12943,32.00000,30.00000,tau_20
9009,2.00000,8.35718,3.72894,0.12454,32.00000,30.00000,tau_20
9014,2.00000,8.37587,3.68498,0.12943,32.00000,30.00000,tau_20
9019,2.00000,8.39456,3.69963,0.12454,32.00000,30.00000,tau_20
9024,2.00000,8.41363,3.72894,0.13919,32.00000,30.00000,tau_20
9029,2.00000,8.43194,3.68498,0.13919,32.00000,30.00000,tau_20
9034,2.00000,8.45102,3.71429,0.13919,32.00000,30.00000,tau_20
9039,2.00000,8.46971,3.71429,0.13919,32.00000,30.00000,tau_20
9044,2.00000,8.48840,3.68498,0.14408,32.00000,30.00000,tau_20
9049,2.00000,8.50710,3.71429,0.14896,32.00000,30.00000,tau_20
9054,2.00000,8.52579,3.71429,0.14896,32.00000,30.00000,tau_20
9059,2.00000,8.54486,3.72894,0.14896,32.00000,30.00000,tau_20
9064,2.00000,8.56355,3.69963,0.14896,32.00000,30.00000,tau_20
9069,2.00000,8.58263,3.72894,0.14408,32.00000,30.00000,tau_20
9074,2.00000,8.60132,3.69963,0.15385,32.00000,30.00000,tau_20
9079,2.00000,8.62001,3.68498,0.14408,32.00000,30.00000,tau_20
9084,2.00000,8.63870,3.71429,0.13431,32.00000,30.00000,tau_20
9089,2.00000,8.65740,3.65568,0.13919,32.00000,30.00000,tau_20
9094,2.00000,8.67609,3.69963,0.14408,32.00000,30.00000,tau_20
9100,2.00000,8.69516,3.69963,0.13431,32.00000,30.00000,tau_20
9105,2.00000,8.71386,3.68498,0.13431,32.00000,30.00000,tau_20
9110,2.00000,8.73217,3.67033,0.13431,32.00000,30.00000,tau_20
9115,2.00000,8.75086,3.71429,0.13431,32.00000,30.00000,tau_20
9120,2.00000,8.76993,3.72894,0.12943,32.00000,30.00000,tau_20
9125,2.00000,8.78862,3.67033,0.13919,32.00000,30.00000,tau_20
9130,2.00000,8.80732,3.72894,0.12454,32.00000,30.00000,tau_20
9135,2.00000,8.82601,3.69963,0.13431,32.00000,30.00000,tau_20
9140,2.00000,8.84470,3.67033,0.12943,32.00000,30.00000,tau_20
9145,2.00000,8.86378,3.72894,0.13919,32.00000,30.00000,tau_20
9150,2.00000,8.88247,3.71429,0.13431,32.00000,30.00000,tau_20
9155,2.00000,8.90116,3.69963,0.13919,32.00000,30.00000,tau_20
9160,2.00000,8.91985,3.68498,0.14896,32.00000,30.00000,tau_20
9165,2.00000,8.93855,3.69963,0.14896,32.00000,30.00000,tau_20
9170,2.00000,8.95724,3.65568,0.16361,32.00000,30.00000,tau_20
9175,2.00000,8.97593,3.67033,0.15873,32.00000,30.00000,tau_20
9180,2.00000,8.99462,3.71429,0.15385,32.00000,30.00000,tau_20
9186,2.00000,9.01293,3.65568,0.16361,32.00000,30.00000,tau_20
9191,2.00000,9.03162,3.69963,0.13919,32.00000,30.00000,tau_20
9196,2.00000,9.05070,3.71429,0.14408,32.00000,30.00000,tau_20
9201,2.00000,9.06939,3.67033,0.13431,32.00000,30.00000,tau_20
9206,2.00000,9.08808,3.69963,0.14408,32.00000,30.00000,tau_20
9211,2.00000,9.10678,3.69963,0.13431,32.00000,30.00000,tau_20
9216,2.00000,9.12547,3.68498,0.13919,32.00000,30.00000,tau_20
9221,2.00000,9.14416,3.68498,0.13919,32.00000,30.00000,tau_20
9226,2.00000,9.16285,3.72894,0.13431,32.00000,30.00000,tau_20
9231,2.00000,9.18154,3.69963,0.13919,32.00000,30.00000,tau_20
9236,2.00000,9.20024,3.67033,0.14896,32.00000,30.00000,tau_20
9241,2.00000,9.21931,3.75824,0.13431,32.00000,30.00000,tau_20
9246,2.00000,9.23800,3.69963,0.14896,32.00000,30.00000,tau_20
9251,2.00000,9.25669,3.69963,0.13919,32.00000,30.00000,tau_20
9256,2.00000,9.27577,3.72894,0.14408,32.00000,30.00000,tau_20
9261,2.00000,9.29446,3.67033,0.14408,32.00000,30.00000,tau_20
9266,2.00000,9.31277,3.68498,0.15385,32.00000,30.00000,tau_20
9271,2.00000,9.33185,3.69963,0.14896,32.00000,30.00000,tau_20
9277,2.00000,9.35054,3.71429,0.14896,32.00000,30.00000,tau_20
9282,2.00000,9.36885,3.65568,0.15385,32.00000,30.00000,tau_20
9287,2.00000,9.38792,3.72894,0.14408,32.00000,30.00000,tau_20
9292,2.00000,9.40661,3.74359,0.14408,32.00000,30.00000,tau_20
9297,2.00000,9.42569,3.67033,0.13919,32.00000,30.00000,tau_20
9302,2.00000,9.44438,3.74359,0.13431,32.00000,30.00000,tau_20
9307,2.00000,9.46346,3.72894,0.14408,32.00000,30.00000,tau_20
9312,2.00000,9.48215,3.69963,0.12943,32.00000,30.00000,tau_20
9317,2.00000,9.50122,3.72894,0.13919,32.00000,30.00000,tau_20
9322,2.00000,9.51991,3.71429,0.12454,32.00000,30.00000,tau_20
9327,2.00000,9.53899,3.72894,0.13919,32.00000,30.00000,tau_20
9332,2.00000,9.55768,3.69963,0.12943,32.00000,30.00000,tau_20
9337,2.00000,9.57637,3.74359,0.12454,32.00000,30.00000,tau_20
9342,2.00000,9.59506,3.69963,0.12943,32.00000,30.00000,tau_20
9347,2.00000,9.61414,3.69963,0.12454,32.00000,30.00000,tau_20
9352,2.00000,9.63283,3.72894,0.13431,32.00000,30.00000,tau_20
9357,2.00000,9.65152,3.67033,0.11966,32.00000,30.00000,tau_20
9363,2.00000,9.67021,3.71429,0.13919,32.00000,30.00000,tau_20
9368,2.00000,9.68891,3.69963,0.12943,32.00000,30.00000,tau_20
9373,2.00000,9.70760,3.68498,0.13431,32.00000,30.00000,tau_20
9378,2.00000,9.72629,3.68498,0.14408,32.00000,30.00000,tau_20
9383,2.00000,9.74498,3.69963,0.13919,32.00000,30.00000,tau_20
9388,2.00000,9.76406,3.71429,0.14408,32.00000,30.00000,tau_20
9393,2.00000,9.78237,3.65568,0.15385,32.00000,30.00000,tau_20
9398,2.00000,9.80144,3.71429,0.15385,32.00000,30.00000,tau_20
9403,2.00000,9.82014,3.71429,0.15873,32.00000,30.00000,tau_20
9408,2.00000,9.83845,3.65568,0.15385,32.00000,30.00000,tau_20
9413,2.00000,9.85714,3.69963,0.15873,32.00000,30.00000,tau_20
9418,2.00000,9.87621,3.71429,0.15385,32.00000,30.00000,tau_20
9423,2.00000,9.89490,3.68498,0.14408,32.00000,30.00000,tau_20
9428,2.00000,9.91360,3.68498,0.15385,32.00000,30.00000,tau_20
9433,2.00000,9.93229,3.69963,0.13431,32.00000,30.00000,tau_20
9438,2.00000,9.95098,3.67033,0.14408,32.00000,30.00000,tau_20
9443,2.00000,9.96929,3.67033,0.13919,32.00000,30.00000,tau_20
9449,2.00000,9.98837,3.71429,0.13431,32.00000,30.00000,tau_20
9454,2.00000,10.00706,3.68498,0.13431,32.00000,30.00000,tau_20
9459,2.00000,10.02575,3.71429,0.12943,32.00000,30.00000,tau_20
9464,2.00000,10.04444,3.69963,0.13919,32.00000,30.00000,tau_20
9469,2.00000,10.06351,3.71429,0.12454,32.00000,30.00000,tau_20
9474,2.00000,10.08221,3.69963,0.13919,32.00000,30.00000,tau_20
9479,2.00000,10.10090,3.68498,0.12943,32.00000,30.00000,tau_20
9484,2.00000,10.11959,3.72894,0.14408,32.00000,30.00000,tau_20
9489,2.00000,10.13828,3.69963,0.14408,32.00000,30.00000,tau_20
9494,2.00000,10.15698,3.69963,0.13919,32.00000,30.00000,tau_20
9499,2.00000,10.17567,3.69963,0.14896,32.00000,30.00000,tau_20
9504,2.00000,10.19474,3.68498,0.14408,32.00000,30.00000,tau_20
9509,2.00000,10.21344,3.71429,0.15385,32.00000,30.00000,tau_20
9514,2.00000,10.23213,3.67033,0.14896,32.00000,30.00000,tau_20
9519,2.00000,10.25082,3.71429,0.15385,32.00000,30.00000,tau_20
9524,2.00000,10.26951,3.68498,0.15385,32.00000,30.00000,tau_20
9529,2.00000,10.28820,3.69963,0.13919,32.00000,30.00000,tau_20
9534,2.00000,10.30690,3.67033,0.15873,32.00000,30.00000,tau_20
9540,2.00000,10.32559,3.67033,0.13919,32.00000,30.00000,tau_20
9545,2.00000,10.34428,3.72894,0.14408,32.00000,30.00000,tau_20
9550,2.00000,10.36297,3.67033,0.13919,32.00000,30.00000,tau_20
9555,2.00000,10.38167,3.67033,0.14408,32.00000,30.00000,tau_20
9560,2.00000,10.40036,3.69963,0.14408,32.00000,30.00000,tau_20
9565,2.00000,10.41905,3.67033,0.14408,32.00000,30.00000,tau_20
9570,2.00000,10.43774,3.67033,0.15385,32.00000,30.00000,tau_20
9575,2.00000,10.45644,3.69963,0.15385,32.00000,30.00000,tau_20
9580,2.00000,10.47475,3.69963,0.15385,32.00000,30.00000,tau_20
9585,2.00000,10.49344,3.65568,0.16850,32.00000,30.00000,tau_20
9590,2.00000,10.51213,3.67033,0.16361,32.00000,30.00000,tau_20
9595,2.00000,10.53044,3.68498,0.16361,32.00000,30.00000,tau_20
9600,2.00000,10.54913,3.62637,0.16361,32.00000,30.00000,tau_20
9605,2.00000,10.56783,3.68498,0.15385,32.00000,30.00000,tau_20
9610,2.00000,10.58652,3.68498,0.15385,32.00000,30.00000,tau_20
9615,2.00000,10.60483,3.64103,0.13919,32.00000,30.00000,tau_20
9620,2.00000,10.62352,3.68498,0.14408,32.00000,30.00000,tau_20
9625,2.00000,10.64260,3.68498,0.14408,32.00000,30.00000,tau_20
9630,2.00000,10.66091,3.67033,0.14896,32.00000,30.00000,tau_20
9636,2.00000,10.67922,3.65568,0.15385,32.00000,30.00000,tau_20
9641,2.00000,10.69791,3.69963,0.14408,32.00000,30.00000,tau_20
9646,2.00000,10.71660,3.67033,0.16361,32.00000,30.00000,tau_20
9651,2.00000,10.73491,3.67033,0.15873,32.00000,30.00000,tau_20
9656,2.00000,10.75399,3.68498,0.16361,32.00000,30.00000,tau_20
9661,2.00000,10.77230,3.68498,0.16361,32.00000,30.00000,tau_20
9666,2.00000,10.79099,3.68498,0.15873,32.00000,30.00000,tau_20
9671,2.00000,10.80968,3.69963,0.15873,32.00000,30.00000,tau_20
9676,2.00000,10.82837,3.67033,0.14896,32.00000,30.00000,tau_20
9681,2.00000,10.84669,3.65568,0.16361,32.00000,30.00000,tau_20
9686,2.00000,10.86576,3.67033,0.13919,32.00000,30.00000,tau_20
9691,2.00000,10.88407,3.68498,0.14896,32.00000,30.00000,tau_20
9696,2.00000,10.90276,3.65568,0.15385,32.00000,30.00000,tau_20
9701,2.00000,10.92146,3.67033,0.14896,32.00000,30.00000,tau_20
9706,2.00000,10.94015,3.69963,0.15385,32.00000,30.00000,tau_20
9711,2.00000,10.95884,3.67033,0.15873,32.00000,30.00000,tau_20
9716,2.00000,10.97753,3.71429,0.15873,32.00000,30.00000,tau_20
9721,2.00000,10.99584,3.69963,0.15385,32.00000,30.00000,tau_20
9726,2.00000,11.01453,3.65568,0.15873,32.00000,30.00000,tau_20
9732,2.00000,11.03323,3.69963,0.16850,32.00000,30.00000,tau_20
9737,2.00000,11.05230,3.71429,0.14408,32.00000,30.00000,tau_20
9742,2.00000,11.07061,3.68498,0.15873,32.00000,30.00000,tau_20
9747,2.00000,11.08969,3.68498,0.14408,32.00000,30.00000,tau_20
9752,2.00000,11.10838,3.74359,0.14408,32.00000,30.00000,tau_20
9757,2.00000,11.12707,3.69963,0.13919,32.00000,30.00000,tau_20
9762,2.00000,11.14576,3.69963,0.13431,32.00000,30.00000,tau_20
9767,2.00000,11.16483,3.72894,0.13431,32.00000,30.00000,tau_20
9772,2.00000,11.18353,3.68498,0.12943,32.00000,30.00000,tau_20
9777,2.00000,11.20222,3.68498,0.12943,32.00000,30.00000,tau_20
9782,2.00000,11.22091,3.69963,0.13431,32.00000,30.00000,tau_20
9787,2.00000,11.23960,3.69963,0.12454,32.00000,30.00000,tau_20
9792,2.00000,11.25830,3.69963,0.13919,32.00000,30.00000,tau_20
9797,2.00000,11.27737,3.71429,0.11966,32.00000,30.00000,tau_20
9802,2.00000,11.29606,3.74359,0.13431,32.00000,30.00000,tau_20
9807,2.00000,11.31476,3.69963,0.12454,32.00000,30.00000,tau_20
9812,2.00000,11.33383,3.72894,0.12454,32.00000,30.00000,tau_20
9817,2.00000,11.35290,3.71429,0.12943,32.00000,30.00000,tau_20
9823,2.00000,11.37160,3.72894,0.11966,32.00000,30.00000,tau_20
9828,2.00000,11.39029,3.72894,0.12943,32.00000,30.00000,tau_20
9833,2.00000,11.40936,3.71429,0.11966,32.00000,30.00000,tau_20
9838,2.00000,11.42805,3.71429,0.13431,32.00000,30.00000,tau_20
9843,2.00000,11.44674,3.71429,0.12943,32.00000,30.00000,tau_20
9848,2.00000,11.46582,3.71429,0.13431,32.00000,30.00000,tau_20
9853,2.00000,11.48451,3.69963,0.13919,32.00000,30.00000,tau_20
9858,2.00000,11.50359,3.72894,0.13431,32.00000,30.00000,tau_20
9863,2.00000,11.52228,3.72894,0.13919,32.00000,30.00000,tau_20
9868,2.00000,11.54097,3.68498,0.13919,32.00000,30.00000,tau_20
9873,2.00000,11.55966,3.71429,0.14408,32.00000,30.00000,tau_20
9878,2.00000,11.57874,3.69963,0.14408,32.00000,30.00000,tau_20
9883,2.00000,11.59743,3.69963,0.14408,32.00000,30.00000,tau_20
9888,2.00000,11.61612,3.72894,0.15385,32.00000,30.00000,tau_20
9893,2.00000,11.63519,3.72894,0.14408,32.00000,30.00000,tau_20
9898,2.00000,11.65389,3.71429,0.14408,32.00000,30.00000,tau_20
9903,2.00000,11.67258,3.69963,0.13919,32.00000,30.00000,tau_20
9908,2.00000,11.69127,3.72894,0.14408,32.00000,30.00000,tau_20
9914,2.00000,11.71035,3.72894,0.14408,32.00000,30.00000,tau_20
9919,2.00000,11.72942,3.74359,0.13919,32.00000,30.00000,tau_20
9924,2.00000,11.74811,3.74359,0.14408,32.00000,30.00000,tau_20
9929,2.00000,11.76719,3.72894,0.13431,32.00000,30.00000,tau_20
9934,2.00000,11.78626,3.74359,0.13431,32.00000,30.00000,tau_20
9939,2.00000,11.80495,3.71429,0.13431,32.00000,30.00000,tau_20
9944,2.00000,11.82364,3.72894,0.13431,32.00000,30.00000,tau_20
9949,2.00000,11.84272,3.74359,0.13919,32.00000,30.00000,tau_20
9954,2.00000,11.86179,3.72894,0.12454,32.00000,30.00000,tau_20
9959,2.00000,11.88048,3.72894,0.13431,32.00000,30.00000,tau_20
9964,2.00000,11.89956,3.74359,0.12943,32.00000,30.00000,tau_20
9969,2.00000,11.91863,3.75824,0.12943,32.00000,30.00000,tau_20
9974,2.00000,11.93770,3.72894,0.13431,32.00000,30.00000,tau_20
9979,2.00000,11.95640,3.75824,0.12943,32.00000,30.00000,tau_20
9984,2.00000,11.97547,3.75824,0.13431,32.00000,30.00000,tau_20
9989,2.00000,11.99454,3.75824,0.12454,32.00000,30.00000,tau_20
9994,2.00000,12.01362,3.75824,0.12943,32.00000,30.00000,tau_20
