timestamp_ms,tau_cmd_Nm,pos_rad,vel_rad_s,tau_feedback_Nm,Tmos_C,Tcoil_C,label
0,0.00000,2.59728,-0.00733,-0.00733,33.00000,31.00000,pos_a_fwd
5,0.00000,2.59728,-0.00733,-0.00244,33.00000,31.00000,pos_a_fwd
10,0.00000,2.59728,-0.00733,-0.00244,33.00000,31.00000,pos_a_fwd
15,0.00000,2.59728,-0.00733,-0.00244,33.00000,31.00000,pos_a_fwd
20,0.00000,2.59728,-0.00733,-0.00244,33.00000,31.00000,pos_a_fwd
25,0.00000,2.59728,-0.00733,-0.00733,33.00000,31.00000,pos_a_fwd
30,0.00000,2.59728,-0.00733,-0.00733,33.00000,31.00000,pos_a_fwd
35,0.00000,2.56981,-11.28938,-3.31380,33.00000,31.00000,pos_a_fwd
40,0.00000,2.47711,-21.25275,-2.69353,33.00000,31.00000,pos_a_fwd
45,0.00000,2.36343,-23.37729,-1.43834,33.00000,31.00000,pos_a_fwd
50,0.00000,2.24556,-23.91941,-0.94506,33.00000,31.00000,pos_a_fwd
55,0.00000,2.12692,-23.43590,-0.53968,33.00000,31.00000,pos_a_fwd
60,0.00000,2.00904,-22.98169,-0.38339,33.00000,31.00000,pos_a_fwd
65,0.00000,1.89422,-22.93773,-0.35897,33.00000,31.00000,pos_a_fwd
70,0.00000,1.77939,-22.51282,-0.17338,33.00000,31.00000,pos_a_fwd
75,0.00000,1.66419,-22.52747,-0.19292,33.00000,31.00000,pos_a_fwd
80,0.00000,1.54898,-22.63004,-0.26129,33.00000,31.00000,pos_a_fwd
86,0.00000,1.43645,-22.46886,-0.24664,33.00000,31.00000,pos_a_fwd
91,0.00000,1.32200,-22.67399,-0.30525,33.00000,31.00000,pos_a_fwd
96,0.00000,1.20794,-22.58608,-0.30037,33.00000,31.00000,pos_a_fwd
101,0.00000,1.09312,-22.45421,-0.27106,33.00000,31.00000,pos_a_fwd
106,0.00000,0.98058,-22.60073,-0.33944,33.00000,31.00000,pos_a_fwd
111,0.00000,0.86538,-22.54213,-0.27106,33.00000,31.00000,pos_a_fwd
116,0.00000,0.75132,-22.60073,-0.26129,33.00000,31.00000,pos_a_fwd
121,0.00000,0.63687,-22.73260,-0.17338,33.00000,31.00000,pos_a_fwd
126,0.00000,0.52167,-22.48352,-0.14408,33.00000,31.00000,pos_a_fwd
131,0.00000,0.40875,-22.60073,-0.21245,33.00000,31.00000,pos_a_fwd
136,0.00000,0.29316,-22.70330,-0.26129,33.00000,31.00000,pos_a_fwd
141,0.00000,0.18025,-22.55678,-0.23199,33.00000,31.00000,pos_a_fwd
146,0.00000,0.06466,-22.70330,-0.30037,33.00000,31.00000,pos_a_fwd
151,0.00000,-0.04978,-22.68864,-0.30037,33.00000,31.00000,pos_a_fwd
156,0.00000,-0.16384,-22.49817,-0.25641,33.00000,31.00000,pos_a_fwd
161,0.00000,-0.27791,-22.68864,-0.19292,33.00000,31.00000,pos_a_fwd
166,0.00000,-0.39235,-22.61539,-0.17338,33.00000,31.00000,pos_a_fwd
171,0.00000,-0.50641,-22.63004,-0.21734,33.00000,31.00000,pos_a_fwd
177,0.00000,-0.62047,-22.70330,-0.28083,33.00000,31.00000,pos_a_fwd
182,0.00000,-0.73606,-22.51282,-0.25641,33.00000,31.00000,pos_a_fwd
187,0.00000,-0.85012,-22.68864,-0.30525,33.00000,31.00000,pos_a_fwd
192,0.00000,-0.96456,-22.73260,-0.31013,33.00000,31.00000,pos_a_fwd
197,0.00000,-1.07900,-22.55678,-0.22711,33.00000,31.00000,pos_a_fwd
202,0.00000,-1.19345,-22.71795,-0.14896,33.00000,31.00000,pos_a_fwd
207,0.00000,-1.30789,-22.65934,-0.12454,33.00000,31.00000,pos_a_fwd
212,0.00000,-1.42195,-22.57143,-0.16361,33.00000,31.00000,pos_a_fwd
217,0.00000,-1.53754,-22.73260,-0.24176,33.00000,31.00000,pos_a_fwd
222,0.00000,-1.65084,-22.63004,-0.22222,33.00000,31.00000,pos_a_fwd
227,0.00000,-1.76490,-22.61539,-0.27106,33.00000,31.00000,pos_a_fwd
232,0.00000,-1.88048,-22.74725,-0.25153,33.00000,31.00000,pos_a_fwd
237,0.00000,-1.99493,-22.49817,-0.14408,33.00000,31.00000,pos_a_fwd
242,0.00000,-2.10899,-22.68864,-0.12454,33.00000,31.00000,pos_a_fwd
247,0.00000,-2.22343,-22.73260,-0.20269,33.00000,31.00000,pos_a_fwd
252,0.00000,-2.33787,-22.57143,-0.19780,33.00000,31.00000,pos_a_fwd
257,0.00000,-2.45232,-22.67399,-0.27595,33.00000,31.00000,pos_a_fwd
262,0.00000,-2.56752,-22.54213,-0.28083,33.00000,31.00000,pos_a_fwd
268,0.00000,-2.68120,-22.51282,-0.31990,33.00000,31.00000,pos_a_fwd
273,0.00000,-2.79488,-22.64469,-0.37363,33.00000,31.00000,pos_a_fwd
278,0.00000,-2.90894,-22.54213,-0.29060,33.00000,31.00000,pos_a_fwd
283,0.00000,-3.02300,-22.64469,-0.24664,33.00000,31.00000,pos_a_fwd
288,0.00000,-3.13745,-22.67399,-0.17827,33.00000,31.00000,pos_a_fwd
293,0.00000,-3.25151,-22.43956,-0.16361,33.00000,31.00000,pos_a_fwd
298,0.00000,-3.36519,-22.63004,-0.24664,33.00000,31.00000,pos_a_fwd
303,0.00000,-3.48077,-22.71795,-0.29060,33.00000,31.00000,pos_a_fwd
308,0.00000,-3.59407,-22.58608,-0.27106,33.00000,31.00000,pos_a_fwd
313,0.00000,-3.71004,-22.77656,-0.31502,33.00000,31.00000,pos_a_fwd
318,0.00000,-3.82448,-22.65934,-0.23687,33.00000,31.00000,pos_a_fwd
323,0.00000,-3.93854,-22.57143,-0.12454,33.00000,31.00000,pos_a_fwd
328,0.00000,-4.05299,-22.71795,-0.13431,33.00000,31.00000,pos_a_fwd
333,0.00000,-4.16743,-22.64469,-0.15385,33.00000,31.00000,pos_a_fwd
338,0.00000,-4.28302,-22.68864,-0.21734,33.00000,31.00000,pos_a_fwd
343,0.00000,-4.39670,-22.76191,-0.25641,33.00000,31.00000,pos_a_fwd
348,0.00000,-4.51190,-22.49817,-0.21734,33.00000,31.00000,pos_a_fwd
353,0.00000,-4.62596,-22.64469,-0.27106,33.00000,31.00000,pos_a_fwd
359,0.00000,-4.74002,-22.64469,-0.18803,33.00000,31.00000,pos_a_fwd
364,0.00000,-4.85409,-22.52747,-0.13431,33.00000,31.00000,pos_a_fwd
369,0.00000,-4.96853,-22.71795,-0.18803,33.00000,31.00000,pos_a_fwd
374,0.00000,-5.08259,-22.57143,-0.23199,33.00000,31.00000,pos_a_fwd
379,0.00000,-5.19665,-22.51282,-0.22222,33.00000,31.00000,pos_a_fwd
384,0.00000,-5.31186,-22.64469,-0.29060,33.00000,31.00000,pos_a_fwd
389,0.00000,-5.42477,-22.55678,-0.27106,33.00000,31.00000,pos_a_fwd
394,0.00000,-5.53998,-22.65934,-0.31013,33.00000,31.00000,pos_a_fwd
399,0.00000,-5.65442,-22.74725,-0.30037,33.00000,31.00000,pos_a_fwd
404,0.00000,-5.76886,-22.51282,-0.18803,33.00000,31.00000,pos_a_fwd
409,0.00000,-5.88331,-22.68864,-0.15385,33.00000,31.00000,pos_a_fwd
414,0.00000,-5.99775,-22.70330,-0.19780,33.00000,31.00000,pos_a_fwd
419,0.00000,-6.11181,-22.57143,-0.21734,33.00000,31.00000,pos_a_fwd
424,0.00000,-6.22778,-22.76191,-0.29548,33.00000,31.00000,pos_a_fwd
429,0.00000,-6.34222,-22.70330,-0.29060,33.00000,31.00000,pos_a_fwd
434,0.00000,-6.45666,-22.60073,-0.23687,33.00000,31.00000,pos_a_fwd
439,0.00000,-6.57073,-22.71795,-0.16361,33.00000,31.00000,pos_a_fwd
445,0.00000,-6.68517,-22.52747,-0.10012,33.00000,31.00000,pos_a_fwd
450,0.00000,-6.79923,-22.68864,-0.16850,33.00000,31.00000,pos_a_fwd
455,0.00000,-6.91367,-22.70330,-0.23687,33.00000,31.00000,pos_a_fwd
460,0.00000,-7.02773,-22.51282,-0.20757,33.00000,31.00000,pos_a_fwd
465,0.00000,-7.14179,-22.65934,-0.27595,33.00000,31.00000,pos_a_fwd
470,0.00000,-7.25738,-22.65934,-0.29548,33.00000,31.00000,pos_a_fwd
475,0.00000,-7.37106,-22.51282,-0.25641,33.00000,31.00000,pos_a_fwd
480,0.00000,-7.48550,-22.68864,-0.21734,33.00000,31.00000,pos_a_fwd
485,0.00000,-7.59957,-22.58608,-0.15873,33.00000,31.00000,pos_a_fwd
490,0.00000,-7.71363,-22.55678,-0.11966,33.00000,31.00000,pos_a_fwd
495,0.00000,-7.82807,-22.71795,-0.22222,33.00000,31.00000,pos_a_fwd
500,0.00000,-7.94251,-22.60073,-0.22222,33.00000,31.00000,pos_a_fwd
505,0.00000,-8.05772,-22.65934,-0.26618,33.00000,31.00000,pos_a_fwd
510,0.00000,-8.17216,-22.70330,-0.31013,33.00000,31.00000,pos_a_fwd
515,0.00000,-8.28622,-22.45421,-0.28083,33.00000,31.00000,pos_a_fwd
520,0.00000,-8.39990,-22.65934,-0.30037,33.00000,31.00000,pos_a_fwd
525,0.00000,-8.51434,-22.68864,-0.25641,33.00000,31.00000,pos_a_fwd
530,0.00000,-8.62879,-22.58608,-0.16361,33.00000,31.00000,pos_a_fwd
536,0.00000,-8.74285,-22.67399,-0.22711,33.00000,31.00000,pos_a_fwd
541,0.00000,-8.85729,-22.52747,-0.24176,33.00000,31.00000,pos_a_fwd
546,0.00000,-8.97097,-22.54213,-0.26618,33.00000,31.00000,pos_a_fwd
551,0.00000,-9.08503,-22.68864,-0.35409,33.00000,31.00000,pos_a_fwd
556,0.00000,-9.20024,-22.55678,-0.29548,33.00000,31.00000,pos_a_fwd
561,0.00000,-9.31468,-22.67399,-0.32967,33.00000,31.00000,pos_a_fwd
566,0.00000,-9.42912,-22.65934,-0.26618,33.00000,31.00000,pos_a_fwd
571,0.00000,-9.54280,-22.46886,-0.12943,33.00000,31.00000,pos_a_fwd
576,0.00000,-9.65686,-22.67399,-0.12943,33.00000,31.00000,pos_a_fwd
581,0.00000,-9.77169,-22.71795,-0.16850,33.00000,31.00000,pos_a_fwd
586,0.00000,-9.88613,-22.58608,-0.17827,33.00000,31.00000,pos_a_fwd
591,0.00000,-10.00172,-22.77656,-0.24664,33.00000,31.00000,pos_a_fwd
596,0.00000,-10.11616,-22.64469,-0.24664,33.00000,31.00000,pos_a_fwd
601,0.00000,-10.23060,-22.61539,-0.18315,33.00000,31.00000,pos_a_fwd
606,0.00000,-10.34505,-22.73260,-0.18315,33.00000,31.00000,pos_a_fwd
611,0.00000,-10.45949,-22.61539,-0.12943,33.00000,31.00000,pos_a_fwd
616,0.00000,-10.57393,-22.68864,-0.19780,33.00000,31.00000,pos_a_fwd
621,0.00000,-10.68837,-22.73260,-0.25153,33.00000,31.00000,pos_a_fwd
627,0.00000,-10.80396,-22.52747,-0.22222,33.00000,31.00000,pos_a_fwd
632,0.00000,-10.91802,-22.67399,-0.32479,33.00000,31.00000,pos_a_fwd
637,0.00000,-11.03208,-22.61539,-0.27595,33.00000,31.00000,pos_a_fwd
642,0.00000,-11.14614,-22.55678,-0.23199,33.00000,31.00000,pos_a_fwd
647,0.00000,-11.26059,-22.73260,-0.17338,33.00000,31.00000,pos_a_fwd
652,0.00000,-11.37503,-22.61539,-0.17827,33.00000,31.00000,pos_a_fwd
657,0.00000,-11.48909,-22.55678,-0.21734,33.00000,31.00000,pos_a_fwd
662,0.00000,-11.60430,-22.67399,-0.29548,33.00000,31.00000,pos_a_fwd
667,0.00000,-11.71721,-22.54213,-0.27106,33.00000,31.00000,pos_a_fwd
672,0.00000,-11.83280,-22.70330,-0.30525,33.00000,31.00000,pos_a_fwd
677,0.00000,-11.94762,-22.76191,-0.31013,33.00000,31.00000,pos_a_fwd
682,0.00000,-12.06168,-22.54213,-0.15385,33.00000,31.00000,pos_a_fwd
687,0.00000,-12.17613,-22.67399,-0.12454,33.00000,31.00000,pos_a_fwd
692,0.00000,-12.29057,-22.67399,-0.15385,33.00000,31.00000,pos_a_fwd
697,0.00000,-12.40463,-22.57143,-0.17338,33.00000,31.00000,pos_a_fwd
702,0.00000,12.47978,-22.76191,-0.24176,33.00000,31.00000,pos_a_fwd
707,0.00000,12.36648,-22.65934,-0.26129,33.00000,31.00000,pos_a_fwd
713,0.00000,12.25128,-22.60073,-0.25641,33.00000,31.00000,pos_a_fwd
718,0.00000,12.13722,-22.67399,-0.19292,33.00000,31.00000,pos_a_fwd
723,0.00000,12.02316,-22.49817,-0.13919,33.00000,31.00000,pos_a_fwd
728,0.00000,11.90909,-22.67399,-0.16361,33.00000,31.00000,pos_a_fwd
733,0.00000,11.79465,-22.65934,-0.22222,33.00000,31.00000,pos_a_fwd
738,0.00000,11.68097,-22.45421,-0.20269,33.00000,31.00000,pos_a_fwd
743,0.00000,11.56691,-22.65934,-0.30525,33.00000,31.00000,pos_a_fwd
748,0.00000,11.45170,-22.61539,-0.29548,33.00000,31.00000,pos_a_fwd
753,0.00000,11.33764,-22.52747,-0.27595,33.00000,31.00000,pos_a_fwd
758,0.00000,11.22358,-22.70330,-0.34432,33.00000,31.00000,pos_a_fwd
763,0.00000,11.10914,-22.58608,-0.30037,33.00000,31.00000,pos_a_fwd
768,0.00000,10.99508,-22.55678,-0.18315,33.00000,31.00000,pos_a_fwd
773,0.00000,10.87949,-22.71795,-0.19292,33.00000,31.00000,pos_a_fwd
778,0.00000,10.76619,-22.60073,-0.16361,33.00000,31.00000,pos_a_fwd
783,0.00000,10.65175,-22.70330,-0.24176,33.00000,31.00000,pos_a_fwd
788,0.00000,10.53731,-22.73260,-0.28571,33.00000,31.00000,pos_a_fwd
793,0.00000,10.42287,-22.55678,-0.24664,33.00000,31.00000,pos_a_fwd
798,0.00000,10.30881,-22.71795,-0.28083,33.00000,31.00000,pos_a_fwd
804,0.00000,10.19283,-22.64469,-0.16361,33.00000,31.00000,pos_a_fwd
809,0.00000,10.07992,-22.61539,-0.11477,33.00000,31.00000,pos_a_fwd
814,0.00000,9.96433,-22.67399,-0.17338,33.00000,31.00000,pos_a_fwd
819,0.00000,9.85027,-22.54213,-0.17338,33.00000,31.00000,pos_a_fwd
824,0.00000,9.73621,-22.57143,-0.23199,33.00000,31.00000,pos_a_fwd
829,0.00000,9.62062,-22.70330,-0.28083,33.00000,31.00000,pos_a_fwd
834,0.00000,9.50656,-22.54213,-0.26129,33.00000,31.00000,pos_a_fwd
839,0.00000,9.39212,-22.70330,-0.26129,33.00000,31.00000,pos_a_fwd
844,0.00000,9.27195,-22.67399,-0.21245,33.00000,31.00000,pos_a_fwd
849,0.00000,9.15827,-22.49817,-0.08547,33.00000,31.00000,pos_a_fwd
854,0.00000,9.04269,-22.68864,-0.19292,33.00000,31.00000,pos_a_fwd
859,0.00000,8.92824,-22.67399,-0.23687,33.00000,31.00000,pos_a_fwd
865,0.00000,8.81418,-22.65934,-0.24664,33.00000,31.00000,pos_a_fwd
870,0.00000,8.69936,-22.76191,-0.29548,33.00000,31.00000,pos_a_fwd
875,0.00000,8.58492,-22.55678,-0.24176,33.00000,31.00000,pos_a_fwd
880,0.00000,8.46971,-22.65934,-0.21245,33.00000,31.00000,pos_a_fwd
885,0.00000,8.35527,-22.71795,-0.15873,33.00000,31.00000,pos_a_fwd
890,0.00000,8.24083,-22.61539,-0.16850,33.00000,31.00000,pos_a_fwd
895,0.00000,8.12638,-22.76191,-0.25641,33.00000,31.00000,pos_a_fwd
900,0.00000,8.01156,-22.73260,-0.27595,33.00000,31.00000,pos_a_fwd
905,0.00000,7.89635,-22.49817,-0.25641,33.00000,31.00000,pos_a_fwd
910,0.00000,7.78229,-22.68864,-0.29548,33.00000,31.00000,pos_a_fwd
915,0.00000,7.66899,-22.61539,-0.22222,33.00000,31.00000,pos_a_fwd
920,0.00000,7.55379,-22.61539,-0.12943,33.00000,31.00000,pos_a_fwd
925,0.00000,7.43934,-22.71795,-0.15873,33.00000,31.00000,pos_a_fwd
930,0.00000,7.32528,-22.55678,-0.15873,33.00000,31.00000,pos_a_fwd
935,0.00000,7.21122,-22.55678,-0.21245,33.00000,31.00000,pos_a_fwd
940,0.00000,7.09716,-22.67399,-0.27106,33.00000,31.00000,pos_a_fwd
945,0.00000,6.98157,-22.54213,-0.23687,33.00000,31.00000,pos_a_fwd
950,0.00000,6.86866,-22.71795,-0.29060,33.00000,31.00000,pos_a_fwd
955,0.00000,6.75269,-22.71795,-0.21245,33.00000,31.00000,pos_a_fwd
961,0.00000,6.63863,-22.54213,-0.10989,33.00000,31.00000,pos_a_fwd
966,0.00000,6.52533,-22.71795,-0.16850,33.00000,31.00000,pos_a_fwd
971,0.00000,6.40974,-22.61539,-0.20269,33.00000,31.00000,pos_a_fwd
976,0.00000,6.29644,-22.64469,-0.22711,33.00000,31.00000,pos_a_fwd
981,0.00000,6.18200,-22.73260,-0.28571,33.00000,31.00000,pos_a_fwd
986,0.00000,6.06794,-22.54213,-0.27595,33.00000,31.00000,pos_a_fwd
991,0.00000,5.95388,-22.64469,-0.29060,33.00000,31.00000,pos_a_fwd
996,0.00000,5.83829,-22.67399,-0.19780,33.00000,31.00000,pos_a_fwd
1001,0.00000,5.72423,-22.54213,-0.14408,33.00000,31.00000,pos_a_fwd
1006,0.00000,5.60979,-22.70330,-0.20269,33.00000,31.00000,pos_a_fwd
1011,0.00000,5.49649,-22.70330,-0.25641,33.00000,31.00000,pos_a_fwd
1016,0.00000,5.38128,-22.52747,-0.24664,33.00000,31.00000,pos_a_fwd
1021,0.00000,5.26684,-22.73260,-0.31013,33.00000,31.00000,pos_a_fwd
1026,0.00000,5.15278,-22.61539,-0.29548,33.00000,31.00000,pos_a_fwd
1031,0.00000,5.03834,-22.61539,-0.24664,33.00000,31.00000,pos_a_fwd
1036,0.00000,4.92275,-22.71795,-0.18315,33.00000,31.00000,pos_a_fwd
1041,0.00000,4.80945,-22.61539,-0.10989,33.00000,31.00000,pos_a_fwd
1046,0.00000,4.69387,-22.71795,-0.17827,33.00000,31.00000,pos_a_fwd
1052,0.00000,4.57942,-22.73260,-0.23687,33.00000,31.00000,pos_a_fwd
1057,0.00000,4.46498,-22.61539,-0.19292,33.00000,31.00000,pos_a_fwd
1062,0.00000,4.35054,-22.71795,-0.26129,33.00000,31.00000,pos_a_fwd
1067,0.00000,4.23457,-22.70330,-0.15385,33.00000,31.00000,pos_a_fwd
1072,0.00000,4.12051,-22.55678,-0.08547,33.00000,31.00000,pos_a_fwd
1077,0.00000,4.00721,-22.74725,-0.18803,33.00000,31.00000,pos_a_fwd
1082,0.00000,3.89162,-22.64469,-0.21734,33.00000,31.00000,pos_a_fwd
1087,0.00000,3.77718,-22.67399,-0.23687,33.00000,31.00000,pos_a_fwd
1092,0.00000,3.66236,-22.71795,-0.30037,33.00000,31.00000,pos_a_fwd
1097,0.00000,3.54829,-22.52747,-0.24176,33.00000,31.00000,pos_a_fwd
1102,0.00000,3.43423,-22.60073,-0.24176,33.00000,31.00000,pos_a_fwd
1107,0.00000,3.32017,-22.67399,-0.16361,33.00000,31.00000,pos_a_fwd
1112,0.00000,3.20497,-22.54213,-0.16361,33.00000,31.00000,pos_a_fwd
1117,0.00000,3.09052,-22.65934,-0.23199,33.00000,31.00000,pos_a_fwd
1122,0.00000,2.97646,-22.64469,-0.27595,33.00000,31.00000,pos_a_fwd
1127,0.00000,2.86240,-22.45421,-0.25153,33.00000,31.00000,pos_a_fwd
1132,0.00000,2.74834,-22.70330,-0.32479,33.00000,31.00000,pos_a_fwd
1137,0.00000,2.63390,-22.63004,-0.30525,33.00000,31.00000,pos_a_fwd
1143,0.00000,2.51831,-22.67399,-0.25153,33.00000,31.00000,pos_a_fwd
1148,0.00000,2.40349,-22.74725,-0.14896,33.00000,31.00000,pos_a_fwd
1153,0.00000,2.29057,-22.52747,-0.10012,33.00000,31.00000,pos_a_fwd
1158,0.00000,2.17498,-22.68864,-0.17827,33.00000,31.00000,pos_a_fwd
1163,0.00000,2.06054,-22.73260,-0.23687,33.00000,31.00000,pos_a_fwd
1168,0.00000,1.94610,-22.64469,-0.20757,33.00000,31.00000,pos_a_fwd
1173,0.00000,1.83127,-22.76191,-0.26618,33.00000,31.00000,pos_a_fwd
1178,0.00000,1.71569,-22.71795,-0.15385,33.00000,31.00000,pos_a_fwd
1183,0.00000,1.60124,-22.51282,-0.09035,33.00000,31.00000,pos_a_fwd
1188,0.00000,1.48833,-22.68864,-0.17338,33.00000,31.00000,pos_a_fwd
1193,0.00000,1.37312,-22.60073,-0.21734,33.00000,31.00000,pos_a_fwd
1198,0.00000,1.25868,-22.64469,-0.25153,33.00000,31.00000,pos_a_fwd
1203,0.00000,1.14424,-22.73260,-0.29548,33.00000,31.00000,pos_a_fwd
1208,0.00000,1.02979,-22.54213,-0.27595,33.00000,31.00000,pos_a_fwd
1213,0.00000,0.91573,-22.61539,-0.28083,33.00000,31.00000,pos_a_fwd
1218,0.00000,0.80053,-22.67399,-0.20757,33.00000,31.00000,pos_a_fwd
1223,0.00000,0.68647,-22.54213,-0.12943,33.00000,31.00000,pos_a_fwd
1229,0.00000,0.57202,-22.74725,-0.22222,33.00000,31.00000,pos_a_fwd
1234,0.00000,0.45758,-22.67399,-0.24664,33.00000,31.00000,pos_a_fwd
1239,0.00000,0.34314,-22.57143,-0.24176,33.00000,31.00000,pos_a_fwd
1244,0.00000,0.22869,-22.70330,-0.29060,33.00000,31.00000,pos_a_fwd
1249,0.00000,0.11425,-22.61539,-0.25153,33.00000,31.00000,pos_a_fwd
1254,0.00000,0.00019,-22.67399,-0.18315,33.00000,31.00000,pos_a_fwd
1259,0.00000,-0.11578,-22.77656,-0.13919,33.00000,31.00000,pos_a_fwd
1264,0.00000,-0.23022,-22.54213,-0.12943,33.00000,31.00000,pos_a_fwd
1269,0.00000,-0.34466,-22.68864,-0.19292,33.00000,31.00000,pos_a_fwd
1274,0.00000,-0.45911,-22.68864,-0.24664,33.00000,31.00000,pos_a_fwd
1279,0.00000,-0.57317,-22.58608,-0.22711,33.00000,31.00000,pos_a_fwd
1284,0.00000,-0.68761,-22.71795,-0.28083,33.00000,31.00000,pos_a_fwd
1289,0.00000,-0.80205,-22.70330,-0.16850,33.00000,31.00000,pos_a_fwd
1294,0.00000,-0.91726,-22.52747,-0.10501,33.00000,31.00000,pos_a_fwd
1299,0.00000,-1.03170,-22.70330,-0.18803,33.00000,31.00000,pos_a_fwd
1304,0.00000,-1.14576,-22.58608,-0.22222,33.00000,31.00000,pos_a_fwd
1309,0.00000,-1.26020,-22.61539,-0.23687,33.00000,31.00000,pos_a_fwd
1314,0.00000,-1.37427,-22.71795,-0.28571,33.00000,31.00000,pos_a_fwd
1320,0.00000,-1.48871,-22.48352,-0.27595,33.00000,31.00000,pos_a_fwd
1325,0.00000,-1.60391,-22.71795,-0.29548,33.00000,31.00000,pos_a_fwd
1330,0.00000,-1.71721,-22.74725,-0.23199,33.00000,31.00000,pos_a_fwd
1335,0.00000,-1.83280,-22.60073,-0.13431,33.00000,31.00000,pos_a_fwd
1340,0.00000,-1.94724,-22.70330,-0.22222,33.00000,31.00000,pos_a_fwd
1345,0.00000,-2.06168,-22.63004,-0.23687,33.00000,31.00000,pos_a_fwd
1350,0.00000,-2.17575,-22.55678,-0.26129,33.00000,31.00000,pos_a_fwd
1355,0.00000,-2.29095,-22.70330,-0.32967,33.00000,31.00000,pos_a_fwd
1360,0.00000,-2.40539,-22.61539,-0.30525,33.00000,31.00000,pos_a_fwd
1365,0.00000,-2.51831,-22.63004,-0.25641,33.00000,31.00000,pos_a_fwd
1370,0.00000,-2.63390,-22.67399,-0.16361,33.00000,31.00000,pos_a_fwd
1375,0.00000,-2.74796,-22.45421,-0.10501,33.00000,31.00000,pos_a_fwd
1380,0.00000,-2.86164,-22.64469,-0.15873,33.00000,31.00000,pos_a_fwd
1385,0.00000,-2.97608,-22.67399,-0.24176,33.00000,31.00000,pos_a_fwd
1390,0.00000,-3.09014,-22.54213,-0.21245,33.00000,31.00000,pos_a_fwd
1395,0.00000,-3.20420,-22.65934,-0.28083,33.00000,31.00000,pos_a_fwd
1400,0.00000,-3.31979,-22.58608,-0.27106,33.00000,31.00000,pos_a_fwd
1406,0.00000,-3.43271,-22.57143,-0.25641,33.00000,31.00000,pos_a_fwd
1411,0.00000,-3.54791,-22.70330,-0.27106,33.00000,31.00000,pos_a_fwd
1416,0.00000,-3.66274,-22.63004,-0.13431,33.00000,31.00000,pos_a_fwd
1421,0.00000,-3.77832,-22.70330,-0.16850,33.00000,31.00000,pos_a_fwd
1426,0.00000,-3.89277,-22.74725,-0.21245,33.00000,31.00000,pos_a_fwd
1431,0.00000,-4.00607,-22.52747,-0.19780,33.00000,31.00000,pos_a_fwd
1436,0.00000,-4.12127,-22.70330,-0.26129,33.00000,31.00000,pos_a_fwd
1441,0.00000,-4.23610,-22.71795,-0.29060,33.00000,31.00000,pos_a_fwd
1446,0.00000,-4.35016,-22.61539,-0.17338,33.00000,31.00000,pos_a_fwd
1451,0.00000,-4.46498,-22.77656,-0.18315,33.00000,31.00000,pos_a_fwd
1456,0.00000,-4.57942,-22.67399,-0.20757,33.00000,31.00000,pos_a_fwd
1461,0.00000,-4.69348,-22.54213,-0.20757,33.00000,31.00000,pos_a_fwd
1466,0.00000,-4.80755,-22.67399,-0.29548,33.00000,31.00000,pos_a_fwd
1471,0.00000,-4.92199,-22.57143,-0.28083,33.00000,31.00000,pos_a_fwd
1476,0.00000,-5.03719,-22.65934,-0.31502,33.00000,31.00000,pos_a_fwd
1481,0.00000,-5.15164,-22.76191,-0.30525,33.00000,31.00000,pos_a_fwd
1486,0.00000,-5.26608,-22.49817,-0.12454,33.00000,31.00000,pos_a_fwd
1491,0.00000,-5.38014,-22.63004,-0.13431,33.00000,31.00000,pos_a_fwd
1497,0.00000,-5.49420,-22.64469,-0.16850,33.00000,31.00000,pos_a_fwd
1502,0.00000,-5.60941,-22.55678,-0.19292,33.00000,31.00000,pos_a_fwd
1507,0.00000,-5.72423,-22.76191,-0.25641,33.00000,31.00000,pos_a_fwd
1512,0.00000,-5.83867,-22.64469,-0.24664,33.00000,31.00000,pos_a_fwd
1517,0.00000,-5.95274,-22.58608,-0.21734,33.00000,31.00000,pos_a_fwd
1522,0.00000,-6.06718,-22.70330,-0.21245,33.00000,31.00000,pos_a_fwd
1527,0.00000,-6.18162,-22.61539,-0.11966,33.00000,31.00000,pos_a_fwd
1532,0.00000,-6.29644,-22.71795,-0.17338,33.00000,31.00000,pos_a_fwd
1537,0.00000,-6.41089,-22.76191,-0.23199,33.00000,31.00000,pos_a_fwd
1542,0.00000,-6.52647,-22.52747,-0.21734,33.00000,31.00000,pos_a_fwd
1547,0.00000,-6.64054,-22.68864,-0.31013,33.00000,31.00000,pos_a_fwd
1552,0.00000,-6.75498,-22.67399,-0.31013,33.00000,31.00000,pos_a_fwd
1557,0.00000,-6.86904,-22.55678,-0.19292,33.00000,31.00000,pos_a_fwd
1562,0.00000,-6.98348,-22.68864,-0.19780,33.00000,31.00000,pos_a_fwd
1567,0.00000,-7.09869,-22.61539,-0.16361,33.00000,31.00000,pos_a_fwd
1572,0.00000,-7.21237,-22.52747,-0.18803,33.00000,31.00000,pos_a_fwd
1577,0.00000,-7.32681,-22.71795,-0.31013,33.00000,31.00000,pos_a_fwd
1583,0.00000,-7.44087,-22.54213,-0.28083,33.00000,31.00000,pos_a_fwd
1588,0.00000,-7.55493,-22.65934,-0.30525,33.00000,31.00000,pos_a_fwd
1593,0.00000,-7.66937,-22.67399,-0.32967,33.00000,31.00000,pos_a_fwd
1598,0.00000,-7.78344,-22.49817,-0.26129,33.00000,31.00000,pos_a_fwd
1603,0.00000,-7.89750,-22.67399,-0.23687,33.00000,31.00000,pos_a_fwd
1608,0.00000,-8.01308,-22.70330,-0.14896,33.00000,31.00000,pos_a_fwd
1613,0.00000,-8.12753,-22.58608,-0.12454,33.00000,31.00000,pos_a_fwd
1618,0.00000,-8.24197,-22.74725,-0.18803,33.00000,31.00000,pos_a_fwd
1623,0.00000,-8.35641,-22.63004,-0.21734,33.00000,31.00000,pos_a_fwd
1628,0.00000,-8.47047,-22.58608,-0.21734,33.00000,31.00000,pos_a_fwd
1633,0.00000,-8.58606,-22.71795,-0.28083,33.00000,31.00000,pos_a_fwd
1638,0.00000,-8.70050,-22.60073,-0.17827,33.00000,31.00000,pos_a_fwd
1643,0.00000,-8.81495,-22.64469,-0.15385,33.00000,31.00000,pos_a_fwd
1648,0.00000,-8.92939,-22.70330,-0.16850,33.00000,31.00000,pos_a_fwd
1653,0.00000,-9.04345,-22.46886,-0.18315,33.00000,31.00000,pos_a_fwd
1658,0.00000,-9.15751,-22.65934,-0.25153,33.00000,31.00000,pos_a_fwd
1663,0.00000,-9.27272,-22.65934,-0.27595,33.00000,31.00000,pos_a_fwd
1669,0.00000,-9.38601,-22.58608,-0.26618,33.00000,31.00000,pos_a_fwd
1674,0.00000,-9.50160,-22.74725,-0.30525,33.00000,31.00000,pos_a_fwd
1679,0.00000,-9.61604,-22.60073,-0.20757,33.00000,31.00000,pos_a_fwd
1684,0.00000,-9.73011,-22.57143,-0.10989,33.00000,31.00000,pos_a_fwd
1689,0.00000,-9.84455,-22.73260,-0.20269,33.00000,31.00000,pos_a_fwd
1694,0.00000,-9.95899,-22.63004,-0.22711,33.00000,31.00000,pos_a_fwd
1699,0.00000,-10.07496,-22.77656,-0.28083,33.00000,31.00000,pos_a_fwd
1704,0.00000,-10.18864,-22.74725,-0.28571,33.00000,31.00000,pos_a_fwd
1709,0.00000,-10.30385,-22.52747,-0.19780,33.00000,31.00000,pos_a_fwd
1714,0.00000,-10.41791,-22.68864,-0.13919,33.00000,31.00000,pos_a_fwd
1719,0.00000,-10.53235,-22.70330,-0.11966,33.00000,31.00000,pos_a_fwd
1724,0.00000,-10.64717,-22.63004,-0.15385,33.00000,31.00000,pos_a_fwd
1729,0.00000,-10.76162,-22.79121,-0.22222,33.00000,31.00000,pos_a_fwd
1734,0.00000,-10.87644,-22.63004,-0.22222,33.00000,31.00000,pos_a_fwd
1739,0.00000,-10.99126,-22.55678,-0.22222,33.00000,31.00000,pos_a_fwd
1744,0.00000,-11.10571,-22.65934,-0.26129,33.00000,31.00000,pos_a_fwd
1749,0.00000,-11.21977,-22.58608,-0.13919,33.00000,31.00000,pos_a_fwd
1754,0.00000,-11.33421,-22.73260,-0.16361,33.00000,31.00000,pos_a_fwd
1760,0.00000,-11.44865,-22.70330,-0.22222,33.00000,31.00000,pos_a_fwd
1765,0.00000,-11.56424,-22.49817,-0.19292,33.00000,31.00000,pos_a_fwd
1770,0.00000,-11.67716,-22.67399,-0.27595,33.00000,31.00000,pos_a_fwd
1775,0.00000,-11.79236,-22.65934,-0.27595,33.00000,31.00000,pos_a_fwd
1780,0.00000,-11.90681,-22.61539,-0.28571,33.00000,31.00000,pos_a_fwd
1785,0.00000,-12.02125,-22.76191,-0.22711,33.00000,31.00000,pos_a_fwd
1790,0.00000,-12.13607,-22.61539,-0.14896,33.00000,31.00000,pos_a_fwd
1795,0.00000,-12.25013,-22.58608,-0.15385,33.00000,31.00000,pos_a_fwd
1800,0.00000,-12.36458,-22.73260,-0.25641,33.00000,31.00000,pos_a_fwd
1805,0.00000,-12.47902,-22.60073,-0.24176,33.00000,31.00000,pos_a_fwd
1810,0.00000,12.40692,-22.74725,-0.28083,33.00000,31.00000,pos_a_fwd
1815,0.00000,12.29095,-22.73260,-0.29060,33.00000,31.00000,pos_a_fwd
1820,0.00000,12.17689,-22.51282,-0.15873,33.00000,31.00000,pos_a_fwd
1825,0.00000,12.06283,-22.65934,-0.12454,33.00000,31.00000,pos_a_fwd
1830,0.00000,11.94877,-22.64469,-0.13919,33.00000,31.00000,pos_a_fwd
1835,0.00000,11.83471,-22.54213,-0.17338,33.00000,31.00000,pos_a_fwd
1840,0.00000,11.71912,-22.68864,-0.25153,33.00000,31.00000,pos_a_fwd
1846,0.00000,11.60506,-22.54213,-0.22711,33.00000,31.00000,pos_a_fwd
1851,0.00000,11.49100,-22.58608,-0.26618,33.00000,31.00000,pos_a_fwd
1856,0.00000,11.37655,-22.70330,-0.28083,33.00000,31.00000,pos_a_fwd
1861,0.00000,11.26249,-22.55678,-0.22222,33.00000,31.00000,pos_a_fwd
1866,0.00000,11.14805,-22.71795,-0.14408,33.00000,31.00000,pos_a_fwd
1871,0.00000,11.03323,-22.71795,-0.17338,33.00000,31.00000,pos_a_fwd
1876,0.00000,10.91802,-22.54213,-0.15873,33.00000,31.00000,pos_a_fwd
1881,0.00000,10.80472,-22.71795,-0.25153,33.00000,31.00000,pos_a_fwd
1886,0.00000,10.69028,-22.71795,-0.25641,33.00000,31.00000,pos_a_fwd
1891,0.00000,10.57431,-22.65934,-0.26129,33.00000,31.00000,pos_a_fwd
1896,0.00000,10.45987,-22.76191,-0.18803,33.00000,31.00000,pos_a_fwd
1901,0.00000,10.34505,-22.63004,-0.13919,33.00000,31.00000,pos_a_fwd
1906,0.00000,10.23098,-22.60073,-0.17338,33.00000,31.00000,pos_a_fwd
1911,0.00000,10.11540,-22.74725,-0.27106,33.00000,31.00000,pos_a_fwd
1916,0.00000,10.00210,-22.61539,-0.24664,33.00000,31.00000,pos_a_fwd
1921,0.00000,9.88727,-22.74725,-0.29548,33.00000,31.00000,pos_a_fwd
1926,0.00000,9.77169,-22.70330,-0.24176,33.00000,31.00000,pos_a_fwd
1931,0.00000,9.65763,-22.51282,-0.10012,33.00000,31.00000,pos_a_fwd
1936,0.00000,9.54471,-22.70330,-0.13919,33.00000,31.00000,pos_a_fwd
1941,0.00000,9.43027,-22.64469,-0.18315,33.00000,31.00000,pos_a_fwd
1947,0.00000,9.31582,-22.64469,-0.21734,33.00000,31.00000,pos_a_fwd
1952,0.00000,9.20138,-22.68864,-0.26618,33.00000,31.00000,pos_a_fwd
1957,0.00000,9.08846,-22.51282,-0.24176,33.00000,31.00000,pos_a_fwd
1962,0.00000,8.97478,-22.55678,-0.27595,33.00000,31.00000,pos_a_fwd
1967,0.00000,8.85920,-22.71795,-0.26618,33.00000,31.00000,pos_a_fwd
1972,0.00000,8.74475,-22.60073,-0.17338,33.00000,31.00000,pos_a_fwd
1977,0.00000,8.63031,-22.76191,-0.17827,33.00000,31.00000,pos_a_fwd
1982,0.00000,8.51549,-22.73260,-0.21245,33.00000,31.00000,pos_a_fwd
1987,0.00000,8.40104,-22.52747,-0.18315,33.00000,31.00000,pos_a_fwd
1992,0.00000,8.28584,-22.71795,-0.27106,33.00000,31.00000,pos_a_fwd
1997,0.00000,8.17254,-22.68864,-0.27595,33.00000,31.00000,pos_a_fwd
2002,0.00000,8.05696,-22.65934,-0.23199,33.00000,31.00000,pos_a_fwd
2007,0.00000,7.94213,-22.79121,-0.17338,33.00000,31.00000,pos_a_fwd
2012,0.00000,7.82769,-22.61539,-0.16850,33.00000,31.00000,pos_a_fwd
2017,0.00000,7.71363,-22.58608,-0.21245,33.00000,31.00000,pos_a_fwd
2022,0.00000,7.59918,-22.70330,-0.30037,33.00000,31.00000,pos_a_fwd
2027,0.00000,7.48398,-22.57143,-0.27106,33.00000,31.00000,pos_a_fwd
2032,0.00000,7.37068,-22.71795,-0.31502,33.00000,31.00000,pos_a_fwd
2038,0.00000,7.25509,-22.73260,-0.23199,33.00000,31.00000,pos_a_fwd
2043,0.00000,7.14103,-22.49817,-0.10989,33.00000,31.00000,pos_a_fwd
2048,0.00000,7.02659,-22.67399,-0.13919,33.00000,31.00000,pos_a_fwd
2053,0.00000,6.91253,-22.58608,-0.17338,33.00000,31.00000,pos_a_fwd
2058,0.00000,6.79847,-22.63004,-0.20757,33.00000,31.00000,pos_a_fwd
2063,0.00000,6.68364,-22.74725,-0.26618,33.00000,31.00000,pos_a_fwd
2068,0.00000,6.56920,-22.60073,-0.23199,33.00000,31.00000,pos_a_fwd
2073,0.00000,6.45514,-22.60073,-0.23687,33.00000,31.00000,pos_a_fwd
2078,0.00000,6.33955,-22.70330,-0.15873,33.00000,31.00000,pos_a_fwd
2083,0.00000,6.22625,-22.55678,-0.10989,33.00000,31.00000,pos_a_fwd
2088,0.00000,6.11067,-22.73260,-0.19292,33.00000,31.00000,pos_a_fwd
2093,0.00000,5.99622,-22.74725,-0.23687,33.00000,31.00000,pos_a_fwd
2098,0.00000,5.88178,-22.54213,-0.21245,33.00000,31.00000,pos_a_fwd
2103,0.00000,5.76734,-22.70330,-0.28571,33.00000,31.00000,pos_a_fwd
2108,0.00000,5.65328,-22.64469,-0.26129,33.00000,31.00000,pos_a_fwd
2113,0.00000,5.53884,-22.61539,-0.20757,33.00000,31.00000,pos_a_fwd
2118,0.00000,5.42439,-22.73260,-0.16361,33.00000,31.00000,pos_a_fwd
2124,0.00000,5.30995,-22.52747,-0.16850,33.00000,31.00000,pos_a_fwd
2129,0.00000,5.19589,-22.68864,-0.24664,33.00000,31.00000,pos_a_fwd
2134,0.00000,5.08145,-22.71795,-0.30525,33.00000,31.00000,pos_a_fwd
2139,0.00000,4.96586,-22.58608,-0.26618,33.00000,31.00000,pos_a_fwd
2144,0.00000,4.85180,-22.70330,-0.29060,33.00000,31.00000,pos_a_fwd
2149,0.00000,4.73697,-22.68864,-0.21245,33.00000,31.00000,pos_a_fwd
2154,0.00000,4.62291,-22.51282,-0.10501,33.00000,31.00000,pos_a_fwd
2159,0.00000,4.50885,-22.74725,-0.14408,33.00000,31.00000,pos_a_fwd
2164,0.00000,4.39403,-22.64469,-0.17827,33.00000,31.00000,pos_a_fwd
2169,0.00000,4.27958,-22.65934,-0.20757,33.00000,31.00000,pos_a_fwd
2174,0.00000,4.16514,-22.71795,-0.24176,33.00000,31.00000,pos_a_fwd
2179,0.00000,4.04955,-22.58608,-0.20269,33.00000,31.00000,pos_a_fwd
2184,0.00000,3.93549,-22.64469,-0.20757,33.00000,31.00000,pos_a_fwd
2189,0.00000,3.82105,-22.73260,-0.14896,33.00000,31.00000,pos_a_fwd
2194,0.00000,3.70661,-22.55678,-0.14408,33.00000,31.00000,pos_a_fwd
2199,0.00000,3.59369,-22.65934,-0.21734,33.00000,31.00000,pos_a_fwd
2204,0.00000,3.47925,-22.65934,-0.25641,33.00000,31.00000,pos_a_fwd
2209,0.00000,3.36442,-22.46886,-0.23687,33.00000,31.00000,pos_a_fwd
2214,0.00000,3.25036,-22.70330,-0.32479,33.00000,31.00000,pos_a_fwd
2220,0.00000,3.13706,-22.58608,-0.32479,33.00000,31.00000,pos_a_fwd
2225,0.00000,3.02186,-22.63004,-0.26129,33.00000,31.00000,pos_a_fwd
2230,0.00000,2.90742,-22.68864,-0.22222,33.00000,31.00000,pos_a_fwd
2235,0.00000,2.79335,-22.48352,-0.13431,33.00000,31.00000,pos_a_fwd
2240,0.00000,2.67929,-22.64469,-0.19780,33.00000,31.00000,pos_a_fwd
2245,0.00000,2.56485,-22.70330,-0.27595,33.00000,31.00000,pos_a_fwd
2250,0.00000,2.45041,-22.61539,-0.25641,33.00000,31.00000,pos_a_fwd
2255,0.00000,2.33597,-22.76191,-0.28571,33.00000,31.00000,pos_a_fwd
2260,0.00000,2.22114,-22.74725,-0.26129,33.00000,31.00000,pos_a_fwd
2265,0.00000,2.10670,-22.55678,-0.12943,33.00000,31.00000,pos_a_fwd
2270,0.00000,1.99111,-22.74725,-0.11966,33.00000,31.00000,pos_a_fwd
2275,0.00000,1.87667,-22.64469,-0.15385,33.00000,31.00000,pos_a_fwd
2280,0.00000,1.76223,-22.70330,-0.19292,33.00000,31.00000,pos_a_fwd
2285,0.00000,1.64740,-22.77656,-0.25153,33.00000,31.00000,pos_a_fwd
2290,0.00000,1.53296,-22.58608,-0.20269,33.00000,31.00000,pos_a_fwd
2295,0.00000,1.41890,-22.61539,-0.20757,33.00000,31.00000,pos_a_fwd
2300,0.00000,1.30369,-22.68864,-0.13919,33.00000,31.00000,pos_a_fwd
2305,0.00000,1.18925,-22.55678,-0.11477,33.00000,31.00000,pos_a_fwd
2311,0.00000,1.07519,-22.71795,-0.23687,33.00000,31.00000,pos_a_fwd
2316,0.00000,0.96151,-22.68864,-0.25153,33.00000,31.00000,pos_a_fwd
2321,0.00000,0.84630,-22.52747,-0.22711,33.00000,31.00000,pos_a_fwd
2326,0.00000,0.73224,-22.65934,-0.29548,33.00000,31.00000,pos_a_fwd
2331,0.00000,0.61818,-22.58608,-0.30525,33.00000,31.00000,pos_a_fwd
2336,0.00000,0.50374,-22.65934,-0.24664,33.00000,31.00000,pos_a_fwd
2341,0.00000,0.38930,-22.74725,-0.20757,33.00000,31.00000,pos_a_fwd
2346,0.00000,0.27485,-22.57143,-0.14896,33.00000,31.00000,pos_a_fwd
2351,0.00000,0.16041,-22.67399,-0.21734,33.00000,31.00000,pos_a_fwd
2356,0.00000,0.04482,-22.70330,-0.27595,33.00000,31.00000,pos_a_fwd
2361,0.00000,-0.06962,-22.60073,-0.24664,33.00000,31.00000,pos_a_fwd
2366,0.00000,-0.18406,-22.73260,-0.28571,33.00000,31.00000,pos_a_fwd
2371,0.00000,-0.29850,-22.74725,-0.19780,33.00000,31.00000,pos_a_fwd
2376,0.00000,-0.41295,-22.57143,-0.10501,33.00000,31.00000,pos_a_fwd
2381,0.00000,-0.52739,-22.73260,-0.15873,33.00000,31.00000,pos_a_fwd
2386,0.00000,-0.64183,-22.57143,-0.18803,33.00000,31.00000,pos_a_fwd
2391,0.00000,-0.75666,-22.61539,-0.22222,33.00000,31.00000,pos_a_fwd
2396,0.00000,-0.87110,-22.71795,-0.27106,33.00000,31.00000,pos_a_fwd
2402,0.00000,-0.98516,-22.48352,-0.25153,33.00000,31.00000,pos_a_fwd
2407,0.00000,-1.09960,-22.67399,-0.26129,33.00000,31.00000,pos_a_fwd
2412,0.00000,-1.21367,-22.65934,-0.22222,33.00000,31.00000,pos_a_fwd
2417,0.00000,-1.32773,-22.51282,-0.10012,33.00000,31.00000,pos_a_fwd
2422,0.00000,-1.44179,-22.65934,-0.18803,33.00000,31.00000,pos_a_fwd
2427,0.00000,-1.55737,-22.65934,-0.21734,33.00000,31.00000,pos_a_fwd
2432,0.00000,-1.67144,-22.52747,-0.21245,33.00000,31.00000,pos_a_fwd
2437,0.00000,-1.78435,-22.70330,-0.29060,33.00000,31.00000,pos_a_fwd
2442,0.00000,-1.89994,-22.60073,-0.27595,33.00000,31.00000,pos_a_fwd
2447,0.00000,-2.01438,-22.65934,-0.27106,33.00000,31.00000,pos_a_fwd
2452,0.00000,-2.12882,-22.73260,-0.25641,33.00000,31.00000,pos_a_fwd
2457,0.00000,-2.24327,-22.52747,-0.12454,33.00000,31.00000,pos_a_fwd
2462,0.00000,-2.35733,-22.64469,-0.17827,33.00000,31.00000,pos_a_fwd
2467,0.00000,-2.47177,-22.68864,-0.24664,33.00000,31.00000,pos_a_fwd
2472,0.00000,-2.58583,-22.58608,-0.24664,33.00000,31.00000,pos_a_fwd
2477,0.00000,-2.70142,-22.70330,-0.29060,33.00000,31.00000,pos_a_fwd
2482,0.00000,-2.81586,-22.68864,-0.31013,33.00000,31.00000,pos_a_fwd
2487,0.00000,-2.92992,-22.54213,-0.24176,33.00000,31.00000,pos_a_fwd
2493,0.00000,-3.04398,-22.67399,-0.21245,33.00000,31.00000,pos_a_fwd
2498,0.00000,-3.15843,-22.61539,-0.11966,33.00000,31.00000,pos_a_fwd
2503,0.00000,-3.27363,-22.65934,-0.15873,33.00000,31.00000,pos_a_fwd
2508,0.00000,-3.38846,-22.73260,-0.21734,33.00000,31.00000,pos_a_fwd
2513,0.00000,-3.50252,-22.48352,-0.19292,33.00000,31.00000,pos_a_fwd
2518,0.00000,-3.61658,-22.65934,-0.24664,33.00000,31.00000,pos_a_fwd
2523,0.00000,-3.73102,-22.71795,-0.28571,33.00000,31.00000,pos_a_fwd
2528,0.00000,-3.84546,-22.64469,-0.17338,33.00000,31.00000,pos_a_fwd
2533,0.00000,-3.96029,-22.77656,-0.17338,33.00000,31.00000,pos_a_fwd
2538,0.00000,-4.07511,-22.70330,-0.18803,33.00000,31.00000,pos_a_fwd
2543,0.00000,-4.18917,-22.57143,-0.17338,33.00000,31.00000,pos_a_fwd
2548,0.00000,-4.30362,-22.73260,-0.25641,33.00000,31.00000,pos_a_fwd
2553,0.00000,-4.41806,-22.64469,-0.26618,33.00000,31.00000,pos_a_fwd
2558,0.00000,-4.53365,-22.71795,-0.24664,33.00000,31.00000,pos_a_fwd
2563,0.00000,-4.64847,-22.77656,-0.20757,33.00000,31.00000,pos_a_fwd
2568,0.00000,-4.76291,-22.54213,-0.12943,33.00000,31.00000,pos_a_fwd
2573,0.00000,-4.87697,-22.64469,-0.21245,33.00000,31.00000,pos_a_fwd
2579,0.00000,-4.99142,-22.68864,-0.28083,33.00000,31.00000,pos_a_fwd
2584,0.00000,-5.10662,-22.57143,-0.26618,33.00000,31.00000,pos_a_fwd
2589,0.00000,-5.21992,-22.74725,-0.31990,33.00000,31.00000,pos_a_fwd
2594,0.00000,-5.33436,-22.63004,-0.25641,33.00000,31.00000,pos_a_fwd
2599,0.00000,-5.44957,-22.54213,-0.14896,33.00000,31.00000,pos_a_fwd
2604,0.00000,-5.56249,-22.65934,-0.12943,33.00000,31.00000,pos_a_fwd
2609,0.00000,-5.67807,-22.58608,-0.11477,33.00000,31.00000,pos_a_fwd
2614,0.00000,-5.79213,-22.68864,-0.19780,33.00000,31.00000,pos_a_fwd
2619,0.00000,-5.90696,-22.76191,-0.24176,33.00000,31.00000,pos_a_fwd
2624,0.00000,-6.02140,-22.55678,-0.20757,33.00000,31.00000,pos_a_fwd
2629,0.00000,-6.13699,-22.67399,-0.25153,33.00000,31.00000,pos_a_fwd
2634,0.00000,-6.25143,-22.68864,-0.22222,33.00000,31.00000,pos_a_fwd
2639,0.00000,-6.36435,-22.58608,-0.08547,33.00000,31.00000,pos_a_fwd
2644,0.00000,-6.48032,-22.74725,-0.17827,33.00000,31.00000,pos_a_fwd
2649,0.00000,-6.59476,-22.73260,-0.22222,33.00000,31.00000,pos_a_fwd
2654,0.00000,-6.70882,-22.55678,-0.21734,33.00000,31.00000,pos_a_fwd
2659,0.00000,-6.82326,-22.68864,-0.29060,33.00000,31.00000,pos_a_fwd
2664,0.00000,-6.93732,-22.55678,-0.31502,33.00000,31.00000,pos_a_fwd
2670,0.00000,-7.05253,-22.64469,-0.30525,33.00000,31.00000,pos_a_fwd
2675,0.00000,-7.16697,-22.68864,-0.20757,33.00000,31.00000,pos_a_fwd
2680,0.00000,-7.28065,-22.48352,-0.14896,33.00000,31.00000,pos_a_fwd
2685,0.00000,-7.39471,-22.64469,-0.19780,33.00000,31.00000,pos_a_fwd
2690,0.00000,-7.50916,-22.64469,-0.25153,33.00000,31.00000,pos_a_fwd
2695,0.00000,-7.62322,-22.54213,-0.24664,33.00000,31.00000,pos_a_fwd
2700,0.00000,-7.73766,-22.73260,-0.31990,33.00000,31.00000,pos_a_fwd
2705,0.00000,-7.85210,-22.64469,-0.30525,33.00000,31.00000,pos_a_fwd
2710,0.00000,-7.96731,-22.57143,-0.26618,33.00000,31.00000,pos_a_fwd
2715,0.00000,-8.08061,-22.71795,-0.22711,33.00000,31.00000,pos_a_fwd
2720,0.00000,-8.19619,-22.64469,-0.11477,33.00000,31.00000,pos_a_fwd
2725,0.00000,-8.31064,-22.68864,-0.14896,33.00000,31.00000,pos_a_fwd
2730,0.00000,-8.42546,-22.77656,-0.20757,33.00000,31.00000,pos_a_fwd
2735,0.00000,-8.53990,-22.52747,-0.18803,33.00000,31.00000,pos_a_fwd
2740,0.00000,-8.65511,-22.71795,-0.24664,33.00000,31.00000,pos_a_fwd
2745,0.00000,-8.76879,-22.74725,-0.26618,33.00000,31.00000,pos_a_fwd
2750,0.00000,-8.88437,-22.61539,-0.10501,33.00000,31.00000,pos_a_fwd
2755,0.00000,-8.99882,-22.73260,-0.17338,33.00000,31.00000,pos_a_fwd
2761,0.00000,-9.11212,-22.58608,-0.20269,33.00000,31.00000,pos_a_fwd
2766,0.00000,-9.22732,-22.57143,-0.21245,33.00000,31.00000,pos_a_fwd
2771,0.00000,-9.34138,-22.70330,-0.29060,33.00000,31.00000,pos_a_fwd
2776,0.00000,-9.45582,-22.61539,-0.28571,33.00000,31.00000,pos_a_fwd
2781,0.00000,-9.57027,-22.70330,-0.29548,33.00000,31.00000,pos_a_fwd
2786,0.00000,-9.68585,-22.68864,-0.17338,33.00000,31.00000,pos_a_fwd
2791,0.00000,-9.79877,-22.48352,-0.13431,33.00000,31.00000,pos_a_fwd
2796,0.00000,-9.91283,-22.65934,-0.19292,33.00000,31.00000,pos_a_fwd
2801,0.00000,-10.02842,-22.68864,-0.25641,33.00000,31.00000,pos_a_fwd
2806,0.00000,-10.14286,-22.61539,-0.25641,33.00000,31.00000,pos_a_fwd
2811,0.00000,-10.25769,-22.77656,-0.30037,33.00000,31.00000,pos_a_fwd
2816,0.00000,-10.37213,-22.65934,-0.25153,33.00000,31.00000,pos_a_fwd
2821,0.00000,-10.48619,-22.60073,-0.14408,33.00000,31.00000,pos_a_fwd
2826,0.00000,-10.60178,-22.71795,-0.12943,33.00000,31.00000,pos_a_fwd
2831,0.00000,-10.71622,-22.63004,-0.12943,33.00000,31.00000,pos_a_fwd
2836,0.00000,-10.83104,-22.71795,-0.20269,33.00000,31.00000,pos_a_fwd
2841,0.00000,-10.94587,-22.79121,-0.24664,33.00000,31.00000,pos_a_fwd
2847,0.00000,-11.05993,-22.54213,-0.19780,33.00000,31.00000,pos_a_fwd
2852,0.00000,-11.17437,-22.67399,-0.23687,33.00000,31.00000,pos_a_fwd
2857,0.00000,-11.28843,-22.64469,-0.13919,33.00000,31.00000,pos_a_fwd
2862,0.00000,-11.40364,-22.57143,-0.12943,33.00000,31.00000,pos_a_fwd
2867,0.00000,-11.51808,-22.74725,-0.24176,33.00000,31.00000,pos_a_fwd
2872,0.00000,-11.63138,-22.61539,-0.23687,33.00000,31.00000,pos_a_fwd
2877,0.00000,-11.74659,-22.55678,-0.23199,33.00000,31.00000,pos_a_fwd
2882,0.00000,-11.86103,-22.65934,-0.29548,33.00000,31.00000,pos_a_fwd
2887,0.00000,-11.97509,-22.55678,-0.29060,33.00000,31.00000,pos_a_fwd
2892,0.00000,-12.08953,-22.71795,-0.29548,33.00000,31.00000,pos_a_fwd
2897,0.00000,-12.20436,-22.76191,-0.17338,33.00000,31.00000,pos_a_fwd
2902,0.00000,-12.31956,-22.54213,-0.14408,33.00000,31.00000,pos_a_fwd
2907,0.00000,-12.43286,-22.67399,-0.24176,33.00000,31.00000,pos_a_fwd
2912,0.00000,12.45193,-22.67399,-0.27106,33.00000,31.00000,pos_a_fwd
2917,0.00000,12.33787,-22.58608,-0.25641,33.00000,31.00000,pos_a_fwd
2922,0.00000,12.22305,-22.77656,-0.31013,33.00000,31.00000,pos_a_fwd
2927,0.00000,12.10861,-22.64469,-0.20269,33.00000,31.00000,pos_a_fwd
2932,0.00000,11.99454,-22.57143,-0.10501,33.00000,31.00000,pos_a_fwd
2938,0.00000,11.87896,-22.70330,-0.14896,33.00000,31.00000,pos_a_fwd
2943,0.00000,11.76604,-22.57143,-0.16361,33.00000,31.00000,pos_a_fwd
2948,0.00000,11.65045,-22.71795,-0.23199,33.00000,31.00000,pos_a_fwd
2953,0.00000,11.53601,-22.68864,-0.26618,33.00000,31.00000,pos_a_fwd
2958,0.00000,11.42195,-22.52747,-0.22711,33.00000,31.00000,pos_a_fwd
2963,0.00000,11.30789,-22.70330,-0.28083,33.00000,31.00000,pos_a_fwd
2968,0.00000,11.19345,-22.68864,-0.17338,33.00000,31.00000,pos_a_fwd
2973,0.00000,11.07900,-22.58608,-0.12943,33.00000,31.00000,pos_a_fwd
2978,0.00000,10.96342,-22.71795,-0.20269,33.00000,31.00000,pos_a_fwd
2983,0.00000,10.85012,-22.61539,-0.21734,33.00000,31.00000,pos_a_fwd
2988,0.00000,10.73491,-22.60073,-0.22222,33.00000,31.00000,pos_a_fwd
2993,0.00000,10.62123,-22.73260,-0.28571,33.00000,31.00000,pos_a_fwd
2998,0.00000,10.50565,-22.63004,-0.25153,33.00000,31.00000,pos_a_fwd
3003,0.00000,10.39120,-22.71795,-0.20269,33.00000,31.00000,pos_a_fwd
3008,0.00000,10.27562,-22.73260,-0.15385,33.00000,31.00000,pos_a_fwd
3013,0.00000,10.16232,-22.54213,-0.16850,33.00000,31.00000,pos_a_fwd
3018,0.00000,10.04787,-22.71795,-0.25153,33.00000,31.00000,pos_a_fwd
3023,0.00000,9.93229,-22.68864,-0.27106,33.00000,31.00000,pos_a_fwd
3029,0.00000,9.81899,-22.65934,-0.27106,33.00000,31.00000,pos_a_fwd
3034,0.00000,9.70340,-22.70330,-0.22711,33.00000,31.00000,pos_a_fwd
3039,0.00000,9.58896,-22.54213,-0.11477,33.00000,31.00000,pos_a_fwd
3044,0.00000,9.47528,-22.55678,-0.12454,33.00000,31.00000,pos_a_fwd
3049,0.00000,9.36122,-22.67399,-0.18803,33.00000,31.00000,pos_a_fwd
3054,0.00000,9.24601,-22.54213,-0.19780,33.00000,31.00000,pos_a_fwd
3059,0.00000,9.13157,-22.70330,-0.25641,33.00000,31.00000,pos_a_fwd
3064,0.00000,9.01827,-22.67399,-0.27595,33.00000,31.00000,pos_a_fwd
3069,0.00000,8.90421,-22.49817,-0.23199,33.00000,31.00000,pos_a_fwd
3074,0.00000,8.79015,-22.65934,-0.28083,33.00000,31.00000,pos_a_fwd
3079,0.00000,8.67456,-22.67399,-0.19292,33.00000,31.00000,pos_a_fwd
3084,0.00000,8.56012,-22.63004,-0.13431,33.00000,31.00000,pos_a_fwd
3089,0.00000,8.44682,-22.80586,-0.21734,33.00000,31.00000,pos_a_fwd
3094,0.00000,8.33085,-22.64469,-0.21245,33.00000,31.00000,pos_a_fwd
3099,0.00000,8.21641,-22.61539,-0.21245,33.00000,31.00000,pos_a_fwd
3104,0.00000,8.10197,-22.71795,-0.30037,33.00000,31.00000,pos_a_fwd
3109,0.00000,7.98753,-22.63004,-0.23687,33.00000,31.00000,pos_a_fwd
3114,0.00000,7.87308,-22.77656,-0.19292,33.00000,31.00000,pos_a_fwd
3119,0.00000,7.75788,-22.74725,-0.19292,33.00000,31.00000,pos_a_fwd
3124,0.00000,7.64382,-22.49817,-0.18803,33.00000,31.00000,pos_a_fwd
3130,0.00000,7.52975,-22.67399,-0.28083,33.00000,31.00000,pos_a_fwd
3135,0.00000,7.41569,-22.63004,-0.28571,33.00000,31.00000,pos_a_fwd
3140,0.00000,7.30125,-22.64469,-0.30525,33.00000,31.00000,pos_a_fwd
3145,0.00000,7.18681,-22.73260,-0.28571,33.00000,31.00000,pos_a_fwd
3150,0.00000,7.07351,-22.57143,-0.13919,33.00000,31.00000,pos_a_fwd
3155,0.00000,6.95868,-22.54213,-0.11966,33.00000,31.00000,pos_a_fwd
3160,0.00000,6.84539,-22.65934,-0.16850,33.00000,31.00000,pos_a_fwd
3165,0.00000,6.73018,-22.55678,-0.18315,33.00000,31.00000,pos_a_fwd
3170,0.00000,6.61574,-22.73260,-0.25153,33.00000,31.00000,pos_a_fwd
3175,0.00000,6.50130,-22.73260,-0.27106,33.00000,31.00000,pos_a_fwd
3180,0.00000,6.38685,-22.52747,-0.19780,33.00000,31.00000,pos_a_fwd
3185,0.00000,6.27356,-22.68864,-0.22222,33.00000,31.00000,pos_a_fwd
3190,0.00000,6.15797,-22.67399,-0.13431,33.00000,31.00000,pos_a_fwd
3195,0.00000,6.04467,-22.61539,-0.13431,33.00000,31.00000,pos_a_fwd
3200,0.00000,5.92908,-22.77656,-0.23199,33.00000,31.00000,pos_a_fwd
3205,0.00000,5.81426,-22.64469,-0.23199,33.00000,31.00000,pos_a_fwd
3210,0.00000,5.70020,-22.61539,-0.26129,33.00000,31.00000,pos_a_fwd
3215,0.00000,5.58576,-22.71795,-0.30037,33.00000,31.00000,pos_a_fwd
3221,0.00000,5.47131,-22.57143,-0.18315,33.00000,31.00000,pos_a_fwd
3226,0.00000,5.35725,-22.71795,-0.16361,33.00000,31.00000,pos_a_fwd
3231,0.00000,5.24243,-22.70330,-0.21245,33.00000,31.00000,pos_a_fwd
3236,0.00000,5.12875,-22.49817,-0.22222,33.00000,31.00000,pos_a_fwd
3241,0.00000,5.01354,-22.68864,-0.31013,33.00000,31.00000,pos_a_fwd
3246,0.00000,4.90024,-22.60073,-0.29060,33.00000,31.00000,pos_a_fwd
3251,0.00000,4.78504,-22.57143,-0.29548,33.00000,31.00000,pos_a_fwd
3256,0.00000,4.67098,-22.68864,-0.31990,33.00000,31.00000,pos_a_fwd
3261,0.00000,4.55654,-22.57143,-0.19292,33.00000,31.00000,pos_a_fwd
3266,0.00000,4.44247,-22.60073,-0.11966,33.00000,31.00000,pos_a_fwd
3271,0.00000,4.32803,-22.73260,-0.15873,33.00000,31.00000,pos_a_fwd
3276,0.00000,4.21359,-22.58608,-0.15385,33.00000,31.00000,pos_a_fwd
3281,0.00000,4.09915,-22.73260,-0.23199,33.00000,31.00000,pos_a_fwd
3286,0.00000,3.98470,-22.70330,-0.26618,33.00000,31.00000,pos_a_fwd
3291,0.00000,3.87064,-22.49817,-0.22222,33.00000,31.00000,pos_a_fwd
3296,0.00000,3.75658,-22.64469,-0.28083,33.00000,31.00000,pos_a_fwd
3301,0.00000,3.64214,-22.65934,-0.18803,33.00000,31.00000,pos_a_fwd
3306,0.00000,3.52808,-22.57143,-0.13431,33.00000,31.00000,pos_a_fwd
3311,0.00000,3.41249,-22.70330,-0.20269,33.00000,31.00000,pos_a_fwd
3317,0.00000,3.29919,-22.49817,-0.20269,33.00000,31.00000,pos_a_fwd
3322,0.00000,3.18437,-22.57143,-0.25153,33.00000,31.00000,pos_a_fwd
3327,0.00000,3.07145,-22.68864,-0.30037,33.00000,31.00000,pos_a_fwd
3332,0.00000,2.95586,-22.57143,-0.28083,33.00000,31.00000,pos_a_fwd
3337,0.00000,2.84142,-22.71795,-0.30525,33.00000,31.00000,pos_a_fwd
3342,0.00000,2.72698,-22.64469,-0.22711,33.00000,31.00000,pos_a_fwd
3347,0.00000,2.61330,-22.46886,-0.10501,33.00000,31.00000,pos_a_fwd
3352,0.00000,2.49924,-22.71795,-0.19780,33.00000,31.00000,pos_a_fwd
3357,0.00000,2.38441,-22.68864,-0.22222,33.00000,31.00000,pos_a_fwd
3362,0.00000,2.26997,-22.68864,-0.25153,33.00000,31.00000,pos_a_fwd
3367,0.00000,2.15515,-22.77656,-0.28571,33.00000,31.00000,pos_a_fwd
3372,0.00000,2.04070,-22.60073,-0.22711,33.00000,31.00000,pos_a_fwd
3377,0.00000,1.92664,-22.61539,-0.14896,33.00000,31.00000,pos_a_fwd
3382,0.00000,1.81182,-22.76191,-0.12943,33.00000,31.00000,pos_a_fwd
3387,0.00000,1.69738,-22.61539,-0.12454,33.00000,31.00000,pos_a_fwd
3392,0.00000,1.58179,-22.77656,-0.21245,33.00000,31.00000,pos_a_fwd
3397,0.00000,1.46811,-22.73260,-0.24176,33.00000,31.00000,pos_a_fwd
3402,0.00000,1.35290,-22.51282,-0.20269,33.00000,31.00000,pos_a_fwd
3407,0.00000,1.23884,-22.70330,-0.23199,33.00000,31.00000,pos_a_fwd
3413,0.00000,1.12440,-22.60073,-0.16850,33.00000,31.00000,pos_a_fwd
3418,0.00000,1.00996,-22.64469,-0.13919,33.00000,31.00000,pos_a_fwd
3423,0.00000,0.89551,-22.71795,-0.21734,33.00000,31.00000,pos_a_fwd
3428,0.00000,0.78145,-22.55678,-0.20757,33.00000,31.00000,pos_a_fwd
3433,0.00000,0.66701,-22.60073,-0.25641,33.00000,31.00000,pos_a_fwd
3438,0.00000,0.55295,-22.68864,-0.28571,33.00000,31.00000,pos_a_fwd
3443,0.00000,0.43851,-22.55678,-0.28571,33.00000,31.00000,pos_a_fwd
3448,0.00000,0.32444,-22.73260,-0.25153,33.00000,31.00000,pos_a_fwd
3453,0.00000,0.20848,-22.74725,-0.17338,33.00000,31.00000,pos_a_fwd
3458,0.00000,0.09518,-22.55678,-0.14408,33.00000,31.00000,pos_a_fwd
3463,0.00000,-0.02041,-22.73260,-0.25641,33.00000,31.00000,pos_a_fwd
3468,0.00000,-0.13371,-22.65934,-0.25641,33.00000,31.00000,pos_a_fwd
3473,0.00000,-0.24929,-22.67399,-0.26129,33.00000,31.00000,pos_a_fwd
3478,0.00000,-0.36412,-22.76191,-0.28083,33.00000,31.00000,pos_a_fwd
3483,0.00000,-0.47856,-22.61539,-0.13919,33.00000,31.00000,pos_a_fwd
3488,0.00000,-0.59262,-22.60073,-0.11966,33.00000,31.00000,pos_a_fwd
3493,0.00000,-0.70706,-22.68864,-0.18315,33.00000,31.00000,pos_a_fwd
3498,0.00000,-0.82113,-22.52747,-0.18315,33.00000,31.00000,pos_a_fwd
3504,0.00000,-0.93519,-22.70330,-0.27106,33.00000,31.00000,pos_a_fwd
3509,0.00000,-1.04963,-22.65934,-0.27106,33.00000,31.00000,pos_a_fwd
3514,0.00000,-1.16331,-22.46886,-0.26618,33.00000,31.00000,pos_a_fwd
3519,0.00000,-1.27737,-22.68864,-0.29060,33.00000,31.00000,pos_a_fwd
3524,0.00000,-1.39181,-22.58608,-0.23687,33.00000,31.00000,pos_a_fwd
3529,0.00000,-1.50702,-22.61539,-0.12943,33.00000,31.00000,pos_a_fwd
3534,0.00000,-1.62032,-22.67399,-0.18315,33.00000,31.00000,pos_a_fwd
3539,0.00000,-1.73552,-22.49817,-0.19292,33.00000,31.00000,pos_a_fwd
3544,0.00000,-1.84920,-22.61539,-0.24664,33.00000,31.00000,pos_a_fwd
3549,0.00000,-1.96403,-22.73260,-0.28571,33.00000,31.00000,pos_a_fwd
3554,0.00000,-2.07847,-22.61539,-0.25641,33.00000,31.00000,pos_a_fwd
3559,0.00000,-2.19291,-22.76191,-0.27595,33.00000,31.00000,pos_a_fwd
3564,0.00000,-2.30774,-22.71795,-0.18315,33.00000,31.00000,pos_a_fwd
3569,0.00000,-2.42294,-22.52747,-0.10989,33.00000,31.00000,pos_a_fwd
3574,0.00000,-2.53624,-22.74725,-0.22222,33.00000,31.00000,pos_a_fwd
3579,0.00000,-2.65183,-22.68864,-0.25641,33.00000,31.00000,pos_a_fwd
3584,0.00000,-2.76513,-22.65934,-0.26618,33.00000,31.00000,pos_a_fwd
3589,0.00000,-2.88071,-22.70330,-0.30525,33.00000,31.00000,pos_a_fwd
3594,0.00000,-2.99401,-22.55678,-0.23199,33.00000,31.00000,pos_a_fwd
3600,0.00000,-3.10922,-22.64469,-0.15385,33.00000,31.00000,pos_a_fwd
3605,0.00000,-3.22328,-22.70330,-0.14408,33.00000,31.00000,pos_a_fwd
3610,0.00000,-3.33772,-22.61539,-0.13919,33.00000,31.00000,pos_a_fwd
3615,0.00000,-3.45216,-22.70330,-0.21245,33.00000,31.00000,pos_a_fwd
3620,0.00000,-3.56661,-22.65934,-0.23199,33.00000,31.00000,pos_a_fwd
3625,0.00000,-3.68067,-22.52747,-0.21734,33.00000,31.00000,pos_a_fwd
3630,0.00000,-3.79511,-22.71795,-0.27595,33.00000,31.00000,pos_a_fwd
3635,0.00000,-3.90955,-22.63004,-0.23199,33.00000,31.00000,pos_a_fwd
3640,0.00000,-4.02399,-22.67399,-0.12454,33.00000,31.00000,pos_a_fwd
3645,0.00000,-4.13844,-22.74725,-0.18315,33.00000,31.00000,pos_a_fwd
3650,0.00000,-4.25402,-22.55678,-0.17827,33.00000,31.00000,pos_a_fwd
3655,0.00000,-4.36732,-22.64469,-0.23199,33.00000,31.00000,pos_a_fwd
3660,0.00000,-4.48253,-22.73260,-0.27106,33.00000,31.00000,pos_a_fwd
3665,0.00000,-4.59621,-22.61539,-0.27106,33.00000,31.00000,pos_a_fwd
3670,0.00000,-4.71179,-22.77656,-0.21734,33.00000,31.00000,pos_a_fwd
3675,0.00000,-4.82662,-22.73260,-0.16850,33.00000,31.00000,pos_a_fwd
3680,0.00000,-4.94068,-22.51282,-0.15873,33.00000,31.00000,pos_a_fwd
3685,0.00000,-5.05474,-22.68864,-0.26618,33.00000,31.00000,pos_a_fwd
3690,0.00000,-5.16880,-22.58608,-0.26618,33.00000,31.00000,pos_a_fwd
3696,0.00000,-5.28325,-22.67399,-0.29548,33.00000,31.00000,pos_a_fwd
3701,0.00000,-5.39769,-22.76191,-0.32479,33.00000,31.00000,pos_a_fwd
3706,0.00000,-5.51213,-22.49817,-0.19292,33.00000,31.00000,pos_a_fwd
3711,0.00000,-5.62619,-22.63004,-0.12943,33.00000,31.00000,pos_a_fwd
3716,0.00000,-5.74025,-22.65934,-0.13919,33.00000,31.00000,pos_a_fwd
3721,0.00000,-5.85584,-22.57143,-0.14408,33.00000,31.00000,pos_a_fwd
3726,0.00000,-5.96914,-22.73260,-0.22711,33.00000,31.00000,pos_a_fwd
3731,0.00000,-6.08473,-22.70330,-0.24176,33.00000,31.00000,pos_a_fwd
3736,0.00000,-6.19802,-22.52747,-0.23199,33.00000,31.00000,pos_a_fwd
3741,0.00000,-6.31323,-22.73260,-0.25153,33.00000,31.00000,pos_a_fwd
3746,0.00000,-6.42767,-22.63004,-0.18315,33.00000,31.00000,pos_a_fwd
3751,0.00000,-6.54211,-22.67399,-0.12943,33.00000,31.00000,pos_a_fwd
3756,0.00000,-6.65694,-22.73260,-0.21245,33.00000,31.00000,pos_a_fwd
3761,0.00000,-6.77100,-22.55678,-0.20269,33.00000,31.00000,pos_a_fwd
3766,0.00000,-6.88506,-22.61539,-0.25641,33.00000,31.00000,pos_a_fwd
3771,0.00000,-6.99950,-22.67399,-0.28571,33.00000,31.00000,pos_a_fwd
3776,0.00000,-7.11356,-22.54213,-0.28571,33.00000,31.00000,pos_a_fwd
3781,0.00000,-7.22801,-22.71795,-0.25641,33.00000,31.00000,pos_a_fwd
3787,0.00000,-7.34131,-22.68864,-0.18315,33.00000,31.00000,pos_a_fwd
3792,0.00000,-7.45651,-22.55678,-0.15385,33.00000,31.00000,pos_a_fwd
3797,0.00000,-7.57057,-22.71795,-0.27106,33.00000,31.00000,pos_a_fwd
3802,0.00000,-7.68540,-22.61539,-0.25641,33.00000,31.00000,pos_a_fwd
3807,0.00000,-7.79946,-22.65934,-0.27106,33.00000,31.00000,pos_a_fwd
3812,0.00000,-7.91428,-22.74725,-0.31990,33.00000,31.00000,pos_a_fwd
3817,0.00000,-8.02949,-22.52747,-0.20757,33.00000,31.00000,pos_a_fwd
3822,0.00000,-8.14393,-22.73260,-0.13919,33.00000,31.00000,pos_a_fwd
3827,0.00000,-8.25761,-22.76191,-0.14408,33.00000,31.00000,pos_a_fwd
3832,0.00000,-8.37320,-22.63004,-0.14408,33.00000,31.00000,pos_a_fwd
3837,0.00000,-8.48764,-22.71795,-0.22222,33.00000,31.00000,pos_a_fwd
3842,0.00000,-8.60208,-22.70330,-0.24664,33.00000,31.00000,pos_a_fwd
3847,0.00000,-8.71653,-22.54213,-0.20757,33.00000,31.00000,pos_a_fwd
3852,0.00000,-8.83211,-22.74725,-0.17827,33.00000,31.00000,pos_a_fwd
3857,0.00000,-8.94656,-22.65934,-0.14408,33.00000,31.00000,pos_a_fwd
3862,0.00000,-9.06100,-22.67399,-0.17827,33.00000,31.00000,pos_a_fwd
3867,0.00000,-9.17544,-22.68864,-0.22711,33.00000,31.00000,pos_a_fwd
3872,0.00000,-9.28836,-22.52747,-0.22222,33.00000,31.00000,pos_a_fwd
3877,0.00000,-9.40280,-22.63004,-0.27595,33.00000,31.00000,pos_a_fwd
3883,0.00000,-9.51686,-22.68864,-0.31502,33.00000,31.00000,pos_a_fwd
3888,0.00000,-9.63130,-22.55678,-0.20757,33.00000,31.00000,pos_a_fwd
3893,0.00000,-9.74651,-22.68864,-0.20269,33.00000,31.00000,pos_a_fwd
3898,0.00000,-9.85981,-22.58608,-0.15385,33.00000,31.00000,pos_a_fwd
3903,0.00000,-9.97463,-22.49817,-0.17827,33.00000,31.00000,pos_a_fwd
3908,0.00000,-10.08869,-22.68864,-0.29060,33.00000,31.00000,pos_a_fwd
3913,0.00000,-10.20314,-22.63004,-0.27595,33.00000,31.00000,pos_a_fwd
3918,0.00000,-10.31872,-22.70330,-0.28571,33.00000,31.00000,pos_a_fwd
3923,0.00000,-10.43240,-22.76191,-0.30037,33.00000,31.00000,pos_a_fwd
3928,0.00000,-10.54799,-22.51282,-0.13919,33.00000,31.00000,pos_a_fwd
3933,0.00000,-10.66205,-22.67399,-0.10501,33.00000,31.00000,pos_a_fwd
3938,0.00000,-10.77687,-22.73260,-0.15873,33.00000,31.00000,pos_a_fwd
3943,0.00000,-10.89017,-22.65934,-0.16850,33.00000,31.00000,pos_a_fwd
3948,0.00000,-11.00614,-22.79121,-0.25153,33.00000,31.00000,pos_a_fwd
3953,0.00000,-11.12058,-22.70330,-0.24664,33.00000,31.00000,pos_a_fwd
3958,0.00000,-11.23465,-22.51282,-0.18803,33.00000,31.00000,pos_a_fwd
3963,0.00000,-11.34871,-22.68864,-0.15385,33.00000,31.00000,pos_a_fwd
3968,0.00000,-11.46315,-22.60073,-0.13919,33.00000,31.00000,pos_a_fwd
3974,0.00000,-11.57759,-22.70330,-0.20269,33.00000,31.00000,pos_a_fwd
3979,0.00000,-11.69203,-22.71795,-0.24664,33.00000,31.00000,pos_a_fwd
3984,0.00000,-11.80610,-22.48352,-0.22222,33.00000,31.00000,pos_a_fwd
3989,0.00000,-11.92130,-22.64469,-0.28571,33.00000,31.00000,pos_a_fwd
3994,0.00000,-12.03574,-22.65934,-0.31990,33.00000,31.00000,pos_a_fwd
3999,0.00000,-12.14866,-22.58608,-0.24176,33.00000,31.00000,pos_a_fwd
4004,0.00000,-12.26425,-22.74725,-0.21245,33.00000,31.00000,pos_a_fwd
4009,0.00000,-12.37907,-22.65934,-0.15385,33.00000,31.00000,pos_a_fwd
4014,0.00000,-12.49313,-22.57143,-0.19780,33.00000,31.00000,pos_a_fwd
4019,0.00000,12.39281,-22.73260,-0.27595,33.00000,31.00000,pos_a_fwd
4024,0.00000,12.27836,-22.65934,-0.25153,33.00000,31.00000,pos_a_fwd
4029,0.00000,12.16240,-22.70330,-0.26129,33.00000,31.00000,pos_a_fwd
4034,0.00000,12.04910,-22.77656,-0.19292,33.00000,31.00000,pos_a_fwd
4039,0.00000,11.93465,-22.54213,-0.10501,33.00000,31.00000,pos_a_fwd
4044,0.00000,11.82021,-22.68864,-0.15385,33.00000,31.00000,pos_a_fwd
4049,0.00000,11.70577,-22.68864,-0.21734,33.00000,31.00000,pos_a_fwd
4054,0.00000,11.59056,-22.60073,-0.20269,33.00000,31.00000,pos_a_fwd
4059,0.00000,11.47688,-22.71795,-0.26618,33.00000,31.00000,pos_a_fwd
4064,0.00000,11.36244,-22.68864,-0.24664,33.00000,31.00000,pos_a_fwd
4070,0.00000,11.24838,-22.58608,-0.12454,33.00000,31.00000,pos_a_fwd
4075,0.00000,11.13432,-22.68864,-0.16361,33.00000,31.00000,pos_a_fwd
4080,0.00000,11.01987,-22.58608,-0.15873,33.00000,31.00000,pos_a_fwd
4085,0.00000,10.90582,-22.67399,-0.23199,33.00000,31.00000,pos_a_fwd
4090,0.00000,10.79099,-22.71795,-0.25641,33.00000,31.00000,pos_a_fwd
4095,0.00000,10.67693,-22.49817,-0.23199,33.00000,31.00000,pos_a_fwd
4100,0.00000,10.56172,-22.71795,-0.31502,33.00000,31.00000,pos_a_fwd
4105,0.00000,10.44690,-22.74725,-0.29060,33.00000,31.00000,pos_a_fwd
4110,0.00000,10.33246,-22.63004,-0.12943,33.00000,31.00000,pos_a_fwd
4115,0.00000,10.21801,-22.73260,-0.18803,33.00000,31.00000,pos_a_fwd
4120,0.00000,10.10357,-22.63004,-0.20757,33.00000,31.00000,pos_a_fwd
4125,0.00000,9.98951,-22.54213,-0.23199,33.00000,31.00000,pos_a_fwd
4130,0.00000,9.87430,-22.70330,-0.32479,33.00000,31.00000,pos_a_fwd
4135,0.00000,9.75986,-22.61539,-0.30525,33.00000,31.00000,pos_a_fwd
4140,0.00000,9.64656,-22.65934,-0.27595,33.00000,31.00000,pos_a_fwd
4145,0.00000,9.53098,-22.68864,-0.19292,33.00000,31.00000,pos_a_fwd
4150,0.00000,9.41730,-22.43956,-0.10012,33.00000,31.00000,pos_a_fwd
4155,0.00000,9.30323,-22.64469,-0.14408,33.00000,31.00000,pos_a_fwd
4161,0.00000,9.18879,-22.70330,-0.21245,33.00000,31.00000,pos_a_fwd
4166,0.00000,9.07473,-22.57143,-0.21734,33.00000,31.00000,pos_a_fwd
4171,0.00000,8.95914,-22.71795,-0.26618,33.00000,31.00000,pos_a_fwd
4176,0.00000,8.84585,-22.55678,-0.26618,33.00000,31.00000,pos_a_fwd
4181,0.00000,8.73102,-22.55678,-0.23687,33.00000,31.00000,pos_a_fwd
4186,0.00000,8.61772,-22.70330,-0.26129,33.00000,31.00000,pos_a_fwd
4191,0.00000,8.50214,-22.64469,-0.14408,33.00000,31.00000,pos_a_fwd
4196,0.00000,8.38731,-22.73260,-0.18315,33.00000,31.00000,pos_a_fwd
4201,0.00000,8.27287,-22.74725,-0.22222,33.00000,31.00000,pos_a_fwd
4206,0.00000,8.15957,-22.52747,-0.19780,33.00000,31.00000,pos_a_fwd
4211,0.00000,8.04398,-22.71795,-0.28571,33.00000,31.00000,pos_a_fwd
4216,0.00000,7.93069,-22.73260,-0.28571,33.00000,31.00000,pos_a_fwd
4221,0.00000,7.81624,-22.64469,-0.13919,33.00000,31.00000,pos_a_fwd
4226,0.00000,7.70142,-22.79121,-0.19292,33.00000,31.00000,pos_a_fwd
4231,0.00000,7.58812,-22.67399,-0.21734,33.00000,31.00000,pos_a_fwd
4236,0.00000,7.47292,-22.55678,-0.22711,33.00000,31.00000,pos_a_fwd
4241,0.00000,7.35847,-22.67399,-0.29548,33.00000,31.00000,pos_a_fwd
4246,0.00000,7.24441,-22.58608,-0.29060,33.00000,31.00000,pos_a_fwd
4251,0.00000,7.12997,-22.67399,-0.28571,33.00000,31.00000,pos_a_fwd
4256,0.00000,7.01553,-22.76191,-0.20269,33.00000,31.00000,pos_a_fwd
4262,0.00000,6.90108,-22.51282,-0.10501,33.00000,31.00000,pos_a_fwd
4267,0.00000,6.78588,-22.64469,-0.17338,33.00000,31.00000,pos_a_fwd
4272,0.00000,6.67258,-22.67399,-0.22222,33.00000,31.00000,pos_a_fwd
4277,0.00000,6.55737,-22.60073,-0.22711,33.00000,31.00000,pos_a_fwd
4282,0.00000,6.44255,-22.77656,-0.28571,33.00000,31.00000,pos_a_fwd
4287,0.00000,6.32811,-22.65934,-0.23687,33.00000,31.00000,pos_a_fwd
4292,0.00000,6.21367,-22.60073,-0.09035,33.00000,31.00000,pos_a_fwd
4297,0.00000,6.09922,-22.70330,-0.14408,33.00000,31.00000,pos_a_fwd
4302,0.00000,5.98363,-22.63004,-0.16850,33.00000,31.00000,pos_a_fwd
4307,0.00000,5.87034,-22.73260,-0.23687,33.00000,31.00000,pos_a_fwd
4312,0.00000,5.75437,-22.77656,-0.25641,33.00000,31.00000,pos_a_fwd
4317,0.00000,5.63993,-22.54213,-0.24176,33.00000,31.00000,pos_a_fwd
4322,0.00000,5.52587,-22.68864,-0.20757,33.00000,31.00000,pos_a_fwd
4327,0.00000,5.41142,-22.67399,-0.16850,33.00000,31.00000,pos_a_fwd
4332,0.00000,5.29736,-22.57143,-0.13431,33.00000,31.00000,pos_a_fwd
4337,0.00000,5.18177,-22.73260,-0.25641,33.00000,31.00000,pos_a_fwd
4342,0.00000,5.06733,-22.61539,-0.26129,33.00000,31.00000,pos_a_fwd
4347,0.00000,4.95365,-22.57143,-0.27595,33.00000,31.00000,pos_a_fwd
4353,0.00000,4.84035,-22.70330,-0.33944,33.00000,31.00000,pos_a_fwd
4358,0.00000,4.72629,-22.55678,-0.28571,33.00000,31.00000,pos_a_fwd
4363,0.00000,4.61185,-22.68864,-0.25153,33.00000,31.00000,pos_a_fwd
4368,0.00000,4.49664,-22.65934,-0.15385,33.00000,31.00000,pos_a_fwd
4373,0.00000,4.38258,-22.48352,-0.10501,33.00000,31.00000,pos_a_fwd
4378,0.00000,4.26966,-22.67399,-0.17827,33.00000,31.00000,pos_a_fwd
4383,0.00000,4.15408,-22.71795,-0.22222,33.00000,31.00000,pos_a_fwd
4388,0.00000,4.03963,-22.60073,-0.22222,33.00000,31.00000,pos_a_fwd
4393,0.00000,3.92481,-22.74725,-0.27106,33.00000,31.00000,pos_a_fwd
4398,0.00000,3.81037,-22.60073,-0.23687,33.00000,31.00000,pos_a_fwd
4403,0.00000,3.69631,-22.58608,-0.12943,33.00000,31.00000,pos_a_fwd
4408,0.00000,3.58072,-22.73260,-0.15873,33.00000,31.00000,pos_a_fwd
4413,0.00000,3.46628,-22.63004,-0.15873,33.00000,31.00000,pos_a_fwd
4418,0.00000,3.35183,-22.68864,-0.22711,33.00000,31.00000,pos_a_fwd
4423,0.00000,3.23739,-22.70330,-0.25641,33.00000,31.00000,pos_a_fwd
4428,0.00000,3.12333,-22.48352,-0.23687,33.00000,31.00000,pos_a_fwd
4433,0.00000,3.00927,-22.68864,-0.31502,33.00000,31.00000,pos_a_fwd
4438,0.00000,2.89483,-22.68864,-0.29548,33.00000,31.00000,pos_a_fwd
4444,0.00000,2.78038,-22.63004,-0.16361,33.00000,31.00000,pos_a_fwd
4449,0.00000,2.66480,-22.73260,-0.18803,33.00000,31.00000,pos_a_fwd
4454,0.00000,2.55035,-22.57143,-0.20757,33.00000,31.00000,pos_a_fwd
4459,0.00000,2.43744,-22.58608,-0.22711,33.00000,31.00000,pos_a_fwd
4464,0.00000,2.32300,-22.74725,-0.30525,33.00000,31.00000,pos_a_fwd
4469,0.00000,2.20741,-22.63004,-0.27106,33.00000,31.00000,pos_a_fwd
4474,0.00000,2.09258,-22.77656,-0.22222,33.00000,31.00000,pos_a_fwd
4479,0.00000,1.97776,-22.76191,-0.14408,33.00000,31.00000,pos_a_fwd
4484,0.00000,1.86332,-22.55678,-0.11966,33.00000,31.00000,pos_a_fwd
4489,0.00000,1.74926,-22.68864,-0.19780,33.00000,31.00000,pos_a_fwd
4494,0.00000,1.63367,-22.68864,-0.23199,33.00000,31.00000,pos_a_fwd
4499,0.00000,1.51923,-22.63004,-0.24176,33.00000,31.00000,pos_a_fwd
4504,0.00000,1.40440,-22.80586,-0.23687,33.00000,31.00000,pos_a_fwd
4509,0.00000,1.28996,-22.63004,-0.14408,33.00000,31.00000,pos_a_fwd
4514,0.00000,1.17590,-22.58608,-0.10989,33.00000,31.00000,pos_a_fwd
4519,0.00000,1.06146,-22.67399,-0.22222,33.00000,31.00000,pos_a_fwd
4524,0.00000,0.94625,-22.58608,-0.22711,33.00000,31.00000,pos_a_fwd
4530,0.00000,0.83181,-22.73260,-0.29060,33.00000,31.00000,pos_a_fwd
4535,0.00000,0.71851,-22.70330,-0.31013,33.00000,31.00000,pos_a_fwd
4540,0.00000,0.60292,-22.51282,-0.23199,33.00000,31.00000,pos_a_fwd
4545,0.00000,0.48886,-22.68864,-0.24664,33.00000,31.00000,pos_a_fwd
4550,0.00000,0.37480,-22.63004,-0.13919,33.00000,31.00000,pos_a_fwd
4555,0.00000,0.26036,-22.61539,-0.16361,33.00000,31.00000,pos_a_fwd
4560,0.00000,0.14591,-22.74725,-0.27106,33.00000,31.00000,pos_a_fwd
4565,0.00000,0.02995,-22.63004,-0.26129,33.00000,31.00000,pos_a_fwd
4570,0.00000,-0.08297,-22.58608,-0.24664,33.00000,31.00000,pos_a_fwd
4575,0.00000,-0.19741,-22.71795,-0.30525,33.00000,31.00000,pos_a_fwd
4580,0.00000,-0.31300,-22.58608,-0.17338,33.00000,31.00000,pos_a_fwd
4585,0.00000,-0.42744,-22.74725,-0.12454,33.00000,31.00000,pos_a_fwd
4590,0.00000,-0.54227,-22.71795,-0.16850,33.00000,31.00000,pos_a_fwd
4595,0.00000,-0.65633,-22.52747,-0.15385,33.00000,31.00000,pos_a_fwd
4600,0.00000,-0.77153,-22.68864,-0.25641,33.00000,31.00000,pos_a_fwd
4605,0.00000,-0.88560,-22.64469,-0.26129,33.00000,31.00000,pos_a_fwd
4610,0.00000,-1.00004,-22.52747,-0.27106,33.00000,31.00000,pos_a_fwd
4615,0.00000,-1.11410,-22.70330,-0.26618,33.00000,31.00000,pos_a_fwd
4621,0.00000,-1.22816,-22.52747,-0.13431,33.00000,31.00000,pos_a_fwd
4626,0.00000,-1.34222,-22.63004,-0.14896,33.00000,31.00000,pos_a_fwd
4631,0.00000,-1.45666,-22.71795,-0.19292,33.00000,31.00000,pos_a_fwd
4636,0.00000,-1.57225,-22.55678,-0.20757,33.00000,31.00000,pos_a_fwd
4641,0.00000,-1.68669,-22.71795,-0.26129,33.00000,31.00000,pos_a_fwd
4646,0.00000,-1.79999,-22.70330,-0.27106,33.00000,31.00000,pos_a_fwd
4651,0.00000,-1.91520,-22.55678,-0.24176,33.00000,31.00000,pos_a_fwd
4656,0.00000,-2.02964,-22.76191,-0.27106,33.00000,31.00000,pos_a_fwd
4661,0.00000,-2.14446,-22.70330,-0.14408,33.00000,31.00000,pos_a_fwd
4666,0.00000,-2.25891,-22.65934,-0.16850,33.00000,31.00000,pos_a_fwd
4671,0.00000,-2.37373,-22.74725,-0.25153,33.00000,31.00000,pos_a_fwd
4676,0.00000,-2.48817,-22.63004,-0.23199,33.00000,31.00000,pos_a_fwd
4681,0.00000,-2.60262,-22.64469,-0.25641,33.00000,31.00000,pos_a_fwd
4686,0.00000,-2.71706,-22.76191,-0.24664,33.00000,31.00000,pos_a_fwd
4691,0.00000,-2.83265,-22.61539,-0.10989,33.00000,31.00000,pos_a_fwd
4696,0.00000,-2.94709,-22.73260,-0.14408,33.00000,31.00000,pos_a_fwd
4701,0.00000,-3.06306,-22.68864,-0.20269,33.00000,31.00000,pos_a_fwd
4706,0.00000,-3.17597,-22.51282,-0.17827,33.00000,31.00000,pos_a_fwd
4712,0.00000,-3.29004,-22.73260,-0.26129,33.00000,31.00000,pos_a_fwd
4717,0.00000,-3.40562,-22.63004,-0.27595,33.00000,31.00000,pos_a_fwd
4722,0.00000,-3.51892,-22.65934,-0.18803,33.00000,31.00000,pos_a_fwd
4727,0.00000,-3.63451,-22.68864,-0.16361,33.00000,31.00000,pos_a_fwd
4732,0.00000,-3.74857,-22.49817,-0.11966,33.00000,31.00000,pos_a_fwd
4737,0.00000,-3.86263,-22.58608,-0.19780,33.00000,31.00000,pos_a_fwd
4742,0.00000,-3.97707,-22.70330,-0.26618,33.00000,31.00000,pos_a_fwd
4747,0.00000,-4.09152,-22.60073,-0.24664,33.00000,31.00000,pos_a_fwd
4752,0.00000,-4.20710,-22.77656,-0.30525,33.00000,31.00000,pos_a_fwd
4757,0.00000,-4.32193,-22.73260,-0.25641,33.00000,31.00000,pos_a_fwd
4762,0.00000,-4.43599,-22.54213,-0.10501,33.00000,31.00000,pos_a_fwd
4767,0.00000,-4.55043,-22.73260,-0.17338,33.00000,31.00000,pos_a_fwd
4772,0.00000,-4.66487,-22.67399,-0.20269,33.00000,31.00000,pos_a_fwd
4777,0.00000,-4.77970,-22.68864,-0.24176,33.00000,31.00000,pos_a_fwd
4782,0.00000,-4.89528,-22.79121,-0.29548,33.00000,31.00000,pos_a_fwd
4787,0.00000,-5.00858,-22.60073,-0.24176,33.00000,31.00000,pos_a_fwd
4792,0.00000,-5.12417,-22.60073,-0.16850,33.00000,31.00000,pos_a_fwd
4798,0.00000,-5.23823,-22.67399,-0.12943,33.00000,31.00000,pos_a_fwd
4803,0.00000,-5.35267,-22.58608,-0.11966,33.00000,31.00000,pos_a_fwd
4808,0.00000,-5.46712,-22.71795,-0.21245,33.00000,31.00000,pos_a_fwd
4813,0.00000,-5.58156,-22.68864,-0.24176,33.00000,31.00000,pos_a_fwd
4818,0.00000,-5.69677,-22.52747,-0.21734,33.00000,31.00000,pos_a_fwd
4823,0.00000,-5.81083,-22.68864,-0.27595,33.00000,31.00000,pos_a_fwd
4828,0.00000,-5.92527,-22.58608,-0.25153,33.00000,31.00000,pos_a_fwd
4833,0.00000,-6.03857,-22.65934,-0.14408,33.00000,31.00000,pos_a_fwd
4838,0.00000,-6.15301,-22.73260,-0.17338,33.00000,31.00000,pos_a_fwd
4843,0.00000,-6.26745,-22.57143,-0.16850,33.00000,31.00000,pos_a_fwd
4848,0.00000,-6.38190,-22.65934,-0.22222,33.00000,31.00000,pos_a_fwd
4853,0.00000,-6.49634,-22.71795,-0.25641,33.00000,31.00000,pos_a_fwd
4858,0.00000,-6.61193,-22.58608,-0.26129,33.00000,31.00000,pos_a_fwd
4863,0.00000,-6.72522,-22.74725,-0.26129,33.00000,31.00000,pos_a_fwd
4868,0.00000,-6.83967,-22.73260,-0.17827,33.00000,31.00000,pos_a_fwd
4873,0.00000,-6.95525,-22.54213,-0.13431,33.00000,31.00000,pos_a_fwd
4878,0.00000,-7.06817,-22.71795,-0.25153,33.00000,31.00000,pos_a_fwd
4883,0.00000,-7.18376,-22.63004,-0.24664,33.00000,31.00000,pos_a_fwd
4888,0.00000,-7.29820,-22.63004,-0.26618,33.00000,31.00000,pos_a_fwd
4894,0.00000,-7.41264,-22.76191,-0.31990,33.00000,31.00000,pos_a_fwd
4899,0.00000,-7.52708,-22.52747,-0.19780,33.00000,31.00000,pos_a_fwd
4904,0.00000,-7.64115,-22.67399,-0.13431,33.00000,31.00000,pos_a_fwd
4909,0.00000,-7.75559,-22.68864,-0.14408,33.00000,31.00000,pos_a_fwd
4914,0.00000,-7.87003,-22.58608,-0.15873,33.00000,31.00000,pos_a_fwd
4919,0.00000,-7.98524,-22.71795,-0.23199,33.00000,31.00000,pos_a_fwd
4924,0.00000,-8.10006,-22.70330,-0.24176,33.00000,31.00000,pos_a_fwd
4929,0.00000,-8.21412,-22.52747,-0.23199,33.00000,31.00000,pos_a_fwd
4934,0.00000,-8.32856,-22.73260,-0.24664,33.00000,31.00000,pos_a_fwd
4939,0.00000,-8.44301,-22.63004,-0.17338,33.00000,31.00000,pos_a_fwd
4944,0.00000,-8.55859,-22.70330,-0.13431,33.00000,31.00000,pos_a_fwd
4949,0.00000,-8.67227,-22.73260,-0.21245,33.00000,31.00000,pos_a_fwd
4954,0.00000,-8.78633,-22.57143,-0.19780,33.00000,31.00000,pos_a_fwd
4959,0.00000,-8.90078,-22.64469,-0.24664,33.00000,31.00000,pos_a_fwd
4964,0.00000,-9.01637,-22.71795,-0.29548,33.00000,31.00000,pos_a_fwd
4969,0.00000,-9.13043,-22.58608,-0.26129,33.00000,31.00000,pos_a_fwd
4974,0.00000,-9.24487,-22.71795,-0.17338,33.00000,31.00000,pos_a_fwd
4979,0.00000,-9.35931,-22.64469,-0.16361,33.00000,31.00000,pos_a_fwd
4984,0.00000,-9.47299,-22.49817,-0.17827,33.00000,31.00000,pos_a_fwd
4990,0.00000,-9.58591,-22.65934,-0.29548,33.00000,31.00000,pos_a_fwd
4995,0.00000,-9.70150,-22.61539,-0.29060,33.00000,31.00000,pos_a_fwd
0,0.00000,-9.81556,-22.64469,-0.30037,33.00000,31.00000,pos_b_fwd
5,0.00000,-9.93000,-22.68864,-0.33455,33.00000,31.00000,pos_b_fwd
10,0.00000,-10.04406,-22.45421,-0.24176,33.00000,31.00000,pos_b_fwd
15,0.00000,-10.15812,-22.64469,-0.22711,33.00000,31.00000,pos_b_fwd
20,0.00000,-10.27256,-22.70330,-0.16361,33.00000,31.00000,pos_b_fwd
25,0.00000,-10.38586,-22.63004,-0.11477,33.00000,31.00000,pos_b_fwd
30,0.00000,-10.50145,-22.77656,-0.19292,33.00000,31.00000,pos_b_fwd
35,0.00000,-10.61627,-22.73260,-0.21734,33.00000,31.00000,pos_b_fwd
40,0.00000,-10.73072,-22.57143,-0.19780,33.00000,31.00000,pos_b_fwd
45,0.00000,-10.84516,-22.73260,-0.23199,33.00000,31.00000,pos_b_fwd
50,0.00000,-10.95960,-22.63004,-0.16850,33.00000,31.00000,pos_b_fwd
55,0.00000,-11.07404,-22.71795,-0.12943,33.00000,31.00000,pos_b_fwd
60,0.00000,-11.18887,-22.77656,-0.21734,33.00000,31.00000,pos_b_fwd
65,0.00000,-11.30446,-22.57143,-0.20269,33.00000,31.00000,pos_b_fwd
70,0.00000,-11.41852,-22.63004,-0.24664,33.00000,31.00000,pos_b_fwd
75,0.00000,-11.53258,-22.68864,-0.30037,33.00000,31.00000,pos_b_fwd
80,0.00000,-11.64702,-22.57143,-0.24664,33.00000,31.00000,pos_b_fwd
85,0.00000,-11.76146,-22.74725,-0.23687,33.00000,31.00000,pos_b_fwd
91,0.00000,-11.87591,-22.65934,-0.16361,33.00000,31.00000,pos_b_fwd
96,0.00000,-11.98997,-22.54213,-0.17827,33.00000,31.00000,pos_b_fwd
101,0.00000,-12.10403,-22.64469,-0.27595,33.00000,31.00000,pos_b_fwd
106,0.00000,-12.21962,-22.58608,-0.27106,33.00000,31.00000,pos_b_fwd
111,0.00000,-12.33368,-22.68864,-0.29060,33.00000,31.00000,pos_b_fwd
116,0.00000,-12.44850,-22.77656,-0.31502,33.00000,31.00000,pos_b_fwd
121,0.00000,12.43744,-22.54213,-0.16361,33.00000,31.00000,pos_b_fwd
126,0.00000,12.32299,-22.68864,-0.10501,33.00000,31.00000,pos_b_fwd
131,0.00000,12.20855,-22.68864,-0.14408,33.00000,31.00000,pos_b_fwd
136,0.00000,12.09411,-22.64469,-0.16361,33.00000,31.00000,pos_b_fwd
141,0.00000,11.97967,-22.76191,-0.24176,33.00000,31.00000,pos_b_fwd
146,0.00000,11.86370,-22.74725,-0.24176,33.00000,31.00000,pos_b_fwd
151,0.00000,11.74926,-22.57143,-0.18315,33.00000,31.00000,pos_b_fwd
156,0.00000,11.63481,-22.73260,-0.13431,33.00000,31.00000,pos_b_fwd
161,0.00000,11.52037,-22.61539,-0.14408,33.00000,31.00000,pos_b_fwd
166,0.00000,11.40631,-22.67399,-0.19780,33.00000,31.00000,pos_b_fwd
171,0.00000,11.29034,-22.71795,-0.25641,33.00000,31.00000,pos_b_fwd
176,0.00000,11.17742,-22.46886,-0.23687,33.00000,31.00000,pos_b_fwd
182,0.00000,11.06222,-22.68864,-0.32479,33.00000,31.00000,pos_b_fwd
187,0.00000,10.94778,-22.68864,-0.31502,33.00000,31.00000,pos_b_fwd
192,0.00000,10.83372,-22.55678,-0.17338,33.00000,31.00000,pos_b_fwd
197,0.00000,10.71927,-22.71795,-0.18315,33.00000,31.00000,pos_b_fwd
202,0.00000,10.60483,-22.64469,-0.17827,33.00000,31.00000,pos_b_fwd
207,0.00000,10.48962,-22.55678,-0.20757,33.00000,31.00000,pos_b_fwd
212,0.00000,10.37556,-22.71795,-0.29548,33.00000,31.00000,pos_b_fwd
217,0.00000,10.26188,-22.64469,-0.26618,33.00000,31.00000,pos_b_fwd
222,0.00000,10.14668,-22.68864,-0.27595,33.00000,31.00000,pos_b_fwd
227,0.00000,10.03185,-22.74725,-0.22711,33.00000,31.00000,pos_b_fwd
232,0.00000,9.91779,-22.49817,-0.09524,33.00000,31.00000,pos_b_fwd
237,0.00000,9.80373,-22.67399,-0.13431,33.00000,31.00000,pos_b_fwd
242,0.00000,9.68929,-22.70330,-0.21734,33.00000,31.00000,pos_b_fwd
247,0.00000,9.57370,-22.61539,-0.19292,33.00000,31.00000,pos_b_fwd
252,0.00000,9.45926,-22.70330,-0.25641,33.00000,31.00000,pos_b_fwd
257,0.00000,9.34596,-22.67399,-0.26129,33.00000,31.00000,pos_b_fwd
262,0.00000,9.23190,-22.57143,-0.20269,33.00000,31.00000,pos_b_fwd
267,0.00000,9.11784,-22.68864,-0.20757,33.00000,31.00000,pos_b_fwd
273,0.00000,9.00225,-22.60073,-0.13431,33.00000,31.00000,pos_b_fwd
278,0.00000,8.88781,-22.68864,-0.19292,33.00000,31.00000,pos_b_fwd
283,0.00000,8.77337,-22.70330,-0.23687,33.00000,31.00000,pos_b_fwd
288,0.00000,8.65931,-22.48352,-0.21245,33.00000,31.00000,pos_b_fwd
293,0.00000,8.54486,-22.68864,-0.27595,33.00000,31.00000,pos_b_fwd
298,0.00000,8.43042,-22.73260,-0.30037,33.00000,31.00000,pos_b_fwd
303,0.00000,8.31598,-22.64469,-0.17338,33.00000,31.00000,pos_b_fwd
308,0.00000,8.20001,-22.80586,-0.18803,33.00000,31.00000,pos_b_fwd
313,0.00000,8.08633,-22.68864,-0.19292,33.00000,31.00000,pos_b_fwd
318,0.00000,7.97074,-22.60073,-0.20269,33.00000,31.00000,pos_b_fwd
323,0.00000,7.85630,-22.73260,-0.28083,33.00000,31.00000,pos_b_fwd
328,0.00000,7.74186,-22.67399,-0.26618,33.00000,31.00000,pos_b_fwd
333,0.00000,7.62741,-22.73260,-0.19780,33.00000,31.00000,pos_b_fwd
338,0.00000,7.51259,-22.77656,-0.13431,33.00000,31.00000,pos_b_fwd
343,0.00000,7.39815,-22.49817,-0.12454,33.00000,31.00000,pos_b_fwd
348,0.00000,7.28294,-22.65934,-0.21245,33.00000,31.00000,pos_b_fwd
353,0.00000,7.16888,-22.67399,-0.25641,33.00000,31.00000,pos_b_fwd
359,0.00000,7.05444,-22.58608,-0.24176,33.00000,31.00000,pos_b_fwd
364,0.00000,6.93999,-22.76191,-0.27595,33.00000,31.00000,pos_b_fwd
369,0.00000,6.82555,-22.61539,-0.19292,33.00000,31.00000,pos_b_fwd
374,0.00000,6.71149,-22.55678,-0.08059,33.00000,31.00000,pos_b_fwd
379,0.00000,6.59743,-22.65934,-0.16850,33.00000,31.00000,pos_b_fwd
384,0.00000,6.48184,-22.58608,-0.18803,33.00000,31.00000,pos_b_fwd
389,0.00000,6.36740,-22.70330,-0.24664,33.00000,31.00000,pos_b_fwd
394,0.00000,6.25257,-22.76191,-0.27106,33.00000,31.00000,pos_b_fwd
399,0.00000,6.13851,-22.54213,-0.25641,33.00000,31.00000,pos_b_fwd
404,0.00000,6.02407,-22.68864,-0.22222,33.00000,31.00000,pos_b_fwd
409,0.00000,5.90963,-22.70330,-0.15873,33.00000,31.00000,pos_b_fwd
414,0.00000,5.79519,-22.61539,-0.13919,33.00000,31.00000,pos_b_fwd
419,0.00000,5.67922,-22.76191,-0.24664,33.00000,31.00000,pos_b_fwd
424,0.00000,5.56478,-22.65934,-0.25153,33.00000,31.00000,pos_b_fwd
429,0.00000,5.45071,-22.60073,-0.25153,33.00000,31.00000,pos_b_fwd
434,0.00000,5.33627,-22.70330,-0.31990,33.00000,31.00000,pos_b_fwd
439,0.00000,5.22221,-22.54213,-0.18315,33.00000,31.00000,pos_b_fwd
444,0.00000,5.10777,-22.67399,-0.13431,33.00000,31.00000,pos_b_fwd
450,0.00000,4.99371,-22.65934,-0.15385,33.00000,31.00000,pos_b_fwd
455,0.00000,4.87850,-22.48352,-0.14896,33.00000,31.00000,pos_b_fwd
460,0.00000,4.76444,-22.65934,-0.24176,33.00000,31.00000,pos_b_fwd
465,0.00000,4.65152,-22.65934,-0.25641,33.00000,31.00000,pos_b_fwd
470,0.00000,4.53593,-22.55678,-0.24176,33.00000,31.00000,pos_b_fwd
475,0.00000,4.42149,-22.73260,-0.28571,33.00000,31.00000,pos_b_fwd
480,0.00000,4.30743,-22.60073,-0.24176,33.00000,31.00000,pos_b_fwd
485,0.00000,4.19299,-22.60073,-0.11966,33.00000,31.00000,pos_b_fwd
490,0.00000,4.07855,-22.73260,-0.16850,33.00000,31.00000,pos_b_fwd
495,0.00000,3.96296,-22.65934,-0.16850,33.00000,31.00000,pos_b_fwd
500,0.00000,3.84813,-22.73260,-0.22711,33.00000,31.00000,pos_b_fwd
505,0.00000,3.73331,-22.76191,-0.27106,33.00000,31.00000,pos_b_fwd
510,0.00000,3.61887,-22.54213,-0.22711,33.00000,31.00000,pos_b_fwd
515,0.00000,3.50443,-22.74725,-0.16850,33.00000,31.00000,pos_b_fwd
520,0.00000,3.38998,-22.76191,-0.16850,33.00000,31.00000,pos_b_fwd
525,0.00000,3.27516,-22.63004,-0.17827,33.00000,31.00000,pos_b_fwd
530,0.00000,3.15957,-22.71795,-0.26618,33.00000,31.00000,pos_b_fwd
535,0.00000,3.04513,-22.57143,-0.23687,33.00000,31.00000,pos_b_fwd
541,0.00000,2.93221,-22.60073,-0.26129,33.00000,31.00000,pos_b_fwd
546,0.00000,2.81662,-22.74725,-0.27106,33.00000,31.00000,pos_b_fwd
551,0.00000,2.70256,-22.60073,-0.13431,33.00000,31.00000,pos_b_fwd
556,0.00000,2.58812,-22.70330,-0.15385,33.00000,31.00000,pos_b_fwd
561,0.00000,2.47253,-22.64469,-0.20269,33.00000,31.00000,pos_b_fwd
566,0.00000,2.35847,-22.49817,-0.17338,33.00000,31.00000,pos_b_fwd
571,0.00000,2.24441,-22.68864,-0.26129,33.00000,31.00000,pos_b_fwd
576,0.00000,2.12997,-22.70330,-0.27595,33.00000,31.00000,pos_b_fwd
581,0.00000,2.01553,-22.63004,-0.24176,33.00000,31.00000,pos_b_fwd
586,0.00000,1.90070,-22.77656,-0.17338,33.00000,31.00000,pos_b_fwd
591,0.00000,1.78626,-22.61539,-0.12943,33.00000,31.00000,pos_b_fwd
596,0.00000,1.67182,-22.63004,-0.16850,33.00000,31.00000,pos_b_fwd
601,0.00000,1.55737,-22.73260,-0.24176,33.00000,31.00000,pos_b_fwd
606,0.00000,1.44179,-22.65934,-0.23687,33.00000,31.00000,pos_b_fwd
611,0.00000,1.32696,-22.74725,-0.29060,33.00000,31.00000,pos_b_fwd
616,0.00000,1.21252,-22.71795,-0.20269,33.00000,31.00000,pos_b_fwd
621,0.00000,1.09808,-22.52747,-0.10989,33.00000,31.00000,pos_b_fwd
627,0.00000,0.98402,-22.71795,-0.20269,33.00000,31.00000,pos_b_fwd
632,0.00000,0.86957,-22.63004,-0.23199,33.00000,31.00000,pos_b_fwd
637,0.00000,0.75513,-22.63004,-0.26618,33.00000,31.00000,pos_b_fwd
642,0.00000,0.64107,-22.73260,-0.31502,33.00000,31.00000,pos_b_fwd
647,0.00000,0.52548,-22.58608,-0.27106,33.00000,31.00000,pos_b_fwd
652,0.00000,0.41142,-22.57143,-0.21734,33.00000,31.00000,pos_b_fwd
657,0.00000,0.29698,-22.68864,-0.16361,33.00000,31.00000,pos_b_fwd
662,0.00000,0.18292,-22.55678,-0.10501,33.00000,31.00000,pos_b_fwd
667,0.00000,0.06848,-22.73260,-0.18315,33.00000,31.00000,pos_b_fwd
672,0.00000,-0.04749,-22.71795,-0.23199,33.00000,31.00000,pos_b_fwd
677,0.00000,-0.16155,-22.54213,-0.19292,33.00000,31.00000,pos_b_fwd
682,0.00000,-0.27600,-22.70330,-0.27595,33.00000,31.00000,pos_b_fwd
687,0.00000,-0.39044,-22.68864,-0.22222,33.00000,31.00000,pos_b_fwd
692,0.00000,-0.50488,-22.61539,-0.13919,33.00000,31.00000,pos_b_fwd
697,0.00000,-0.61971,-22.76191,-0.16850,33.00000,31.00000,pos_b_fwd
702,0.00000,-0.73377,-22.61539,-0.19780,33.00000,31.00000,pos_b_fwd
707,0.00000,-0.84783,-22.61539,-0.24176,33.00000,31.00000,pos_b_fwd
713,0.00000,-0.96342,-22.70330,-0.28571,33.00000,31.00000,pos_b_fwd
718,0.00000,-1.07786,-22.58608,-0.28571,33.00000,31.00000,pos_b_fwd
723,0.00000,-1.19230,-22.74725,-0.28083,33.00000,31.00000,pos_b_fwd
728,0.00000,-1.30789,-22.70330,-0.19780,33.00000,31.00000,pos_b_fwd
733,0.00000,-1.42081,-22.52747,-0.11966,33.00000,31.00000,pos_b_fwd
738,0.00000,-1.53525,-22.71795,-0.22711,33.00000,31.00000,pos_b_fwd
743,0.00000,-1.65045,-22.64469,-0.24176,33.00000,31.00000,pos_b_fwd
748,0.00000,-1.76490,-22.63004,-0.26129,33.00000,31.00000,pos_b_fwd
753,0.00000,-1.87934,-22.71795,-0.30037,33.00000,31.00000,pos_b_fwd
758,0.00000,-1.99378,-22.60073,-0.24664,33.00000,31.00000,pos_b_fwd
763,0.00000,-2.10822,-22.64469,-0.17338,33.00000,31.00000,pos_b_fwd
768,0.00000,-2.22381,-22.76191,-0.13919,33.00000,31.00000,pos_b_fwd
773,0.00000,-2.33825,-22.60073,-0.12454,33.00000,31.00000,pos_b_fwd
778,0.00000,-2.45308,-22.74725,-0.19780,33.00000,31.00000,pos_b_fwd
783,0.00000,-2.56752,-22.70330,-0.23199,33.00000,31.00000,pos_b_fwd
788,0.00000,-2.68158,-22.55678,-0.20269,33.00000,31.00000,pos_b_fwd
793,0.00000,-2.79755,-22.74725,-0.21245,33.00000,31.00000,pos_b_fwd
798,0.00000,-2.91199,-22.64469,-0.15385,33.00000,31.00000,pos_b_fwd
804,0.00000,-3.02529,-22.65934,-0.15385,33.00000,31.00000,pos_b_fwd
809,0.00000,-3.14088,-22.65934,-0.22222,33.00000,31.00000,pos_b_fwd
814,0.00000,-3.25494,-22.48352,-0.21245,33.00000,31.00000,pos_b_fwd
819,0.00000,-3.36862,-22.60073,-0.27106,33.00000,31.00000,pos_b_fwd
824,0.00000,-3.48421,-22.70330,-0.31990,33.00000,31.00000,pos_b_fwd
829,0.00000,-3.59827,-22.54213,-0.31502,33.00000,31.00000,pos_b_fwd
834,0.00000,-3.71233,-22.70330,-0.29548,33.00000,31.00000,pos_b_fwd
839,0.00000,-3.82677,-22.63004,-0.20269,33.00000,31.00000,pos_b_fwd
844,0.00000,-3.94083,-22.46886,-0.12943,33.00000,31.00000,pos_b_fwd
849,0.00000,-4.05489,-22.70330,-0.22711,33.00000,31.00000,pos_b_fwd
854,0.00000,-4.16934,-22.65934,-0.25153,33.00000,31.00000,pos_b_fwd
859,0.00000,-4.28492,-22.65934,-0.27106,33.00000,31.00000,pos_b_fwd
864,0.00000,-4.39975,-22.74725,-0.30037,33.00000,31.00000,pos_b_fwd
869,0.00000,-4.51266,-22.60073,-0.23687,33.00000,31.00000,pos_b_fwd
874,0.00000,-4.62825,-22.63004,-0.15873,33.00000,31.00000,pos_b_fwd
879,0.00000,-4.74269,-22.71795,-0.12943,33.00000,31.00000,pos_b_fwd
884,0.00000,-4.85714,-22.64469,-0.14408,33.00000,31.00000,pos_b_fwd
890,0.00000,-4.97196,-22.76191,-0.22222,33.00000,31.00000,pos_b_fwd
895,0.00000,-5.08679,-22.70330,-0.23199,33.00000,31.00000,pos_b_fwd
900,0.00000,-5.20199,-22.52747,-0.21734,33.00000,31.00000,pos_b_fwd
905,0.00000,-5.31491,-22.71795,-0.22711,33.00000,31.00000,pos_b_fwd
910,0.00000,-5.43049,-22.61539,-0.16361,33.00000,31.00000,pos_b_fwd
915,0.00000,-5.54456,-22.67399,-0.13919,33.00000,31.00000,pos_b_fwd
920,0.00000,-5.65938,-22.71795,-0.22711,33.00000,31.00000,pos_b_fwd
925,0.00000,-5.77344,-22.54213,-0.21734,33.00000,31.00000,pos_b_fwd
930,0.00000,-5.88750,-22.60073,-0.26129,33.00000,31.00000,pos_b_fwd
935,0.00000,-6.00271,-22.64469,-0.30037,33.00000,31.00000,pos_b_fwd
940,0.00000,-6.11677,-22.54213,-0.30037,33.00000,31.00000,pos_b_fwd
945,0.00000,-6.23121,-22.71795,-0.29548,33.00000,31.00000,pos_b_fwd
950,0.00000,-6.34565,-22.70330,-0.20757,33.00000,31.00000,pos_b_fwd
955,0.00000,-6.46010,-22.52747,-0.12943,33.00000,31.00000,pos_b_fwd
960,0.00000,-6.57454,-22.74725,-0.22711,33.00000,31.00000,pos_b_fwd
965,0.00000,-6.68898,-22.67399,-0.24176,33.00000,31.00000,pos_b_fwd
970,0.00000,-6.80343,-22.70330,-0.25641,33.00000,31.00000,pos_b_fwd
975,0.00000,-6.91825,-22.77656,-0.28571,33.00000,31.00000,pos_b_fwd
981,0.00000,-7.03269,-22.54213,-0.13919,33.00000,31.00000,pos_b_fwd
986,0.00000,-7.14714,-22.71795,-0.10989,33.00000,31.00000,pos_b_fwd
991,0.00000,-7.26158,-22.73260,-0.17338,33.00000,31.00000,pos_b_fwd
996,0.00000,-7.37602,-22.63004,-0.16850,33.00000,31.00000,pos_b_fwd
1001,0.00000,-7.49161,-22.71795,-0.24664,33.00000,31.00000,pos_b_fwd
1006,0.00000,-7.60491,-22.65934,-0.25641,33.00000,31.00000,pos_b_fwd
1011,0.00000,-7.72011,-22.52747,-0.22711,33.00000,31.00000,pos_b_fwd
1016,0.00000,-7.83417,-22.73260,-0.21245,33.00000,31.00000,pos_b_fwd
1021,0.00000,-7.94862,-22.60073,-0.14408,33.00000,31.00000,pos_b_fwd
1026,0.00000,-8.06268,-22.61539,-0.13919,33.00000,31.00000,pos_b_fwd
1031,0.00000,-8.17712,-22.67399,-0.23199,33.00000,31.00000,pos_b_fwd
1036,0.00000,-8.29233,-22.54213,-0.21245,33.00000,31.00000,pos_b_fwd
1041,0.00000,-8.40677,-22.67399,-0.26618,33.00000,31.00000,pos_b_fwd
1046,0.00000,-8.52007,-22.76191,-0.30037,33.00000,31.00000,pos_b_fwd
1051,0.00000,-8.63603,-22.61539,-0.25153,33.00000,31.00000,pos_b_fwd
1056,0.00000,-8.75048,-22.73260,-0.14408,33.00000,31.00000,pos_b_fwd
1061,0.00000,-8.86606,-22.63004,-0.16361,33.00000,31.00000,pos_b_fwd
1066,0.00000,-8.97898,-22.55678,-0.21734,33.00000,31.00000,pos_b_fwd
1072,0.00000,-9.09304,-22.68864,-0.30525,33.00000,31.00000,pos_b_fwd
1077,0.00000,-9.20863,-22.60073,-0.29060,33.00000,31.00000,pos_b_fwd
1082,0.00000,-9.32269,-22.63004,-0.29060,33.00000,31.00000,pos_b_fwd
1087,0.00000,-9.43713,-22.70330,-0.30525,33.00000,31.00000,pos_b_fwd
1092,0.00000,-9.55119,-22.49817,-0.16850,33.00000,31.00000,pos_b_fwd
1097,0.00000,-9.66526,-22.65934,-0.12943,33.00000,31.00000,pos_b_fwd
1102,0.00000,-9.78084,-22.67399,-0.15385,33.00000,31.00000,pos_b_fwd
1107,0.00000,-9.89376,-22.58608,-0.17338,33.00000,31.00000,pos_b_fwd
1112,0.00000,-10.00820,-22.68864,-0.23199,33.00000,31.00000,pos_b_fwd
1117,0.00000,-10.12379,-22.67399,-0.24664,33.00000,31.00000,pos_b_fwd
1122,0.00000,-10.23785,-22.51282,-0.22222,33.00000,31.00000,pos_b_fwd
1127,0.00000,-10.35229,-22.73260,-0.26618,33.00000,31.00000,pos_b_fwd
1132,0.00000,-10.46674,-22.64469,-0.19780,33.00000,31.00000,pos_b_fwd
1137,0.00000,-10.58118,-22.70330,-0.13431,33.00000,31.00000,pos_b_fwd
1142,0.00000,-10.69715,-22.76191,-0.20757,33.00000,31.00000,pos_b_fwd
1147,0.00000,-10.81044,-22.57143,-0.18315,33.00000,31.00000,pos_b_fwd
1152,0.00000,-10.92603,-22.73260,-0.24664,33.00000,31.00000,pos_b_fwd
1158,0.00000,-11.04086,-22.74725,-0.28083,33.00000,31.00000,pos_b_fwd
1163,0.00000,-11.15530,-22.65934,-0.14896,33.00000,31.00000,pos_b_fwd
1168,0.00000,-11.27012,-22.79121,-0.17827,33.00000,31.00000,pos_b_fwd
1173,0.00000,-11.38457,-22.67399,-0.20269,33.00000,31.00000,pos_b_fwd
1178,0.00000,-11.49901,-22.55678,-0.21245,33.00000,31.00000,pos_b_fwd
1183,0.00000,-11.61421,-22.67399,-0.29548,33.00000,31.00000,pos_b_fwd
1188,0.00000,-11.72866,-22.60073,-0.28083,33.00000,31.00000,pos_b_fwd
1193,0.00000,-11.84272,-22.67399,-0.28571,33.00000,31.00000,pos_b_fwd
1198,0.00000,-11.95716,-22.74725,-0.20269,33.00000,31.00000,pos_b_fwd
1203,0.00000,-12.07160,-22.51282,-0.10989,33.00000,31.00000,pos_b_fwd
1208,0.00000,-12.18681,-22.65934,-0.14896,33.00000,31.00000,pos_b_fwd
1213,0.00000,-12.30125,-22.67399,-0.21245,33.00000,31.00000,pos_b_fwd
1218,0.00000,-12.41531,-22.60073,-0.20757,33.00000,31.00000,pos_b_fwd
1223,0.00000,12.47025,-22.71795,-0.25641,33.00000,31.00000,pos_b_fwd
1228,0.00000,12.35580,-22.73260,-0.23687,33.00000,31.00000,pos_b_fwd
1233,0.00000,12.24136,-22.58608,-0.14896,33.00000,31.00000,pos_b_fwd
1238,0.00000,12.12692,-22.73260,-0.15385,33.00000,31.00000,pos_b_fwd
1244,0.00000,12.01209,-22.63004,-0.16361,33.00000,31.00000,pos_b_fwd
1249,0.00000,11.89651,-22.73260,-0.22222,33.00000,31.00000,pos_b_fwd
1254,0.00000,11.78168,-22.76191,-0.25153,33.00000,31.00000,pos_b_fwd
1259,0.00000,11.66762,-22.52747,-0.24176,33.00000,31.00000,pos_b_fwd
1264,0.00000,11.55318,-22.70330,-0.22222,33.00000,31.00000,pos_b_fwd
1269,0.00000,11.43912,-22.65934,-0.17827,33.00000,31.00000,pos_b_fwd
1274,0.00000,11.32391,-22.54213,-0.13919,33.00000,31.00000,pos_b_fwd
1279,0.00000,11.20947,-22.70330,-0.23687,33.00000,31.00000,pos_b_fwd
1284,0.00000,11.09541,-22.61539,-0.26129,33.00000,31.00000,pos_b_fwd
1289,0.00000,10.98135,-22.54213,-0.27106,33.00000,31.00000,pos_b_fwd
1294,0.00000,10.86728,-22.65934,-0.33455,33.00000,31.00000,pos_b_fwd
1299,0.00000,10.75322,-22.57143,-0.29548,33.00000,31.00000,pos_b_fwd
1304,0.00000,10.63878,-22.63004,-0.29548,33.00000,31.00000,pos_b_fwd
1309,0.00000,10.52434,-22.71795,-0.24176,33.00000,31.00000,pos_b_fwd
1314,0.00000,10.40913,-22.49817,-0.10501,33.00000,31.00000,pos_b_fwd
1319,0.00000,10.29507,-22.67399,-0.13919,33.00000,31.00000,pos_b_fwd
1324,0.00000,10.18063,-22.71795,-0.21245,33.00000,31.00000,pos_b_fwd
1329,0.00000,10.06618,-22.61539,-0.20757,33.00000,31.00000,pos_b_fwd
1335,0.00000,9.95136,-22.76191,-0.26129,33.00000,31.00000,pos_b_fwd
1340,0.00000,9.83692,-22.63004,-0.22222,33.00000,31.00000,pos_b_fwd
1345,0.00000,9.72133,-22.61539,-0.10501,33.00000,31.00000,pos_b_fwd
1350,0.00000,9.60689,-22.74725,-0.16361,33.00000,31.00000,pos_b_fwd
1355,0.00000,9.49207,-22.65934,-0.18315,33.00000,31.00000,pos_b_fwd
1360,0.00000,9.37762,-22.70330,-0.23687,33.00000,31.00000,pos_b_fwd
1365,0.00000,9.26318,-22.68864,-0.25153,33.00000,31.00000,pos_b_fwd
1370,0.00000,9.14912,-22.48352,-0.26618,33.00000,31.00000,pos_b_fwd
1375,0.00000,9.03391,-22.67399,-0.29060,33.00000,31.00000,pos_b_fwd
1380,0.00000,8.92061,-22.70330,-0.23199,33.00000,31.00000,pos_b_fwd
1385,0.00000,8.80617,-22.60073,-0.12943,33.00000,31.00000,pos_b_fwd
1390,0.00000,8.69059,-22.73260,-0.22222,33.00000,31.00000,pos_b_fwd
1395,0.00000,8.57614,-22.63004,-0.23199,33.00000,31.00000,pos_b_fwd
1400,0.00000,8.46208,-22.55678,-0.23687,33.00000,31.00000,pos_b_fwd
1405,0.00000,8.34764,-22.71795,-0.30525,33.00000,31.00000,pos_b_fwd
1410,0.00000,8.23320,-22.65934,-0.27106,33.00000,31.00000,pos_b_fwd
1415,0.00000,8.11723,-22.77656,-0.16361,33.00000,31.00000,pos_b_fwd
1421,0.00000,8.00278,-22.73260,-0.13919,33.00000,31.00000,pos_b_fwd
1426,0.00000,7.88834,-22.54213,-0.11966,33.00000,31.00000,pos_b_fwd
1431,0.00000,7.77390,-22.71795,-0.22222,33.00000,31.00000,pos_b_fwd
1436,0.00000,7.65946,-22.71795,-0.24176,33.00000,31.00000,pos_b_fwd
1441,0.00000,7.54501,-22.64469,-0.23687,33.00000,31.00000,pos_b_fwd
1446,0.00000,7.43019,-22.79121,-0.18315,33.00000,31.00000,pos_b_fwd
1451,0.00000,7.31575,-22.63004,-0.13431,33.00000,31.00000,pos_b_fwd
1456,0.00000,7.20054,-22.58608,-0.13919,33.00000,31.00000,pos_b_fwd
1461,0.00000,7.08610,-22.67399,-0.24176,33.00000,31.00000,pos_b_fwd
1466,0.00000,6.97204,-22.58608,-0.24176,33.00000,31.00000,pos_b_fwd
1471,0.00000,6.85760,-22.70330,-0.28571,33.00000,31.00000,pos_b_fwd
1476,0.00000,6.74315,-22.74725,-0.29548,33.00000,31.00000,pos_b_fwd
1481,0.00000,6.62871,-22.51282,-0.21734,33.00000,31.00000,pos_b_fwd
1486,0.00000,6.51465,-22.67399,-0.13919,33.00000,31.00000,pos_b_fwd
1491,0.00000,6.39906,-22.65934,-0.16850,33.00000,31.00000,pos_b_fwd
1496,0.00000,6.28462,-22.58608,-0.21245,33.00000,31.00000,pos_b_fwd
1501,0.00000,6.17018,-22.76191,-0.29548,33.00000,31.00000,pos_b_fwd
1506,0.00000,6.05573,-22.61539,-0.25641,33.00000,31.00000,pos_b_fwd
1512,0.00000,5.94129,-22.60073,-0.25153,33.00000,31.00000,pos_b_fwd
1517,0.00000,5.82570,-22.73260,-0.23199,33.00000,31.00000,pos_b_fwd
1522,0.00000,5.71240,-22.61539,-0.10501,33.00000,31.00000,pos_b_fwd
1527,0.00000,5.59682,-22.77656,-0.14896,33.00000,31.00000,pos_b_fwd
1532,0.00000,5.48199,-22.71795,-0.20757,33.00000,31.00000,pos_b_fwd
1537,0.00000,5.36793,-22.51282,-0.18315,33.00000,31.00000,pos_b_fwd
1542,0.00000,5.25387,-22.67399,-0.26618,33.00000,31.00000,pos_b_fwd
1547,0.00000,5.13943,-22.65934,-0.26618,33.00000,31.00000,pos_b_fwd
1552,0.00000,5.02537,-22.60073,-0.23199,33.00000,31.00000,pos_b_fwd
1557,0.00000,4.90978,-22.73260,-0.16361,33.00000,31.00000,pos_b_fwd
1562,0.00000,4.79648,-22.60073,-0.15873,33.00000,31.00000,pos_b_fwd
1567,0.00000,4.68128,-22.58608,-0.19292,33.00000,31.00000,pos_b_fwd
1572,0.00000,4.56684,-22.71795,-0.26129,33.00000,31.00000,pos_b_fwd
1577,0.00000,4.45239,-22.61539,-0.24176,33.00000,31.00000,pos_b_fwd
1582,0.00000,4.33795,-22.70330,-0.29548,33.00000,31.00000,pos_b_fwd
1587,0.00000,4.22313,-22.74725,-0.26129,33.00000,31.00000,pos_b_fwd
1592,0.00000,4.10792,-22.54213,-0.10501,33.00000,31.00000,pos_b_fwd
1598,0.00000,3.99348,-22.77656,-0.18803,33.00000,31.00000,pos_b_fwd
1603,0.00000,3.87865,-22.71795,-0.21734,33.00000,31.00000,pos_b_fwd
1608,0.00000,3.76383,-22.70330,-0.23199,33.00000,31.00000,pos_b_fwd
1613,0.00000,3.64939,-22.74725,-0.27106,33.00000,31.00000,pos_b_fwd
1618,0.00000,3.53456,-22.61539,-0.17827,33.00000,31.00000,pos_b_fwd
1623,0.00000,3.42050,-22.63004,-0.10012,33.00000,31.00000,pos_b_fwd
1628,0.00000,3.30453,-22.79121,-0.14896,33.00000,31.00000,pos_b_fwd
1633,0.00000,3.19009,-22.63004,-0.16361,33.00000,31.00000,pos_b_fwd
1638,0.00000,3.07679,-22.73260,-0.22222,33.00000,31.00000,pos_b_fwd
1643,0.00000,2.96082,-22.67399,-0.26129,33.00000,31.00000,pos_b_fwd
1648,0.00000,2.84676,-22.51282,-0.18315,33.00000,31.00000,pos_b_fwd
1653,0.00000,2.73270,-22.70330,-0.22711,33.00000,31.00000,pos_b_fwd
1658,0.00000,2.61711,-22.67399,-0.14896,33.00000,31.00000,pos_b_fwd
1663,0.00000,2.50420,-22.58608,-0.14896,33.00000,31.00000,pos_b_fwd
1668,0.00000,2.38861,-22.71795,-0.24176,33.00000,31.00000,pos_b_fwd
1673,0.00000,2.27455,-22.54213,-0.24176,33.00000,31.00000,pos_b_fwd
1678,0.00000,2.16049,-22.60073,-0.27106,33.00000,31.00000,pos_b_fwd
1683,0.00000,2.04604,-22.73260,-0.32967,33.00000,31.00000,pos_b_fwd
1689,0.00000,1.93160,-22.61539,-0.27106,33.00000,31.00000,pos_b_fwd
1694,0.00000,1.81716,-22.76191,-0.18315,33.00000,31.00000,pos_b_fwd
1699,0.00000,1.70233,-22.73260,-0.16361,33.00000,31.00000,pos_b_fwd
1704,0.00000,1.58789,-22.52747,-0.16850,33.00000,31.00000,pos_b_fwd
1709,0.00000,1.47269,-22.74725,-0.26618,33.00000,31.00000,pos_b_fwd
1714,0.00000,1.35786,-22.68864,-0.26129,33.00000,31.00000,pos_b_fwd
1719,0.00000,1.24342,-22.71795,-0.26129,33.00000,31.00000,pos_b_fwd
1724,0.00000,1.12860,-22.79121,-0.20269,33.00000,31.00000,pos_b_fwd
1729,0.00000,1.01415,-22.60073,-0.10501,33.00000,31.00000,pos_b_fwd
1734,0.00000,0.89971,-22.58608,-0.14896,33.00000,31.00000,pos_b_fwd
1739,0.00000,0.78565,-22.68864,-0.21734,33.00000,31.00000,pos_b_fwd
1744,0.00000,0.67006,-22.57143,-0.21734,33.00000,31.00000,pos_b_fwd
1749,0.00000,0.55600,-22.73260,-0.26129,33.00000,31.00000,pos_b_fwd
1754,0.00000,0.44118,-22.70330,-0.27106,33.00000,31.00000,pos_b_fwd
1759,0.00000,0.32712,-22.49817,-0.11966,33.00000,31.00000,pos_b_fwd
1764,0.00000,0.21305,-22.65934,-0.15873,33.00000,31.00000,pos_b_fwd
1769,0.00000,0.09747,-22.61539,-0.15873,33.00000,31.00000,pos_b_fwd
1775,0.00000,-0.01698,-22.67399,-0.21245,33.00000,31.00000,pos_b_fwd
1780,0.00000,-0.13142,-22.73260,-0.26618,33.00000,31.00000,pos_b_fwd
1785,0.00000,-0.24586,-22.55678,-0.23199,33.00000,31.00000,pos_b_fwd
1790,0.00000,-0.35992,-22.64469,-0.28083,33.00000,31.00000,pos_b_fwd
1795,0.00000,-0.47475,-22.73260,-0.21734,33.00000,31.00000,pos_b_fwd
1800,0.00000,-0.58919,-22.61539,-0.13919,33.00000,31.00000,pos_b_fwd
1805,0.00000,-0.70363,-22.76191,-0.19780,33.00000,31.00000,pos_b_fwd
1810,0.00000,-0.81960,-22.73260,-0.23687,33.00000,31.00000,pos_b_fwd
1815,0.00000,-0.93366,-22.54213,-0.22711,33.00000,31.00000,pos_b_fwd
1820,0.00000,-1.04810,-22.74725,-0.29548,33.00000,31.00000,pos_b_fwd
1825,0.00000,-1.16255,-22.64469,-0.25153,33.00000,31.00000,pos_b_fwd
1830,0.00000,-1.27699,-22.64469,-0.15385,33.00000,31.00000,pos_b_fwd
1835,0.00000,-1.39143,-22.73260,-0.14408,33.00000,31.00000,pos_b_fwd
1840,0.00000,-1.50587,-22.58608,-0.13919,33.00000,31.00000,pos_b_fwd
1845,0.00000,-1.61994,-22.63004,-0.20757,33.00000,31.00000,pos_b_fwd
1850,0.00000,-1.73552,-22.71795,-0.26129,33.00000,31.00000,pos_b_fwd
1855,0.00000,-1.84997,-22.58608,-0.24176,33.00000,31.00000,pos_b_fwd
1860,0.00000,-1.96403,-22.68864,-0.28083,33.00000,31.00000,pos_b_fwd
1866,0.00000,-2.07847,-22.67399,-0.16850,33.00000,31.00000,pos_b_fwd
1871,0.00000,-2.19368,-22.54213,-0.10012,33.00000,31.00000,pos_b_fwd
1876,0.00000,-2.30812,-22.73260,-0.18803,33.00000,31.00000,pos_b_fwd
1881,0.00000,-2.42256,-22.64469,-0.22222,33.00000,31.00000,pos_b_fwd
1886,0.00000,-2.53738,-22.68864,-0.23199,33.00000,31.00000,pos_b_fwd
1891,0.00000,-2.65183,-22.73260,-0.28083,33.00000,31.00000,pos_b_fwd
1896,0.00000,-2.76627,-22.54213,-0.22222,33.00000,31.00000,pos_b_fwd
1901,0.00000,-2.88033,-22.63004,-0.21734,33.00000,31.00000,pos_b_fwd
1906,0.00000,-2.99477,-22.70330,-0.15873,33.00000,31.00000,pos_b_fwd
1911,0.00000,-3.10998,-22.57143,-0.16361,33.00000,31.00000,pos_b_fwd
1916,0.00000,-3.22328,-22.68864,-0.24664,33.00000,31.00000,pos_b_fwd
1921,0.00000,-3.33848,-22.64469,-0.27595,33.00000,31.00000,pos_b_fwd
1926,0.00000,-3.45254,-22.45421,-0.25641,33.00000,31.00000,pos_b_fwd
1931,0.00000,-3.56661,-22.70330,-0.33455,33.00000,31.00000,pos_b_fwd
1936,0.00000,-3.67952,-22.63004,-0.31990,33.00000,31.00000,pos_b_fwd
1941,0.00000,-3.79397,-22.64469,-0.26618,33.00000,31.00000,pos_b_fwd
1946,0.00000,-3.90841,-22.68864,-0.17827,33.00000,31.00000,pos_b_fwd
1951,0.00000,-4.02361,-22.45421,-0.10501,33.00000,31.00000,pos_b_fwd
1957,0.00000,-4.13767,-22.64469,-0.17338,33.00000,31.00000,pos_b_fwd
1962,0.00000,-4.25097,-22.71795,-0.24176,33.00000,31.00000,pos_b_fwd
1967,0.00000,-4.36656,-22.64469,-0.22222,33.00000,31.00000,pos_b_fwd
1972,0.00000,-4.48138,-22.76191,-0.28083,33.00000,31.00000,pos_b_fwd
1977,0.00000,-4.59621,-22.70330,-0.17827,33.00000,31.00000,pos_b_fwd
1982,0.00000,-4.71027,-22.55678,-0.08547,33.00000,31.00000,pos_b_fwd
1987,0.00000,-4.82471,-22.74725,-0.15385,33.00000,31.00000,pos_b_fwd
1992,0.00000,-4.94030,-22.67399,-0.19780,33.00000,31.00000,pos_b_fwd
1997,0.00000,-5.05512,-22.74725,-0.22711,33.00000,31.00000,pos_b_fwd
2002,0.00000,-5.16995,-22.77656,-0.29548,33.00000,31.00000,pos_b_fwd
2007,0.00000,-5.28439,-22.55678,-0.21734,33.00000,31.00000,pos_b_fwd
2012,0.00000,-5.39845,-22.64469,-0.17338,33.00000,31.00000,pos_b_fwd
2017,0.00000,-5.51289,-22.68864,-0.15385,33.00000,31.00000,pos_b_fwd
2022,0.00000,-5.62696,-22.58608,-0.17827,33.00000,31.00000,pos_b_fwd
2027,0.00000,-5.74140,-22.71795,-0.26129,33.00000,31.00000,pos_b_fwd
2032,0.00000,-5.85584,-22.70330,-0.28571,33.00000,31.00000,pos_b_fwd
2037,0.00000,-5.97105,-22.55678,-0.25641,33.00000,31.00000,pos_b_fwd
2042,0.00000,-6.08549,-22.67399,-0.31502,33.00000,31.00000,pos_b_fwd
2048,0.00000,-6.19955,-22.60073,-0.21245,33.00000,31.00000,pos_b_fwd
2053,0.00000,-6.31399,-22.68864,-0.13431,33.00000,31.00000,pos_b_fwd
2058,0.00000,-6.42882,-22.77656,-0.16361,33.00000,31.00000,pos_b_fwd
2063,0.00000,-6.54326,-22.54213,-0.14896,33.00000,31.00000,pos_b_fwd
2068,0.00000,-6.65770,-22.71795,-0.21734,33.00000,31.00000,pos_b_fwd
2073,0.00000,-6.77214,-22.71795,-0.25641,33.00000,31.00000,pos_b_fwd
2078,0.00000,-6.88697,-22.63004,-0.17827,33.00000,31.00000,pos_b_fwd
2083,0.00000,-7.00141,-22.76191,-0.17338,33.00000,31.00000,pos_b_fwd
2088,0.00000,-7.11738,-22.73260,-0.16361,33.00000,31.00000,pos_b_fwd
2093,0.00000,-7.23182,-22.58608,-0.17338,33.00000,31.00000,pos_b_fwd
2098,0.00000,-7.34588,-22.70330,-0.25641,33.00000,31.00000,pos_b_fwd
2103,0.00000,-7.46033,-22.58608,-0.26129,33.00000,31.00000,pos_b_fwd
2108,0.00000,-7.57439,-22.65934,-0.29548,33.00000,31.00000,pos_b_fwd
2113,0.00000,-7.68883,-22.71795,-0.31013,33.00000,31.00000,pos_b_fwd
2118,0.00000,-7.80289,-22.51282,-0.14896,33.00000,31.00000,pos_b_fwd
2123,0.00000,-7.91810,-22.64469,-0.16361,33.00000,31.00000,pos_b_fwd
2128,0.00000,-8.03254,-22.67399,-0.21734,33.00000,31.00000,pos_b_fwd
2133,0.00000,-8.14660,-22.55678,-0.23687,33.00000,31.00000,pos_b_fwd
2139,0.00000,-8.26104,-22.71795,-0.31013,33.00000,31.00000,pos_b_fwd
2144,0.00000,-8.37549,-22.61539,-0.28083,33.00000,31.00000,pos_b_fwd
2149,0.00000,-8.48917,-22.55678,-0.28571,33.00000,31.00000,pos_b_fwd
2154,0.00000,-8.60361,-22.70330,-0.30037,33.00000,31.00000,pos_b_fwd
2159,0.00000,-8.71805,-22.63004,-0.16850,33.00000,31.00000,pos_b_fwd
2164,0.00000,-8.83249,-22.68864,-0.13431,33.00000,31.00000,pos_b_fwd
2169,0.00000,-8.94732,-22.71795,-0.17338,33.00000,31.00000,pos_b_fwd
2174,0.00000,-9.06138,-22.51282,-0.16850,33.00000,31.00000,pos_b_fwd
2179,0.00000,-9.17697,-22.68864,-0.23687,33.00000,31.00000,pos_b_fwd
2184,0.00000,-9.29141,-22.74725,-0.29548,33.00000,31.00000,pos_b_fwd
2189,0.00000,-9.40471,-22.63004,-0.19292,33.00000,31.00000,pos_b_fwd
2194,0.00000,-9.52029,-22.70330,-0.17827,33.00000,31.00000,pos_b_fwd
2199,0.00000,-9.63474,-22.63004,-0.13919,33.00000,31.00000,pos_b_fwd
2204,0.00000,-9.74880,-22.52747,-0.16361,33.00000,31.00000,pos_b_fwd
2209,0.00000,-9.86286,-22.71795,-0.26618,33.00000,31.00000,pos_b_fwd
2214,0.00000,-9.97768,-22.64469,-0.26618,33.00000,31.00000,pos_b_fwd
2219,0.00000,-10.09327,-22.70330,-0.30525,33.00000,31.00000,pos_b_fwd
2224,0.00000,-10.20771,-22.70330,-0.25641,33.00000,31.00000,pos_b_fwd
2230,0.00000,-10.32177,-22.48352,-0.15873,33.00000,31.00000,pos_b_fwd
2235,0.00000,-10.43584,-22.70330,-0.14896,33.00000,31.00000,pos_b_fwd
2240,0.00000,-10.55066,-22.76191,-0.21245,33.00000,31.00000,pos_b_fwd
2245,0.00000,-10.66510,-22.65934,-0.22711,33.00000,31.00000,pos_b_fwd
2250,0.00000,-10.77993,-22.80586,-0.28083,33.00000,31.00000,pos_b_fwd
2255,0.00000,-10.89590,-22.67399,-0.23199,33.00000,31.00000,pos_b_fwd
2260,0.00000,-11.01225,-22.61539,-0.12454,33.00000,31.00000,pos_b_fwd
2265,0.00000,-11.12707,-22.73260,-0.12943,33.00000,31.00000,pos_b_fwd
2270,0.00000,-11.24151,-22.64469,-0.13431,33.00000,31.00000,pos_b_fwd
2275,0.00000,-11.35596,-22.71795,-0.20757,33.00000,31.00000,pos_b_fwd
2280,0.00000,-11.47078,-22.77656,-0.24176,33.00000,31.00000,pos_b_fwd
2285,0.00000,-11.58637,-22.52747,-0.20757,33.00000,31.00000,pos_b_fwd
2290,0.00000,-11.70043,-22.67399,-0.18803,33.00000,31.00000,pos_b_fwd
2295,0.00000,-11.81487,-22.67399,-0.17338,33.00000,31.00000,pos_b_fwd
2300,0.00000,-11.92893,-22.58608,-0.13431,33.00000,31.00000,pos_b_fwd
2305,0.00000,-12.04337,-22.74725,-0.23687,33.00000,31.00000,pos_b_fwd
2311,0.00000,-12.15896,-22.58608,-0.24176,33.00000,31.00000,pos_b_fwd
2316,0.00000,-12.27188,-22.55678,-0.23687,33.00000,31.00000,pos_b_fwd
2321,0.00000,-12.38708,-22.67399,-0.30037,33.00000,31.00000,pos_b_fwd
2326,0.00000,12.49886,-22.60073,-0.28083,33.00000,31.00000,pos_b_fwd
2331,0.00000,12.38441,-22.74725,-0.24664,33.00000,31.00000,pos_b_fwd
2336,0.00000,12.26959,-22.73260,-0.16361,33.00000,31.00000,pos_b_fwd
2341,0.00000,12.15553,-22.54213,-0.15873,33.00000,31.00000,pos_b_fwd
2346,0.00000,12.04108,-22.68864,-0.24664,33.00000,31.00000,pos_b_fwd
2351,0.00000,11.92664,-22.71795,-0.27595,33.00000,31.00000,pos_b_fwd
2356,0.00000,11.81220,-22.61539,-0.26618,33.00000,31.00000,pos_b_fwd
2361,0.00000,11.69623,-22.79121,-0.26129,33.00000,31.00000,pos_b_fwd
2366,0.00000,11.58179,-22.65934,-0.12943,33.00000,31.00000,pos_b_fwd
2371,0.00000,11.46773,-22.58608,-0.11477,33.00000,31.00000,pos_b_fwd
2376,0.00000,11.35328,-22.68864,-0.19780,33.00000,31.00000,pos_b_fwd
2381,0.00000,11.23922,-22.58608,-0.18803,33.00000,31.00000,pos_b_fwd
2386,0.00000,11.12364,-22.68864,-0.26129,33.00000,31.00000,pos_b_fwd
2391,0.00000,11.00957,-22.65934,-0.28083,33.00000,31.00000,pos_b_fwd
2397,0.00000,10.89666,-22.49817,-0.22711,33.00000,31.00000,pos_b_fwd
2402,0.00000,10.78145,-22.67399,-0.27595,33.00000,31.00000,pos_b_fwd
2407,0.00000,10.66701,-22.67399,-0.16361,33.00000,31.00000,pos_b_fwd
2412,0.00000,10.55257,-22.58608,-0.13431,33.00000,31.00000,pos_b_fwd
2417,0.00000,10.43813,-22.71795,-0.21245,33.00000,31.00000,pos_b_fwd
2422,0.00000,10.32254,-22.58608,-0.21245,33.00000,31.00000,pos_b_fwd
2427,0.00000,10.20962,-22.61539,-0.22711,33.00000,31.00000,pos_b_fwd
2432,0.00000,10.09480,-22.77656,-0.31990,33.00000,31.00000,pos_b_fwd
2437,0.00000,9.97921,-22.65934,-0.20269,33.00000,31.00000,pos_b_fwd
2442,0.00000,9.86439,-22.73260,-0.14896,33.00000,31.00000,pos_b_fwd
2447,0.00000,9.74956,-22.73260,-0.19292,33.00000,31.00000,pos_b_fwd
2452,0.00000,9.63512,-22.57143,-0.18315,33.00000,31.00000,pos_b_fwd
2457,0.00000,9.52068,-22.76191,-0.26129,33.00000,31.00000,pos_b_fwd
2462,0.00000,9.40585,-22.76191,-0.28083,33.00000,31.00000,pos_b_fwd
2467,0.00000,9.29141,-22.61539,-0.16850,33.00000,31.00000,pos_b_fwd
2472,0.00000,9.17697,-22.74725,-0.11966,33.00000,31.00000,pos_b_fwd
2477,0.00000,9.06252,-22.61539,-0.12943,33.00000,31.00000,pos_b_fwd
2482,0.00000,8.94732,-22.61539,-0.19292,33.00000,31.00000,pos_b_fwd
2488,0.00000,8.83402,-22.74725,-0.26129,33.00000,31.00000,pos_b_fwd
2493,0.00000,8.71843,-22.58608,-0.23199,33.00000,31.00000,pos_b_fwd
2498,0.00000,8.60399,-22.73260,-0.26129,33.00000,31.00000,pos_b_fwd
2503,0.00000,8.48955,-22.65934,-0.21245,33.00000,31.00000,pos_b_fwd
2508,0.00000,8.37549,-22.48352,-0.06593,33.00000,31.00000,pos_b_fwd
2513,0.00000,8.26028,-22.67399,-0.16850,33.00000,31.00000,pos_b_fwd
2518,0.00000,8.14698,-22.68864,-0.21734,33.00000,31.00000,pos_b_fwd
2523,0.00000,8.03254,-22.64469,-0.22222,33.00000,31.00000,pos_b_fwd
2528,0.00000,7.91657,-22.79121,-0.27106,33.00000,31.00000,pos_b_fwd
2533,0.00000,7.80213,-22.63004,-0.25153,33.00000,31.00000,pos_b_fwd
2538,0.00000,7.68769,-22.61539,-0.14896,33.00000,31.00000,pos_b_fwd
2543,0.00000,7.57324,-22.73260,-0.16361,33.00000,31.00000,pos_b_fwd
2548,0.00000,7.45880,-22.63004,-0.16850,33.00000,31.00000,pos_b_fwd
2553,0.00000,7.34283,-22.76191,-0.24176,33.00000,31.00000,pos_b_fwd
2558,0.00000,7.22915,-22.74725,-0.27595,33.00000,31.00000,pos_b_fwd
2563,0.00000,7.11395,-22.52747,-0.24176,33.00000,31.00000,pos_b_fwd
2568,0.00000,6.99989,-22.70330,-0.25153,33.00000,31.00000,pos_b_fwd
2573,0.00000,6.88544,-22.63004,-0.14896,33.00000,31.00000,pos_b_fwd
2579,0.00000,6.77100,-22.65934,-0.12454,33.00000,31.00000,pos_b_fwd
2584,0.00000,6.65656,-22.73260,-0.20269,33.00000,31.00000,pos_b_fwd
2589,0.00000,6.54211,-22.55678,-0.17827,33.00000,31.00000,pos_b_fwd
2594,0.00000,6.42691,-22.58608,-0.23687,33.00000,31.00000,pos_b_fwd
2599,0.00000,6.31285,-22.70330,-0.28571,33.00000,31.00000,pos_b_fwd
2604,0.00000,6.19840,-22.58608,-0.25153,33.00000,31.00000,pos_b_fwd
2609,0.00000,6.08396,-22.74725,-0.19292,33.00000,31.00000,pos_b_fwd
2614,0.00000,5.96914,-22.71795,-0.17338,33.00000,31.00000,pos_b_fwd
2619,0.00000,5.85393,-22.52747,-0.14896,33.00000,31.00000,pos_b_fwd
2624,0.00000,5.74063,-22.71795,-0.24664,33.00000,31.00000,pos_b_fwd
2629,0.00000,5.62505,-22.68864,-0.24664,33.00000,31.00000,pos_b_fwd
2634,0.00000,5.51060,-22.64469,-0.25153,33.00000,31.00000,pos_b_fwd
2639,0.00000,5.39616,-22.77656,-0.27595,33.00000,31.00000,pos_b_fwd
2644,0.00000,5.28172,-22.61539,-0.17338,33.00000,31.00000,pos_b_fwd
2649,0.00000,5.16728,-22.60073,-0.12943,33.00000,31.00000,pos_b_fwd
2654,0.00000,5.05284,-22.71795,-0.22711,33.00000,31.00000,pos_b_fwd
2659,0.00000,4.93763,-22.58608,-0.23199,33.00000,31.00000,pos_b_fwd
2665,0.00000,4.82433,-22.73260,-0.28571,33.00000,31.00000,pos_b_fwd
2670,0.00000,4.70836,-22.71795,-0.29060,33.00000,31.00000,pos_b_fwd
2675,0.00000,4.59430,-22.52747,-0.20269,33.00000,31.00000,pos_b_fwd
2680,0.00000,4.48367,-21.16483,0.15385,33.00000,31.00000,pos_b_fwd
2685,0.00000,4.38601,-18.45421,0.25641,33.00000,31.00000,pos_b_fwd
2690,0.00000,4.29484,-17.60440,0.07570,33.00000,31.00000,pos_b_fwd
2695,0.00000,4.20710,-16.81319,0.16361,33.00000,31.00000,pos_b_fwd
2700,0.00000,4.12776,-14.93773,0.21245,33.00000,31.00000,pos_b_fwd
2705,0.00000,4.05528,-13.88278,0.10012,33.00000,31.00000,pos_b_fwd
2710,0.00000,3.98623,-13.22344,0.10501,33.00000,31.00000,pos_b_fwd
2715,0.00000,3.92328,-12.12454,0.19292,33.00000,31.00000,pos_b_fwd
2720,0.00000,3.86530,-11.04029,0.13919,33.00000,31.00000,pos_b_fwd
2725,0.00000,3.81151,-10.32234,0.08059,33.00000,31.00000,pos_b_fwd
2730,0.00000,3.76192,-9.66300,0.08547,33.00000,31.00000,pos_b_fwd
2735,0.00000,3.71538,-8.90110,0.10501,33.00000,31.00000,pos_b_fwd
2740,0.00000,3.67266,-8.24176,0.08547,33.00000,31.00000,pos_b_fwd
2745,0.00000,3.63298,-7.55311,0.09035,33.00000,31.00000,pos_b_fwd
2751,0.00000,3.59636,-6.96703,0.09035,33.00000,31.00000,pos_b_fwd
2756,0.00000,3.56279,-6.39560,0.06594,33.00000,31.00000,pos_b_fwd
2761,0.00000,3.53113,-5.97070,0.06105,33.00000,31.00000,pos_b_fwd
2766,0.00000,3.50214,-5.57509,0.04640,33.00000,31.00000,pos_b_fwd
2771,0.00000,3.47505,-5.09158,0.06105,33.00000,31.00000,pos_b_fwd
2776,0.00000,3.45026,-4.75458,0.03663,33.00000,31.00000,pos_b_fwd
2781,0.00000,3.42775,-4.35897,0.02198,33.00000,31.00000,pos_b_fwd
2786,0.00000,3.40639,-4.10989,0.00733,33.00000,31.00000,pos_b_fwd
2791,0.00000,3.38655,-3.75824,0.01221,33.00000,31.00000,pos_b_fwd
2796,0.00000,3.36786,-3.55311,-0.00244,33.00000,31.00000,pos_b_fwd
2801,0.00000,3.35145,-3.17216,-0.00244,33.00000,31.00000,pos_b_fwd
2806,0.00000,3.33581,-3.01099,-0.03663,33.00000,31.00000,pos_b_fwd
2811,0.00000,3.32132,-2.82051,-0.04151,33.00000,31.00000,pos_b_fwd
2816,0.00000,3.30797,-2.51282,-0.02686,33.00000,31.00000,pos_b_fwd
2821,0.00000,3.29576,-2.38095,-0.06105,33.00000,31.00000,pos_b_fwd
2826,0.00000,3.28431,-2.26374,-0.05617,33.00000,31.00000,pos_b_fwd
2831,0.00000,3.27401,-1.92674,-0.06593,33.00000,31.00000,pos_b_fwd
2836,0.00000,3.26410,-1.92674,-0.07570,33.00000,31.00000,pos_b_fwd
2842,0.00000,3.25456,-1.76557,-0.05128,33.00000,31.00000,pos_b_fwd
2847,0.00000,3.24655,-1.56044,-0.06593,33.00000,31.00000,pos_b_fwd
2852,0.00000,3.23854,-1.56044,-0.06593,33.00000,31.00000,pos_b_fwd
2857,0.00000,3.23167,-1.34066,-0.06105,33.00000,31.00000,pos_b_fwd
2862,0.00000,3.22557,-1.16483,-0.10989,33.00000,31.00000,pos_b_fwd
2867,0.00000,3.21870,-1.29670,-0.10012,33.00000,31.00000,pos_b_fwd
2872,0.00000,3.21260,-1.16483,-0.02198,33.00000,31.00000,pos_b_fwd
2877,0.00000,3.20764,-0.91575,-0.04640,33.00000,31.00000,pos_b_fwd
2882,0.00000,3.20306,-0.91575,-0.10501,33.00000,31.00000,pos_b_fwd
2887,0.00000,3.19848,-0.90110,-0.11966,33.00000,31.00000,pos_b_fwd
2892,0.00000,3.19390,-0.87180,-0.09524,33.00000,31.00000,pos_b_fwd
2897,0.00000,3.18971,-0.78388,-0.04640,33.00000,31.00000,pos_b_fwd
2902,0.00000,3.18666,-0.59341,-0.07082,33.00000,31.00000,pos_b_fwd
2907,0.00000,3.18361,-0.60806,-0.11966,33.00000,31.00000,pos_b_fwd
2912,0.00000,3.18055,-0.66667,-0.11966,33.00000,31.00000,pos_b_fwd
2917,0.00000,3.17750,-0.52015,-0.09524,33.00000,31.00000,pos_b_fwd
2922,0.00000,3.17521,-0.49084,-0.10501,33.00000,31.00000,pos_b_fwd
2928,0.00000,3.17254,-0.47619,-0.09035,33.00000,31.00000,pos_b_fwd
2933,0.00000,3.16987,-0.50550,-0.06593,33.00000,31.00000,pos_b_fwd
2938,0.00000,3.16720,-0.43223,-0.02686,33.00000,31.00000,pos_b_fwd
2943,0.00000,3.16529,-0.37363,-0.02686,33.00000,31.00000,pos_b_fwd
2948,0.00000,3.16415,-0.28572,-0.07082,33.00000,31.00000,pos_b_fwd
2953,0.00000,3.16224,-0.34432,-0.09035,33.00000,31.00000,pos_b_fwd
2958,0.00000,3.16148,-0.22711,-0.11477,33.00000,31.00000,pos_b_fwd
2963,0.00000,3.15957,-0.37363,-0.10989,33.00000,31.00000,pos_b_fwd
2968,0.00000,3.15843,-0.19780,-0.08547,33.00000,31.00000,pos_b_fwd
2973,0.00000,3.15766,-0.16850,-0.12943,33.00000,31.00000,pos_b_fwd
2978,0.00000,3.15576,-0.34432,-0.11477,33.00000,31.00000,pos_b_fwd
2983,0.00000,3.15499,-0.15385,-0.07082,33.00000,31.00000,pos_b_fwd
2988,0.00000,3.15461,-0.08059,-0.13431,33.00000,31.00000,pos_b_fwd
2993,0.00000,3.15385,-0.22711,-0.15873,33.00000,31.00000,pos_b_fwd
2998,0.00000,3.15232,-0.27106,-0.09524,33.00000,31.00000,pos_b_fwd
3003,0.00000,3.15194,-0.06593,-0.08547,33.00000,31.00000,pos_b_fwd
3008,0.00000,3.15194,-0.05128,-0.14896,33.00000,31.00000,pos_b_fwd
3013,0.00000,3.15118,-0.13919,-0.18315,33.00000,31.00000,pos_b_fwd
3019,0.00000,3.15080,-0.08059,-0.17827,33.00000,31.00000,pos_b_fwd
3024,0.00000,3.15042,-0.10989,-0.18315,33.00000,31.00000,pos_b_fwd
3029,0.00000,3.14965,-0.16850,-0.14896,33.00000,31.00000,pos_b_fwd
3034,0.00000,3.14851,-0.16850,-0.08547,33.00000,31.00000,pos_b_fwd
3039,0.00000,3.14813,-0.02198,-0.09035,33.00000,31.00000,pos_b_fwd
3044,0.00000,3.14813,-0.03663,-0.13431,33.00000,31.00000,pos_b_fwd
3049,0.00000,3.14775,-0.09524,-0.14896,33.00000,31.00000,pos_b_fwd
3054,0.00000,3.14775,-0.05128,-0.14896,33.00000,31.00000,pos_b_fwd
3059,0.00000,3.14736,-0.05128,-0.15873,33.00000,31.00000,pos_b_fwd
3064,0.00000,3.14736,-0.06593,-0.15385,33.00000,31.00000,pos_b_fwd
3069,0.00000,3.14660,-0.08059,-0.14408,33.00000,31.00000,pos_b_fwd
3074,0.00000,3.14584,-0.12454,-0.10501,33.00000,31.00000,pos_b_fwd
3079,0.00000,3.14507,-0.13919,-0.05128,33.00000,31.00000,pos_b_fwd
3084,0.00000,3.14469,-0.05128,-0.03175,33.00000,31.00000,pos_b_fwd
3089,0.00000,3.14469,-0.02198,-0.06105,33.00000,31.00000,pos_b_fwd
3094,0.00000,3.14469,-0.06593,-0.08547,33.00000,31.00000,pos_b_fwd
3099,0.00000,3.14469,-0.03663,-0.09035,33.00000,31.00000,pos_b_fwd
3104,0.00000,3.14469,-0.02198,-0.10501,33.00000,31.00000,pos_b_fwd
3110,0.00000,3.14431,-0.03663,-0.11477,33.00000,31.00000,pos_b_fwd
3115,0.00000,3.14431,-0.02198,-0.11966,33.00000,31.00000,pos_b_fwd
3120,0.00000,3.14431,-0.00733,-0.12454,33.00000,31.00000,pos_b_fwd
3125,0.00000,3.14431,-0.03663,-0.12943,33.00000,31.00000,pos_b_fwd
3130,0.00000,3.14431,-0.02198,-0.12943,33.00000,31.00000,pos_b_fwd
3135,0.00000,3.14431,-0.00733,-0.13431,33.00000,31.00000,pos_b_fwd
3140,0.00000,3.14431,-0.02198,-0.13431,33.00000,31.00000,pos_b_fwd
3145,0.00000,3.14431,-0.02198,-0.13919,33.00000,31.00000,pos_b_fwd
3150,0.00000,3.14431,-0.00733,-0.13919,33.00000,31.00000,pos_b_fwd
3155,0.00000,3.14431,-0.00733,-0.14408,33.00000,31.00000,pos_b_fwd
3160,0.00000,3.14393,-0.02198,-0.14408,33.00000,31.00000,pos_b_fwd
3165,0.00000,3.14393,-0.00733,-0.14896,33.00000,31.00000,pos_b_fwd
3170,0.00000,3.14393,-0.00733,-0.14408,33.00000,31.00000,pos_b_fwd
3175,0.00000,3.14393,-0.00733,-0.14408,33.00000,31.00000,pos_b_fwd
3180,0.00000,3.14393,-0.00733,-0.14408,33.00000,31.00000,pos_b_fwd
3185,0.00000,3.14393,-0.00733,-0.14896,33.00000,31.00000,pos_b_fwd
3190,0.00000,3.14393,-0.00733,-0.14896,33.00000,31.00000,pos_b_fwd
3195,0.00000,3.14393,-0.00733,-0.14896,33.00000,31.00000,pos_b_fwd
3201,0.00000,3.14393,-0.00733,-0.14896,33.00000,31.00000,pos_b_fwd
3206,0.00000,3.14393,-0.00733,-0.14896,33.00000,31.00000,pos_b_fwd
3211,0.00000,3.14393,-0.00733,-0.14408,33.00000,31.00000,pos_b_fwd
3216,0.00000,3.14393,-0.00733,-0.14408,33.00000,31.00000,pos_b_fwd
3221,0.00000,3.14393,-0.00733,-0.14408,33.00000,31.00000,pos_b_fwd
3226,0.00000,3.14393,-0.00733,-0.14896,33.00000,31.00000,pos_b_fwd
3231,0.00000,3.14393,-0.00733,-0.14896,33.00000,31.00000,pos_b_fwd
3236,0.00000,3.14393,-0.00733,-0.15385,33.00000,31.00000,pos_b_fwd
3241,0.00000,3.14393,-0.00733,-0.14896,33.00000,31.00000,pos_b_fwd
3246,0.00000,3.14393,-0.00733,-0.14896,33.00000,31.00000,pos_b_fwd
3251,0.00000,3.14393,-0.00733,-0.14896,33.00000,31.00000,pos_b_fwd
3256,0.00000,3.14393,-0.00733,-0.14408,33.00000,31.00000,pos_b_fwd
3261,0.00000,3.14393,-0.00733,-0.14408,33.00000,31.00000,pos_b_fwd
3266,0.00000,3.14393,-0.00733,-0.14896,33.00000,31.00000,pos_b_fwd
3271,0.00000,3.14393,-0.00733,-0.14896,33.00000,31.00000,pos_b_fwd
3276,0.00000,3.14393,-0.00733,-0.14896,33.00000,31.00000,pos_b_fwd
3281,0.00000,3.14393,-0.00733,-0.14408,33.00000,31.00000,pos_b_fwd
3286,0.00000,3.14393,-0.00733,-0.14896,33.00000,31.00000,pos_b_fwd
3292,0.00000,3.14393,-0.00733,-0.14896,33.00000,31.00000,pos_b_fwd
3297,0.00000,3.14393,-0.00733,-0.14896,33.00000,31.00000,pos_b_fwd
3302,0.00000,3.14393,-0.00733,-0.14896,33.00000,31.00000,pos_b_fwd
3307,0.00000,3.14393,-0.00733,-0.14896,33.00000,31.00000,pos_b_fwd
3312,0.00000,3.14393,-0.00733,-0.14408,33.00000,31.00000,pos_b_fwd
3317,0.00000,3.14393,-0.00733,-0.14896,33.00000,31.00000,pos_b_fwd
3322,0.00000,3.14393,-0.00733,-0.14408,33.00000,31.00000,pos_b_fwd
3327,0.00000,3.14393,-0.00733,-0.14896,33.00000,31.00000,pos_b_fwd
3332,0.00000,3.14393,-0.00733,-0.14896,33.00000,31.00000,pos_b_fwd
3337,0.00000,3.14393,-0.00733,-0.14896,33.00000,31.00000,pos_b_fwd
3342,0.00000,3.14393,-0.00733,-0.14896,33.00000,31.00000,pos_b_fwd
3347,0.00000,3.14393,-0.00733,-0.14896,33.00000,31.00000,pos_b_fwd
3352,0.00000,3.14393,-0.00733,-0.14896,33.00000,31.00000,pos_b_fwd
3357,0.00000,3.14393,-0.00733,-0.14896,33.00000,31.00000,pos_b_fwd
3362,0.00000,3.14393,-0.00733,-0.14896,33.00000,31.00000,pos_b_fwd
3367,0.00000,3.14393,-0.00733,-0.14896,33.00000,31.00000,pos_b_fwd
3372,0.00000,3.14393,-0.00733,-0.14896,33.00000,31.00000,pos_b_fwd
3378,0.00000,3.14393,-0.00733,-0.14896,33.00000,31.00000,pos_b_fwd
3383,0.00000,3.14393,-0.00733,-0.14896,33.00000,31.00000,pos_b_fwd
3388,0.00000,3.14393,-0.00733,-0.14896,33.00000,31.00000,pos_b_fwd
3393,0.00000,3.14393,-0.00733,-0.14896,33.00000,31.00000,pos_b_fwd
3398,0.00000,3.14393,-0.00733,-0.14896,33.00000,31.00000,pos_b_fwd
3403,0.00000,3.14393,-0.00733,-0.14896,33.00000,31.00000,pos_b_fwd
3408,0.00000,3.14393,-0.00733,-0.14896,33.00000,31.00000,pos_b_fwd
3413,0.00000,3.14393,-0.00733,-0.14896,33.00000,31.00000,pos_b_fwd
3418,0.00000,3.14393,-0.00733,-0.14896,33.00000,31.00000,pos_b_fwd
3423,0.00000,3.14393,-0.00733,-0.14896,33.00000,31.00000,pos_b_fwd
3428,0.00000,3.14393,-0.00733,-0.14408,33.00000,31.00000,pos_b_fwd
3433,0.00000,3.14393,-0.00733,-0.14408,33.00000,31.00000,pos_b_fwd
3438,0.00000,3.14393,-0.00733,-0.14896,33.00000,31.00000,pos_b_fwd
3443,0.00000,3.14393,-0.00733,-0.14896,33.00000,31.00000,pos_b_fwd
3448,0.00000,3.14393,-0.00733,-0.14896,33.00000,31.00000,pos_b_fwd
3453,0.00000,3.14393,-0.00733,-0.14896,33.00000,31.00000,pos_b_fwd
3458,0.00000,3.14393,-0.00733,-0.14896,33.00000,31.00000,pos_b_fwd
3463,0.00000,3.14393,-0.00733,-0.14896,33.00000,31.00000,pos_b_fwd
3468,0.00000,3.14393,-0.00733,-0.14896,33.00000,31.00000,pos_b_fwd
3474,0.00000,3.14393,-0.00733,-0.14408,33.00000,31.00000,pos_b_fwd
3479,0.00000,3.14393,-0.00733,-0.14896,33.00000,31.00000,pos_b_fwd
3484,0.00000,3.14393,-0.00733,-0.14408,33.00000,31.00000,pos_b_fwd
3489,0.00000,3.14393,-0.00733,-0.14408,33.00000,31.00000,pos_b_fwd
3494,0.00000,3.14393,-0.00733,-0.14896,33.00000,31.00000,pos_b_fwd
3499,0.00000,3.14393,-0.00733,-0.14896,33.00000,31.00000,pos_b_fwd
3504,0.00000,3.14393,-0.00733,-0.14896,33.00000,31.00000,pos_b_fwd
3509,0.00000,3.14393,-0.00733,-0.14896,33.00000,31.00000,pos_b_fwd
3514,0.00000,3.14393,-0.00733,-0.14896,33.00000,31.00000,pos_b_fwd
3519,0.00000,3.14393,-0.00733,-0.14896,33.00000,31.00000,pos_b_fwd
3524,0.00000,3.14393,-0.00733,-0.14896,33.00000,31.00000,pos_b_fwd
3529,0.00000,3.14393,-0.00733,-0.14896,33.00000,31.00000,pos_b_fwd
3534,0.00000,3.14393,-0.00733,-0.14896,33.00000,31.00000,pos_b_fwd
3539,0.00000,3.14393,-0.00733,-0.14896,33.00000,31.00000,pos_b_fwd
3544,0.00000,3.14393,-0.00733,-0.14896,33.00000,31.00000,pos_b_fwd
3549,0.00000,3.14393,-0.00733,-0.14896,33.00000,31.00000,pos_b_fwd
3554,0.00000,3.14393,-0.00733,-0.14896,33.00000,31.00000,pos_b_fwd
3559,0.00000,3.14393,-0.00733,-0.14896,33.00000,31.00000,pos_b_fwd
3565,0.00000,3.14393,-0.00733,-0.14896,33.00000,31.00000,pos_b_fwd
3570,0.00000,3.14393,-0.00733,-0.14896,33.00000,31.00000,pos_b_fwd
3575,0.00000,3.14393,-0.00733,-0.14408,33.00000,31.00000,pos_b_fwd
3580,0.00000,3.14393,-0.00733,-0.14896,33.00000,31.00000,pos_b_fwd
3585,0.00000,3.14393,-0.00733,-0.14896,33.00000,31.00000,pos_b_fwd
3590,0.00000,3.14393,-0.00733,-0.14896,33.00000,31.00000,pos_b_fwd
3595,0.00000,3.14393,-0.00733,-0.14896,33.00000,31.00000,pos_b_fwd
3600,0.00000,3.14393,-0.00733,-0.14896,33.00000,31.00000,pos_b_fwd
3605,0.00000,3.14393,-0.00733,-0.14896,33.00000,31.00000,pos_b_fwd
3610,0.00000,3.14393,-0.00733,-0.14896,33.00000,31.00000,pos_b_fwd
3615,0.00000,3.14393,-0.00733,-0.15385,33.00000,31.00000,pos_b_fwd
3620,0.00000,3.14393,-0.00733,-0.14896,33.00000,31.00000,pos_b_fwd
3625,0.00000,3.14393,-0.00733,-0.14896,33.00000,31.00000,pos_b_fwd
3630,0.00000,3.14393,-0.00733,-0.14896,33.00000,31.00000,pos_b_fwd
3635,0.00000,3.14393,-0.00733,-0.14896,33.00000,31.00000,pos_b_fwd
3640,0.00000,3.14393,-0.00733,-0.14896,33.00000,31.00000,pos_b_fwd
3645,0.00000,3.14393,-0.00733,-0.14896,33.00000,31.00000,pos_b_fwd
3650,0.00000,3.14393,-0.00733,-0.14896,33.00000,31.00000,pos_b_fwd
3656,0.00000,3.14393,-0.00733,-0.14896,33.00000,31.00000,pos_b_fwd
3661,0.00000,3.14393,-0.00733,-0.14896,33.00000,31.00000,pos_b_fwd
3666,0.00000,3.14393,-0.00733,-0.14896,33.00000,31.00000,pos_b_fwd
3671,0.00000,3.14393,-0.00733,-0.14896,33.00000,31.00000,pos_b_fwd
3676,0.00000,3.14393,-0.00733,-0.14896,33.00000,31.00000,pos_b_fwd
3681,0.00000,3.14393,-0.00733,-0.14896,33.00000,31.00000,pos_b_fwd
3686,0.00000,3.14393,-0.00733,-0.14896,33.00000,31.00000,pos_b_fwd
3691,0.00000,3.14393,-0.00733,-0.14896,33.00000,31.00000,pos_b_fwd
3696,0.00000,3.14393,-0.00733,-0.14408,33.00000,31.00000,pos_b_fwd
3701,0.00000,3.14393,-0.00733,-0.14896,33.00000,31.00000,pos_b_fwd
3706,0.00000,3.14393,-0.00733,-0.14896,33.00000,31.00000,pos_b_fwd
3711,0.00000,3.14393,-0.00733,-0.14896,33.00000,31.00000,pos_b_fwd
3716,0.00000,3.14393,-0.00733,-0.14896,33.00000,31.00000,pos_b_fwd
3721,0.00000,3.14393,-0.00733,-0.14896,33.00000,31.00000,pos_b_fwd
3726,0.00000,3.14393,-0.00733,-0.14896,33.00000,31.00000,pos_b_fwd
3731,0.00000,3.14393,-0.00733,-0.14896,33.00000,31.00000,pos_b_fwd
3736,0.00000,3.14393,-0.00733,-0.14896,33.00000,31.00000,pos_b_fwd
3742,0.00000,3.14393,-0.00733,-0.14896,33.00000,31.00000,pos_b_fwd
3747,0.00000,3.14393,-0.00733,-0.14408,33.00000,31.00000,pos_b_fwd
3752,0.00000,3.14393,-0.00733,-0.14896,33.00000,31.00000,pos_b_fwd
3757,0.00000,3.14393,-0.00733,-0.14408,33.00000,31.00000,pos_b_fwd
3762,0.00000,3.14393,-0.00733,-0.14896,33.00000,31.00000,pos_b_fwd
3767,0.00000,3.14393,-0.00733,-0.14896,33.00000,31.00000,pos_b_fwd
3772,0.00000,3.14393,-0.00733,-0.14896,33.00000,31.00000,pos_b_fwd
3777,0.00000,3.14393,-0.00733,-0.14896,33.00000,31.00000,pos_b_fwd
3782,0.00000,3.14393,-0.00733,-0.14896,33.00000,31.00000,pos_b_fwd
3787,0.00000,3.14393,-0.00733,-0.14896,33.00000,31.00000,pos_b_fwd
3792,0.00000,3.14393,-0.00733,-0.14896,33.00000,31.00000,pos_b_fwd
3797,0.00000,3.14393,-0.00733,-0.14896,33.00000,31.00000,pos_b_fwd
3802,0.00000,3.14393,-0.00733,-0.14896,33.00000,31.00000,pos_b_fwd
3807,0.00000,3.14393,-0.00733,-0.14896,33.00000,31.00000,pos_b_fwd
3812,0.00000,3.14393,-0.00733,-0.14896,33.00000,31.00000,pos_b_fwd
3817,0.00000,3.14393,-0.00733,-0.14896,33.00000,31.00000,pos_b_fwd
3822,0.00000,3.14393,-0.00733,-0.14896,33.00000,31.00000,pos_b_fwd
3827,0.00000,3.14393,-0.00733,-0.14896,33.00000,31.00000,pos_b_fwd
3833,0.00000,3.14393,-0.00733,-0.14896,33.00000,31.00000,pos_b_fwd
3838,0.00000,3.14393,-0.00733,-0.14408,33.00000,31.00000,pos_b_fwd
3843,0.00000,3.14393,-0.00733,-0.14896,33.00000,31.00000,pos_b_fwd
3848,0.00000,3.14393,-0.00733,-0.14896,33.00000,31.00000,pos_b_fwd
3853,0.00000,3.14393,-0.00733,-0.14896,33.00000,31.00000,pos_b_fwd
3858,0.00000,3.14393,-0.00733,-0.14896,33.00000,31.00000,pos_b_fwd
3863,0.00000,3.14393,-0.00733,-0.14896,33.00000,31.00000,pos_b_fwd
3868,0.00000,3.14393,-0.00733,-0.14896,33.00000,31.00000,pos_b_fwd
3873,0.00000,3.14393,-0.00733,-0.14896,33.00000,31.00000,pos_b_fwd
3878,0.00000,3.14393,-0.00733,-0.14408,33.00000,31.00000,pos_b_fwd
3883,0.00000,3.14393,-0.00733,-0.14408,33.00000,31.00000,pos_b_fwd
3888,0.00000,3.14393,-0.00733,-0.14896,33.00000,31.00000,pos_b_fwd
3893,0.00000,3.14393,-0.00733,-0.14896,33.00000,31.00000,pos_b_fwd
3898,0.00000,3.14393,-0.00733,-0.14896,33.00000,31.00000,pos_b_fwd
3903,0.00000,3.14393,-0.00733,-0.14896,33.00000,31.00000,pos_b_fwd
3908,0.00000,3.14393,-0.00733,-0.14896,33.00000,31.00000,pos_b_fwd
3913,0.00000,3.14393,-0.00733,-0.14896,33.00000,31.00000,pos_b_fwd
3918,0.00000,3.14393,-0.00733,-0.14896,33.00000,31.00000,pos_b_fwd
3924,0.00000,3.14393,-0.00733,-0.14896,33.00000,31.00000,pos_b_fwd
3929,0.00000,3.14393,-0.00733,-0.14896,33.00000,31.00000,pos_b_fwd
3934,0.00000,3.14393,-0.00733,-0.14896,33.00000,31.00000,pos_b_fwd
3939,0.00000,3.14393,-0.00733,-0.14408,33.00000,31.00000,pos_b_fwd
3944,0.00000,3.14393,-0.00733,-0.14896,33.00000,31.00000,pos_b_fwd
3949,0.00000,3.14393,-0.00733,-0.14896,33.00000,31.00000,pos_b_fwd
3954,0.00000,3.14393,-0.00733,-0.14896,33.00000,31.00000,pos_b_fwd
3959,0.00000,3.14393,-0.00733,-0.15385,33.00000,31.00000,pos_b_fwd
3964,0.00000,3.14393,-0.00733,-0.14896,33.00000,31.00000,pos_b_fwd
3969,0.00000,3.14393,-0.00733,-0.14896,33.00000,31.00000,pos_b_fwd
3974,0.00000,3.14393,-0.00733,-0.14896,33.00000,31.00000,pos_b_fwd
3979,0.00000,3.14393,-0.00733,-0.14896,33.00000,31.00000,pos_b_fwd
3984,0.00000,3.14393,-0.00733,-0.14896,33.00000,31.00000,pos_b_fwd
3989,0.00000,3.14393,-0.00733,-0.14896,33.00000,31.00000,pos_b_fwd
3994,0.00000,3.14393,-0.00733,-0.14896,33.00000,31.00000,pos_b_fwd
3999,0.00000,3.14393,-0.00733,-0.14896,33.00000,31.00000,pos_b_fwd
4004,0.00000,3.14393,-0.00733,-0.14896,33.00000,31.00000,pos_b_fwd
4009,0.00000,3.14393,-0.00733,-0.14896,33.00000,31.00000,pos_b_fwd
4015,0.00000,3.14393,-0.00733,-0.14896,33.00000,31.00000,pos_b_fwd
4020,0.00000,3.14393,-0.00733,-0.14896,33.00000,31.00000,pos_b_fwd
4025,0.00000,3.14393,-0.00733,-0.14896,33.00000,31.00000,pos_b_fwd
4030,0.00000,3.14393,-0.00733,-0.14408,33.00000,31.00000,pos_b_fwd
4035,0.00000,3.14393,-0.00733,-0.14408,33.00000,31.00000,pos_b_fwd
4040,0.00000,3.14393,-0.00733,-0.14896,33.00000,31.00000,pos_b_fwd
4045,0.00000,3.14393,-0.00733,-0.14896,33.00000,31.00000,pos_b_fwd
4050,0.00000,3.14393,-0.00733,-0.14408,33.00000,31.00000,pos_b_fwd
4055,0.00000,3.14393,-0.00733,-0.14408,33.00000,31.00000,pos_b_fwd
4060,0.00000,3.14393,-0.00733,-0.14408,33.00000,31.00000,pos_b_fwd
4065,0.00000,3.14393,-0.00733,-0.14896,33.00000,31.00000,pos_b_fwd
4070,0.00000,3.14393,-0.00733,-0.14408,33.00000,31.00000,pos_b_fwd
4075,0.00000,3.14393,-0.00733,-0.14408,33.00000,31.00000,pos_b_fwd
4080,0.00000,3.14393,-0.00733,-0.14896,33.00000,31.00000,pos_b_fwd
4085,0.00000,3.14393,-0.00733,-0.14896,33.00000,31.00000,pos_b_fwd
4090,0.00000,3.14393,-0.00733,-0.14896,33.00000,31.00000,pos_b_fwd
4095,0.00000,3.14393,-0.00733,-0.14408,33.00000,31.00000,pos_b_fwd
4101,0.00000,3.14393,-0.00733,-0.14896,33.00000,31.00000,pos_b_fwd
4106,0.00000,3.14393,-0.00733,-0.14896,33.00000,31.00000,pos_b_fwd
4111,0.00000,3.14393,-0.00733,-0.14896,33.00000,31.00000,pos_b_fwd
4116,0.00000,3.14393,-0.00733,-0.14408,33.00000,31.00000,pos_b_fwd
4121,0.00000,3.14393,-0.00733,-0.14896,33.00000,31.00000,pos_b_fwd
4126,0.00000,3.14393,-0.00733,-0.14408,33.00000,31.00000,pos_b_fwd
4131,0.00000,3.14393,-0.00733,-0.14896,33.00000,31.00000,pos_b_fwd
4136,0.00000,3.14393,-0.00733,-0.14896,33.00000,31.00000,pos_b_fwd
4141,0.00000,3.14393,-0.00733,-0.14408,33.00000,31.00000,pos_b_fwd
4146,0.00000,3.14393,-0.00733,-0.14896,33.00000,31.00000,pos_b_fwd
4151,0.00000,3.14393,-0.00733,-0.14896,33.00000,31.00000,pos_b_fwd
4156,0.00000,3.14393,-0.00733,-0.14408,33.00000,31.00000,pos_b_fwd
4161,0.00000,3.14393,-0.00733,-0.14896,33.00000,31.00000,pos_b_fwd
4166,0.00000,3.14393,-0.00733,-0.14896,33.00000,31.00000,pos_b_fwd
4171,0.00000,3.14393,-0.00733,-0.14896,33.00000,31.00000,pos_b_fwd
4176,0.00000,3.14393,-0.00733,-0.14896,33.00000,31.00000,pos_b_fwd
4181,0.00000,3.14393,-0.00733,-0.14896,33.00000,31.00000,pos_b_fwd
4186,0.00000,3.14393,-0.00733,-0.14896,33.00000,31.00000,pos_b_fwd
4192,0.00000,3.14393,-0.00733,-0.14896,33.00000,31.00000,pos_b_fwd
4197,0.00000,3.14393,-0.00733,-0.14896,33.00000,31.00000,pos_b_fwd
4202,0.00000,3.14393,-0.00733,-0.14896,33.00000,31.00000,pos_b_fwd
4207,0.00000,3.14393,-0.00733,-0.14408,33.00000,31.00000,pos_b_fwd
4212,0.00000,3.14393,-0.00733,-0.14896,33.00000,31.00000,pos_b_fwd
4217,0.00000,3.14393,-0.00733,-0.14896,33.00000,31.00000,pos_b_fwd
4222,0.00000,3.14393,-0.00733,-0.14896,33.00000,31.00000,pos_b_fwd
4227,0.00000,3.14393,-0.00733,-0.14896,33.00000,31.00000,pos_b_fwd
4232,0.00000,3.14393,-0.00733,-0.14408,33.00000,31.00000,pos_b_fwd
4237,0.00000,3.14393,-0.00733,-0.14896,33.00000,31.00000,pos_b_fwd
4242,0.00000,3.14393,-0.00733,-0.14896,33.00000,31.00000,pos_b_fwd
4247,0.00000,3.14393,-0.00733,-0.14896,33.00000,31.00000,pos_b_fwd
4252,0.00000,3.14393,-0.00733,-0.14896,33.00000,31.00000,pos_b_fwd
4257,0.00000,3.14393,-0.00733,-0.14896,33.00000,31.00000,pos_b_fwd
4262,0.00000,3.14393,-0.00733,-0.14896,33.00000,31.00000,pos_b_fwd
4267,0.00000,3.14393,-0.00733,-0.14408,33.00000,31.00000,pos_b_fwd
4272,0.00000,3.14393,-0.00733,-0.14408,33.00000,31.00000,pos_b_fwd
4277,0.00000,3.14393,-0.00733,-0.14896,33.00000,31.00000,pos_b_fwd
4283,0.00000,3.14393,-0.00733,-0.14896,33.00000,31.00000,pos_b_fwd
4288,0.00000,3.14393,-0.00733,-0.14896,33.00000,31.00000,pos_b_fwd
4293,0.00000,3.14393,-0.00733,-0.14896,33.00000,31.00000,pos_b_fwd
4298,0.00000,3.14393,-0.00733,-0.14408,33.00000,31.00000,pos_b_fwd
4303,0.00000,3.14393,-0.00733,-0.14408,33.00000,31.00000,pos_b_fwd
4308,0.00000,3.14393,-0.00733,-0.14896,33.00000,31.00000,pos_b_fwd
4313,0.00000,3.14393,-0.00733,-0.14896,33.00000,31.00000,pos_b_fwd
4318,0.00000,3.14393,-0.00733,-0.14896,33.00000,31.00000,pos_b_fwd
4323,0.00000,3.14393,-0.00733,-0.14896,33.00000,31.00000,pos_b_fwd
4328,0.00000,3.14393,-0.00733,-0.14896,33.00000,31.00000,pos_b_fwd
4333,0.00000,3.14393,-0.00733,-0.14896,33.00000,31.00000,pos_b_fwd
4338,0.00000,3.14393,-0.00733,-0.14896,33.00000,31.00000,pos_b_fwd
4343,0.00000,3.14393,-0.00733,-0.14408,33.00000,31.00000,pos_b_fwd
4348,0.00000,3.14393,-0.00733,-0.14896,33.00000,31.00000,pos_b_fwd
4353,0.00000,3.14393,-0.00733,-0.14896,33.00000,31.00000,pos_b_fwd
4358,0.00000,3.14393,-0.00733,-0.14408,33.00000,31.00000,pos_b_fwd
4363,0.00000,3.14393,-0.00733,-0.14896,33.00000,31.00000,pos_b_fwd
4369,0.00000,3.14393,-0.00733,-0.14896,33.00000,31.00000,pos_b_fwd
4374,0.00000,3.14393,-0.00733,-0.14896,33.00000,31.00000,pos_b_fwd
4379,0.00000,3.14393,-0.00733,-0.14896,33.00000,31.00000,pos_b_fwd
4384,0.00000,3.14393,-0.00733,-0.14896,33.00000,31.00000,pos_b_fwd
4389,0.00000,3.14393,-0.00733,-0.14896,33.00000,31.00000,pos_b_fwd
4394,0.00000,3.14393,-0.00733,-0.14896,33.00000,31.00000,pos_b_fwd
4399,0.00000,3.14393,-0.00733,-0.14896,33.00000,31.00000,pos_b_fwd
4404,0.00000,3.14393,-0.00733,-0.14896,33.00000,31.00000,pos_b_fwd
4409,0.00000,3.14393,-0.00733,-0.14896,33.00000,31.00000,pos_b_fwd
4414,0.00000,3.14393,-0.00733,-0.14408,33.00000,31.00000,pos_b_fwd
4419,0.00000,3.14393,-0.00733,-0.14896,33.00000,31.00000,pos_b_fwd
4424,0.00000,3.14393,-0.00733,-0.14896,33.00000,31.00000,pos_b_fwd
4429,0.00000,3.14393,-0.00733,-0.14896,33.00000,31.00000,pos_b_fwd
4434,0.00000,3.14393,-0.00733,-0.14896,33.00000,31.00000,pos_b_fwd
4439,0.00000,3.14393,-0.00733,-0.14896,33.00000,31.00000,pos_b_fwd
4444,0.00000,3.14393,-0.00733,-0.14896,33.00000,31.00000,pos_b_fwd
4449,0.00000,3.14393,-0.00733,-0.14896,33.00000,31.00000,pos_b_fwd
4454,0.00000,3.14393,-0.00733,-0.14896,33.00000,31.00000,pos_b_fwd
4460,0.00000,3.14393,-0.00733,-0.14896,33.00000,31.00000,pos_b_fwd
4465,0.00000,3.14393,-0.00733,-0.14896,33.00000,31.00000,pos_b_fwd
4470,0.00000,3.14393,-0.00733,-0.14896,33.00000,31.00000,pos_b_fwd
4475,0.00000,3.14393,-0.00733,-0.14896,33.00000,31.00000,pos_b_fwd
4480,0.00000,3.14393,-0.00733,-0.14896,33.00000,31.00000,pos_b_fwd
4485,0.00000,3.14393,-0.00733,-0.14408,33.00000,31.00000,pos_b_fwd
4490,0.00000,3.14393,-0.00733,-0.14408,33.00000,31.00000,pos_b_fwd
4495,0.00000,3.14393,-0.00733,-0.14896,33.00000,31.00000,pos_b_fwd
4500,0.00000,3.14393,-0.00733,-0.14408,33.00000,31.00000,pos_b_fwd
4505,0.00000,3.14393,-0.00733,-0.14408,33.00000,31.00000,pos_b_fwd
4510,0.00000,3.14393,-0.00733,-0.14408,33.00000,31.00000,pos_b_fwd
4515,0.00000,3.14393,-0.00733,-0.14896,33.00000,31.00000,pos_b_fwd
4520,0.00000,3.14393,-0.00733,-0.14896,33.00000,31.00000,pos_b_fwd
4525,0.00000,3.14393,-0.00733,-0.14896,33.00000,31.00000,pos_b_fwd
4530,0.00000,3.14393,-0.00733,-0.14896,33.00000,31.00000,pos_b_fwd
4535,0.00000,3.14393,-0.00733,-0.14408,33.00000,31.00000,pos_b_fwd
4540,0.00000,3.14393,-0.00733,-0.14896,33.00000,31.00000,pos_b_fwd
4545,0.00000,3.14393,-0.00733,-0.14896,33.00000,31.00000,pos_b_fwd
4551,0.00000,3.14393,-0.00733,-0.14896,33.00000,31.00000,pos_b_fwd
4556,0.00000,3.14393,-0.00733,-0.14896,33.00000,31.00000,pos_b_fwd
4561,0.00000,3.14393,-0.00733,-0.14896,33.00000,31.00000,pos_b_fwd
4566,0.00000,3.14393,-0.00733,-0.14896,33.00000,31.00000,pos_b_fwd
4571,0.00000,3.14393,-0.00733,-0.14896,33.00000,31.00000,pos_b_fwd
4576,0.00000,3.14393,-0.00733,-0.14896,33.00000,31.00000,pos_b_fwd
4581,0.00000,3.14393,-0.00733,-0.14896,33.00000,31.00000,pos_b_fwd
4586,0.00000,3.14393,-0.00733,-0.14896,33.00000,31.00000,pos_b_fwd
4591,0.00000,3.14393,-0.00733,-0.14896,33.00000,31.00000,pos_b_fwd
4596,0.00000,3.14393,-0.00733,-0.14896,33.00000,31.00000,pos_b_fwd
4601,0.00000,3.14393,-0.00733,-0.14896,33.00000,31.00000,pos_b_fwd
4606,0.00000,3.14393,-0.00733,-0.14408,33.00000,31.00000,pos_b_fwd
4611,0.00000,3.14393,-0.00733,-0.14896,33.00000,31.00000,pos_b_fwd
4616,0.00000,3.14393,-0.00733,-0.14408,33.00000,31.00000,pos_b_fwd
4621,0.00000,3.14393,-0.00733,-0.14896,33.00000,31.00000,pos_b_fwd
4626,0.00000,3.14393,-0.00733,-0.14896,33.00000,31.00000,pos_b_fwd
4631,0.00000,3.14393,-0.00733,-0.14896,33.00000,31.00000,pos_b_fwd
4637,0.00000,3.14393,-0.00733,-0.14896,33.00000,31.00000,pos_b_fwd
4642,0.00000,3.14393,-0.00733,-0.14896,33.00000,31.00000,pos_b_fwd
4647,0.00000,3.14393,-0.00733,-0.14896,33.00000,31.00000,pos_b_fwd
4652,0.00000,3.14393,-0.00733,-0.14896,33.00000,31.00000,pos_b_fwd
4657,0.00000,3.14393,-0.00733,-0.14896,33.00000,31.00000,pos_b_fwd
4662,0.00000,3.14393,-0.00733,-0.14896,33.00000,31.00000,pos_b_fwd
4667,0.00000,3.14393,-0.00733,-0.14408,33.00000,31.00000,pos_b_fwd
4672,0.00000,3.14393,-0.00733,-0.14408,33.00000,31.00000,pos_b_fwd
4677,0.00000,3.14393,-0.00733,-0.14408,33.00000,31.00000,pos_b_fwd
4682,0.00000,3.14393,-0.00733,-0.14408,33.00000,31.00000,pos_b_fwd
4687,0.00000,3.14393,-0.00733,-0.14408,33.00000,31.00000,pos_b_fwd
4692,0.00000,3.14393,-0.00733,-0.14896,33.00000,31.00000,pos_b_fwd
4697,0.00000,3.14393,-0.00733,-0.14408,33.00000,31.00000,pos_b_fwd
4702,0.00000,3.14393,-0.00733,-0.14408,33.00000,31.00000,pos_b_fwd
4707,0.00000,3.14393,-0.00733,-0.14896,33.00000,31.00000,pos_b_fwd
4712,0.00000,3.14393,-0.00733,-0.14408,33.00000,31.00000,pos_b_fwd
4717,0.00000,3.14393,-0.00733,-0.14896,33.00000,31.00000,pos_b_fwd
4723,0.00000,3.14393,-0.00733,-0.14896,33.00000,31.00000,pos_b_fwd
4728,0.00000,3.14393,-0.00733,-0.14896,33.00000,31.00000,pos_b_fwd
4733,0.00000,3.14393,-0.00733,-0.14896,33.00000,31.00000,pos_b_fwd
4738,0.00000,3.14393,-0.00733,-0.14896,33.00000,31.00000,pos_b_fwd
4743,0.00000,3.14393,-0.00733,-0.14896,33.00000,31.00000,pos_b_fwd
4748,0.00000,3.14393,-0.00733,-0.14896,33.00000,31.00000,pos_b_fwd
4753,0.00000,3.14393,-0.00733,-0.14896,33.00000,31.00000,pos_b_fwd
4758,0.00000,3.14393,-0.00733,-0.14896,33.00000,31.00000,pos_b_fwd
4763,0.00000,3.14393,-0.00733,-0.14896,33.00000,31.00000,pos_b_fwd
4768,0.00000,3.14393,-0.00733,-0.14896,33.00000,31.00000,pos_b_fwd
4773,0.00000,3.14393,-0.00733,-0.14896,33.00000,31.00000,pos_b_fwd
4778,0.00000,3.14393,-0.00733,-0.14896,33.00000,31.00000,pos_b_fwd
4783,0.00000,3.14393,-0.00733,-0.14896,33.00000,31.00000,pos_b_fwd
4788,0.00000,3.14393,-0.00733,-0.14896,33.00000,31.00000,pos_b_fwd
4793,0.00000,3.14393,-0.00733,-0.14896,33.00000,31.00000,pos_b_fwd
4798,0.00000,3.14393,-0.00733,-0.14896,33.00000,31.00000,pos_b_fwd
4803,0.00000,3.14393,-0.00733,-0.14896,33.00000,31.00000,pos_b_fwd
4808,0.00000,3.14393,-0.00733,-0.14896,33.00000,31.00000,pos_b_fwd
4814,0.00000,3.14393,-0.00733,-0.14896,33.00000,31.00000,pos_b_fwd
4819,0.00000,3.14393,-0.00733,-0.14896,33.00000,31.00000,pos_b_fwd
4824,0.00000,3.14393,-0.00733,-0.14408,33.00000,31.00000,pos_b_fwd
4829,0.00000,3.14393,-0.00733,-0.14408,33.00000,31.00000,pos_b_fwd
4834,0.00000,3.14393,-0.00733,-0.14408,33.00000,31.00000,pos_b_fwd
4839,0.00000,3.14393,-0.00733,-0.14408,33.00000,31.00000,pos_b_fwd
4844,0.00000,3.14393,-0.00733,-0.14896,33.00000,31.00000,pos_b_fwd
4849,0.00000,3.14393,-0.00733,-0.14896,33.00000,31.00000,pos_b_fwd
4854,0.00000,3.14393,-0.00733,-0.14408,33.00000,31.00000,pos_b_fwd
4859,0.00000,3.14393,-0.00733,-0.14408,33.00000,31.00000,pos_b_fwd
4864,0.00000,3.14393,-0.00733,-0.14896,33.00000,31.00000,pos_b_fwd
4869,0.00000,3.14393,-0.00733,-0.14896,33.00000,31.00000,pos_b_fwd
4874,0.00000,3.14393,-0.00733,-0.14896,33.00000,31.00000,pos_b_fwd
4879,0.00000,3.14393,-0.00733,-0.14896,33.00000,31.00000,pos_b_fwd
4884,0.00000,3.14393,-0.00733,-0.14896,33.00000,31.00000,pos_b_fwd
4889,0.00000,3.14393,-0.00733,-0.14896,33.00000,31.00000,pos_b_fwd
4894,0.00000,3.14393,-0.00733,-0.14896,33.00000,31.00000,pos_b_fwd
4899,0.00000,3.14393,-0.00733,-0.14408,33.00000,31.00000,pos_b_fwd
4905,0.00000,3.14393,-0.00733,-0.14896,33.00000,31.00000,pos_b_fwd
4910,0.00000,3.14393,-0.00733,-0.14896,33.00000,31.00000,pos_b_fwd
4915,0.00000,3.14393,-0.00733,-0.14896,33.00000,31.00000,pos_b_fwd
4920,0.00000,3.14393,-0.00733,-0.14408,33.00000,31.00000,pos_b_fwd
4925,0.00000,3.14393,-0.00733,-0.14896,33.00000,31.00000,pos_b_fwd
4930,0.00000,3.14393,-0.00733,-0.14896,33.00000,31.00000,pos_b_fwd
4935,0.00000,3.14393,-0.00733,-0.14896,33.00000,31.00000,pos_b_fwd
4940,0.00000,3.14393,-0.00733,-0.14896,33.00000,31.00000,pos_b_fwd
4945,0.00000,3.14393,-0.00733,-0.14896,33.00000,31.00000,pos_b_fwd
4950,0.00000,3.14393,-0.00733,-0.14896,33.00000,31.00000,pos_b_fwd
4955,0.00000,3.14393,-0.00733,-0.14896,33.00000,31.00000,pos_b_fwd
4960,0.00000,3.14393,-0.00733,-0.14896,33.00000,31.00000,pos_b_fwd
4965,0.00000,3.14393,-0.00733,-0.14896,33.00000,31.00000,pos_b_fwd
4970,0.00000,3.14393,-0.00733,-0.14408,33.00000,31.00000,pos_b_fwd
4975,0.00000,3.14393,-0.00733,-0.14896,33.00000,31.00000,pos_b_fwd
4980,0.00000,3.14393,-0.00733,-0.14896,33.00000,31.00000,pos_b_fwd
4985,0.00000,3.14393,-0.00733,-0.14408,33.00000,31.00000,pos_b_fwd
4990,0.00000,3.14393,-0.00733,-0.14896,33.00000,31.00000,pos_b_fwd
4995,0.00000,3.14393,-0.00733,-0.14896,33.00000,31.00000,pos_b_fwd
0,0.00000,3.14393,-0.00733,-0.14896,33.00000,31.00000,pos_a_bwd
5,0.00000,3.14393,-0.00733,-0.14408,33.00000,31.00000,pos_a_bwd
10,0.00000,3.14393,-0.00733,-0.14896,33.00000,31.00000,pos_a_bwd
15,0.00000,3.14393,-0.00733,-0.14408,33.00000,31.00000,pos_a_bwd
20,0.00000,3.14393,-0.00733,-0.14896,33.00000,31.00000,pos_a_bwd
25,0.00000,3.14393,-0.00733,-0.14896,33.00000,31.00000,pos_a_bwd
30,0.00000,3.14393,-0.00733,-0.14896,33.00000,31.00000,pos_a_bwd
35,0.00000,3.11494,-11.18681,-3.28938,33.00000,31.00000,pos_a_bwd
40,0.00000,3.01995,-21.57509,-2.56166,33.00000,31.00000,pos_a_bwd
45,0.00000,2.90665,-23.61172,-1.41392,33.00000,31.00000,pos_a_bwd
50,0.00000,2.79030,-23.43590,-0.86691,33.00000,31.00000,pos_a_bwd
55,0.00000,2.67395,-23.01099,-0.48596,33.00000,31.00000,pos_a_bwd
60,0.00000,2.55760,-23.02564,-0.39805,33.00000,31.00000,pos_a_bwd
65,0.00000,2.44049,-22.87912,-0.31013,33.00000,31.00000,pos_a_bwd
70,0.00000,2.32605,-22.77656,-0.25153,33.00000,31.00000,pos_a_bwd
75,0.00000,2.21046,-22.64469,-0.26618,33.00000,31.00000,pos_a_bwd
80,0.00000,2.09678,-22.41026,-0.22711,33.00000,31.00000,pos_a_bwd
85,0.00000,1.98272,-22.63004,-0.30525,33.00000,31.00000,pos_a_bwd
91,0.00000,1.86866,-22.68864,-0.30525,33.00000,31.00000,pos_a_bwd
96,0.00000,1.75422,-22.63004,-0.32479,33.00000,31.00000,pos_a_bwd
101,0.00000,1.63863,-22.68864,-0.31013,33.00000,31.00000,pos_a_bwd
106,0.00000,1.52571,-22.54213,-0.20269,33.00000,31.00000,pos_a_bwd
111,0.00000,1.41203,-22.36630,-0.07082,33.00000,31.00000,pos_a_bwd
116,0.00000,1.30484,-20.08059,0.27595,33.00000,31.00000,pos_a_bwd
121,0.00000,1.21061,-17.92674,0.17338,33.00000,31.00000,pos_a_bwd
126,0.00000,1.12058,-17.45787,0.05617,33.00000,31.00000,pos_a_bwd
131,0.00000,1.03590,-16.10989,0.20757,33.00000,31.00000,pos_a_bwd
136,0.00000,0.95998,-14.46886,0.22711,33.00000,31.00000,pos_a_bwd
141,0.00000,0.88827,-13.66300,0.10989,33.00000,31.00000,pos_a_bwd
146,0.00000,0.82189,-12.93040,0.15873,33.00000,31.00000,pos_a_bwd
151,0.00000,0.76047,-11.65568,0.20269,33.00000,31.00000,pos_a_bwd
156,0.00000,0.70478,-10.71795,0.11477,33.00000,31.00000,pos_a_bwd
161,0.00000,0.65251,-10.11722,0.07570,33.00000,31.00000,pos_a_bwd
166,0.00000,0.60407,-9.35531,0.08547,33.00000,31.00000,pos_a_bwd
171,0.00000,0.55943,-8.46154,0.08059,33.00000,31.00000,pos_a_bwd
176,0.00000,0.51747,-7.90476,0.07082,33.00000,31.00000,pos_a_bwd
182,0.00000,0.47894,-7.33333,0.04640,33.00000,31.00000,pos_a_bwd
187,0.00000,0.44385,-6.73260,0.04151,33.00000,31.00000,pos_a_bwd
192,0.00000,0.41104,-6.24908,0.00733,33.00000,31.00000,pos_a_bwd
197,0.00000,0.38090,-5.78022,0.00244,33.00000,31.00000,pos_a_bwd
202,0.00000,0.35267,-5.41392,0.00244,33.00000,31.00000,pos_a_bwd
207,0.00000,0.32673,-4.95971,-0.00244,33.00000,31.00000,pos_a_bwd
212,0.00000,0.30232,-4.66667,0.00733,33.00000,31.00000,pos_a_bwd
217,0.00000,0.27981,-4.28571,0.01221,33.00000,31.00000,pos_a_bwd
222,0.00000,0.25921,-3.97802,0.00733,33.00000,31.00000,pos_a_bwd
227,0.00000,0.24014,-3.68498,-0.00244,33.00000,31.00000,pos_a_bwd
232,0.00000,0.22221,-3.39194,-0.01709,33.00000,31.00000,pos_a_bwd
237,0.00000,0.20619,-3.12820,-0.01709,33.00000,31.00000,pos_a_bwd
242,0.00000,0.19055,-2.96703,-0.02198,33.00000,31.00000,pos_a_bwd
247,0.00000,0.17681,-2.68864,-0.02686,33.00000,31.00000,pos_a_bwd
252,0.00000,0.16384,-2.48352,-0.04640,33.00000,31.00000,pos_a_bwd
257,0.00000,0.15164,-2.35165,-0.05128,33.00000,31.00000,pos_a_bwd
262,0.00000,0.14019,-2.14652,-0.02686,33.00000,31.00000,pos_a_bwd
267,0.00000,0.13027,-1.89744,-0.04151,33.00000,31.00000,pos_a_bwd
273,0.00000,0.12074,-1.86813,-0.05128,33.00000,31.00000,pos_a_bwd
278,0.00000,0.11196,-1.64835,-0.06105,33.00000,31.00000,pos_a_bwd
283,0.00000,0.10433,-1.50183,-0.10501,33.00000,31.00000,pos_a_bwd
288,0.00000,0.09632,-1.54579,-0.08547,33.00000,31.00000,pos_a_bwd
293,0.00000,0.08908,-1.29670,-0.06105,33.00000,31.00000,pos_a_bwd
298,0.00000,0.08297,-1.17949,-0.10012,33.00000,31.00000,pos_a_bwd
303,0.00000,0.07649,-1.25275,-0.08547,33.00000,31.00000,pos_a_bwd
308,0.00000,0.07076,-1.09158,-0.03175,33.00000,31.00000,pos_a_bwd
313,0.00000,0.06619,-0.90110,-0.06593,33.00000,31.00000,pos_a_bwd
318,0.00000,0.06199,-0.85714,-0.12943,33.00000,31.00000,pos_a_bwd
323,0.00000,0.05779,-0.85714,-0.14896,33.00000,31.00000,pos_a_bwd
328,0.00000,0.05322,-0.85714,-0.12454,33.00000,31.00000,pos_a_bwd
333,0.00000,0.04902,-0.78388,-0.06593,33.00000,31.00000,pos_a_bwd
338,0.00000,0.04559,-0.62271,-0.06593,33.00000,31.00000,pos_a_bwd
343,0.00000,0.04292,-0.57875,-0.11966,33.00000,31.00000,pos_a_bwd
348,0.00000,0.03986,-0.63736,-0.12454,33.00000,31.00000,pos_a_bwd
353,0.00000,0.03719,-0.49084,-0.10012,33.00000,31.00000,pos_a_bwd
358,0.00000,0.03452,-0.47619,-0.10989,33.00000,31.00000,pos_a_bwd
364,0.00000,0.03185,-0.53480,-0.09524,33.00000,31.00000,pos_a_bwd
369,0.00000,0.02956,-0.41758,-0.08059,33.00000,31.00000,pos_a_bwd
374,0.00000,0.02728,-0.44689,-0.05617,33.00000,31.00000,pos_a_bwd
379,0.00000,0.02499,-0.43223,-0.03175,33.00000,31.00000,pos_a_bwd
384,0.00000,0.02346,-0.25641,-0.05128,33.00000,31.00000,pos_a_bwd
389,0.00000,0.02232,-0.30037,-0.10501,33.00000,31.00000,pos_a_bwd
394,0.00000,0.02079,-0.30037,-0.10012,33.00000,31.00000,pos_a_bwd
399,0.00000,0.02003,-0.18315,-0.12943,33.00000,31.00000,pos_a_bwd
404,0.00000,0.01812,-0.34432,-0.12454,33.00000,31.00000,pos_a_bwd
409,0.00000,0.01698,-0.21245,-0.08547,33.00000,31.00000,pos_a_bwd
414,0.00000,0.01659,-0.10989,-0.13431,33.00000,31.00000,pos_a_bwd
419,0.00000,0.01545,-0.25641,-0.14896,33.00000,31.00000,pos_a_bwd
424,0.00000,0.01392,-0.27106,-0.08059,33.00000,31.00000,pos_a_bwd
429,0.00000,0.01354,-0.03663,-0.10012,33.00000,31.00000,pos_a_bwd
434,0.00000,0.01316,-0.12454,-0.16850,33.00000,31.00000,pos_a_bwd
439,0.00000,0.01240,-0.18315,-0.15873,33.00000,31.00000,pos_a_bwd
444,0.00000,0.01125,-0.21245,-0.10012,33.00000,31.00000,pos_a_bwd
449,0.00000,0.01049,-0.08059,-0.08547,33.00000,31.00000,pos_a_bwd
455,0.00000,0.01049,-0.03663,-0.13919,33.00000,31.00000,pos_a_bwd
460,0.00000,0.01011,-0.09524,-0.17338,33.00000,31.00000,pos_a_bwd
465,0.00000,0.01011,-0.06593,-0.17827,33.00000,31.00000,pos_a_bwd
470,0.00000,0.00973,-0.05128,-0.19292,33.00000,31.00000,pos_a_bwd
475,0.00000,0.00935,-0.06593,-0.20269,33.00000,31.00000,pos_a_bwd
480,0.00000,0.00896,-0.08059,-0.19292,33.00000,31.00000,pos_a_bwd
485,0.00000,0.00858,-0.09524,-0.16850,33.00000,31.00000,pos_a_bwd
490,0.00000,0.00744,-0.15385,-0.12454,33.00000,31.00000,pos_a_bwd
495,0.00000,0.00706,-0.09524,-0.08547,33.00000,31.00000,pos_a_bwd
500,0.00000,0.00706,-0.00733,-0.10501,33.00000,31.00000,pos_a_bwd
505,0.00000,0.00668,-0.05128,-0.13919,33.00000,31.00000,pos_a_bwd
510,0.00000,0.00668,-0.05128,-0.13919,33.00000,31.00000,pos_a_bwd
515,0.00000,0.00668,-0.02198,-0.14896,33.00000,31.00000,pos_a_bwd
520,0.00000,0.00629,-0.05128,-0.16361,33.00000,31.00000,pos_a_bwd
525,0.00000,0.00629,-0.02198,-0.15873,33.00000,31.00000,pos_a_bwd
530,0.00000,0.00629,-0.02198,-0.16850,33.00000,31.00000,pos_a_bwd
535,0.00000,0.00629,-0.02198,-0.16850,33.00000,31.00000,pos_a_bwd
541,0.00000,0.00591,-0.02198,-0.16850,33.00000,31.00000,pos_a_bwd
546,0.00000,0.00591,-0.02198,-0.16850,33.00000,31.00000,pos_a_bwd
551,0.00000,0.00591,-0.03663,-0.16361,33.00000,31.00000,pos_a_bwd
556,0.00000,0.00553,-0.03663,-0.15873,33.00000,31.00000,pos_a_bwd
561,0.00000,0.00553,-0.03663,-0.14408,33.00000,31.00000,pos_a_bwd
566,0.00000,0.00515,-0.06593,-0.13919,33.00000,31.00000,pos_a_bwd
571,0.00000,0.00477,-0.08059,-0.10012,33.00000,31.00000,pos_a_bwd
576,0.00000,0.00401,-0.10989,-0.06105,33.00000,31.00000,pos_a_bwd
581,0.00000,0.00362,-0.05128,-0.03175,33.00000,31.00000,pos_a_bwd
586,0.00000,0.00362,-0.02198,-0.05128,33.00000,31.00000,pos_a_bwd
591,0.00000,0.00324,-0.03663,-0.07082,33.00000,31.00000,pos_a_bwd
596,0.00000,0.00324,-0.03663,-0.07082,33.00000,31.00000,pos_a_bwd
601,0.00000,0.00324,-0.02198,-0.08059,33.00000,31.00000,pos_a_bwd
606,0.00000,0.00324,-0.02198,-0.08547,33.00000,31.00000,pos_a_bwd
611,0.00000,0.00324,-0.02198,-0.09035,33.00000,31.00000,pos_a_bwd
616,0.00000,0.00324,-0.00733,-0.10012,33.00000,31.00000,pos_a_bwd
621,0.00000,0.00324,-0.02198,-0.10012,33.00000,31.00000,pos_a_bwd
626,0.00000,0.00324,-0.00733,-0.10012,33.00000,31.00000,pos_a_bwd
632,0.00000,0.00324,-0.00733,-0.10501,33.00000,31.00000,pos_a_bwd
637,0.00000,0.00324,-0.00733,-0.10501,33.00000,31.00000,pos_a_bwd
642,0.00000,0.00324,-0.00733,-0.10989,33.00000,31.00000,pos_a_bwd
647,0.00000,0.00286,-0.00733,-0.10989,33.00000,31.00000,pos_a_bwd
652,0.00000,0.00286,-0.00733,-0.10989,33.00000,31.00000,pos_a_bwd
657,0.00000,0.00286,-0.00733,-0.11477,33.00000,31.00000,pos_a_bwd
662,0.00000,0.00286,-0.00733,-0.11477,33.00000,31.00000,pos_a_bwd
667,0.00000,0.00286,-0.00733,-0.11477,33.00000,31.00000,pos_a_bwd
672,0.00000,0.00286,-0.00733,-0.11477,33.00000,31.00000,pos_a_bwd
677,0.00000,0.00286,-0.00733,-0.11966,33.00000,31.00000,pos_a_bwd
682,0.00000,0.00286,-0.00733,-0.11477,33.00000,31.00000,pos_a_bwd
687,0.00000,0.00286,-0.00733,-0.11477,33.00000,31.00000,pos_a_bwd
692,0.00000,0.00286,-0.00733,-0.11966,33.00000,31.00000,pos_a_bwd
697,0.00000,0.00286,-0.00733,-0.11477,33.00000,31.00000,pos_a_bwd
702,0.00000,0.00286,-0.00733,-0.11966,33.00000,31.00000,pos_a_bwd
707,0.00000,0.00286,-0.00733,-0.11966,33.00000,31.00000,pos_a_bwd
712,0.00000,0.00286,-0.00733,-0.11966,33.00000,31.00000,pos_a_bwd
718,0.00000,0.00286,-0.00733,-0.11966,33.00000,31.00000,pos_a_bwd
723,0.00000,0.00286,-0.00733,-0.11966,33.00000,31.00000,pos_a_bwd
728,0.00000,0.00286,-0.00733,-0.11966,33.00000,31.00000,pos_a_bwd
733,0.00000,0.00286,-0.00733,-0.11966,33.00000,31.00000,pos_a_bwd
738,0.00000,0.00286,-0.00733,-0.11966,33.00000,31.00000,pos_a_bwd
743,0.00000,0.00286,-0.00733,-0.11966,33.00000,31.00000,pos_a_bwd
748,0.00000,0.00286,-0.00733,-0.11966,33.00000,31.00000,pos_a_bwd
753,0.00000,0.00286,-0.00733,-0.12454,33.00000,31.00000,pos_a_bwd
758,0.00000,0.00286,-0.00733,-0.11966,33.00000,31.00000,pos_a_bwd
763,0.00000,0.00286,-0.00733,-0.11966,33.00000,31.00000,pos_a_bwd
768,0.00000,0.00286,-0.00733,-0.11966,33.00000,31.00000,pos_a_bwd
773,0.00000,0.00286,-0.00733,-0.11966,33.00000,31.00000,pos_a_bwd
778,0.00000,0.00286,-0.00733,-0.11966,33.00000,31.00000,pos_a_bwd
783,0.00000,0.00286,-0.00733,-0.11966,33.00000,31.00000,pos_a_bwd
788,0.00000,0.00286,-0.00733,-0.11966,33.00000,31.00000,pos_a_bwd
793,0.00000,0.00286,-0.00733,-0.11966,33.00000,31.00000,pos_a_bwd
798,0.00000,0.00286,-0.00733,-0.11966,33.00000,31.00000,pos_a_bwd
803,0.00000,0.00286,-0.00733,-0.11966,33.00000,31.00000,pos_a_bwd
809,0.00000,0.00286,-0.00733,-0.11966,33.00000,31.00000,pos_a_bwd
814,0.00000,0.00286,-0.00733,-0.11966,33.00000,31.00000,pos_a_bwd
819,0.00000,0.00286,-0.00733,-0.11966,33.00000,31.00000,pos_a_bwd
824,0.00000,0.00286,-0.00733,-0.11966,33.00000,31.00000,pos_a_bwd
829,0.00000,0.00286,-0.00733,-0.11966,33.00000,31.00000,pos_a_bwd
834,0.00000,0.00286,-0.00733,-0.11966,33.00000,31.00000,pos_a_bwd
839,0.00000,0.00286,-0.00733,-0.11966,33.00000,31.00000,pos_a_bwd
844,0.00000,0.00286,-0.00733,-0.11966,33.00000,31.00000,pos_a_bwd
849,0.00000,0.00286,-0.00733,-0.11966,33.00000,31.00000,pos_a_bwd
854,0.00000,0.00286,-0.00733,-0.11477,33.00000,31.00000,pos_a_bwd
859,0.00000,0.00286,-0.00733,-0.11966,33.00000,31.00000,pos_a_bwd
864,0.00000,0.00286,-0.00733,-0.11477,33.00000,31.00000,pos_a_bwd
869,0.00000,0.00286,-0.00733,-0.11477,33.00000,31.00000,pos_a_bwd
874,0.00000,0.00286,-0.00733,-0.11966,33.00000,31.00000,pos_a_bwd
879,0.00000,0.00286,-0.00733,-0.11966,33.00000,31.00000,pos_a_bwd
884,0.00000,0.00286,-0.00733,-0.11966,33.00000,31.00000,pos_a_bwd
889,0.00000,0.00286,-0.00733,-0.11966,33.00000,31.00000,pos_a_bwd
895,0.00000,0.00286,-0.00733,-0.11477,33.00000,31.00000,pos_a_bwd
900,0.00000,0.00286,-0.00733,-0.11966,33.00000,31.00000,pos_a_bwd
905,0.00000,0.00286,-0.00733,-0.11966,33.00000,31.00000,pos_a_bwd
910,0.00000,0.00286,-0.00733,-0.11966,33.00000,31.00000,pos_a_bwd
915,0.00000,0.00286,-0.00733,-0.11966,33.00000,31.00000,pos_a_bwd
920,0.00000,0.00286,-0.00733,-0.11477,33.00000,31.00000,pos_a_bwd
925,0.00000,0.00286,-0.00733,-0.11966,33.00000,31.00000,pos_a_bwd
930,0.00000,0.00286,-0.00733,-0.11477,33.00000,31.00000,pos_a_bwd
935,0.00000,0.00286,-0.00733,-0.11966,33.00000,31.00000,pos_a_bwd
940,0.00000,0.00286,-0.00733,-0.11966,33.00000,31.00000,pos_a_bwd
945,0.00000,0.00286,-0.00733,-0.11477,33.00000,31.00000,pos_a_bwd
950,0.00000,0.00286,-0.00733,-0.11966,33.00000,31.00000,pos_a_bwd
955,0.00000,0.00286,-0.00733,-0.11477,33.00000,31.00000,pos_a_bwd
960,0.00000,0.00286,-0.00733,-0.11477,33.00000,31.00000,pos_a_bwd
965,0.00000,0.00286,-0.00733,-0.11477,33.00000,31.00000,pos_a_bwd
970,0.00000,0.00286,-0.00733,-0.11477,33.00000,31.00000,pos_a_bwd
975,0.00000,0.00286,-0.00733,-0.11477,33.00000,31.00000,pos_a_bwd
981,0.00000,0.00286,-0.00733,-0.11966,33.00000,31.00000,pos_a_bwd
986,0.00000,0.00286,-0.00733,-0.11966,33.00000,31.00000,pos_a_bwd
991,0.00000,0.00286,-0.00733,-0.11966,33.00000,31.00000,pos_a_bwd
996,0.00000,0.00286,-0.00733,-0.11477,33.00000,31.00000,pos_a_bwd
1001,0.00000,0.00286,-0.00733,-0.11477,33.00000,31.00000,pos_a_bwd
1006,0.00000,0.00286,-0.00733,-0.11966,33.00000,31.00000,pos_a_bwd
1011,0.00000,0.00286,-0.00733,-0.11966,33.00000,31.00000,pos_a_bwd
1016,0.00000,0.00286,-0.00733,-0.12454,33.00000,31.00000,pos_a_bwd
1021,0.00000,0.00286,-0.00733,-0.11966,33.00000,31.00000,pos_a_bwd
1026,0.00000,0.00286,-0.00733,-0.11966,33.00000,31.00000,pos_a_bwd
1031,0.00000,0.00286,-0.00733,-0.11966,33.00000,31.00000,pos_a_bwd
1036,0.00000,0.00286,-0.00733,-0.11966,33.00000,31.00000,pos_a_bwd
1041,0.00000,0.00286,-0.00733,-0.11966,33.00000,31.00000,pos_a_bwd
1046,0.00000,0.00286,-0.00733,-0.11966,33.00000,31.00000,pos_a_bwd
1051,0.00000,0.00286,-0.00733,-0.11477,33.00000,31.00000,pos_a_bwd
1056,0.00000,0.00286,-0.00733,-0.11477,33.00000,31.00000,pos_a_bwd
1061,0.00000,0.00286,-0.00733,-0.11966,33.00000,31.00000,pos_a_bwd
1066,0.00000,0.00286,-0.00733,-0.11966,33.00000,31.00000,pos_a_bwd
1072,0.00000,0.00286,-0.00733,-0.11966,33.00000,31.00000,pos_a_bwd
1077,0.00000,0.00286,-0.00733,-0.11966,33.00000,31.00000,pos_a_bwd
1082,0.00000,0.00286,-0.00733,-0.11966,33.00000,31.00000,pos_a_bwd
1087,0.00000,0.00286,-0.00733,-0.11966,33.00000,31.00000,pos_a_bwd
1092,0.00000,0.00286,-0.00733,-0.11966,33.00000,31.00000,pos_a_bwd
1097,0.00000,0.00286,-0.00733,-0.11477,33.00000,31.00000,pos_a_bwd
1102,0.00000,0.00286,-0.00733,-0.11477,33.00000,31.00000,pos_a_bwd
1107,0.00000,0.00286,-0.00733,-0.11966,33.00000,31.00000,pos_a_bwd
1112,0.00000,0.00286,-0.00733,-0.11477,33.00000,31.00000,pos_a_bwd
1117,0.00000,0.00286,-0.00733,-0.11477,33.00000,31.00000,pos_a_bwd
1122,0.00000,0.00286,-0.00733,-0.11477,33.00000,31.00000,pos_a_bwd
1127,0.00000,0.00286,-0.00733,-0.11477,33.00000,31.00000,pos_a_bwd
1132,0.00000,0.00286,-0.00733,-0.11966,33.00000,31.00000,pos_a_bwd
1137,0.00000,0.00286,-0.00733,-0.11966,33.00000,31.00000,pos_a_bwd
1142,0.00000,0.00286,-0.00733,-0.11966,33.00000,31.00000,pos_a_bwd
1147,0.00000,0.00286,-0.00733,-0.11966,33.00000,31.00000,pos_a_bwd
1152,0.00000,0.00286,-0.00733,-0.11966,33.00000,31.00000,pos_a_bwd
1157,0.00000,0.00286,-0.00733,-0.11966,33.00000,31.00000,pos_a_bwd
1163,0.00000,0.00286,-0.00733,-0.11477,33.00000,31.00000,pos_a_bwd
1168,0.00000,0.00286,-0.00733,-0.11477,33.00000,31.00000,pos_a_bwd
1173,0.00000,0.00286,-0.00733,-0.11477,33.00000,31.00000,pos_a_bwd
1178,0.00000,0.00286,-0.00733,-0.11966,33.00000,31.00000,pos_a_bwd
1183,0.00000,0.00286,-0.00733,-0.11966,33.00000,31.00000,pos_a_bwd
1188,0.00000,0.00286,-0.00733,-0.11966,33.00000,31.00000,pos_a_bwd
1193,0.00000,0.00286,-0.00733,-0.11966,33.00000,31.00000,pos_a_bwd
1198,0.00000,0.00286,-0.00733,-0.11477,33.00000,31.00000,pos_a_bwd
1203,0.00000,0.00286,-0.00733,-0.11477,33.00000,31.00000,pos_a_bwd
1208,0.00000,0.00286,-0.00733,-0.11966,33.00000,31.00000,pos_a_bwd
1213,0.00000,0.00286,-0.00733,-0.11966,33.00000,31.00000,pos_a_bwd
1218,0.00000,0.00286,-0.00733,-0.11966,33.00000,31.00000,pos_a_bwd
1223,0.00000,0.00286,-0.00733,-0.11966,33.00000,31.00000,pos_a_bwd
1228,0.00000,0.00286,-0.00733,-0.11966,33.00000,31.00000,pos_a_bwd
1233,0.00000,0.00286,-0.00733,-0.11966,33.00000,31.00000,pos_a_bwd
1238,0.00000,0.00286,-0.00733,-0.11966,33.00000,31.00000,pos_a_bwd
1243,0.00000,0.00286,-0.00733,-0.11477,33.00000,31.00000,pos_a_bwd
1248,0.00000,0.00286,-0.00733,-0.11966,33.00000,31.00000,pos_a_bwd
1254,0.00000,0.00286,-0.00733,-0.11477,33.00000,31.00000,pos_a_bwd
1259,0.00000,0.00286,-0.00733,-0.11966,33.00000,31.00000,pos_a_bwd
1264,0.00000,0.00286,-0.00733,-0.11966,33.00000,31.00000,pos_a_bwd
1269,0.00000,0.00286,-0.00733,-0.11477,33.00000,31.00000,pos_a_bwd
1274,0.00000,0.00286,-0.00733,-0.11966,33.00000,31.00000,pos_a_bwd
1279,0.00000,0.00286,-0.00733,-0.11477,33.00000,31.00000,pos_a_bwd
1284,0.00000,0.00286,-0.00733,-0.11966,33.00000,31.00000,pos_a_bwd
1289,0.00000,0.00286,-0.00733,-0.11966,33.00000,31.00000,pos_a_bwd
1294,0.00000,0.00286,-0.00733,-0.11477,33.00000,31.00000,pos_a_bwd
1299,0.00000,0.00286,-0.00733,-0.11477,33.00000,31.00000,pos_a_bwd
1304,0.00000,0.00286,-0.00733,-0.11477,33.00000,31.00000,pos_a_bwd
1309,0.00000,0.00286,-0.00733,-0.11477,33.00000,31.00000,pos_a_bwd
1314,0.00000,0.00286,-0.00733,-0.11966,33.00000,31.00000,pos_a_bwd
1319,0.00000,0.00286,-0.00733,-0.11477,33.00000,31.00000,pos_a_bwd
1324,0.00000,0.00286,-0.00733,-0.11477,33.00000,31.00000,pos_a_bwd
1329,0.00000,0.00286,-0.00733,-0.11966,33.00000,31.00000,pos_a_bwd
1334,0.00000,0.00286,-0.00733,-0.11966,33.00000,31.00000,pos_a_bwd
1339,0.00000,0.00286,-0.00733,-0.11966,33.00000,31.00000,pos_a_bwd
1345,0.00000,0.00286,-0.00733,-0.11966,33.00000,31.00000,pos_a_bwd
1350,0.00000,0.00286,-0.00733,-0.11966,33.00000,31.00000,pos_a_bwd
1355,0.00000,0.00286,-0.00733,-0.11966,33.00000,31.00000,pos_a_bwd
1360,0.00000,0.00286,-0.00733,-0.11477,33.00000,31.00000,pos_a_bwd
1365,0.00000,0.00286,-0.00733,-0.11477,33.00000,31.00000,pos_a_bwd
1370,0.00000,0.00286,-0.00733,-0.11966,33.00000,31.00000,pos_a_bwd
1375,0.00000,0.00286,-0.00733,-0.11477,33.00000,31.00000,pos_a_bwd
1380,0.00000,0.00286,-0.00733,-0.11477,33.00000,31.00000,pos_a_bwd
1385,0.00000,0.00286,-0.00733,-0.11477,33.00000,31.00000,pos_a_bwd
1390,0.00000,0.00286,-0.00733,-0.11966,33.00000,31.00000,pos_a_bwd
1395,0.00000,0.00286,-0.00733,-0.11966,33.00000,31.00000,pos_a_bwd
1400,0.00000,0.00286,-0.00733,-0.11477,33.00000,31.00000,pos_a_bwd
1405,0.00000,0.00286,-0.00733,-0.11477,33.00000,31.00000,pos_a_bwd
1410,0.00000,0.00286,-0.00733,-0.11477,33.00000,31.00000,pos_a_bwd
1415,0.00000,0.00286,-0.00733,-0.11966,33.00000,31.00000,pos_a_bwd
1420,0.00000,0.00286,-0.00733,-0.11966,33.00000,31.00000,pos_a_bwd
1425,0.00000,0.00286,-0.00733,-0.11966,33.00000,31.00000,pos_a_bwd
1430,0.00000,0.00286,-0.00733,-0.11966,33.00000,31.00000,pos_a_bwd
1436,0.00000,0.00286,-0.00733,-0.11477,33.00000,31.00000,pos_a_bwd
1441,0.00000,0.00286,-0.00733,-0.11966,33.00000,31.00000,pos_a_bwd
1446,0.00000,0.00286,-0.00733,-0.11966,33.00000,31.00000,pos_a_bwd
1451,0.00000,0.00286,-0.00733,-0.11477,33.00000,31.00000,pos_a_bwd
1456,0.00000,0.00286,-0.00733,-0.11477,33.00000,31.00000,pos_a_bwd
1461,0.00000,0.00286,-0.00733,-0.11477,33.00000,31.00000,pos_a_bwd
1466,0.00000,0.00286,-0.00733,-0.11966,33.00000,31.00000,pos_a_bwd
1471,0.00000,0.00286,-0.00733,-0.11966,33.00000,31.00000,pos_a_bwd
1476,0.00000,0.00286,-0.00733,-0.11966,33.00000,31.00000,pos_a_bwd
1481,0.00000,0.00286,-0.00733,-0.11966,33.00000,31.00000,pos_a_bwd
1486,0.00000,0.00286,-0.00733,-0.11966,33.00000,31.00000,pos_a_bwd
1491,0.00000,0.00286,-0.00733,-0.11966,33.00000,31.00000,pos_a_bwd
1496,0.00000,0.00286,-0.00733,-0.11966,33.00000,31.00000,pos_a_bwd
1501,0.00000,0.00286,-0.00733,-0.11966,33.00000,31.00000,pos_a_bwd
1506,0.00000,0.00286,-0.00733,-0.11477,33.00000,31.00000,pos_a_bwd
1511,0.00000,0.00286,-0.00733,-0.11477,33.00000,31.00000,pos_a_bwd
1516,0.00000,0.00286,-0.00733,-0.11477,33.00000,31.00000,pos_a_bwd
1521,0.00000,0.00286,-0.00733,-0.11966,33.00000,31.00000,pos_a_bwd
1527,0.00000,0.00286,-0.00733,-0.11477,33.00000,31.00000,pos_a_bwd
1532,0.00000,0.00286,-0.00733,-0.11477,33.00000,31.00000,pos_a_bwd
1537,0.00000,0.00286,-0.00733,-0.11477,33.00000,31.00000,pos_a_bwd
1542,0.00000,0.00286,-0.00733,-0.11477,33.00000,31.00000,pos_a_bwd
1547,0.00000,0.00286,-0.00733,-0.11477,33.00000,31.00000,pos_a_bwd
1552,0.00000,0.00286,-0.00733,-0.11477,33.00000,31.00000,pos_a_bwd
1557,0.00000,0.00286,-0.00733,-0.11477,33.00000,31.00000,pos_a_bwd
1562,0.00000,0.00286,-0.00733,-0.11477,33.00000,31.00000,pos_a_bwd
1567,0.00000,0.00286,-0.00733,-0.11966,33.00000,31.00000,pos_a_bwd
1572,0.00000,0.00286,-0.00733,-0.11966,33.00000,31.00000,pos_a_bwd
1577,0.00000,0.00286,-0.00733,-0.11966,33.00000,31.00000,pos_a_bwd
1582,0.00000,0.00286,-0.00733,-0.11966,33.00000,31.00000,pos_a_bwd
1587,0.00000,0.00286,-0.00733,-0.11966,33.00000,31.00000,pos_a_bwd
1592,0.00000,0.00286,-0.00733,-0.11966,33.00000,31.00000,pos_a_bwd
1597,0.00000,0.00286,-0.00733,-0.11477,33.00000,31.00000,pos_a_bwd
1602,0.00000,0.00286,-0.00733,-0.11477,33.00000,31.00000,pos_a_bwd
1607,0.00000,0.00286,-0.00733,-0.11477,33.00000,31.00000,pos_a_bwd
1613,0.00000,0.00286,-0.00733,-0.11477,33.00000,31.00000,pos_a_bwd
1618,0.00000,0.00286,-0.00733,-0.11966,33.00000,31.00000,pos_a_bwd
1623,0.00000,0.00286,-0.00733,-0.11966,33.00000,31.00000,pos_a_bwd
1628,0.00000,0.00286,-0.00733,-0.11966,33.00000,31.00000,pos_a_bwd
1633,0.00000,0.00286,-0.00733,-0.11966,33.00000,31.00000,pos_a_bwd
1638,0.00000,0.00286,-0.00733,-0.11966,33.00000,31.00000,pos_a_bwd
1643,0.00000,0.00286,-0.00733,-0.11966,33.00000,31.00000,pos_a_bwd
1648,0.00000,0.00286,-0.00733,-0.11477,33.00000,31.00000,pos_a_bwd
1653,0.00000,0.00286,-0.00733,-0.11477,33.00000,31.00000,pos_a_bwd
1658,0.00000,0.00286,-0.00733,-0.11966,33.00000,31.00000,pos_a_bwd
1663,0.00000,0.00286,-0.00733,-0.11966,33.00000,31.00000,pos_a_bwd
1668,0.00000,0.00286,-0.00733,-0.11966,33.00000,31.00000,pos_a_bwd
1673,0.00000,0.00286,-0.00733,-0.11966,33.00000,31.00000,pos_a_bwd
1678,0.00000,0.00286,-0.00733,-0.11966,33.00000,31.00000,pos_a_bwd
1683,0.00000,0.00286,-0.00733,-0.11477,33.00000,31.00000,pos_a_bwd
1688,0.00000,0.00286,-0.00733,-0.11477,33.00000,31.00000,pos_a_bwd
1693,0.00000,0.00286,-0.00733,-0.11477,33.00000,31.00000,pos_a_bwd
1698,0.00000,0.00286,-0.00733,-0.11477,33.00000,31.00000,pos_a_bwd
1703,0.00000,0.00286,-0.00733,-0.11966,33.00000,31.00000,pos_a_bwd
1709,0.00000,0.00286,-0.00733,-0.11477,33.00000,31.00000,pos_a_bwd
1714,0.00000,0.00286,-0.00733,-0.11966,33.00000,31.00000,pos_a_bwd
1719,0.00000,0.00286,-0.00733,-0.11966,33.00000,31.00000,pos_a_bwd
1724,0.00000,0.00286,-0.00733,-0.11966,33.00000,31.00000,pos_a_bwd
1729,0.00000,0.00286,-0.00733,-0.11966,33.00000,31.00000,pos_a_bwd
1734,0.00000,0.00286,-0.00733,-0.11966,33.00000,31.00000,pos_a_bwd
1739,0.00000,0.00286,-0.00733,-0.11477,33.00000,31.00000,pos_a_bwd
1744,0.00000,0.00286,-0.00733,-0.11477,33.00000,31.00000,pos_a_bwd
1749,0.00000,0.00286,-0.00733,-0.11477,33.00000,31.00000,pos_a_bwd
1754,0.00000,0.00286,-0.00733,-0.11966,33.00000,31.00000,pos_a_bwd
1759,0.00000,0.00286,-0.00733,-0.11966,33.00000,31.00000,pos_a_bwd
1764,0.00000,0.00286,-0.00733,-0.11966,33.00000,31.00000,pos_a_bwd
1769,0.00000,0.00286,-0.00733,-0.11966,33.00000,31.00000,pos_a_bwd
1774,0.00000,0.00286,-0.00733,-0.11477,33.00000,31.00000,pos_a_bwd
1779,0.00000,0.00286,-0.00733,-0.11477,33.00000,31.00000,pos_a_bwd
1784,0.00000,0.00286,-0.00733,-0.11966,33.00000,31.00000,pos_a_bwd
1789,0.00000,0.00286,-0.00733,-0.11477,33.00000,31.00000,pos_a_bwd
1794,0.00000,0.00286,-0.00733,-0.11966,33.00000,31.00000,pos_a_bwd
1800,0.00000,0.00286,-0.00733,-0.11966,33.00000,31.00000,pos_a_bwd
1805,0.00000,0.00286,-0.00733,-0.11966,33.00000,31.00000,pos_a_bwd
1810,0.00000,0.00286,-0.00733,-0.11966,33.00000,31.00000,pos_a_bwd
1815,0.00000,0.00286,-0.00733,-0.11477,33.00000,31.00000,pos_a_bwd
1820,0.00000,0.00286,-0.00733,-0.11966,33.00000,31.00000,pos_a_bwd
1825,0.00000,0.00286,-0.00733,-0.11477,33.00000,31.00000,pos_a_bwd
1830,0.00000,0.00286,-0.00733,-0.11477,33.00000,31.00000,pos_a_bwd
1835,0.00000,0.00286,-0.00733,-0.11477,33.00000,31.00000,pos_a_bwd
1840,0.00000,0.00286,-0.00733,-0.11477,33.00000,31.00000,pos_a_bwd
1845,0.00000,0.00286,-0.00733,-0.11477,33.00000,31.00000,pos_a_bwd
1850,0.00000,0.00286,-0.00733,-0.11477,33.00000,31.00000,pos_a_bwd
1855,0.00000,0.00286,-0.00733,-0.11477,33.00000,31.00000,pos_a_bwd
1860,0.00000,0.00286,-0.00733,-0.11966,33.00000,31.00000,pos_a_bwd
1865,0.00000,0.00286,-0.00733,-0.11477,33.00000,31.00000,pos_a_bwd
1870,0.00000,0.00286,-0.00733,-0.11966,33.00000,31.00000,pos_a_bwd
1875,0.00000,0.00286,-0.00733,-0.11966,33.00000,31.00000,pos_a_bwd
1880,0.00000,0.00286,-0.00733,-0.11966,33.00000,31.00000,pos_a_bwd
1885,0.00000,0.00286,-0.00733,-0.11477,33.00000,31.00000,pos_a_bwd
1891,0.00000,0.00286,-0.00733,-0.11966,33.00000,31.00000,pos_a_bwd
1896,0.00000,0.00286,-0.00733,-0.11966,33.00000,31.00000,pos_a_bwd
1901,0.00000,0.00286,-0.00733,-0.11477,33.00000,31.00000,pos_a_bwd
1906,0.00000,0.00286,-0.00733,-0.11477,33.00000,31.00000,pos_a_bwd
1911,0.00000,0.00286,-0.00733,-0.11477,33.00000,31.00000,pos_a_bwd
1916,0.00000,0.00286,-0.00733,-0.11477,33.00000,31.00000,pos_a_bwd
1921,0.00000,0.00286,-0.00733,-0.11966,33.00000,31.00000,pos_a_bwd
1926,0.00000,0.00286,-0.00733,-0.11966,33.00000,31.00000,pos_a_bwd
1931,0.00000,0.00286,-0.00733,-0.11966,33.00000,31.00000,pos_a_bwd
1936,0.00000,0.00286,-0.00733,-0.11966,33.00000,31.00000,pos_a_bwd
1941,0.00000,0.00286,-0.00733,-0.11966,33.00000,31.00000,pos_a_bwd
1946,0.00000,0.00286,-0.00733,-0.11966,33.00000,31.00000,pos_a_bwd
1951,0.00000,0.00286,-0.00733,-0.11966,33.00000,31.00000,pos_a_bwd
1956,0.00000,0.00286,-0.00733,-0.11477,33.00000,31.00000,pos_a_bwd
1961,0.00000,0.00286,-0.00733,-0.11966,33.00000,31.00000,pos_a_bwd
1966,0.00000,0.00286,-0.00733,-0.11477,33.00000,31.00000,pos_a_bwd
1971,0.00000,0.00286,-0.00733,-0.11966,33.00000,31.00000,pos_a_bwd
1976,0.00000,0.00286,-0.00733,-0.11477,33.00000,31.00000,pos_a_bwd
1982,0.00000,0.00286,-0.00733,-0.11477,33.00000,31.00000,pos_a_bwd
1987,0.00000,0.00286,-0.00733,-0.11966,33.00000,31.00000,pos_a_bwd
1992,0.00000,0.00286,-0.00733,-0.11966,33.00000,31.00000,pos_a_bwd
1997,0.00000,0.00286,-0.00733,-0.11966,33.00000,31.00000,pos_a_bwd
2002,0.00000,0.00286,-0.00733,-0.11477,33.00000,31.00000,pos_a_bwd
2007,0.00000,0.00286,-0.00733,-0.11477,33.00000,31.00000,pos_a_bwd
2012,0.00000,0.00286,-0.00733,-0.11477,33.00000,31.00000,pos_a_bwd
2017,0.00000,0.00286,-0.00733,-0.11477,33.00000,31.00000,pos_a_bwd
2022,0.00000,0.00286,-0.00733,-0.11966,33.00000,31.00000,pos_a_bwd
2027,0.00000,0.00286,-0.00733,-0.11966,33.00000,31.00000,pos_a_bwd
2032,0.00000,0.00286,-0.00733,-0.12454,33.00000,31.00000,pos_a_bwd
2037,0.00000,0.00286,-0.00733,-0.11966,33.00000,31.00000,pos_a_bwd
2042,0.00000,0.00286,-0.00733,-0.11966,33.00000,31.00000,pos_a_bwd
2047,0.00000,0.00286,-0.00733,-0.11966,33.00000,31.00000,pos_a_bwd
2052,0.00000,0.00286,-0.00733,-0.11966,33.00000,31.00000,pos_a_bwd
2057,0.00000,0.00286,-0.00733,-0.11477,33.00000,31.00000,pos_a_bwd
2062,0.00000,0.00286,-0.00733,-0.11966,33.00000,31.00000,pos_a_bwd
2067,0.00000,0.00286,-0.00733,-0.11966,33.00000,31.00000,pos_a_bwd
2073,0.00000,0.00286,-0.00733,-0.11477,33.00000,31.00000,pos_a_bwd
2078,0.00000,0.00286,-0.00733,-0.11477,33.00000,31.00000,pos_a_bwd
2083,0.00000,0.00286,-0.00733,-0.11477,33.00000,31.00000,pos_a_bwd
2088,0.00000,0.00286,-0.00733,-0.11966,33.00000,31.00000,pos_a_bwd
2093,0.00000,0.00286,-0.00733,-0.11966,33.00000,31.00000,pos_a_bwd
2098,0.00000,0.00286,-0.00733,-0.11477,33.00000,31.00000,pos_a_bwd
2103,0.00000,0.00286,-0.00733,-0.11477,33.00000,31.00000,pos_a_bwd
2108,0.00000,0.00286,-0.00733,-0.11477,33.00000,31.00000,pos_a_bwd
2113,0.00000,0.00286,-0.00733,-0.10989,33.00000,31.00000,pos_a_bwd
2118,0.00000,0.00286,-0.00733,-0.11477,33.00000,31.00000,pos_a_bwd
2123,0.00000,0.00286,-0.00733,-0.11477,33.00000,31.00000,pos_a_bwd
2128,0.00000,0.00286,-0.00733,-0.11477,33.00000,31.00000,pos_a_bwd
2133,0.00000,0.00286,-0.00733,-0.11477,33.00000,31.00000,pos_a_bwd
2138,0.00000,0.00286,-0.00733,-0.11966,33.00000,31.00000,pos_a_bwd
2143,0.00000,0.00286,-0.00733,-0.11966,33.00000,31.00000,pos_a_bwd
2148,0.00000,0.00286,-0.00733,-0.11966,33.00000,31.00000,pos_a_bwd
2153,0.00000,0.00286,-0.00733,-0.11966,33.00000,31.00000,pos_a_bwd
2158,0.00000,0.00286,-0.00733,-0.11966,33.00000,31.00000,pos_a_bwd
2163,0.00000,0.00286,-0.00733,-0.11477,33.00000,31.00000,pos_a_bwd
2169,0.00000,0.00286,-0.00733,-0.11477,33.00000,31.00000,pos_a_bwd
2174,0.00000,0.00286,-0.00733,-0.11477,33.00000,31.00000,pos_a_bwd
2179,0.00000,0.00286,-0.00733,-0.11477,33.00000,31.00000,pos_a_bwd
2184,0.00000,0.00286,-0.00733,-0.11966,33.00000,31.00000,pos_a_bwd
2189,0.00000,0.00286,-0.00733,-0.11477,33.00000,31.00000,pos_a_bwd
2194,0.00000,0.00286,-0.00733,-0.11477,33.00000,31.00000,pos_a_bwd
2199,0.00000,0.00286,-0.00733,-0.11966,33.00000,31.00000,pos_a_bwd
2204,0.00000,0.00286,-0.00733,-0.11966,33.00000,31.00000,pos_a_bwd
2209,0.00000,0.00286,-0.00733,-0.11966,33.00000,31.00000,pos_a_bwd
2214,0.00000,0.00286,-0.00733,-0.11966,33.00000,31.00000,pos_a_bwd
2219,0.00000,0.00286,-0.00733,-0.11966,33.00000,31.00000,pos_a_bwd
2224,0.00000,0.00286,-0.00733,-0.11966,33.00000,31.00000,pos_a_bwd
2229,0.00000,0.00286,-0.00733,-0.11966,33.00000,31.00000,pos_a_bwd
2234,0.00000,0.00286,-0.00733,-0.11477,33.00000,31.00000,pos_a_bwd
2239,0.00000,0.00286,-0.00733,-0.11966,33.00000,31.00000,pos_a_bwd
2244,0.00000,0.00286,-0.00733,-0.11477,33.00000,31.00000,pos_a_bwd
2249,0.00000,0.00286,-0.00733,-0.11966,33.00000,31.00000,pos_a_bwd
2255,0.00000,0.00286,-0.00733,-0.11966,33.00000,31.00000,pos_a_bwd
2260,0.00000,0.00286,-0.00733,-0.11477,33.00000,31.00000,pos_a_bwd
2265,0.00000,0.00286,-0.00733,-0.11966,33.00000,31.00000,pos_a_bwd
2270,0.00000,0.00286,-0.00733,-0.11477,33.00000,31.00000,pos_a_bwd
2275,0.00000,0.00286,-0.00733,-0.11966,33.00000,31.00000,pos_a_bwd
2280,0.00000,0.00286,-0.00733,-0.11966,33.00000,31.00000,pos_a_bwd
2285,0.00000,0.00286,-0.00733,-0.11966,33.00000,31.00000,pos_a_bwd
2290,0.00000,0.00286,-0.00733,-0.11966,33.00000,31.00000,pos_a_bwd
2295,0.00000,0.00286,-0.00733,-0.11966,33.00000,31.00000,pos_a_bwd
2300,0.00000,0.00286,-0.00733,-0.11966,33.00000,31.00000,pos_a_bwd
2305,0.00000,0.00286,-0.00733,-0.11966,33.00000,31.00000,pos_a_bwd
2310,0.00000,0.00286,-0.00733,-0.11477,33.00000,31.00000,pos_a_bwd
2315,0.00000,0.00286,-0.00733,-0.11966,33.00000,31.00000,pos_a_bwd
2320,0.00000,0.00286,-0.00733,-0.12454,33.00000,31.00000,pos_a_bwd
2325,0.00000,0.00286,-0.00733,-0.11966,33.00000,31.00000,pos_a_bwd
2330,0.00000,0.00286,-0.00733,-0.11966,33.00000,31.00000,pos_a_bwd
2335,0.00000,0.00286,-0.00733,-0.11966,33.00000,31.00000,pos_a_bwd
2340,0.00000,0.00286,-0.00733,-0.11477,33.00000,31.00000,pos_a_bwd
2346,0.00000,0.00286,-0.00733,-0.11477,33.00000,31.00000,pos_a_bwd
2351,0.00000,0.00286,-0.00733,-0.11477,33.00000,31.00000,pos_a_bwd
2356,0.00000,0.00286,-0.00733,-0.11966,33.00000,31.00000,pos_a_bwd
2361,0.00000,0.00286,-0.00733,-0.11477,33.00000,31.00000,pos_a_bwd
2366,0.00000,0.00286,-0.00733,-0.11477,33.00000,31.00000,pos_a_bwd
2371,0.00000,0.00286,-0.00733,-0.11477,33.00000,31.00000,pos_a_bwd
2376,0.00000,0.00286,-0.00733,-0.11966,33.00000,31.00000,pos_a_bwd
2381,0.00000,0.00286,-0.00733,-0.11477,33.00000,31.00000,pos_a_bwd
2386,0.00000,0.00286,-0.00733,-0.11966,33.00000,31.00000,pos_a_bwd
2391,0.00000,0.00286,-0.00733,-0.11966,33.00000,31.00000,pos_a_bwd
2396,0.00000,0.00286,-0.00733,-0.11477,33.00000,31.00000,pos_a_bwd
2401,0.00000,0.00286,-0.00733,-0.11966,33.00000,31.00000,pos_a_bwd
2406,0.00000,0.00286,-0.00733,-0.11966,33.00000,31.00000,pos_a_bwd
2411,0.00000,0.00286,-0.00733,-0.11966,33.00000,31.00000,pos_a_bwd
2416,0.00000,0.00286,-0.00733,-0.11966,33.00000,31.00000,pos_a_bwd
2421,0.00000,0.00286,-0.00733,-0.11966,33.00000,31.00000,pos_a_bwd
2426,0.00000,0.00286,-0.00733,-0.11477,33.00000,31.00000,pos_a_bwd
2431,0.00000,0.00286,-0.00733,-0.11477,33.00000,31.00000,pos_a_bwd
2437,0.00000,0.00286,-0.00733,-0.11477,33.00000,31.00000,pos_a_bwd
2442,0.00000,0.00286,-0.00733,-0.11477,33.00000,31.00000,pos_a_bwd
2447,0.00000,0.00286,-0.00733,-0.11966,33.00000,31.00000,pos_a_bwd
2452,0.00000,0.00286,-0.00733,-0.11477,33.00000,31.00000,pos_a_bwd
2457,0.00000,0.00286,-0.00733,-0.11966,33.00000,31.00000,pos_a_bwd
2462,0.00000,0.00286,-0.00733,-0.11966,33.00000,31.00000,pos_a_bwd
2467,0.00000,0.00286,-0.00733,-0.11966,33.00000,31.00000,pos_a_bwd
2472,0.00000,0.00286,-0.00733,-0.11477,33.00000,31.00000,pos_a_bwd
2477,0.00000,0.00286,-0.00733,-0.11477,33.00000,31.00000,pos_a_bwd
2482,0.00000,0.00286,-0.00733,-0.11477,33.00000,31.00000,pos_a_bwd
2487,0.00000,0.00286,-0.00733,-0.11966,33.00000,31.00000,pos_a_bwd
2492,0.00000,0.00286,-0.00733,-0.11966,33.00000,31.00000,pos_a_bwd
2497,0.00000,0.00286,-0.00733,-0.11966,33.00000,31.00000,pos_a_bwd
2502,0.00000,0.00286,-0.00733,-0.11966,33.00000,31.00000,pos_a_bwd
2507,0.00000,0.00286,-0.00733,-0.11966,33.00000,31.00000,pos_a_bwd
2512,0.00000,0.00286,-0.00733,-0.11966,33.00000,31.00000,pos_a_bwd
2517,0.00000,0.00286,-0.00733,-0.11966,33.00000,31.00000,pos_a_bwd
2522,0.00000,0.00286,-0.00733,-0.11966,33.00000,31.00000,pos_a_bwd
2528,0.00000,0.00286,-0.00733,-0.11966,33.00000,31.00000,pos_a_bwd
2533,0.00000,0.00286,-0.00733,-0.11966,33.00000,31.00000,pos_a_bwd
2538,0.00000,0.00286,-0.00733,-0.11966,33.00000,31.00000,pos_a_bwd
2543,0.00000,0.00286,-0.00733,-0.11966,33.00000,31.00000,pos_a_bwd
2548,0.00000,0.00286,-0.00733,-0.11966,33.00000,31.00000,pos_a_bwd
2553,0.00000,0.00286,-0.00733,-0.11477,33.00000,31.00000,pos_a_bwd
2558,0.00000,0.00286,-0.00733,-0.11477,33.00000,31.00000,pos_a_bwd
2563,0.00000,0.00286,-0.00733,-0.11966,33.00000,31.00000,pos_a_bwd
2568,0.00000,0.00286,-0.00733,-0.11966,33.00000,31.00000,pos_a_bwd
2573,0.00000,0.00286,-0.00733,-0.11477,33.00000,31.00000,pos_a_bwd
2578,0.00000,0.00286,-0.00733,-0.11477,33.00000,31.00000,pos_a_bwd
2583,0.00000,0.00286,-0.00733,-0.11477,33.00000,31.00000,pos_a_bwd
2588,0.00000,0.00286,-0.00733,-0.11477,33.00000,31.00000,pos_a_bwd
2593,0.00000,0.00286,-0.00733,-0.11477,33.00000,31.00000,pos_a_bwd
2598,0.00000,0.00286,-0.00733,-0.11966,33.00000,31.00000,pos_a_bwd
2603,0.00000,0.00286,-0.00733,-0.11966,33.00000,31.00000,pos_a_bwd
2608,0.00000,0.00286,-0.00733,-0.11966,33.00000,31.00000,pos_a_bwd
2613,0.00000,0.00286,-0.00733,-0.11966,33.00000,31.00000,pos_a_bwd
2619,0.00000,0.00286,-0.00733,-0.11966,33.00000,31.00000,pos_a_bwd
2624,0.00000,0.00286,-0.00733,-0.11477,33.00000,31.00000,pos_a_bwd
2629,0.00000,0.00286,-0.00733,-0.11477,33.00000,31.00000,pos_a_bwd
2634,0.00000,0.00286,-0.00733,-0.11966,33.00000,31.00000,pos_a_bwd
2639,0.00000,0.00286,-0.00733,-0.11477,33.00000,31.00000,pos_a_bwd
2644,0.00000,0.00286,-0.00733,-0.11966,33.00000,31.00000,pos_a_bwd
2649,0.00000,0.00286,-0.00733,-0.11477,33.00000,31.00000,pos_a_bwd
2654,0.00000,0.00286,-0.00733,-0.11477,33.00000,31.00000,pos_a_bwd
2659,0.00000,0.00286,-0.00733,-0.11966,33.00000,31.00000,pos_a_bwd
2664,0.00000,0.00286,-0.00733,-0.11966,33.00000,31.00000,pos_a_bwd
2669,0.00000,0.00286,-0.00733,-0.11966,33.00000,31.00000,pos_a_bwd
2674,0.00000,0.00286,-0.00733,-0.11966,33.00000,31.00000,pos_a_bwd
2679,0.00000,0.00286,-0.00733,-0.11966,33.00000,31.00000,pos_a_bwd
2684,0.00000,0.00286,-0.00733,-0.11966,33.00000,31.00000,pos_a_bwd
2689,0.00000,0.00286,-0.00733,-0.11966,33.00000,31.00000,pos_a_bwd
2694,0.00000,0.00286,-0.00733,-0.11966,33.00000,31.00000,pos_a_bwd
2699,0.00000,0.00286,-0.00733,-0.11477,33.00000,31.00000,pos_a_bwd
2704,0.00000,0.00286,-0.00733,-0.11966,33.00000,31.00000,pos_a_bwd
2710,0.00000,0.00286,-0.00733,-0.11966,33.00000,31.00000,pos_a_bwd
2715,0.00000,0.00286,-0.00733,-0.11477,33.00000,31.00000,pos_a_bwd
2720,0.00000,0.00286,-0.00733,-0.11477,33.00000,31.00000,pos_a_bwd
2725,0.00000,0.00286,-0.00733,-0.11966,33.00000,31.00000,pos_a_bwd
2730,0.00000,0.00286,-0.00733,-0.11477,33.00000,31.00000,pos_a_bwd
2735,0.00000,0.00286,-0.00733,-0.11477,33.00000,31.00000,pos_a_bwd
2740,0.00000,0.00286,-0.00733,-0.11477,33.00000,31.00000,pos_a_bwd
2745,0.00000,0.00286,-0.00733,-0.11966,33.00000,31.00000,pos_a_bwd
2750,0.00000,0.00286,-0.00733,-0.11966,33.00000,31.00000,pos_a_bwd
2755,0.00000,0.00286,-0.00733,-0.11966,33.00000,31.00000,pos_a_bwd
2760,0.00000,0.00286,-0.00733,-0.11966,33.00000,31.00000,pos_a_bwd
2765,0.00000,0.00286,-0.00733,-0.11477,33.00000,31.00000,pos_a_bwd
2770,0.00000,0.00286,-0.00733,-0.11966,33.00000,31.00000,pos_a_bwd
2775,0.00000,0.00286,-0.00733,-0.11966,33.00000,31.00000,pos_a_bwd
2780,0.00000,0.00286,-0.00733,-0.11477,33.00000,31.00000,pos_a_bwd
2785,0.00000,0.00286,-0.00733,-0.11477,33.00000,31.00000,pos_a_bwd
2790,0.00000,0.00286,-0.00733,-0.11477,33.00000,31.00000,pos_a_bwd
2795,0.00000,0.00286,-0.00733,-0.11966,33.00000,31.00000,pos_a_bwd
2801,0.00000,0.00286,-0.00733,-0.11966,33.00000,31.00000,pos_a_bwd
2806,0.00000,0.00286,-0.00733,-0.11966,33.00000,31.00000,pos_a_bwd
2811,0.00000,0.00286,-0.00733,-0.11966,33.00000,31.00000,pos_a_bwd
2816,0.00000,0.00286,-0.00733,-0.11966,33.00000,31.00000,pos_a_bwd
2821,0.00000,0.00286,-0.00733,-0.11966,33.00000,31.00000,pos_a_bwd
2826,0.00000,0.00286,-0.00733,-0.11966,33.00000,31.00000,pos_a_bwd
2831,0.00000,0.00286,-0.00733,-0.11966,33.00000,31.00000,pos_a_bwd
2836,0.00000,0.00286,-0.00733,-0.11966,33.00000,31.00000,pos_a_bwd
2841,0.00000,0.00286,-0.00733,-0.11966,33.00000,31.00000,pos_a_bwd
2846,0.00000,0.00286,-0.00733,-0.11966,33.00000,31.00000,pos_a_bwd
2851,0.00000,0.00286,-0.00733,-0.11966,33.00000,31.00000,pos_a_bwd
2856,0.00000,0.00286,-0.00733,-0.11966,33.00000,31.00000,pos_a_bwd
2861,0.00000,0.00286,-0.00733,-0.11966,33.00000,31.00000,pos_a_bwd
2866,0.00000,0.00286,-0.00733,-0.11477,33.00000,31.00000,pos_a_bwd
2871,0.00000,0.00286,-0.00733,-0.11477,33.00000,31.00000,pos_a_bwd
2876,0.00000,0.00286,-0.00733,-0.11477,33.00000,31.00000,pos_a_bwd
2881,0.00000,0.00286,-0.00733,-0.11966,33.00000,31.00000,pos_a_bwd
2887,0.00000,0.00286,-0.00733,-0.11477,33.00000,31.00000,pos_a_bwd
2892,0.00000,0.00286,-0.00733,-0.11966,33.00000,31.00000,pos_a_bwd
2897,0.00000,0.00286,-0.00733,-0.11966,33.00000,31.00000,pos_a_bwd
2902,0.00000,0.00286,-0.00733,-0.11477,33.00000,31.00000,pos_a_bwd
2907,0.00000,0.00286,-0.00733,-0.11966,33.00000,31.00000,pos_a_bwd
2912,0.00000,0.00286,-0.00733,-0.11966,33.00000,31.00000,pos_a_bwd
2917,0.00000,0.00286,-0.00733,-0.11477,33.00000,31.00000,pos_a_bwd
2922,0.00000,0.00286,-0.00733,-0.11477,33.00000,31.00000,pos_a_bwd
2927,0.00000,0.00286,-0.00733,-0.11966,33.00000,31.00000,pos_a_bwd
2932,0.00000,0.00286,-0.00733,-0.11966,33.00000,31.00000,pos_a_bwd
2937,0.00000,0.00286,-0.00733,-0.11966,33.00000,31.00000,pos_a_bwd
2942,0.00000,0.00286,-0.00733,-0.11966,33.00000,31.00000,pos_a_bwd
2947,0.00000,0.00286,-0.00733,-0.11477,33.00000,31.00000,pos_a_bwd
2952,0.00000,0.00286,-0.00733,-0.11966,33.00000,31.00000,pos_a_bwd
2957,0.00000,0.00286,-0.00733,-0.11966,33.00000,31.00000,pos_a_bwd
2962,0.00000,0.00286,-0.00733,-0.11966,33.00000,31.00000,pos_a_bwd
2967,0.00000,0.00286,-0.00733,-0.11966,33.00000,31.00000,pos_a_bwd
2972,0.00000,0.00286,-0.00733,-0.11966,33.00000,31.00000,pos_a_bwd
2978,0.00000,0.00286,-0.00733,-0.11966,33.00000,31.00000,pos_a_bwd
2983,0.00000,0.00286,-0.00733,-0.11966,33.00000,31.00000,pos_a_bwd
2988,0.00000,0.00286,-0.00733,-0.11966,33.00000,31.00000,pos_a_bwd
2993,0.00000,0.00286,-0.00733,-0.11966,33.00000,31.00000,pos_a_bwd
2998,0.00000,0.00286,-0.00733,-0.11966,33.00000,31.00000,pos_a_bwd
3003,0.00000,0.00286,-0.00733,-0.11477,33.00000,31.00000,pos_a_bwd
3008,0.00000,0.00286,-0.00733,-0.11966,33.00000,31.00000,pos_a_bwd
3013,0.00000,0.00286,-0.00733,-0.11966,33.00000,31.00000,pos_a_bwd
3018,0.00000,0.00286,-0.00733,-0.11477,33.00000,31.00000,pos_a_bwd
3023,0.00000,0.00286,-0.00733,-0.11477,33.00000,31.00000,pos_a_bwd
3028,0.00000,0.00286,-0.00733,-0.11477,33.00000,31.00000,pos_a_bwd
3033,0.00000,0.00286,-0.00733,-0.11966,33.00000,31.00000,pos_a_bwd
3038,0.00000,0.00286,-0.00733,-0.11966,33.00000,31.00000,pos_a_bwd
3043,0.00000,0.00286,-0.00733,-0.11966,33.00000,31.00000,pos_a_bwd
3048,0.00000,0.00286,-0.00733,-0.11966,33.00000,31.00000,pos_a_bwd
3053,0.00000,0.00286,-0.00733,-0.11966,33.00000,31.00000,pos_a_bwd
3058,0.00000,0.00286,-0.00733,-0.11477,33.00000,31.00000,pos_a_bwd
3064,0.00000,0.00286,-0.00733,-0.11966,33.00000,31.00000,pos_a_bwd
3069,0.00000,0.00286,-0.00733,-0.11966,33.00000,31.00000,pos_a_bwd
3074,0.00000,0.00286,-0.00733,-0.11966,33.00000,31.00000,pos_a_bwd
3079,0.00000,0.00286,-0.00733,-0.11966,33.00000,31.00000,pos_a_bwd
3084,0.00000,0.00286,-0.00733,-0.11477,33.00000,31.00000,pos_a_bwd
3089,0.00000,0.00286,-0.00733,-0.11477,33.00000,31.00000,pos_a_bwd
3094,0.00000,0.00286,-0.00733,-0.11966,33.00000,31.00000,pos_a_bwd
3099,0.00000,0.00286,-0.00733,-0.11477,33.00000,31.00000,pos_a_bwd
3104,0.00000,0.00286,-0.00733,-0.11966,33.00000,31.00000,pos_a_bwd
3109,0.00000,0.00286,-0.00733,-0.11477,33.00000,31.00000,pos_a_bwd
3114,0.00000,0.00286,-0.00733,-0.11477,33.00000,31.00000,pos_a_bwd
3119,0.00000,0.00286,-0.00733,-0.11477,33.00000,31.00000,pos_a_bwd
3124,0.00000,0.00286,-0.00733,-0.11477,33.00000,31.00000,pos_a_bwd
3129,0.00000,0.00286,-0.00733,-0.11477,33.00000,31.00000,pos_a_bwd
3134,0.00000,0.00286,-0.00733,-0.11477,33.00000,31.00000,pos_a_bwd
3139,0.00000,0.00286,-0.00733,-0.11966,33.00000,31.00000,pos_a_bwd
3144,0.00000,0.00286,-0.00733,-0.11477,33.00000,31.00000,pos_a_bwd
3149,0.00000,0.00286,-0.00733,-0.11477,33.00000,31.00000,pos_a_bwd
3155,0.00000,0.00286,-0.00733,-0.11477,33.00000,31.00000,pos_a_bwd
3160,0.00000,0.00286,-0.00733,-0.11477,33.00000,31.00000,pos_a_bwd
3165,0.00000,0.00286,-0.00733,-0.11477,33.00000,31.00000,pos_a_bwd
3170,0.00000,0.00286,-0.00733,-0.11477,33.00000,31.00000,pos_a_bwd
3175,0.00000,0.00286,-0.00733,-0.11477,33.00000,31.00000,pos_a_bwd
3180,0.00000,0.00286,-0.00733,-0.11477,33.00000,31.00000,pos_a_bwd
3185,0.00000,0.00286,-0.00733,-0.11966,33.00000,31.00000,pos_a_bwd
3190,0.00000,0.00286,-0.00733,-0.11966,33.00000,31.00000,pos_a_bwd
3195,0.00000,0.00286,-0.00733,-0.11966,33.00000,31.00000,pos_a_bwd
3200,0.00000,0.00286,-0.00733,-0.11966,33.00000,31.00000,pos_a_bwd
3205,0.00000,0.00286,-0.00733,-0.11966,33.00000,31.00000,pos_a_bwd
3210,0.00000,0.00286,-0.00733,-0.11966,33.00000,31.00000,pos_a_bwd
3215,0.00000,0.00286,-0.00733,-0.11966,33.00000,31.00000,pos_a_bwd
3220,0.00000,0.00286,-0.00733,-0.11477,33.00000,31.00000,pos_a_bwd
3225,0.00000,0.00286,-0.00733,-0.11477,33.00000,31.00000,pos_a_bwd
3230,0.00000,0.00286,-0.00733,-0.11966,33.00000,31.00000,pos_a_bwd
3235,0.00000,0.00286,-0.00733,-0.11477,33.00000,31.00000,pos_a_bwd
3240,0.00000,0.00286,-0.00733,-0.11966,33.00000,31.00000,pos_a_bwd
3246,0.00000,0.00286,-0.00733,-0.11477,33.00000,31.00000,pos_a_bwd
3251,0.00000,0.00286,-0.00733,-0.11477,33.00000,31.00000,pos_a_bwd
3256,0.00000,0.00286,-0.00733,-0.11966,33.00000,31.00000,pos_a_bwd
3261,0.00000,0.00286,-0.00733,-0.11966,33.00000,31.00000,pos_a_bwd
3266,0.00000,0.00286,-0.00733,-0.11966,33.00000,31.00000,pos_a_bwd
3271,0.00000,0.00286,-0.00733,-0.11477,33.00000,31.00000,pos_a_bwd
3276,0.00000,0.00286,-0.00733,-0.11477,33.00000,31.00000,pos_a_bwd
3281,0.00000,0.00286,-0.00733,-0.11966,33.00000,31.00000,pos_a_bwd
3286,0.00000,0.00286,-0.00733,-0.11966,33.00000,31.00000,pos_a_bwd
3291,0.00000,0.00286,-0.00733,-0.11966,33.00000,31.00000,pos_a_bwd
3296,0.00000,0.00286,-0.00733,-0.11966,33.00000,31.00000,pos_a_bwd
3301,0.00000,0.00286,-0.00733,-0.11477,33.00000,31.00000,pos_a_bwd
3306,0.00000,0.00286,-0.00733,-0.11477,33.00000,31.00000,pos_a_bwd
3311,0.00000,0.00286,-0.00733,-0.11477,33.00000,31.00000,pos_a_bwd
3316,0.00000,0.00286,-0.00733,-0.11477,33.00000,31.00000,pos_a_bwd
3321,0.00000,0.00286,-0.00733,-0.11966,33.00000,31.00000,pos_a_bwd
3326,0.00000,0.00286,-0.00733,-0.11966,33.00000,31.00000,pos_a_bwd
3331,0.00000,0.00286,-0.00733,-0.11477,33.00000,31.00000,pos_a_bwd
3336,0.00000,0.00286,-0.00733,-0.11477,33.00000,31.00000,pos_a_bwd
3342,0.00000,0.00286,-0.00733,-0.11966,33.00000,31.00000,pos_a_bwd
3347,0.00000,0.00286,-0.00733,-0.11966,33.00000,31.00000,pos_a_bwd
3352,0.00000,0.00286,-0.00733,-0.11966,33.00000,31.00000,pos_a_bwd
3357,0.00000,0.00286,-0.00733,-0.11966,33.00000,31.00000,pos_a_bwd
3362,0.00000,0.00286,-0.00733,-0.11966,33.00000,31.00000,pos_a_bwd
3367,0.00000,0.00286,-0.00733,-0.11966,33.00000,31.00000,pos_a_bwd
3372,0.00000,0.00286,-0.00733,-0.11966,33.00000,31.00000,pos_a_bwd
3377,0.00000,0.00286,-0.00733,-0.11966,33.00000,31.00000,pos_a_bwd
3382,0.00000,0.00286,-0.00733,-0.11966,33.00000,31.00000,pos_a_bwd
3387,0.00000,0.00286,-0.00733,-0.11966,33.00000,31.00000,pos_a_bwd
3392,0.00000,0.00286,-0.00733,-0.11477,33.00000,31.00000,pos_a_bwd
3397,0.00000,0.00286,-0.00733,-0.11966,33.00000,31.00000,pos_a_bwd
3402,0.00000,0.00286,-0.00733,-0.11966,33.00000,31.00000,pos_a_bwd
3407,0.00000,0.00286,-0.00733,-0.11966,33.00000,31.00000,pos_a_bwd
3412,0.00000,0.00286,-0.00733,-0.11966,33.00000,31.00000,pos_a_bwd
3417,0.00000,0.00286,-0.00733,-0.11477,33.00000,31.00000,pos_a_bwd
3422,0.00000,0.00286,-0.00733,-0.11477,33.00000,31.00000,pos_a_bwd
3427,0.00000,0.00286,-0.00733,-0.11477,33.00000,31.00000,pos_a_bwd
3433,0.00000,0.00286,-0.00733,-0.11966,33.00000,31.00000,pos_a_bwd
3438,0.00000,0.00286,-0.00733,-0.11477,33.00000,31.00000,pos_a_bwd
3443,0.00000,0.00286,-0.00733,-0.11477,33.00000,31.00000,pos_a_bwd
3448,0.00000,0.00286,-0.00733,-0.11477,33.00000,31.00000,pos_a_bwd
3453,0.00000,0.00286,-0.00733,-0.11966,33.00000,31.00000,pos_a_bwd
3458,0.00000,0.00286,-0.00733,-0.11477,33.00000,31.00000,pos_a_bwd
3463,0.00000,0.00286,-0.00733,-0.11477,33.00000,31.00000,pos_a_bwd
3468,0.00000,0.00286,-0.00733,-0.11477,33.00000,31.00000,pos_a_bwd
3473,0.00000,0.00286,-0.00733,-0.11477,33.00000,31.00000,pos_a_bwd
3478,0.00000,0.00286,-0.00733,-0.11477,33.00000,31.00000,pos_a_bwd
3483,0.00000,0.00286,-0.00733,-0.11477,33.00000,31.00000,pos_a_bwd
3488,0.00000,0.00286,-0.00733,-0.11966,33.00000,31.00000,pos_a_bwd
3493,0.00000,0.00286,-0.00733,-0.11966,33.00000,31.00000,pos_a_bwd
3498,0.00000,0.00286,-0.00733,-0.11966,33.00000,31.00000,pos_a_bwd
3503,0.00000,0.00286,-0.00733,-0.11477,33.00000,31.00000,pos_a_bwd
3508,0.00000,0.00286,-0.00733,-0.11477,33.00000,31.00000,pos_a_bwd
3513,0.00000,0.00286,-0.00733,-0.11477,33.00000,31.00000,pos_a_bwd
3518,0.00000,0.00286,-0.00733,-0.11477,33.00000,31.00000,pos_a_bwd
3524,0.00000,0.00286,-0.00733,-0.11477,33.00000,31.00000,pos_a_bwd
3529,0.00000,0.00286,-0.00733,-0.11477,33.00000,31.00000,pos_a_bwd
3534,0.00000,0.00286,-0.00733,-0.11966,33.00000,31.00000,pos_a_bwd
3539,0.00000,0.00286,-0.00733,-0.11477,33.00000,31.00000,pos_a_bwd
3544,0.00000,0.00286,-0.00733,-0.11477,33.00000,31.00000,pos_a_bwd
3549,0.00000,0.00286,-0.00733,-0.11966,33.00000,31.00000,pos_a_bwd
3554,0.00000,0.00286,-0.00733,-0.11477,33.00000,31.00000,pos_a_bwd
3559,0.00000,0.00286,-0.00733,-0.11966,33.00000,31.00000,pos_a_bwd
3564,0.00000,0.00286,-0.00733,-0.11966,33.00000,31.00000,pos_a_bwd
3569,0.00000,0.00286,-0.00733,-0.11477,33.00000,31.00000,pos_a_bwd
3574,0.00000,0.00286,-0.00733,-0.11966,33.00000,31.00000,pos_a_bwd
3579,0.00000,0.00286,-0.00733,-0.11477,33.00000,31.00000,pos_a_bwd
3584,0.00000,0.00286,-0.00733,-0.11477,33.00000,31.00000,pos_a_bwd
3589,0.00000,0.00286,-0.00733,-0.11477,33.00000,31.00000,pos_a_bwd
3594,0.00000,0.00286,-0.00733,-0.11477,33.00000,31.00000,pos_a_bwd
3599,0.00000,0.00286,-0.00733,-0.11477,33.00000,31.00000,pos_a_bwd
3604,0.00000,0.00286,-0.00733,-0.11966,33.00000,31.00000,pos_a_bwd
3609,0.00000,0.00286,-0.00733,-0.11966,33.00000,31.00000,pos_a_bwd
3615,0.00000,0.00286,-0.00733,-0.11966,33.00000,31.00000,pos_a_bwd
3620,0.00000,0.00286,-0.00733,-0.11477,33.00000,31.00000,pos_a_bwd
3625,0.00000,0.00286,-0.00733,-0.11966,33.00000,31.00000,pos_a_bwd
3630,0.00000,0.00286,-0.00733,-0.11966,33.00000,31.00000,pos_a_bwd
3635,0.00000,0.00286,-0.00733,-0.11477,33.00000,31.00000,pos_a_bwd
3640,0.00000,0.00286,-0.00733,-0.11477,33.00000,31.00000,pos_a_bwd
3645,0.00000,0.00286,-0.00733,-0.11966,33.00000,31.00000,pos_a_bwd
3650,0.00000,0.00286,-0.00733,-0.11966,33.00000,31.00000,pos_a_bwd
3655,0.00000,0.00286,-0.00733,-0.11966,33.00000,31.00000,pos_a_bwd
3660,0.00000,0.00286,-0.00733,-0.11966,33.00000,31.00000,pos_a_bwd
3665,0.00000,0.00286,-0.00733,-0.11966,33.00000,31.00000,pos_a_bwd
3670,0.00000,0.00286,-0.00733,-0.11477,33.00000,31.00000,pos_a_bwd
3675,0.00000,0.00286,-0.00733,-0.11966,33.00000,31.00000,pos_a_bwd
3680,0.00000,0.00286,-0.00733,-0.11966,33.00000,31.00000,pos_a_bwd
3685,0.00000,0.00286,-0.00733,-0.11477,33.00000,31.00000,pos_a_bwd
3690,0.00000,0.00286,-0.00733,-0.11477,33.00000,31.00000,pos_a_bwd
3695,0.00000,0.00286,-0.00733,-0.11477,33.00000,31.00000,pos_a_bwd
3700,0.00000,0.00286,-0.00733,-0.11966,33.00000,31.00000,pos_a_bwd
3706,0.00000,0.00286,-0.00733,-0.11477,33.00000,31.00000,pos_a_bwd
3711,0.00000,0.00286,-0.00733,-0.11477,33.00000,31.00000,pos_a_bwd
3716,0.00000,0.00286,-0.00733,-0.11966,33.00000,31.00000,pos_a_bwd
3721,0.00000,0.00286,-0.00733,-0.11477,33.00000,31.00000,pos_a_bwd
3726,0.00000,0.00286,-0.00733,-0.11477,33.00000,31.00000,pos_a_bwd
3731,0.00000,0.00286,-0.00733,-0.11966,33.00000,31.00000,pos_a_bwd
3736,0.00000,0.00286,-0.00733,-0.11966,33.00000,31.00000,pos_a_bwd
3741,0.00000,0.00286,-0.00733,-0.11966,33.00000,31.00000,pos_a_bwd
3746,0.00000,0.00286,-0.00733,-0.11966,33.00000,31.00000,pos_a_bwd
3751,0.00000,0.00286,-0.00733,-0.11966,33.00000,31.00000,pos_a_bwd
3756,0.00000,0.00286,-0.00733,-0.11477,33.00000,31.00000,pos_a_bwd
3761,0.00000,0.00286,-0.00733,-0.11966,33.00000,31.00000,pos_a_bwd
3766,0.00000,0.00286,-0.00733,-0.11477,33.00000,31.00000,pos_a_bwd
3771,0.00000,0.00286,-0.00733,-0.11477,33.00000,31.00000,pos_a_bwd
3776,0.00000,0.00286,-0.00733,-0.11477,33.00000,31.00000,pos_a_bwd
3781,0.00000,0.00286,-0.00733,-0.11966,33.00000,31.00000,pos_a_bwd
3786,0.00000,0.00286,-0.00733,-0.11477,33.00000,31.00000,pos_a_bwd
3791,0.00000,0.00286,-0.00733,-0.11966,33.00000,31.00000,pos_a_bwd
3797,0.00000,0.00286,-0.00733,-0.11966,33.00000,31.00000,pos_a_bwd
3802,0.00000,0.00286,-0.00733,-0.11966,33.00000,31.00000,pos_a_bwd
3807,0.00000,0.00286,-0.00733,-0.11477,33.00000,31.00000,pos_a_bwd
3812,0.00000,0.00286,-0.00733,-0.11477,33.00000,31.00000,pos_a_bwd
3817,0.00000,0.00286,-0.00733,-0.11477,33.00000,31.00000,pos_a_bwd
3822,0.00000,0.00286,-0.00733,-0.11477,33.00000,31.00000,pos_a_bwd
3827,0.00000,0.00286,-0.00733,-0.11477,33.00000,31.00000,pos_a_bwd
3832,0.00000,0.00286,-0.00733,-0.11477,33.00000,31.00000,pos_a_bwd
3837,0.00000,0.00286,-0.00733,-0.11966,33.00000,31.00000,pos_a_bwd
3842,0.00000,0.00286,-0.00733,-0.11966,33.00000,31.00000,pos_a_bwd
3847,0.00000,0.00286,-0.00733,-0.11966,33.00000,31.00000,pos_a_bwd
3852,0.00000,0.00286,-0.00733,-0.11477,33.00000,31.00000,pos_a_bwd
3857,0.00000,0.00286,-0.00733,-0.11477,33.00000,31.00000,pos_a_bwd
3862,0.00000,0.00286,-0.00733,-0.11477,33.00000,31.00000,pos_a_bwd
3867,0.00000,0.00286,-0.00733,-0.11966,33.00000,31.00000,pos_a_bwd
3872,0.00000,0.00286,-0.00733,-0.11966,33.00000,31.00000,pos_a_bwd
3877,0.00000,0.00286,-0.00733,-0.11477,33.00000,31.00000,pos_a_bwd
3882,0.00000,0.00286,-0.00733,-0.11966,33.00000,31.00000,pos_a_bwd
3887,0.00000,0.00286,-0.00733,-0.11966,33.00000,31.00000,pos_a_bwd
3893,0.00000,0.00286,-0.00733,-0.11966,33.00000,31.00000,pos_a_bwd
3898,0.00000,0.00286,-0.00733,-0.11477,33.00000,31.00000,pos_a_bwd
3903,0.00000,0.00286,-0.00733,-0.11477,33.00000,31.00000,pos_a_bwd
3908,0.00000,0.00286,-0.00733,-0.11966,33.00000,31.00000,pos_a_bwd
3913,0.00000,0.00286,-0.00733,-0.11966,33.00000,31.00000,pos_a_bwd
3918,0.00000,0.00286,-0.00733,-0.11966,33.00000,31.00000,pos_a_bwd
3923,0.00000,0.00286,-0.00733,-0.11966,33.00000,31.00000,pos_a_bwd
3928,0.00000,0.00286,-0.00733,-0.11966,33.00000,31.00000,pos_a_bwd
3933,0.00000,0.00286,-0.00733,-0.11477,33.00000,31.00000,pos_a_bwd
3938,0.00000,0.00286,-0.00733,-0.11966,33.00000,31.00000,pos_a_bwd
3943,0.00000,0.00286,-0.00733,-0.11966,33.00000,31.00000,pos_a_bwd
3948,0.00000,0.00286,-0.00733,-0.11477,33.00000,31.00000,pos_a_bwd
3953,0.00000,0.00286,-0.00733,-0.11477,33.00000,31.00000,pos_a_bwd
3958,0.00000,0.00286,-0.00733,-0.11477,33.00000,31.00000,pos_a_bwd
3963,0.00000,0.00286,-0.00733,-0.11966,33.00000,31.00000,pos_a_bwd
3968,0.00000,0.00286,-0.00733,-0.11477,33.00000,31.00000,pos_a_bwd
3973,0.00000,0.00286,-0.00733,-0.11966,33.00000,31.00000,pos_a_bwd
3979,0.00000,0.00286,-0.00733,-0.11966,33.00000,31.00000,pos_a_bwd
3984,0.00000,0.00286,-0.00733,-0.11477,33.00000,31.00000,pos_a_bwd
3989,0.00000,0.00286,-0.00733,-0.11966,33.00000,31.00000,pos_a_bwd
3994,0.00000,0.00286,-0.00733,-0.11966,33.00000,31.00000,pos_a_bwd
3999,0.00000,0.00286,-0.00733,-0.11966,33.00000,31.00000,pos_a_bwd
4004,0.00000,0.00286,-0.00733,-0.11966,33.00000,31.00000,pos_a_bwd
4009,0.00000,0.00286,-0.00733,-0.11477,33.00000,31.00000,pos_a_bwd
4014,0.00000,0.00286,-0.00733,-0.11966,33.00000,31.00000,pos_a_bwd
4019,0.00000,0.00286,-0.00733,-0.11966,33.00000,31.00000,pos_a_bwd
4024,0.00000,0.00286,-0.00733,-0.11477,33.00000,31.00000,pos_a_bwd
4029,0.00000,0.00286,-0.00733,-0.11477,33.00000,31.00000,pos_a_bwd
4034,0.00000,0.00286,-0.00733,-0.11966,33.00000,31.00000,pos_a_bwd
4039,0.00000,0.00286,-0.00733,-0.11477,33.00000,31.00000,pos_a_bwd
4044,0.00000,0.00286,-0.00733,-0.11966,33.00000,31.00000,pos_a_bwd
4049,0.00000,0.00286,-0.00733,-0.11477,33.00000,31.00000,pos_a_bwd
4054,0.00000,0.00286,-0.00733,-0.11477,33.00000,31.00000,pos_a_bwd
4059,0.00000,0.00286,-0.00733,-0.11966,33.00000,31.00000,pos_a_bwd
4064,0.00000,0.00286,-0.00733,-0.11966,33.00000,31.00000,pos_a_bwd
4070,0.00000,0.00286,-0.00733,-0.11966,33.00000,31.00000,pos_a_bwd
4075,0.00000,0.00286,-0.00733,-0.11477,33.00000,31.00000,pos_a_bwd
4080,0.00000,0.00286,-0.00733,-0.11477,33.00000,31.00000,pos_a_bwd
4085,0.00000,0.00286,-0.00733,-0.11966,33.00000,31.00000,pos_a_bwd
4090,0.00000,0.00286,-0.00733,-0.11966,33.00000,31.00000,pos_a_bwd
4095,0.00000,0.00286,-0.00733,-0.11966,33.00000,31.00000,pos_a_bwd
4100,0.00000,0.00286,-0.00733,-0.11966,33.00000,31.00000,pos_a_bwd
4105,0.00000,0.00286,-0.00733,-0.11477,33.00000,31.00000,pos_a_bwd
4110,0.00000,0.00286,-0.00733,-0.11477,33.00000,31.00000,pos_a_bwd
4115,0.00000,0.00286,-0.00733,-0.11477,33.00000,31.00000,pos_a_bwd
4120,0.00000,0.00286,-0.00733,-0.11966,33.00000,31.00000,pos_a_bwd
4125,0.00000,0.00286,-0.00733,-0.11966,33.00000,31.00000,pos_a_bwd
4130,0.00000,0.00286,-0.00733,-0.11477,33.00000,31.00000,pos_a_bwd
4135,0.00000,0.00286,-0.00733,-0.11966,33.00000,31.00000,pos_a_bwd
4140,0.00000,0.00286,-0.00733,-0.11966,33.00000,31.00000,pos_a_bwd
4145,0.00000,0.00286,-0.00733,-0.11477,33.00000,31.00000,pos_a_bwd
4150,0.00000,0.00286,-0.00733,-0.11477,33.00000,31.00000,pos_a_bwd
4156,0.00000,0.00286,-0.00733,-0.11477,33.00000,31.00000,pos_a_bwd
4161,0.00000,0.00286,-0.00733,-0.11477,33.00000,31.00000,pos_a_bwd
4166,0.00000,0.00286,-0.00733,-0.11966,33.00000,31.00000,pos_a_bwd
4171,0.00000,0.00286,-0.00733,-0.11477,33.00000,31.00000,pos_a_bwd
4176,0.00000,0.00286,-0.00733,-0.11966,33.00000,31.00000,pos_a_bwd
4181,0.00000,0.00286,-0.00733,-0.11966,33.00000,31.00000,pos_a_bwd
4186,0.00000,0.00286,-0.00733,-0.11966,33.00000,31.00000,pos_a_bwd
4191,0.00000,0.00286,-0.00733,-0.11966,33.00000,31.00000,pos_a_bwd
4196,0.00000,0.00286,-0.00733,-0.11477,33.00000,31.00000,pos_a_bwd
4201,0.00000,0.00286,-0.00733,-0.11966,33.00000,31.00000,pos_a_bwd
4206,0.00000,0.00286,-0.00733,-0.11966,33.00000,31.00000,pos_a_bwd
4211,0.00000,0.00286,-0.00733,-0.11477,33.00000,31.00000,pos_a_bwd
4216,0.00000,0.00286,-0.00733,-0.11966,33.00000,31.00000,pos_a_bwd
4221,0.00000,0.00286,-0.00733,-0.11966,33.00000,31.00000,pos_a_bwd
4226,0.00000,0.00286,-0.00733,-0.11966,33.00000,31.00000,pos_a_bwd
4231,0.00000,0.00286,-0.00733,-0.11477,33.00000,31.00000,pos_a_bwd
4236,0.00000,0.00286,-0.00733,-0.11966,33.00000,31.00000,pos_a_bwd
4241,0.00000,0.00286,-0.00733,-0.11477,33.00000,31.00000,pos_a_bwd
4247,0.00000,0.00286,-0.00733,-0.11477,33.00000,31.00000,pos_a_bwd
4252,0.00000,0.00286,-0.00733,-0.11477,33.00000,31.00000,pos_a_bwd
4257,0.00000,0.00286,-0.00733,-0.11477,33.00000,31.00000,pos_a_bwd
4262,0.00000,0.00286,-0.00733,-0.11966,33.00000,31.00000,pos_a_bwd
4267,0.00000,0.00286,-0.00733,-0.11966,33.00000,31.00000,pos_a_bwd
4272,0.00000,0.00286,-0.00733,-0.11966,33.00000,31.00000,pos_a_bwd
4277,0.00000,0.00286,-0.00733,-0.11966,33.00000,31.00000,pos_a_bwd
4282,0.00000,0.00286,-0.00733,-0.11477,33.00000,31.00000,pos_a_bwd
4287,0.00000,0.00286,-0.00733,-0.11966,33.00000,31.00000,pos_a_bwd
4292,0.00000,0.00286,-0.00733,-0.11966,33.00000,31.00000,pos_a_bwd
4297,0.00000,0.00286,-0.00733,-0.11966,33.00000,31.00000,pos_a_bwd
4302,0.00000,0.00286,-0.00733,-0.11477,33.00000,31.00000,pos_a_bwd
4307,0.00000,0.00286,-0.00733,-0.11966,33.00000,31.00000,pos_a_bwd
4312,0.00000,0.00286,-0.00733,-0.11477,33.00000,31.00000,pos_a_bwd
4317,0.00000,0.00286,-0.00733,-0.11477,33.00000,31.00000,pos_a_bwd
4322,0.00000,0.00286,-0.00733,-0.11966,33.00000,31.00000,pos_a_bwd
4327,0.00000,0.00286,-0.00733,-0.11966,33.00000,31.00000,pos_a_bwd
4332,0.00000,0.00286,-0.00733,-0.11966,33.00000,31.00000,pos_a_bwd
4337,0.00000,0.00286,-0.00733,-0.11966,33.00000,31.00000,pos_a_bwd
4343,0.00000,0.00286,-0.00733,-0.11966,33.00000,31.00000,pos_a_bwd
4348,0.00000,0.00286,-0.00733,-0.11966,33.00000,31.00000,pos_a_bwd
4353,0.00000,0.00286,-0.00733,-0.11477,33.00000,31.00000,pos_a_bwd
4358,0.00000,0.00286,-0.00733,-0.11477,33.00000,31.00000,pos_a_bwd
4363,0.00000,0.00286,-0.00733,-0.11477,33.00000,31.00000,pos_a_bwd
4368,0.00000,0.00286,-0.00733,-0.11966,33.00000,31.00000,pos_a_bwd
4373,0.00000,0.00286,-0.00733,-0.11477,33.00000,31.00000,pos_a_bwd
4378,0.00000,0.00286,-0.00733,-0.11477,33.00000,31.00000,pos_a_bwd
4383,0.00000,0.00286,-0.00733,-0.11477,33.00000,31.00000,pos_a_bwd
4388,0.00000,0.00286,-0.00733,-0.11966,33.00000,31.00000,pos_a_bwd
4393,0.00000,0.00286,-0.00733,-0.11966,33.00000,31.00000,pos_a_bwd
4398,0.00000,0.00286,-0.00733,-0.11966,33.00000,31.00000,pos_a_bwd
4403,0.00000,0.00286,-0.00733,-0.11966,33.00000,31.00000,pos_a_bwd
4408,0.00000,0.00286,-0.00733,-0.11477,33.00000,31.00000,pos_a_bwd
4413,0.00000,0.00286,-0.00733,-0.11477,33.00000,31.00000,pos_a_bwd
4418,0.00000,0.00286,-0.00733,-0.11966,33.00000,31.00000,pos_a_bwd
4423,0.00000,0.00286,-0.00733,-0.11966,33.00000,31.00000,pos_a_bwd
4428,0.00000,0.00286,-0.00733,-0.11477,33.00000,31.00000,pos_a_bwd
4433,0.00000,0.00286,-0.00733,-0.11477,33.00000,31.00000,pos_a_bwd
4439,0.00000,0.00286,-0.00733,-0.11966,33.00000,31.00000,pos_a_bwd
4444,0.00000,0.00286,-0.00733,-0.11477,33.00000,31.00000,pos_a_bwd
4449,0.00000,0.00286,-0.00733,-0.11477,33.00000,31.00000,pos_a_bwd
4454,0.00000,0.00286,-0.00733,-0.11966,33.00000,31.00000,pos_a_bwd
4459,0.00000,0.00286,-0.00733,-0.11477,33.00000,31.00000,pos_a_bwd
4464,0.00000,0.00286,-0.00733,-0.11477,33.00000,31.00000,pos_a_bwd
4469,0.00000,0.00286,-0.00733,-0.11477,33.00000,31.00000,pos_a_bwd
4474,0.00000,0.00286,-0.00733,-0.11966,33.00000,31.00000,pos_a_bwd
4479,0.00000,0.00286,-0.00733,-0.11477,33.00000,31.00000,pos_a_bwd
4484,0.00000,0.00286,-0.00733,-0.11477,33.00000,31.00000,pos_a_bwd
4489,0.00000,0.00286,-0.00733,-0.11477,33.00000,31.00000,pos_a_bwd
4494,0.00000,0.00286,-0.00733,-0.11477,33.00000,31.00000,pos_a_bwd
4499,0.00000,0.00286,-0.00733,-0.11966,33.00000,31.00000,pos_a_bwd
4504,0.00000,0.00286,-0.00733,-0.11966,33.00000,31.00000,pos_a_bwd
4509,0.00000,0.00286,-0.00733,-0.11966,33.00000,31.00000,pos_a_bwd
4514,0.00000,0.00286,-0.00733,-0.11966,33.00000,31.00000,pos_a_bwd
4519,0.00000,0.00286,-0.00733,-0.11966,33.00000,31.00000,pos_a_bwd
4525,0.00000,0.00286,-0.00733,-0.11966,33.00000,31.00000,pos_a_bwd
4530,0.00000,0.00286,-0.00733,-0.11966,33.00000,31.00000,pos_a_bwd
4535,0.00000,0.00286,-0.00733,-0.11966,33.00000,31.00000,pos_a_bwd
4540,0.00000,0.00286,-0.00733,-0.11966,33.00000,31.00000,pos_a_bwd
4545,0.00000,0.00286,-0.00733,-0.11477,33.00000,31.00000,pos_a_bwd
4550,0.00000,0.00286,-0.00733,-0.11477,33.00000,31.00000,pos_a_bwd
4555,0.00000,0.00286,-0.00733,-0.10989,33.00000,31.00000,pos_a_bwd
4560,0.00000,0.00286,-0.00733,-0.11477,33.00000,31.00000,pos_a_bwd
4565,0.00000,0.00286,-0.00733,-0.11477,33.00000,31.00000,pos_a_bwd
4570,0.00000,0.00286,-0.00733,-0.11477,33.00000,31.00000,pos_a_bwd
4575,0.00000,0.00286,-0.00733,-0.11477,33.00000,31.00000,pos_a_bwd
4580,0.00000,0.00286,-0.00733,-0.11477,33.00000,31.00000,pos_a_bwd
4585,0.00000,0.00286,-0.00733,-0.11477,33.00000,31.00000,pos_a_bwd
4590,0.00000,0.00286,-0.00733,-0.11477,33.00000,31.00000,pos_a_bwd
4595,0.00000,0.00286,-0.00733,-0.11477,33.00000,31.00000,pos_a_bwd
4600,0.00000,0.00286,-0.00733,-0.11966,33.00000,31.00000,pos_a_bwd
4605,0.00000,0.00286,-0.00733,-0.12454,33.00000,31.00000,pos_a_bwd
4610,0.00000,0.00286,-0.00733,-0.11966,33.00000,31.00000,pos_a_bwd
4615,0.00000,0.00286,-0.00733,-0.12454,33.00000,31.00000,pos_a_bwd
4621,0.00000,0.00286,-0.00733,-0.11477,33.00000,31.00000,pos_a_bwd
4626,0.00000,0.00286,-0.00733,-0.11477,33.00000,31.00000,pos_a_bwd
4631,0.00000,0.00286,-0.00733,-0.11477,33.00000,31.00000,pos_a_bwd
4636,0.00000,0.00286,-0.00733,-0.11477,33.00000,31.00000,pos_a_bwd
4641,0.00000,0.00286,-0.00733,-0.11966,33.00000,31.00000,pos_a_bwd
4646,0.00000,0.00286,-0.00733,-0.11966,33.00000,31.00000,pos_a_bwd
4651,0.00000,0.00286,-0.00733,-0.11966,33.00000,31.00000,pos_a_bwd
4656,0.00000,0.00286,-0.00733,-0.11966,33.00000,31.00000,pos_a_bwd
4661,0.00000,0.00286,-0.00733,-0.11966,33.00000,31.00000,pos_a_bwd
4666,0.00000,0.00286,-0.00733,-0.11966,33.00000,31.00000,pos_a_bwd
4671,0.00000,0.00286,-0.00733,-0.11966,33.00000,31.00000,pos_a_bwd
4676,0.00000,0.00286,-0.00733,-0.11477,33.00000,31.00000,pos_a_bwd
4681,0.00000,0.00286,-0.00733,-0.11477,33.00000,31.00000,pos_a_bwd
4686,0.00000,0.00286,-0.00733,-0.11477,33.00000,31.00000,pos_a_bwd
4691,0.00000,0.00286,-0.00733,-0.11966,33.00000,31.00000,pos_a_bwd
4696,0.00000,0.00286,-0.00733,-0.11477,33.00000,31.00000,pos_a_bwd
4701,0.00000,0.00286,-0.00733,-0.11477,33.00000,31.00000,pos_a_bwd
4706,0.00000,0.00286,-0.00733,-0.11966,33.00000,31.00000,pos_a_bwd
4712,0.00000,0.00286,-0.00733,-0.11966,33.00000,31.00000,pos_a_bwd
4717,0.00000,0.00286,-0.00733,-0.11966,33.00000,31.00000,pos_a_bwd
4722,0.00000,0.00286,-0.00733,-0.11477,33.00000,31.00000,pos_a_bwd
4727,0.00000,0.00286,-0.00733,-0.11477,33.00000,31.00000,pos_a_bwd
4732,0.00000,0.00286,-0.00733,-0.11966,33.00000,31.00000,pos_a_bwd
4737,0.00000,0.00286,-0.00733,-0.11966,33.00000,31.00000,pos_a_bwd
4742,0.00000,0.00286,-0.00733,-0.11966,33.00000,31.00000,pos_a_bwd
4747,0.00000,0.00286,-0.00733,-0.11477,33.00000,31.00000,pos_a_bwd
4752,0.00000,0.00286,-0.00733,-0.11477,33.00000,31.00000,pos_a_bwd
4757,0.00000,0.00286,-0.00733,-0.11966,33.00000,31.00000,pos_a_bwd
4762,0.00000,0.00286,-0.00733,-0.11966,33.00000,31.00000,pos_a_bwd
4767,0.00000,0.00286,-0.00733,-0.11477,33.00000,31.00000,pos_a_bwd
4772,0.00000,0.00286,-0.00733,-0.11966,33.00000,31.00000,pos_a_bwd
4777,0.00000,0.00286,-0.00733,-0.11966,33.00000,31.00000,pos_a_bwd
4782,0.00000,0.00286,-0.00733,-0.11966,33.00000,31.00000,pos_a_bwd
4787,0.00000,0.00286,-0.00733,-0.11966,33.00000,31.00000,pos_a_bwd
4792,0.00000,0.00286,-0.00733,-0.11966,33.00000,31.00000,pos_a_bwd
4797,0.00000,0.00286,-0.00733,-0.11966,33.00000,31.00000,pos_a_bwd
4803,0.00000,0.00286,-0.00733,-0.11477,33.00000,31.00000,pos_a_bwd
4808,0.00000,0.00286,-0.00733,-0.11966,33.00000,31.00000,pos_a_bwd
4813,0.00000,0.00286,-0.00733,-0.11966,33.00000,31.00000,pos_a_bwd
4818,0.00000,0.00286,-0.00733,-0.11966,33.00000,31.00000,pos_a_bwd
4823,0.00000,0.00286,-0.00733,-0.11966,33.00000,31.00000,pos_a_bwd
4828,0.00000,0.00286,-0.00733,-0.11477,33.00000,31.00000,pos_a_bwd
4833,0.00000,0.00286,-0.00733,-0.11477,33.00000,31.00000,pos_a_bwd
4838,0.00000,0.00286,-0.00733,-0.11966,33.00000,31.00000,pos_a_bwd
4843,0.00000,0.00286,-0.00733,-0.11477,33.00000,31.00000,pos_a_bwd
4848,0.00000,0.00286,-0.00733,-0.11966,33.00000,31.00000,pos_a_bwd
4853,0.00000,0.00286,-0.00733,-0.11477,33.00000,31.00000,pos_a_bwd
4858,0.00000,0.00286,-0.00733,-0.11477,33.00000,31.00000,pos_a_bwd
4863,0.00000,0.00286,-0.00733,-0.11477,33.00000,31.00000,pos_a_bwd
4868,0.00000,0.00286,-0.00733,-0.11477,33.00000,31.00000,pos_a_bwd
4873,0.00000,0.00286,-0.00733,-0.11966,33.00000,31.00000,pos_a_bwd
4878,0.00000,0.00286,-0.00733,-0.11966,33.00000,31.00000,pos_a_bwd
4883,0.00000,0.00286,-0.00733,-0.11477,33.00000,31.00000,pos_a_bwd
4888,0.00000,0.00286,-0.00733,-0.11477,33.00000,31.00000,pos_a_bwd
4893,0.00000,0.00286,-0.00733,-0.11477,33.00000,31.00000,pos_a_bwd
4899,0.00000,0.00286,-0.00733,-0.11966,33.00000,31.00000,pos_a_bwd
4904,0.00000,0.00286,-0.00733,-0.11477,33.00000,31.00000,pos_a_bwd
4909,0.00000,0.00286,-0.00733,-0.11477,33.00000,31.00000,pos_a_bwd
4914,0.00000,0.00286,-0.00733,-0.11477,33.00000,31.00000,pos_a_bwd
4919,0.00000,0.00286,-0.00733,-0.11477,33.00000,31.00000,pos_a_bwd
4924,0.00000,0.00286,-0.00733,-0.11477,33.00000,31.00000,pos_a_bwd
4929,0.00000,0.00286,-0.00733,-0.11966,33.00000,31.00000,pos_a_bwd
4934,0.00000,0.00286,-0.00733,-0.11966,33.00000,31.00000,pos_a_bwd
4939,0.00000,0.00286,-0.00733,-0.11477,33.00000,31.00000,pos_a_bwd
4944,0.00000,0.00286,-0.00733,-0.11966,33.00000,31.00000,pos_a_bwd
4949,0.00000,0.00286,-0.00733,-0.11477,33.00000,31.00000,pos_a_bwd
4954,0.00000,0.00286,-0.00733,-0.11477,33.00000,31.00000,pos_a_bwd
4959,0.00000,0.00286,-0.00733,-0.11477,33.00000,31.00000,pos_a_bwd
4964,0.00000,0.00286,-0.00733,-0.11477,33.00000,31.00000,pos_a_bwd
4969,0.00000,0.00286,-0.00733,-0.11966,33.00000,31.00000,pos_a_bwd
4974,0.00000,0.00286,-0.00733,-0.11966,33.00000,31.00000,pos_a_bwd
4979,0.00000,0.00286,-0.00733,-0.11477,33.00000,31.00000,pos_a_bwd
4984,0.00000,0.00286,-0.00733,-0.11966,33.00000,31.00000,pos_a_bwd
4990,0.00000,0.00286,-0.00733,-0.11477,33.00000,31.00000,pos_a_bwd
4995,0.00000,0.00286,-0.00733,-0.11477,33.00000,31.00000,pos_a_bwd
0,0.00000,0.00286,-0.00733,-0.11966,33.00000,31.00000,pos_b_bwd
5,0.00000,0.00286,-0.00733,-0.11966,33.00000,31.00000,pos_b_bwd
10,0.00000,0.00286,-0.00733,-0.11477,33.00000,31.00000,pos_b_bwd
15,0.00000,0.00286,-0.00733,-0.11477,33.00000,31.00000,pos_b_bwd
20,0.00000,0.00286,-0.00733,-0.11966,33.00000,31.00000,pos_b_bwd
25,0.00000,0.00286,-0.00733,-0.11966,33.00000,31.00000,pos_b_bwd
30,0.00000,0.00286,-0.00733,-0.11966,33.00000,31.00000,pos_b_bwd
35,0.00000,0.02880,10.87912,3.36752,33.00000,31.00000,pos_b_bwd
40,0.00000,0.11654,20.24176,2.90843,33.00000,31.00000,pos_b_bwd
45,0.00000,0.22679,22.67399,1.66789,33.00000,31.00000,pos_b_bwd
50,0.00000,0.34352,23.36264,0.79365,33.00000,31.00000,pos_b_bwd
55,0.00000,0.45987,22.99634,0.45177,33.00000,31.00000,pos_b_bwd
60,0.00000,0.57546,22.89377,0.42735,33.00000,31.00000,pos_b_bwd
65,0.00000,0.69219,22.65934,0.25641,33.00000,31.00000,pos_b_bwd
70,0.00000,0.80625,22.73260,0.19780,33.00000,31.00000,pos_b_bwd
75,0.00000,0.92298,22.86447,0.22711,33.00000,31.00000,pos_b_bwd
80,0.00000,1.03780,22.63004,0.17827,33.00000,31.00000,pos_b_bwd
85,0.00000,1.15263,22.74725,0.18804,33.00000,31.00000,pos_b_bwd
91,0.00000,1.26707,22.65934,0.11966,33.00000,31.00000,pos_b_bwd
96,0.00000,1.38151,22.58608,0.15873,33.00000,31.00000,pos_b_bwd
101,0.00000,1.49596,22.77656,0.25153,33.00000,31.00000,pos_b_bwd
106,0.00000,1.61154,22.60073,0.21245,33.00000,31.00000,pos_b_bwd
111,0.00000,1.72446,22.39560,0.12454,33.00000,31.00000,pos_b_bwd
116,0.00000,1.83204,20.27106,-0.30525,33.00000,31.00000,pos_b_bwd
121,0.00000,1.92702,18.02930,-0.27595,33.00000,31.00000,pos_b_bwd
126,0.00000,2.01743,17.48718,-0.13919,33.00000,31.00000,pos_b_bwd
131,0.00000,2.10174,16.12454,-0.28083,33.00000,31.00000,pos_b_bwd
136,0.00000,2.17765,14.48352,-0.25153,33.00000,31.00000,pos_b_bwd
141,0.00000,2.24937,13.67766,-0.12454,33.00000,31.00000,pos_b_bwd
146,0.00000,2.31575,12.76923,-0.15385,33.00000,31.00000,pos_b_bwd
151,0.00000,2.37678,11.71429,-0.16361,33.00000,31.00000,pos_b_bwd
156,0.00000,2.43286,10.77656,-0.13431,33.00000,31.00000,pos_b_bwd
161,0.00000,2.48474,10.02930,-0.09035,33.00000,31.00000,pos_b_bwd
166,0.00000,2.53319,9.19414,-0.06105,33.00000,31.00000,pos_b_bwd
171,0.00000,2.57782,8.49084,-0.05617,33.00000,31.00000,pos_b_bwd
176,0.00000,2.61978,7.87546,-0.06593,33.00000,31.00000,pos_b_bwd
182,0.00000,2.65755,7.28938,-0.04151,33.00000,31.00000,pos_b_bwd
187,0.00000,2.69341,6.76191,-0.05128,33.00000,31.00000,pos_b_bwd
192,0.00000,2.72622,6.24908,-0.01709,33.00000,31.00000,pos_b_bwd
197,0.00000,2.75673,5.79487,-0.00733,33.00000,31.00000,pos_b_bwd
202,0.00000,2.78458,5.35531,0.00244,33.00000,31.00000,pos_b_bwd
207,0.00000,2.81052,4.98901,0.01709,33.00000,31.00000,pos_b_bwd
212,0.00000,2.83494,4.63736,0.00733,33.00000,31.00000,pos_b_bwd
217,0.00000,2.85744,4.30037,0.00733,33.00000,31.00000,pos_b_bwd
222,0.00000,2.87804,3.91941,0.01709,33.00000,31.00000,pos_b_bwd
227,0.00000,2.89750,3.69963,0.02686,33.00000,31.00000,pos_b_bwd
232,0.00000,2.91505,3.40659,0.02198,33.00000,31.00000,pos_b_bwd
237,0.00000,2.93145,3.14286,0.02686,33.00000,31.00000,pos_b_bwd
242,0.00000,2.94671,2.90843,0.03663,33.00000,31.00000,pos_b_bwd
247,0.00000,2.96082,2.73260,0.03663,33.00000,31.00000,pos_b_bwd
252,0.00000,2.97379,2.46886,0.03175,33.00000,31.00000,pos_b_bwd
257,0.00000,2.98600,2.29304,0.04640,33.00000,31.00000,pos_b_bwd
262,0.00000,2.99668,2.08791,0.06594,33.00000,31.00000,pos_b_bwd
267,0.00000,3.00736,1.97070,0.05128,33.00000,31.00000,pos_b_bwd
273,0.00000,3.01690,1.80952,0.03663,33.00000,31.00000,pos_b_bwd
278,0.00000,3.02567,1.67766,0.05128,33.00000,31.00000,pos_b_bwd
283,0.00000,3.03407,1.57509,0.05128,33.00000,31.00000,pos_b_bwd
288,0.00000,3.04131,1.35531,0.08059,33.00000,31.00000,pos_b_bwd
293,0.00000,3.04818,1.32601,0.11477,33.00000,31.00000,pos_b_bwd
298,0.00000,3.05543,1.35531,0.06105,33.00000,31.00000,pos_b_bwd
303,0.00000,3.06153,1.13553,0.02198,33.00000,31.00000,pos_b_bwd
308,0.00000,3.06687,0.98901,0.06594,33.00000,31.00000,pos_b_bwd
313,0.00000,3.07183,0.97436,0.10501,33.00000,31.00000,pos_b_bwd
318,0.00000,3.07717,1.01832,0.06105,33.00000,31.00000,pos_b_bwd
323,0.00000,3.08175,0.84249,0.02686,33.00000,31.00000,pos_b_bwd
328,0.00000,3.08518,0.66667,0.08059,33.00000,31.00000,pos_b_bwd
333,0.00000,3.08862,0.73993,0.11966,33.00000,31.00000,pos_b_bwd
338,0.00000,3.09167,0.62271,0.11966,33.00000,31.00000,pos_b_bwd
343,0.00000,3.09510,0.63736,0.12454,33.00000,31.00000,pos_b_bwd
348,0.00000,3.09854,0.65202,0.08059,33.00000,31.00000,pos_b_bwd
353,0.00000,3.10197,0.60806,0.02198,33.00000,31.00000,pos_b_bwd
359,0.00000,3.10464,0.44689,0.01221,33.00000,31.00000,pos_b_bwd
364,0.00000,3.10655,0.38828,0.06105,33.00000,31.00000,pos_b_bwd
369,0.00000,3.10884,0.43224,0.09035,33.00000,31.00000,pos_b_bwd
374,0.00000,3.11074,0.35898,0.07570,33.00000,31.00000,pos_b_bwd
379,0.00000,3.11265,0.38828,0.07570,33.00000,31.00000,pos_b_bwd
384,0.00000,3.11418,0.28572,0.08059,33.00000,31.00000,pos_b_bwd
389,0.00000,3.11608,0.32967,0.09524,33.00000,31.00000,pos_b_bwd
394,0.00000,3.11723,0.22711,0.09524,33.00000,31.00000,pos_b_bwd
399,0.00000,3.11799,0.15385,0.14896,33.00000,31.00000,pos_b_bwd
404,0.00000,3.11952,0.32967,0.14408,33.00000,31.00000,pos_b_bwd
409,0.00000,3.12104,0.25641,0.07570,33.00000,31.00000,pos_b_bwd
414,0.00000,3.12219,0.15385,0.07570,33.00000,31.00000,pos_b_bwd
419,0.00000,3.12371,0.31502,0.05617,33.00000,31.00000,pos_b_bwd
424,0.00000,3.12448,0.09524,0.03663,33.00000,31.00000,pos_b_bwd
429,0.00000,3.12448,0.05128,0.11966,33.00000,31.00000,pos_b_bwd
434,0.00000,3.12562,0.18315,0.14408,33.00000,31.00000,pos_b_bwd
439,0.00000,3.12676,0.22711,0.07082,33.00000,31.00000,pos_b_bwd
444,0.00000,3.12753,0.10989,0.04151,33.00000,31.00000,pos_b_bwd
450,0.00000,3.12791,0.02198,0.09524,33.00000,31.00000,pos_b_bwd
455,0.00000,3.12791,0.09524,0.13919,33.00000,31.00000,pos_b_bwd
460,0.00000,3.12867,0.10989,0.12454,33.00000,31.00000,pos_b_bwd
465,0.00000,3.12943,0.10989,0.10012,33.00000,31.00000,pos_b_bwd
470,0.00000,3.13058,0.15385,0.05617,33.00000,31.00000,pos_b_bwd
475,0.00000,3.13096,0.06594,0.03663,33.00000,31.00000,pos_b_bwd
480,0.00000,3.13096,0.02198,0.07570,33.00000,31.00000,pos_b_bwd
485,0.00000,3.13096,0.06594,0.10501,33.00000,31.00000,pos_b_bwd
490,0.00000,3.13134,0.05128,0.11477,33.00000,31.00000,pos_b_bwd
495,0.00000,3.13134,0.00733,0.13431,33.00000,31.00000,pos_b_bwd
500,0.00000,3.13134,0.02198,0.14896,33.00000,31.00000,pos_b_bwd
505,0.00000,3.13172,0.03663,0.14896,33.00000,31.00000,pos_b_bwd
510,0.00000,3.13172,0.00733,0.15873,33.00000,31.00000,pos_b_bwd
515,0.00000,3.13172,0.02198,0.16361,33.00000,31.00000,pos_b_bwd
520,0.00000,3.13172,0.02198,0.16361,33.00000,31.00000,pos_b_bwd
525,0.00000,3.13210,0.00733,0.16361,33.00000,31.00000,pos_b_bwd
530,0.00000,3.13210,0.02198,0.15873,33.00000,31.00000,pos_b_bwd
535,0.00000,3.13210,0.02198,0.15873,33.00000,31.00000,pos_b_bwd
541,0.00000,3.13249,0.02198,0.15385,33.00000,31.00000,pos_b_bwd
546,0.00000,3.13249,0.03663,0.14408,33.00000,31.00000,pos_b_bwd
551,0.00000,3.13287,0.05128,0.12943,33.00000,31.00000,pos_b_bwd
556,0.00000,3.13363,0.05128,0.09524,33.00000,31.00000,pos_b_bwd
561,0.00000,3.13401,0.05128,0.07082,33.00000,31.00000,pos_b_bwd
566,0.00000,3.13439,0.03663,0.05617,33.00000,31.00000,pos_b_bwd
571,0.00000,3.13439,0.00733,0.06594,33.00000,31.00000,pos_b_bwd
576,0.00000,3.13439,0.02198,0.07570,33.00000,31.00000,pos_b_bwd
581,0.00000,3.13439,0.02198,0.09035,33.00000,31.00000,pos_b_bwd
586,0.00000,3.13439,0.00733,0.09035,33.00000,31.00000,pos_b_bwd
591,0.00000,3.13439,0.00733,0.09524,33.00000,31.00000,pos_b_bwd
596,0.00000,3.13478,0.00733,0.09524,33.00000,31.00000,pos_b_bwd
601,0.00000,3.13478,0.00733,0.10012,33.00000,31.00000,pos_b_bwd
606,0.00000,3.13478,0.00733,0.10501,33.00000,31.00000,pos_b_bwd
611,0.00000,3.13478,0.00733,0.10501,33.00000,31.00000,pos_b_bwd
616,0.00000,3.13478,0.00733,0.10989,33.00000,31.00000,pos_b_bwd
621,0.00000,3.13478,-0.00733,0.10989,33.00000,31.00000,pos_b_bwd
626,0.00000,3.13478,0.00733,0.10989,33.00000,31.00000,pos_b_bwd
632,0.00000,3.13478,-0.00733,0.10989,33.00000,31.00000,pos_b_bwd
637,0.00000,3.13478,-0.00733,0.10989,33.00000,31.00000,pos_b_bwd
642,0.00000,3.13478,-0.00733,0.10989,33.00000,31.00000,pos_b_bwd
647,0.00000,3.13478,-0.00733,0.10989,33.00000,31.00000,pos_b_bwd
652,0.00000,3.13478,-0.00733,0.11477,33.00000,31.00000,pos_b_bwd
657,0.00000,3.13478,-0.00733,0.11477,33.00000,31.00000,pos_b_bwd
662,0.00000,3.13478,-0.00733,0.11966,33.00000,31.00000,pos_b_bwd
667,0.00000,3.13478,-0.00733,0.11477,33.00000,31.00000,pos_b_bwd
672,0.00000,3.13478,-0.00733,0.11966,33.00000,31.00000,pos_b_bwd
677,0.00000,3.13478,-0.00733,0.11966,33.00000,31.00000,pos_b_bwd
682,0.00000,3.13478,-0.00733,0.11477,33.00000,31.00000,pos_b_bwd
687,0.00000,3.13478,-0.00733,0.11966,33.00000,31.00000,pos_b_bwd
692,0.00000,3.13478,-0.00733,0.11966,33.00000,31.00000,pos_b_bwd
697,0.00000,3.13478,-0.00733,0.11477,33.00000,31.00000,pos_b_bwd
702,0.00000,3.13478,-0.00733,0.11966,33.00000,31.00000,pos_b_bwd
707,0.00000,3.13478,-0.00733,0.11966,33.00000,31.00000,pos_b_bwd
712,0.00000,3.13478,-0.00733,0.11966,33.00000,31.00000,pos_b_bwd
718,0.00000,3.13478,-0.00733,0.11966,33.00000,31.00000,pos_b_bwd
723,0.00000,3.13478,-0.00733,0.11477,33.00000,31.00000,pos_b_bwd
728,0.00000,3.13478,-0.00733,0.11966,33.00000,31.00000,pos_b_bwd
733,0.00000,3.13478,-0.00733,0.11966,33.00000,31.00000,pos_b_bwd
738,0.00000,3.13478,-0.00733,0.11477,33.00000,31.00000,pos_b_bwd
743,0.00000,3.13478,-0.00733,0.11477,33.00000,31.00000,pos_b_bwd
748,0.00000,3.13478,-0.00733,0.11477,33.00000,31.00000,pos_b_bwd
753,0.00000,3.13478,-0.00733,0.11966,33.00000,31.00000,pos_b_bwd
758,0.00000,3.13478,-0.00733,0.11966,33.00000,31.00000,pos_b_bwd
763,0.00000,3.13478,-0.00733,0.11966,33.00000,31.00000,pos_b_bwd
768,0.00000,3.13478,-0.00733,0.11966,33.00000,31.00000,pos_b_bwd
773,0.00000,3.13478,-0.00733,0.11966,33.00000,31.00000,pos_b_bwd
778,0.00000,3.13478,-0.00733,0.11966,33.00000,31.00000,pos_b_bwd
783,0.00000,3.13478,-0.00733,0.11966,33.00000,31.00000,pos_b_bwd
788,0.00000,3.13478,-0.00733,0.11477,33.00000,31.00000,pos_b_bwd
793,0.00000,3.13478,-0.00733,0.11966,33.00000,31.00000,pos_b_bwd
798,0.00000,3.13478,-0.00733,0.11477,33.00000,31.00000,pos_b_bwd
803,0.00000,3.13478,-0.00733,0.11966,33.00000,31.00000,pos_b_bwd
809,0.00000,3.13478,-0.00733,0.11477,33.00000,31.00000,pos_b_bwd
814,0.00000,3.13478,-0.00733,0.11477,33.00000,31.00000,pos_b_bwd
819,0.00000,3.13478,-0.00733,0.11966,33.00000,31.00000,pos_b_bwd
824,0.00000,3.13478,-0.00733,0.11966,33.00000,31.00000,pos_b_bwd
829,0.00000,3.13478,-0.00733,0.11966,33.00000,31.00000,pos_b_bwd
834,0.00000,3.13478,-0.00733,0.11966,33.00000,31.00000,pos_b_bwd
839,0.00000,3.13478,-0.00733,0.11477,33.00000,31.00000,pos_b_bwd
844,0.00000,3.13478,-0.00733,0.11966,33.00000,31.00000,pos_b_bwd
849,0.00000,3.13478,-0.00733,0.11966,33.00000,31.00000,pos_b_bwd
854,0.00000,3.13478,-0.00733,0.11966,33.00000,31.00000,pos_b_bwd
859,0.00000,3.13478,-0.00733,0.11966,33.00000,31.00000,pos_b_bwd
864,0.00000,3.13478,-0.00733,0.11966,33.00000,31.00000,pos_b_bwd
869,0.00000,3.13478,-0.00733,0.11966,33.00000,31.00000,pos_b_bwd
874,0.00000,3.13478,-0.00733,0.11966,33.00000,31.00000,pos_b_bwd
879,0.00000,3.13478,-0.00733,0.11966,33.00000,31.00000,pos_b_bwd
884,0.00000,3.13478,-0.00733,0.11477,33.00000,31.00000,pos_b_bwd
889,0.00000,3.13478,-0.00733,0.11966,33.00000,31.00000,pos_b_bwd
895,0.00000,3.13478,-0.00733,0.11966,33.00000,31.00000,pos_b_bwd
900,0.00000,3.13478,-0.00733,0.11966,33.00000,31.00000,pos_b_bwd
905,0.00000,3.13478,-0.00733,0.11477,33.00000,31.00000,pos_b_bwd
910,0.00000,3.13478,-0.00733,0.11966,33.00000,31.00000,pos_b_bwd
915,0.00000,3.13478,-0.00733,0.11477,33.00000,31.00000,pos_b_bwd
920,0.00000,3.13478,-0.00733,0.11966,33.00000,31.00000,pos_b_bwd
925,0.00000,3.13478,-0.00733,0.11477,33.00000,31.00000,pos_b_bwd
930,0.00000,3.13478,-0.00733,0.11966,33.00000,31.00000,pos_b_bwd
935,0.00000,3.13478,-0.00733,0.11477,33.00000,31.00000,pos_b_bwd
940,0.00000,3.13478,-0.00733,0.11966,33.00000,31.00000,pos_b_bwd
945,0.00000,3.13478,-0.00733,0.11966,33.00000,31.00000,pos_b_bwd
950,0.00000,3.13478,-0.00733,0.11966,33.00000,31.00000,pos_b_bwd
955,0.00000,3.13478,-0.00733,0.11966,33.00000,31.00000,pos_b_bwd
960,0.00000,3.13478,-0.00733,0.12454,33.00000,31.00000,pos_b_bwd
965,0.00000,3.13478,-0.00733,0.11966,33.00000,31.00000,pos_b_bwd
970,0.00000,3.13478,-0.00733,0.11966,33.00000,31.00000,pos_b_bwd
975,0.00000,3.13478,-0.00733,0.11966,33.00000,31.00000,pos_b_bwd
980,0.00000,3.13478,-0.00733,0.11477,33.00000,31.00000,pos_b_bwd
986,0.00000,3.13478,-0.00733,0.11477,33.00000,31.00000,pos_b_bwd
991,0.00000,3.13478,-0.00733,0.11966,33.00000,31.00000,pos_b_bwd
996,0.00000,3.13478,-0.00733,0.11477,33.00000,31.00000,pos_b_bwd
1001,0.00000,3.13478,-0.00733,0.11966,33.00000,31.00000,pos_b_bwd
1006,0.00000,3.13478,-0.00733,0.11477,33.00000,31.00000,pos_b_bwd
1011,0.00000,3.13478,-0.00733,0.11966,33.00000,31.00000,pos_b_bwd
1016,0.00000,3.13478,-0.00733,0.11966,33.00000,31.00000,pos_b_bwd
1021,0.00000,3.13478,-0.00733,0.11966,33.00000,31.00000,pos_b_bwd
1026,0.00000,3.13478,-0.00733,0.11966,33.00000,31.00000,pos_b_bwd
1031,0.00000,3.13478,-0.00733,0.11966,33.00000,31.00000,pos_b_bwd
1036,0.00000,3.13478,-0.00733,0.11477,33.00000,31.00000,pos_b_bwd
1041,0.00000,3.13478,-0.00733,0.11966,33.00000,31.00000,pos_b_bwd
1046,0.00000,3.13478,-0.00733,0.11966,33.00000,31.00000,pos_b_bwd
1051,0.00000,3.13478,-0.00733,0.11966,33.00000,31.00000,pos_b_bwd
1056,0.00000,3.13478,-0.00733,0.11966,33.00000,31.00000,pos_b_bwd
1061,0.00000,3.13478,-0.00733,0.11966,33.00000,31.00000,pos_b_bwd
1066,0.00000,3.13478,-0.00733,0.11966,33.00000,31.00000,pos_b_bwd
1072,0.00000,3.13478,-0.00733,0.11477,33.00000,31.00000,pos_b_bwd
1077,0.00000,3.13478,-0.00733,0.11966,33.00000,31.00000,pos_b_bwd
1082,0.00000,3.13478,-0.00733,0.11966,33.00000,31.00000,pos_b_bwd
1087,0.00000,3.13478,-0.00733,0.11966,33.00000,31.00000,pos_b_bwd
1092,0.00000,3.13478,-0.00733,0.11477,33.00000,31.00000,pos_b_bwd
1097,0.00000,3.13478,-0.00733,0.11966,33.00000,31.00000,pos_b_bwd
1102,0.00000,3.13478,-0.00733,0.11966,33.00000,31.00000,pos_b_bwd
1107,0.00000,3.13478,-0.00733,0.11477,33.00000,31.00000,pos_b_bwd
1112,0.00000,3.13478,-0.00733,0.11966,33.00000,31.00000,pos_b_bwd
1117,0.00000,3.13478,-0.00733,0.11477,33.00000,31.00000,pos_b_bwd
1122,0.00000,3.13478,-0.00733,0.11477,33.00000,31.00000,pos_b_bwd
1127,0.00000,3.13478,-0.00733,0.11966,33.00000,31.00000,pos_b_bwd
1132,0.00000,3.13478,-0.00733,0.11477,33.00000,31.00000,pos_b_bwd
1137,0.00000,3.13478,-0.00733,0.11477,33.00000,31.00000,pos_b_bwd
1142,0.00000,3.13478,-0.00733,0.11966,33.00000,31.00000,pos_b_bwd
1147,0.00000,3.13478,-0.00733,0.11477,33.00000,31.00000,pos_b_bwd
1152,0.00000,3.13478,-0.00733,0.11966,33.00000,31.00000,pos_b_bwd
1157,0.00000,3.13478,-0.00733,0.11966,33.00000,31.00000,pos_b_bwd
1163,0.00000,3.13478,-0.00733,0.11966,33.00000,31.00000,pos_b_bwd
1168,0.00000,3.13478,-0.00733,0.11477,33.00000,31.00000,pos_b_bwd
1173,0.00000,3.13478,-0.00733,0.11966,33.00000,31.00000,pos_b_bwd
1178,0.00000,3.13478,-0.00733,0.11966,33.00000,31.00000,pos_b_bwd
1183,0.00000,3.13478,-0.00733,0.11477,33.00000,31.00000,pos_b_bwd
1188,0.00000,3.13478,-0.00733,0.11966,33.00000,31.00000,pos_b_bwd
1193,0.00000,3.13478,-0.00733,0.11966,33.00000,31.00000,pos_b_bwd
1198,0.00000,3.13478,-0.00733,0.11966,33.00000,31.00000,pos_b_bwd
1203,0.00000,3.13478,-0.00733,0.11966,33.00000,31.00000,pos_b_bwd
1208,0.00000,3.13478,-0.00733,0.11966,33.00000,31.00000,pos_b_bwd
1213,0.00000,3.13478,-0.00733,0.11966,33.00000,31.00000,pos_b_bwd
1218,0.00000,3.13478,-0.00733,0.11477,33.00000,31.00000,pos_b_bwd
1223,0.00000,3.13478,-0.00733,0.11477,33.00000,31.00000,pos_b_bwd
1228,0.00000,3.13478,-0.00733,0.11966,33.00000,31.00000,pos_b_bwd
1233,0.00000,3.13478,-0.00733,0.11966,33.00000,31.00000,pos_b_bwd
1238,0.00000,3.13478,-0.00733,0.11966,33.00000,31.00000,pos_b_bwd
1243,0.00000,3.13478,-0.00733,0.11966,33.00000,31.00000,pos_b_bwd
1248,0.00000,3.13478,-0.00733,0.11966,33.00000,31.00000,pos_b_bwd
1253,0.00000,3.13478,-0.00733,0.11966,33.00000,31.00000,pos_b_bwd
1259,0.00000,3.13478,-0.00733,0.11477,33.00000,31.00000,pos_b_bwd
1264,0.00000,3.13478,-0.00733,0.11966,33.00000,31.00000,pos_b_bwd
1269,0.00000,3.13478,-0.00733,0.11477,33.00000,31.00000,pos_b_bwd
1274,0.00000,3.13478,-0.00733,0.11477,33.00000,31.00000,pos_b_bwd
1279,0.00000,3.13478,-0.00733,0.11477,33.00000,31.00000,pos_b_bwd
1284,0.00000,3.13478,-0.00733,0.11966,33.00000,31.00000,pos_b_bwd
1289,0.00000,3.13478,-0.00733,0.11477,33.00000,31.00000,pos_b_bwd
1294,0.00000,3.13478,-0.00733,0.11477,33.00000,31.00000,pos_b_bwd
1299,0.00000,3.13478,-0.00733,0.11477,33.00000,31.00000,pos_b_bwd
1304,0.00000,3.13478,-0.00733,0.11477,33.00000,31.00000,pos_b_bwd
1309,0.00000,3.13478,-0.00733,0.11477,33.00000,31.00000,pos_b_bwd
1314,0.00000,3.13478,-0.00733,0.11966,33.00000,31.00000,pos_b_bwd
1319,0.00000,3.13478,-0.00733,0.11477,33.00000,31.00000,pos_b_bwd
1324,0.00000,3.13478,-0.00733,0.11477,33.00000,31.00000,pos_b_bwd
1329,0.00000,3.13478,-0.00733,0.11966,33.00000,31.00000,pos_b_bwd
1334,0.00000,3.13478,-0.00733,0.11477,33.00000,31.00000,pos_b_bwd
1339,0.00000,3.13478,-0.00733,0.11966,33.00000,31.00000,pos_b_bwd
1344,0.00000,3.13478,-0.00733,0.11477,33.00000,31.00000,pos_b_bwd
1350,0.00000,3.13478,-0.00733,0.11477,33.00000,31.00000,pos_b_bwd
1355,0.00000,3.13478,-0.00733,0.11477,33.00000,31.00000,pos_b_bwd
1360,0.00000,3.13478,-0.00733,0.11477,33.00000,31.00000,pos_b_bwd
1365,0.00000,3.13478,-0.00733,0.11477,33.00000,31.00000,pos_b_bwd
1370,0.00000,3.13478,-0.00733,0.11477,33.00000,31.00000,pos_b_bwd
1375,0.00000,3.13478,-0.00733,0.11966,33.00000,31.00000,pos_b_bwd
1380,0.00000,3.13478,-0.00733,0.11477,33.00000,31.00000,pos_b_bwd
1385,0.00000,3.13478,-0.00733,0.11477,33.00000,31.00000,pos_b_bwd
1390,0.00000,3.13478,-0.00733,0.11966,33.00000,31.00000,pos_b_bwd
1395,0.00000,3.13478,-0.00733,0.11966,33.00000,31.00000,pos_b_bwd
1400,0.00000,3.13478,-0.00733,0.11477,33.00000,31.00000,pos_b_bwd
1405,0.00000,3.13478,-0.00733,0.11477,33.00000,31.00000,pos_b_bwd
1410,0.00000,3.13478,-0.00733,0.11477,33.00000,31.00000,pos_b_bwd
1415,0.00000,3.13478,-0.00733,0.11477,33.00000,31.00000,pos_b_bwd
1420,0.00000,3.13478,-0.00733,0.11966,33.00000,31.00000,pos_b_bwd
1425,0.00000,3.13478,-0.00733,0.11477,33.00000,31.00000,pos_b_bwd
1430,0.00000,3.13478,-0.00733,0.11477,33.00000,31.00000,pos_b_bwd
1435,0.00000,3.13478,-0.00733,0.11966,33.00000,31.00000,pos_b_bwd
1441,0.00000,3.13478,-0.00733,0.11966,33.00000,31.00000,pos_b_bwd
1446,0.00000,3.13478,-0.00733,0.11966,33.00000,31.00000,pos_b_bwd
1451,0.00000,3.13478,-0.00733,0.11477,33.00000,31.00000,pos_b_bwd
1456,0.00000,3.13478,-0.00733,0.11966,33.00000,31.00000,pos_b_bwd
1461,0.00000,3.13478,-0.00733,0.11966,33.00000,31.00000,pos_b_bwd
1466,0.00000,3.13478,-0.00733,0.11966,33.00000,31.00000,pos_b_bwd
1471,0.00000,3.13478,-0.00733,0.11966,33.00000,31.00000,pos_b_bwd
1476,0.00000,3.13478,-0.00733,0.11966,33.00000,31.00000,pos_b_bwd
1481,0.00000,3.13478,-0.00733,0.11966,33.00000,31.00000,pos_b_bwd
1486,0.00000,3.13478,-0.00733,0.11477,33.00000,31.00000,pos_b_bwd
1491,0.00000,3.13478,-0.00733,0.11966,33.00000,31.00000,pos_b_bwd
1496,0.00000,3.13478,-0.00733,0.11477,33.00000,31.00000,pos_b_bwd
1501,0.00000,3.13478,-0.00733,0.11966,33.00000,31.00000,pos_b_bwd
1506,0.00000,3.13478,-0.00733,0.11966,33.00000,31.00000,pos_b_bwd
1511,0.00000,3.13478,-0.00733,0.11966,33.00000,31.00000,pos_b_bwd
1516,0.00000,3.13478,-0.00733,0.11966,33.00000,31.00000,pos_b_bwd
1521,0.00000,3.13478,-0.00733,0.11966,33.00000,31.00000,pos_b_bwd
1526,0.00000,3.13478,-0.00733,0.11477,33.00000,31.00000,pos_b_bwd
1531,0.00000,3.13478,-0.00733,0.11477,33.00000,31.00000,pos_b_bwd
1537,0.00000,3.13478,-0.00733,0.11477,33.00000,31.00000,pos_b_bwd
1542,0.00000,3.13478,-0.00733,0.11477,33.00000,31.00000,pos_b_bwd
1547,0.00000,3.13478,-0.00733,0.11966,33.00000,31.00000,pos_b_bwd
1552,0.00000,3.13478,-0.00733,0.11966,33.00000,31.00000,pos_b_bwd
1557,0.00000,3.13478,-0.00733,0.11477,33.00000,31.00000,pos_b_bwd
1562,0.00000,3.13478,-0.00733,0.11477,33.00000,31.00000,pos_b_bwd
1567,0.00000,3.13478,-0.00733,0.11966,33.00000,31.00000,pos_b_bwd
1572,0.00000,3.13478,-0.00733,0.11966,33.00000,31.00000,pos_b_bwd
1577,0.00000,3.13478,-0.00733,0.11966,33.00000,31.00000,pos_b_bwd
1582,0.00000,3.13478,-0.00733,0.11966,33.00000,31.00000,pos_b_bwd
1587,0.00000,3.13478,-0.00733,0.11966,33.00000,31.00000,pos_b_bwd
1592,0.00000,3.13478,-0.00733,0.11477,33.00000,31.00000,pos_b_bwd
1597,0.00000,3.13478,-0.00733,0.11477,33.00000,31.00000,pos_b_bwd
1602,0.00000,3.13478,-0.00733,0.11477,33.00000,31.00000,pos_b_bwd
1607,0.00000,3.13478,-0.00733,0.11477,33.00000,31.00000,pos_b_bwd
1612,0.00000,3.13478,-0.00733,0.11477,33.00000,31.00000,pos_b_bwd
1617,0.00000,3.13478,-0.00733,0.11966,33.00000,31.00000,pos_b_bwd
1622,0.00000,3.13478,-0.00733,0.11477,33.00000,31.00000,pos_b_bwd
1627,0.00000,3.13478,-0.00733,0.11966,33.00000,31.00000,pos_b_bwd
1633,0.00000,3.13478,-0.00733,0.11966,33.00000,31.00000,pos_b_bwd
1638,0.00000,3.13478,-0.00733,0.11477,33.00000,31.00000,pos_b_bwd
1643,0.00000,3.13478,-0.00733,0.11966,33.00000,31.00000,pos_b_bwd
1648,0.00000,3.13478,-0.00733,0.11477,33.00000,31.00000,pos_b_bwd
1653,0.00000,3.13516,-0.00733,0.11477,33.00000,31.00000,pos_b_bwd
1658,0.00000,3.13516,-0.00733,0.11477,33.00000,31.00000,pos_b_bwd
1663,0.00000,3.13516,-0.00733,0.11477,33.00000,31.00000,pos_b_bwd
1668,0.00000,3.13516,-0.00733,0.11966,33.00000,31.00000,pos_b_bwd
1673,0.00000,3.13516,-0.00733,0.11477,33.00000,31.00000,pos_b_bwd
1678,0.00000,3.13516,-0.00733,0.11966,33.00000,31.00000,pos_b_bwd
1683,0.00000,3.13516,-0.00733,0.11966,33.00000,31.00000,pos_b_bwd
1688,0.00000,3.13516,-0.00733,0.11966,33.00000,31.00000,pos_b_bwd
1693,0.00000,3.13516,-0.00733,0.11477,33.00000,31.00000,pos_b_bwd
1698,0.00000,3.13516,-0.00733,0.11966,33.00000,31.00000,pos_b_bwd
1703,0.00000,3.13516,-0.00733,0.11966,33.00000,31.00000,pos_b_bwd
1708,0.00000,3.13516,-0.00733,0.11966,33.00000,31.00000,pos_b_bwd
1713,0.00000,3.13516,-0.00733,0.11966,33.00000,31.00000,pos_b_bwd
1718,0.00000,3.13516,-0.00733,0.11966,33.00000,31.00000,pos_b_bwd
1724,0.00000,3.13516,-0.00733,0.11966,33.00000,31.00000,pos_b_bwd
1729,0.00000,3.13516,-0.00733,0.11966,33.00000,31.00000,pos_b_bwd
1734,0.00000,3.13516,-0.00733,0.11966,33.00000,31.00000,pos_b_bwd
1739,0.00000,3.13516,-0.00733,0.11966,33.00000,31.00000,pos_b_bwd
1744,0.00000,3.13516,-0.00733,0.11477,33.00000,31.00000,pos_b_bwd
1749,0.00000,3.13516,-0.00733,0.11477,33.00000,31.00000,pos_b_bwd
1754,0.00000,3.13516,-0.00733,0.11477,33.00000,31.00000,pos_b_bwd
1759,0.00000,3.13516,-0.00733,0.11966,33.00000,31.00000,pos_b_bwd
1764,0.00000,3.13516,-0.00733,0.11966,33.00000,31.00000,pos_b_bwd
1769,0.00000,3.13516,-0.00733,0.11966,33.00000,31.00000,pos_b_bwd
1774,0.00000,3.13516,-0.00733,0.11966,33.00000,31.00000,pos_b_bwd
1779,0.00000,3.13516,-0.00733,0.11966,33.00000,31.00000,pos_b_bwd
1784,0.00000,3.13516,-0.00733,0.11966,33.00000,31.00000,pos_b_bwd
1789,0.00000,3.13516,-0.00733,0.11966,33.00000,31.00000,pos_b_bwd
1794,0.00000,3.13516,-0.00733,0.11966,33.00000,31.00000,pos_b_bwd
1799,0.00000,3.13516,-0.00733,0.11966,33.00000,31.00000,pos_b_bwd
1804,0.00000,3.13516,-0.00733,0.11477,33.00000,31.00000,pos_b_bwd
1809,0.00000,3.13516,-0.00733,0.11477,33.00000,31.00000,pos_b_bwd
1815,0.00000,3.13516,-0.00733,0.11966,33.00000,31.00000,pos_b_bwd
1820,0.00000,3.13516,-0.00733,0.11477,33.00000,31.00000,pos_b_bwd
1825,0.00000,3.13516,-0.00733,0.11966,33.00000,31.00000,pos_b_bwd
1830,0.00000,3.13516,-0.00733,0.11477,33.00000,31.00000,pos_b_bwd
1835,0.00000,3.13516,-0.00733,0.11477,33.00000,31.00000,pos_b_bwd
1840,0.00000,3.13516,-0.00733,0.11966,33.00000,31.00000,pos_b_bwd
1845,0.00000,3.13516,-0.00733,0.11477,33.00000,31.00000,pos_b_bwd
1850,0.00000,3.13516,-0.00733,0.11966,33.00000,31.00000,pos_b_bwd
1855,0.00000,3.13516,-0.00733,0.11477,33.00000,31.00000,pos_b_bwd
1860,0.00000,3.13516,-0.00733,0.11477,33.00000,31.00000,pos_b_bwd
1865,0.00000,3.13516,-0.00733,0.11477,33.00000,31.00000,pos_b_bwd
1870,0.00000,3.13516,-0.00733,0.11477,33.00000,31.00000,pos_b_bwd
1875,0.00000,3.13516,-0.00733,0.11477,33.00000,31.00000,pos_b_bwd
1880,0.00000,3.13516,-0.00733,0.11477,33.00000,31.00000,pos_b_bwd
1885,0.00000,3.13516,-0.00733,0.11966,33.00000,31.00000,pos_b_bwd
1890,0.00000,3.13516,-0.00733,0.11477,33.00000,31.00000,pos_b_bwd
1895,0.00000,3.13516,-0.00733,0.11966,33.00000,31.00000,pos_b_bwd
1900,0.00000,3.13516,-0.00733,0.11966,33.00000,31.00000,pos_b_bwd
1906,0.00000,3.13516,-0.00733,0.11966,33.00000,31.00000,pos_b_bwd
1911,0.00000,3.13516,-0.00733,0.11966,33.00000,31.00000,pos_b_bwd
1916,0.00000,3.13516,-0.00733,0.11477,33.00000,31.00000,pos_b_bwd
1921,0.00000,3.13516,-0.00733,0.11477,33.00000,31.00000,pos_b_bwd
1926,0.00000,3.13516,-0.00733,0.11477,33.00000,31.00000,pos_b_bwd
1931,0.00000,3.13516,-0.00733,0.11966,33.00000,31.00000,pos_b_bwd
1936,0.00000,3.13516,-0.00733,0.11966,33.00000,31.00000,pos_b_bwd
1941,0.00000,3.13516,-0.00733,0.11966,33.00000,31.00000,pos_b_bwd
1946,0.00000,3.13516,-0.00733,0.11966,33.00000,31.00000,pos_b_bwd
1951,0.00000,3.13516,-0.00733,0.11477,33.00000,31.00000,pos_b_bwd
1956,0.00000,3.13516,-0.00733,0.11477,33.00000,31.00000,pos_b_bwd
1961,0.00000,3.13516,-0.00733,0.11966,33.00000,31.00000,pos_b_bwd
1966,0.00000,3.13516,-0.00733,0.11966,33.00000,31.00000,pos_b_bwd
1971,0.00000,3.13516,-0.00733,0.11966,33.00000,31.00000,pos_b_bwd
1976,0.00000,3.13516,-0.00733,0.11966,33.00000,31.00000,pos_b_bwd
1981,0.00000,3.13516,-0.00733,0.11477,33.00000,31.00000,pos_b_bwd
1986,0.00000,3.13516,-0.00733,0.11966,33.00000,31.00000,pos_b_bwd
1991,0.00000,3.13516,-0.00733,0.11477,33.00000,31.00000,pos_b_bwd
1997,0.00000,3.13516,-0.00733,0.11966,33.00000,31.00000,pos_b_bwd
2002,0.00000,3.13516,-0.00733,0.11966,33.00000,31.00000,pos_b_bwd
2007,0.00000,3.13516,-0.00733,0.11966,33.00000,31.00000,pos_b_bwd
2012,0.00000,3.13516,-0.00733,0.11966,33.00000,31.00000,pos_b_bwd
2017,0.00000,3.13516,-0.00733,0.11966,33.00000,31.00000,pos_b_bwd
2022,0.00000,3.13516,-0.00733,0.11477,33.00000,31.00000,pos_b_bwd
2027,0.00000,3.13516,-0.00733,0.11477,33.00000,31.00000,pos_b_bwd
2032,0.00000,3.13516,-0.00733,0.11966,33.00000,31.00000,pos_b_bwd
2037,0.00000,3.13516,-0.00733,0.11477,33.00000,31.00000,pos_b_bwd
2042,0.00000,3.13516,-0.00733,0.11966,33.00000,31.00000,pos_b_bwd
2047,0.00000,3.13516,-0.00733,0.11477,33.00000,31.00000,pos_b_bwd
2052,0.00000,3.13516,-0.00733,0.11477,33.00000,31.00000,pos_b_bwd
2057,0.00000,3.13516,-0.00733,0.11966,33.00000,31.00000,pos_b_bwd
2062,0.00000,3.13516,-0.00733,0.11966,33.00000,31.00000,pos_b_bwd
2067,0.00000,3.13516,-0.00733,0.11966,33.00000,31.00000,pos_b_bwd
2072,0.00000,3.13516,-0.00733,0.11477,33.00000,31.00000,pos_b_bwd
2077,0.00000,3.13516,-0.00733,0.11477,33.00000,31.00000,pos_b_bwd
2083,0.00000,3.13516,-0.00733,0.11477,33.00000,31.00000,pos_b_bwd
2088,0.00000,3.13516,-0.00733,0.11477,33.00000,31.00000,pos_b_bwd
2093,0.00000,3.13516,-0.00733,0.11477,33.00000,31.00000,pos_b_bwd
2098,0.00000,3.13516,-0.00733,0.11477,33.00000,31.00000,pos_b_bwd
2103,0.00000,3.13516,-0.00733,0.11477,33.00000,31.00000,pos_b_bwd
2108,0.00000,3.13516,-0.00733,0.11966,33.00000,31.00000,pos_b_bwd
2113,0.00000,3.13516,-0.00733,0.11966,33.00000,31.00000,pos_b_bwd
2118,0.00000,3.13516,-0.00733,0.11966,33.00000,31.00000,pos_b_bwd
2123,0.00000,3.13516,-0.00733,0.11477,33.00000,31.00000,pos_b_bwd
2128,0.00000,3.13516,-0.00733,0.11477,33.00000,31.00000,pos_b_bwd
2133,0.00000,3.13516,-0.00733,0.11477,33.00000,31.00000,pos_b_bwd
2138,0.00000,3.13516,-0.00733,0.11477,33.00000,31.00000,pos_b_bwd
2143,0.00000,3.13516,-0.00733,0.11966,33.00000,31.00000,pos_b_bwd
2148,0.00000,3.13516,-0.00733,0.11966,33.00000,31.00000,pos_b_bwd
2153,0.00000,3.13516,-0.00733,0.11477,33.00000,31.00000,pos_b_bwd
2158,0.00000,3.13516,-0.00733,0.11477,33.00000,31.00000,pos_b_bwd
2163,0.00000,3.13516,-0.00733,0.11477,33.00000,31.00000,pos_b_bwd
2168,0.00000,3.13516,-0.00733,0.11966,33.00000,31.00000,pos_b_bwd
2174,0.00000,3.13516,-0.00733,0.11966,33.00000,31.00000,pos_b_bwd
2179,0.00000,3.13516,-0.00733,0.11477,33.00000,31.00000,pos_b_bwd
2184,0.00000,3.13516,-0.00733,0.11966,33.00000,31.00000,pos_b_bwd
2189,0.00000,3.13516,-0.00733,0.11966,33.00000,31.00000,pos_b_bwd
2194,0.00000,3.13516,-0.00733,0.11477,33.00000,31.00000,pos_b_bwd
2199,0.00000,3.13516,-0.00733,0.11477,33.00000,31.00000,pos_b_bwd
2204,0.00000,3.13516,-0.00733,0.11966,33.00000,31.00000,pos_b_bwd
2209,0.00000,3.13516,-0.00733,0.11966,33.00000,31.00000,pos_b_bwd
2214,0.00000,3.13516,-0.00733,0.11966,33.00000,31.00000,pos_b_bwd
2219,0.00000,3.13516,-0.00733,0.11966,33.00000,31.00000,pos_b_bwd
2224,0.00000,3.13516,-0.00733,0.11966,33.00000,31.00000,pos_b_bwd
2229,0.00000,3.13516,-0.00733,0.11966,33.00000,31.00000,pos_b_bwd
2234,0.00000,3.13516,-0.00733,0.11966,33.00000,31.00000,pos_b_bwd
2239,0.00000,3.13516,-0.00733,0.11966,33.00000,31.00000,pos_b_bwd
2244,0.00000,3.13516,-0.00733,0.11477,33.00000,31.00000,pos_b_bwd
2249,0.00000,3.13516,-0.00733,0.11966,33.00000,31.00000,pos_b_bwd
2254,0.00000,3.13516,-0.00733,0.11966,33.00000,31.00000,pos_b_bwd
2259,0.00000,3.13516,-0.00733,0.11966,33.00000,31.00000,pos_b_bwd
2264,0.00000,3.13516,-0.00733,0.11477,33.00000,31.00000,pos_b_bwd
2270,0.00000,3.13516,-0.00733,0.11966,33.00000,31.00000,pos_b_bwd
2275,0.00000,3.13516,-0.00733,0.11477,33.00000,31.00000,pos_b_bwd
2280,0.00000,3.13516,-0.00733,0.11966,33.00000,31.00000,pos_b_bwd
2285,0.00000,3.13516,-0.00733,0.11966,33.00000,31.00000,pos_b_bwd
2290,0.00000,3.13516,-0.00733,0.11966,33.00000,31.00000,pos_b_bwd
2295,0.00000,3.13516,-0.00733,0.11477,33.00000,31.00000,pos_b_bwd
2300,0.00000,3.13516,-0.00733,0.11966,33.00000,31.00000,pos_b_bwd
2305,0.00000,3.13516,-0.00733,0.11966,33.00000,31.00000,pos_b_bwd
2310,0.00000,3.13516,-0.00733,0.11477,33.00000,31.00000,pos_b_bwd
2315,0.00000,3.13516,-0.00733,0.11966,33.00000,31.00000,pos_b_bwd
2320,0.00000,3.13516,-0.00733,0.11966,33.00000,31.00000,pos_b_bwd
2325,0.00000,3.13516,-0.00733,0.11477,33.00000,31.00000,pos_b_bwd
2330,0.00000,3.13516,-0.00733,0.11477,33.00000,31.00000,pos_b_bwd
2335,0.00000,3.13516,-0.00733,0.11477,33.00000,31.00000,pos_b_bwd
2340,0.00000,3.13516,-0.00733,0.11477,33.00000,31.00000,pos_b_bwd
2345,0.00000,3.13516,-0.00733,0.11966,33.00000,31.00000,pos_b_bwd
2350,0.00000,3.13516,-0.00733,0.11477,33.00000,31.00000,pos_b_bwd
2355,0.00000,3.13516,-0.00733,0.11477,33.00000,31.00000,pos_b_bwd
2361,0.00000,3.13516,-0.00733,0.11966,33.00000,31.00000,pos_b_bwd
2366,0.00000,3.13516,-0.00733,0.11477,33.00000,31.00000,pos_b_bwd
2371,0.00000,3.13516,-0.00733,0.11966,33.00000,31.00000,pos_b_bwd
2376,0.00000,3.13516,-0.00733,0.11477,33.00000,31.00000,pos_b_bwd
2381,0.00000,3.13516,-0.00733,0.11477,33.00000,31.00000,pos_b_bwd
2386,0.00000,3.13516,-0.00733,0.11477,33.00000,31.00000,pos_b_bwd
2391,0.00000,3.13516,-0.00733,0.11477,33.00000,31.00000,pos_b_bwd
2396,0.00000,3.13516,-0.00733,0.11477,33.00000,31.00000,pos_b_bwd
2401,0.00000,3.13516,-0.00733,0.11966,33.00000,31.00000,pos_b_bwd
2406,0.00000,3.13516,-0.00733,0.11966,33.00000,31.00000,pos_b_bwd
2411,0.00000,3.13516,-0.00733,0.11477,33.00000,31.00000,pos_b_bwd
2416,0.00000,3.13516,-0.00733,0.11966,33.00000,31.00000,pos_b_bwd
2421,0.00000,3.13516,-0.00733,0.11477,33.00000,31.00000,pos_b_bwd
2426,0.00000,3.13516,-0.00733,0.11477,33.00000,31.00000,pos_b_bwd
2431,0.00000,3.13516,-0.00733,0.11477,33.00000,31.00000,pos_b_bwd
2436,0.00000,3.13516,-0.00733,0.11966,33.00000,31.00000,pos_b_bwd
2441,0.00000,3.13516,-0.00733,0.11966,33.00000,31.00000,pos_b_bwd
2446,0.00000,3.13516,-0.00733,0.11477,33.00000,31.00000,pos_b_bwd
2452,0.00000,3.13516,-0.00733,0.11477,33.00000,31.00000,pos_b_bwd
2457,0.00000,3.13516,-0.00733,0.11477,33.00000,31.00000,pos_b_bwd
2462,0.00000,3.13516,-0.00733,0.11477,33.00000,31.00000,pos_b_bwd
2467,0.00000,3.13516,-0.00733,0.11966,33.00000,31.00000,pos_b_bwd
2472,0.00000,3.13516,-0.00733,0.11966,33.00000,31.00000,pos_b_bwd
2477,0.00000,3.13516,-0.00733,0.11477,33.00000,31.00000,pos_b_bwd
2482,0.00000,3.13516,-0.00733,0.11966,33.00000,31.00000,pos_b_bwd
2487,0.00000,3.13516,-0.00733,0.11966,33.00000,31.00000,pos_b_bwd
2492,0.00000,3.13516,-0.00733,0.11477,33.00000,31.00000,pos_b_bwd
2497,0.00000,3.13516,-0.00733,0.11477,33.00000,31.00000,pos_b_bwd
2502,0.00000,3.13516,-0.00733,0.11966,33.00000,31.00000,pos_b_bwd
2507,0.00000,3.13516,-0.00733,0.11966,33.00000,31.00000,pos_b_bwd
2512,0.00000,3.13516,-0.00733,0.11966,33.00000,31.00000,pos_b_bwd
2517,0.00000,3.13516,-0.00733,0.11966,33.00000,31.00000,pos_b_bwd
2522,0.00000,3.13516,-0.00733,0.11966,33.00000,31.00000,pos_b_bwd
2527,0.00000,3.13516,-0.00733,0.11966,33.00000,31.00000,pos_b_bwd
2532,0.00000,3.13516,-0.00733,0.11477,33.00000,31.00000,pos_b_bwd
2538,0.00000,3.13516,-0.00733,0.11477,33.00000,31.00000,pos_b_bwd
2543,0.00000,3.13516,-0.00733,0.11477,33.00000,31.00000,pos_b_bwd
2548,0.00000,3.13516,-0.00733,0.11966,33.00000,31.00000,pos_b_bwd
2553,0.00000,3.13516,-0.00733,0.11966,33.00000,31.00000,pos_b_bwd
2558,0.00000,3.13516,-0.00733,0.11966,33.00000,31.00000,pos_b_bwd
2563,0.00000,3.13516,-0.00733,0.11966,33.00000,31.00000,pos_b_bwd
2568,0.00000,3.13516,-0.00733,0.11966,33.00000,31.00000,pos_b_bwd
2573,0.00000,3.13516,-0.00733,0.11966,33.00000,31.00000,pos_b_bwd
2578,0.00000,3.13516,-0.00733,0.11966,33.00000,31.00000,pos_b_bwd
2583,0.00000,3.13516,-0.00733,0.11477,33.00000,31.00000,pos_b_bwd
2588,0.00000,3.13516,-0.00733,0.11477,33.00000,31.00000,pos_b_bwd
2593,0.00000,3.13516,-0.00733,0.11477,33.00000,31.00000,pos_b_bwd
2598,0.00000,3.13516,-0.00733,0.11477,33.00000,31.00000,pos_b_bwd
2603,0.00000,3.13516,-0.00733,0.11477,33.00000,31.00000,pos_b_bwd
2608,0.00000,3.13516,-0.00733,0.11477,33.00000,31.00000,pos_b_bwd
2613,0.00000,3.13516,-0.00733,0.11966,33.00000,31.00000,pos_b_bwd
2618,0.00000,3.13516,-0.00733,0.11477,33.00000,31.00000,pos_b_bwd
2624,0.00000,3.13516,-0.00733,0.11477,33.00000,31.00000,pos_b_bwd
2629,0.00000,3.13516,-0.00733,0.11477,33.00000,31.00000,pos_b_bwd
2634,0.00000,3.13516,-0.00733,0.11477,33.00000,31.00000,pos_b_bwd
2639,0.00000,3.13516,-0.00733,0.11966,33.00000,31.00000,pos_b_bwd
2644,0.00000,3.13516,-0.00733,0.11966,33.00000,31.00000,pos_b_bwd
2649,0.00000,3.13516,-0.00733,0.11966,33.00000,31.00000,pos_b_bwd
2654,0.00000,3.13516,-0.00733,0.11966,33.00000,31.00000,pos_b_bwd
2659,0.00000,3.13516,-0.00733,0.11477,33.00000,31.00000,pos_b_bwd
2664,0.00000,3.13516,-0.00733,0.11966,33.00000,31.00000,pos_b_bwd
2669,0.00000,3.13516,-0.00733,0.11477,33.00000,31.00000,pos_b_bwd
2674,0.00000,3.13516,-0.00733,0.11966,33.00000,31.00000,pos_b_bwd
2679,0.00000,3.13516,-0.00733,0.11966,33.00000,31.00000,pos_b_bwd
2684,0.00000,3.13516,-0.00733,0.12454,33.00000,31.00000,pos_b_bwd
2689,0.00000,3.13516,-0.00733,0.12454,33.00000,31.00000,pos_b_bwd
2694,0.00000,3.13516,-0.00733,0.11966,33.00000,31.00000,pos_b_bwd
2699,0.00000,3.13516,-0.00733,0.11477,33.00000,31.00000,pos_b_bwd
2704,0.00000,3.13516,-0.00733,0.11966,33.00000,31.00000,pos_b_bwd
2709,0.00000,3.13516,-0.00733,0.11966,33.00000,31.00000,pos_b_bwd
2715,0.00000,3.13516,-0.00733,0.11477,33.00000,31.00000,pos_b_bwd
2720,0.00000,3.13516,-0.00733,0.11477,33.00000,31.00000,pos_b_bwd
2725,0.00000,3.13516,-0.00733,0.11477,33.00000,31.00000,pos_b_bwd
2730,0.00000,3.13516,-0.00733,0.11966,33.00000,31.00000,pos_b_bwd
2735,0.00000,3.13516,-0.00733,0.11966,33.00000,31.00000,pos_b_bwd
2740,0.00000,3.13516,-0.00733,0.11966,33.00000,31.00000,pos_b_bwd
2745,0.00000,3.13516,-0.00733,0.11966,33.00000,31.00000,pos_b_bwd
2750,0.00000,3.13516,-0.00733,0.11966,33.00000,31.00000,pos_b_bwd
2755,0.00000,3.13516,-0.00733,0.11966,33.00000,31.00000,pos_b_bwd
2760,0.00000,3.13516,-0.00733,0.11966,33.00000,31.00000,pos_b_bwd
2765,0.00000,3.13516,-0.00733,0.11477,33.00000,31.00000,pos_b_bwd
2770,0.00000,3.13516,-0.00733,0.11966,33.00000,31.00000,pos_b_bwd
2775,0.00000,3.13516,-0.00733,0.11966,33.00000,31.00000,pos_b_bwd
2780,0.00000,3.13516,-0.00733,0.11477,33.00000,31.00000,pos_b_bwd
2785,0.00000,3.13516,-0.00733,0.11477,33.00000,31.00000,pos_b_bwd
2790,0.00000,3.13516,-0.00733,0.11966,33.00000,31.00000,pos_b_bwd
2795,0.00000,3.13516,-0.00733,0.11966,33.00000,31.00000,pos_b_bwd
2800,0.00000,3.13516,-0.00733,0.11966,33.00000,31.00000,pos_b_bwd
2806,0.00000,3.13516,-0.00733,0.11966,33.00000,31.00000,pos_b_bwd
2811,0.00000,3.13516,-0.00733,0.11477,33.00000,31.00000,pos_b_bwd
2816,0.00000,3.13516,-0.00733,0.11966,33.00000,31.00000,pos_b_bwd
2821,0.00000,3.13516,-0.00733,0.11966,33.00000,31.00000,pos_b_bwd
2826,0.00000,3.13516,-0.00733,0.11966,33.00000,31.00000,pos_b_bwd
2831,0.00000,3.13516,-0.00733,0.11477,33.00000,31.00000,pos_b_bwd
2836,0.00000,3.13516,-0.00733,0.11966,33.00000,31.00000,pos_b_bwd
2841,0.00000,3.13516,-0.00733,0.11477,33.00000,31.00000,pos_b_bwd
2846,0.00000,3.13516,-0.00733,0.11966,33.00000,31.00000,pos_b_bwd
2851,0.00000,3.13516,-0.00733,0.11966,33.00000,31.00000,pos_b_bwd
2856,0.00000,3.13516,-0.00733,0.11966,33.00000,31.00000,pos_b_bwd
2861,0.00000,3.13516,-0.00733,0.11966,33.00000,31.00000,pos_b_bwd
2866,0.00000,3.13516,-0.00733,0.11966,33.00000,31.00000,pos_b_bwd
2871,0.00000,3.13516,-0.00733,0.11966,33.00000,31.00000,pos_b_bwd
2876,0.00000,3.13516,-0.00733,0.11966,33.00000,31.00000,pos_b_bwd
2881,0.00000,3.13516,-0.00733,0.11477,33.00000,31.00000,pos_b_bwd
2886,0.00000,3.13516,-0.00733,0.11477,33.00000,31.00000,pos_b_bwd
2892,0.00000,3.13516,-0.00733,0.11477,33.00000,31.00000,pos_b_bwd
2897,0.00000,3.13516,-0.00733,0.11477,33.00000,31.00000,pos_b_bwd
2902,0.00000,3.13516,-0.00733,0.11966,33.00000,31.00000,pos_b_bwd
2907,0.00000,3.13516,-0.00733,0.11966,33.00000,31.00000,pos_b_bwd
2912,0.00000,3.13516,-0.00733,0.11477,33.00000,31.00000,pos_b_bwd
2917,0.00000,3.13516,-0.00733,0.11477,33.00000,31.00000,pos_b_bwd
2922,0.00000,3.13516,-0.00733,0.11966,33.00000,31.00000,pos_b_bwd
2927,0.00000,3.13516,-0.00733,0.11966,33.00000,31.00000,pos_b_bwd
2932,0.00000,3.13516,-0.00733,0.11477,33.00000,31.00000,pos_b_bwd
2937,0.00000,3.13516,-0.00733,0.11477,33.00000,31.00000,pos_b_bwd
2942,0.00000,3.13516,-0.00733,0.11477,33.00000,31.00000,pos_b_bwd
2947,0.00000,3.13516,-0.00733,0.11477,33.00000,31.00000,pos_b_bwd
2952,0.00000,3.13516,-0.00733,0.11966,33.00000,31.00000,pos_b_bwd
2957,0.00000,3.13516,-0.00733,0.11966,33.00000,31.00000,pos_b_bwd
2962,0.00000,3.13516,-0.00733,0.11966,33.00000,31.00000,pos_b_bwd
2967,0.00000,3.13516,-0.00733,0.11966,33.00000,31.00000,pos_b_bwd
2972,0.00000,3.13516,-0.00733,0.11477,33.00000,31.00000,pos_b_bwd
2977,0.00000,3.13516,-0.00733,0.11477,33.00000,31.00000,pos_b_bwd
2982,0.00000,3.13516,-0.00733,0.11477,33.00000,31.00000,pos_b_bwd
2988,0.00000,3.13516,-0.00733,0.11966,33.00000,31.00000,pos_b_bwd
2993,0.00000,3.13516,-0.00733,0.11966,33.00000,31.00000,pos_b_bwd
2998,0.00000,3.13516,-0.00733,0.11966,33.00000,31.00000,pos_b_bwd
3003,0.00000,3.13516,-0.00733,0.11966,33.00000,31.00000,pos_b_bwd
3008,0.00000,3.13516,-0.00733,0.11477,33.00000,31.00000,pos_b_bwd
3013,0.00000,3.13516,-0.00733,0.11966,33.00000,31.00000,pos_b_bwd
3018,0.00000,3.13516,-0.00733,0.11477,33.00000,31.00000,pos_b_bwd
3023,0.00000,3.13516,-0.00733,0.11477,33.00000,31.00000,pos_b_bwd
3028,0.00000,3.13516,-0.00733,0.11477,33.00000,31.00000,pos_b_bwd
3033,0.00000,3.13516,-0.00733,0.11477,33.00000,31.00000,pos_b_bwd
3038,0.00000,3.13516,-0.00733,0.11477,33.00000,31.00000,pos_b_bwd
3043,0.00000,3.13516,-0.00733,0.11966,33.00000,31.00000,pos_b_bwd
3048,0.00000,3.13516,-0.00733,0.11966,33.00000,31.00000,pos_b_bwd
3053,0.00000,3.13516,-0.00733,0.11477,33.00000,31.00000,pos_b_bwd
3058,0.00000,3.13516,-0.00733,0.11477,33.00000,31.00000,pos_b_bwd
3063,0.00000,3.13516,-0.00733,0.11966,33.00000,31.00000,pos_b_bwd
3068,0.00000,3.13516,-0.00733,0.11966,33.00000,31.00000,pos_b_bwd
3073,0.00000,3.13516,-0.00733,0.11966,33.00000,31.00000,pos_b_bwd
3079,0.00000,3.13516,-0.00733,0.11966,33.00000,31.00000,pos_b_bwd
3084,0.00000,3.13516,-0.00733,0.11966,33.00000,31.00000,pos_b_bwd
3089,0.00000,3.13516,-0.00733,0.11477,33.00000,31.00000,pos_b_bwd
3094,0.00000,3.13516,-0.00733,0.11477,33.00000,31.00000,pos_b_bwd
3099,0.00000,3.13516,-0.00733,0.11966,33.00000,31.00000,pos_b_bwd
3104,0.00000,3.13516,-0.00733,0.11966,33.00000,31.00000,pos_b_bwd
3109,0.00000,3.13516,-0.00733,0.11966,33.00000,31.00000,pos_b_bwd
3114,0.00000,3.13516,-0.00733,0.11966,33.00000,31.00000,pos_b_bwd
3119,0.00000,3.13516,-0.00733,0.11966,33.00000,31.00000,pos_b_bwd
3124,0.00000,3.13516,-0.00733,0.11477,33.00000,31.00000,pos_b_bwd
3129,0.00000,3.13516,-0.00733,0.11477,33.00000,31.00000,pos_b_bwd
3134,0.00000,3.13516,-0.00733,0.11477,33.00000,31.00000,pos_b_bwd
3139,0.00000,3.13516,-0.00733,0.11966,33.00000,31.00000,pos_b_bwd
3144,0.00000,3.13516,-0.00733,0.11966,33.00000,31.00000,pos_b_bwd
3149,0.00000,3.13516,-0.00733,0.11477,33.00000,31.00000,pos_b_bwd
3154,0.00000,3.13516,-0.00733,0.11477,33.00000,31.00000,pos_b_bwd
3159,0.00000,3.13516,-0.00733,0.11477,33.00000,31.00000,pos_b_bwd
3164,0.00000,3.13516,-0.00733,0.11477,33.00000,31.00000,pos_b_bwd
3170,0.00000,3.13516,-0.00733,0.11477,33.00000,31.00000,pos_b_bwd
3175,0.00000,3.13516,-0.00733,0.11477,33.00000,31.00000,pos_b_bwd
3180,0.00000,3.13516,-0.00733,0.11966,33.00000,31.00000,pos_b_bwd
3185,0.00000,3.13516,-0.00733,0.11966,33.00000,31.00000,pos_b_bwd
3190,0.00000,3.13516,-0.00733,0.11966,33.00000,31.00000,pos_b_bwd
3195,0.00000,3.13516,-0.00733,0.11966,33.00000,31.00000,pos_b_bwd
3200,0.00000,3.13516,-0.00733,0.11477,33.00000,31.00000,pos_b_bwd
3205,0.00000,3.13516,-0.00733,0.11477,33.00000,31.00000,pos_b_bwd
3210,0.00000,3.13516,-0.00733,0.11477,33.00000,31.00000,pos_b_bwd
3215,0.00000,3.13516,-0.00733,0.11966,33.00000,31.00000,pos_b_bwd
3220,0.00000,3.13516,-0.00733,0.11966,33.00000,31.00000,pos_b_bwd
3225,0.00000,3.13516,-0.00733,0.11966,33.00000,31.00000,pos_b_bwd
3230,0.00000,3.13516,-0.00733,0.11966,33.00000,31.00000,pos_b_bwd
3235,0.00000,3.13516,-0.00733,0.11966,33.00000,31.00000,pos_b_bwd
3240,0.00000,3.13516,-0.00733,0.11966,33.00000,31.00000,pos_b_bwd
3245,0.00000,3.13516,-0.00733,0.11477,33.00000,31.00000,pos_b_bwd
3250,0.00000,3.13516,-0.00733,0.11966,33.00000,31.00000,pos_b_bwd
3255,0.00000,3.13516,-0.00733,0.11966,33.00000,31.00000,pos_b_bwd
3260,0.00000,3.13516,-0.00733,0.11966,33.00000,31.00000,pos_b_bwd
3266,0.00000,3.13516,-0.00733,0.11966,33.00000,31.00000,pos_b_bwd
3271,0.00000,3.13516,-0.00733,0.11966,33.00000,31.00000,pos_b_bwd
3276,0.00000,3.13516,-0.00733,0.11477,33.00000,31.00000,pos_b_bwd
3281,0.00000,3.13516,-0.00733,0.11966,33.00000,31.00000,pos_b_bwd
3286,0.00000,3.13516,-0.00733,0.11966,33.00000,31.00000,pos_b_bwd
3291,0.00000,3.13516,-0.00733,0.11966,33.00000,31.00000,pos_b_bwd
3296,0.00000,3.13516,-0.00733,0.11966,33.00000,31.00000,pos_b_bwd
3301,0.00000,3.13516,-0.00733,0.11477,33.00000,31.00000,pos_b_bwd
3306,0.00000,3.13516,-0.00733,0.11966,33.00000,31.00000,pos_b_bwd
3311,0.00000,3.13516,-0.00733,0.11477,33.00000,31.00000,pos_b_bwd
3316,0.00000,3.13516,-0.00733,0.11477,33.00000,31.00000,pos_b_bwd
3321,0.00000,3.13516,-0.00733,0.11477,33.00000,31.00000,pos_b_bwd
3326,0.00000,3.13516,-0.00733,0.11966,33.00000,31.00000,pos_b_bwd
3331,0.00000,3.13516,-0.00733,0.11966,33.00000,31.00000,pos_b_bwd
3336,0.00000,3.13516,-0.00733,0.11477,33.00000,31.00000,pos_b_bwd
3341,0.00000,3.13516,-0.00733,0.11477,33.00000,31.00000,pos_b_bwd
3346,0.00000,3.13516,-0.00733,0.11477,33.00000,31.00000,pos_b_bwd
3351,0.00000,3.13516,-0.00733,0.11477,33.00000,31.00000,pos_b_bwd
3357,0.00000,3.13516,-0.00733,0.11477,33.00000,31.00000,pos_b_bwd
3362,0.00000,3.13516,-0.00733,0.11966,33.00000,31.00000,pos_b_bwd
3367,0.00000,3.13516,-0.00733,0.11477,33.00000,31.00000,pos_b_bwd
3372,0.00000,3.13516,-0.00733,0.11477,33.00000,31.00000,pos_b_bwd
3377,0.00000,3.13516,-0.00733,0.11966,33.00000,31.00000,pos_b_bwd
3382,0.00000,3.13516,-0.00733,0.11477,33.00000,31.00000,pos_b_bwd
3387,0.00000,3.13516,-0.00733,0.11477,33.00000,31.00000,pos_b_bwd
3392,0.00000,3.13516,-0.00733,0.11966,33.00000,31.00000,pos_b_bwd
3397,0.00000,3.13516,-0.00733,0.11477,33.00000,31.00000,pos_b_bwd
3402,0.00000,3.13516,-0.00733,0.11966,33.00000,31.00000,pos_b_bwd
3407,0.00000,3.13516,-0.00733,0.11966,33.00000,31.00000,pos_b_bwd
3412,0.00000,3.13516,-0.00733,0.11477,33.00000,31.00000,pos_b_bwd
3417,0.00000,3.13516,-0.00733,0.11966,33.00000,31.00000,pos_b_bwd
3422,0.00000,3.13516,-0.00733,0.11477,33.00000,31.00000,pos_b_bwd
3427,0.00000,3.13516,-0.00733,0.11966,33.00000,31.00000,pos_b_bwd
3432,0.00000,3.13516,-0.00733,0.11966,33.00000,31.00000,pos_b_bwd
3437,0.00000,3.13516,-0.00733,0.11477,33.00000,31.00000,pos_b_bwd
3443,0.00000,3.13516,-0.00733,0.11477,33.00000,31.00000,pos_b_bwd
3448,0.00000,3.13516,-0.00733,0.11966,33.00000,31.00000,pos_b_bwd
3453,0.00000,3.13516,-0.00733,0.11477,33.00000,31.00000,pos_b_bwd
3458,0.00000,3.13516,-0.00733,0.11477,33.00000,31.00000,pos_b_bwd
3463,0.00000,3.13516,-0.00733,0.11477,33.00000,31.00000,pos_b_bwd
3468,0.00000,3.13516,-0.00733,0.11477,33.00000,31.00000,pos_b_bwd
3473,0.00000,3.13516,-0.00733,0.11477,33.00000,31.00000,pos_b_bwd
3478,0.00000,3.13516,-0.00733,0.11477,33.00000,31.00000,pos_b_bwd
3483,0.00000,3.13516,-0.00733,0.11477,33.00000,31.00000,pos_b_bwd
3488,0.00000,3.13516,-0.00733,0.11477,33.00000,31.00000,pos_b_bwd
3493,0.00000,3.13516,-0.00733,0.11477,33.00000,31.00000,pos_b_bwd
3498,0.00000,3.13516,-0.00733,0.11477,33.00000,31.00000,pos_b_bwd
3503,0.00000,3.13516,-0.00733,0.11477,33.00000,31.00000,pos_b_bwd
3508,0.00000,3.13516,-0.00733,0.11477,33.00000,31.00000,pos_b_bwd
3513,0.00000,3.13516,-0.00733,0.11477,33.00000,31.00000,pos_b_bwd
3518,0.00000,3.13516,-0.00733,0.11966,33.00000,31.00000,pos_b_bwd
3523,0.00000,3.13516,-0.00733,0.11477,33.00000,31.00000,pos_b_bwd
3528,0.00000,3.13516,-0.00733,0.11477,33.00000,31.00000,pos_b_bwd
3534,0.00000,3.13516,-0.00733,0.11966,33.00000,31.00000,pos_b_bwd
3539,0.00000,3.13516,-0.00733,0.11477,33.00000,31.00000,pos_b_bwd
3544,0.00000,3.13516,-0.00733,0.11966,33.00000,31.00000,pos_b_bwd
3549,0.00000,3.13516,-0.00733,0.11477,33.00000,31.00000,pos_b_bwd
3554,0.00000,3.13516,-0.00733,0.11477,33.00000,31.00000,pos_b_bwd
3559,0.00000,3.13516,-0.00733,0.11966,33.00000,31.00000,pos_b_bwd
3564,0.00000,3.13516,-0.00733,0.11966,33.00000,31.00000,pos_b_bwd
3569,0.00000,3.13516,-0.00733,0.11477,33.00000,31.00000,pos_b_bwd
3574,0.00000,3.13516,-0.00733,0.11477,33.00000,31.00000,pos_b_bwd
3579,0.00000,3.13516,-0.00733,0.11966,33.00000,31.00000,pos_b_bwd
3584,0.00000,3.13516,-0.00733,0.11477,33.00000,31.00000,pos_b_bwd
3589,0.00000,3.13516,-0.00733,0.11477,33.00000,31.00000,pos_b_bwd
3594,0.00000,3.13516,-0.00733,0.11966,33.00000,31.00000,pos_b_bwd
3599,0.00000,3.13516,-0.00733,0.11966,33.00000,31.00000,pos_b_bwd
3604,0.00000,3.13516,-0.00733,0.11966,33.00000,31.00000,pos_b_bwd
3609,0.00000,3.13516,-0.00733,0.11477,33.00000,31.00000,pos_b_bwd
3614,0.00000,3.13516,-0.00733,0.11477,33.00000,31.00000,pos_b_bwd
3619,0.00000,3.13516,-0.00733,0.11477,33.00000,31.00000,pos_b_bwd
3625,0.00000,3.13516,-0.00733,0.11477,33.00000,31.00000,pos_b_bwd
3630,0.00000,3.13516,-0.00733,0.11966,33.00000,31.00000,pos_b_bwd
3635,0.00000,3.13516,-0.00733,0.11477,33.00000,31.00000,pos_b_bwd
3640,0.00000,3.13516,-0.00733,0.11477,33.00000,31.00000,pos_b_bwd
3645,0.00000,3.13516,-0.00733,0.11477,33.00000,31.00000,pos_b_bwd
3650,0.00000,3.13516,-0.00733,0.11477,33.00000,31.00000,pos_b_bwd
3655,0.00000,3.13516,-0.00733,0.11966,33.00000,31.00000,pos_b_bwd
3660,0.00000,3.13516,-0.00733,0.11966,33.00000,31.00000,pos_b_bwd
3665,0.00000,3.13516,-0.00733,0.11966,33.00000,31.00000,pos_b_bwd
3670,0.00000,3.13516,-0.00733,0.11477,33.00000,31.00000,pos_b_bwd
3675,0.00000,3.13516,-0.00733,0.11477,33.00000,31.00000,pos_b_bwd
3680,0.00000,3.13516,-0.00733,0.11477,33.00000,31.00000,pos_b_bwd
3685,0.00000,3.13516,-0.00733,0.11477,33.00000,31.00000,pos_b_bwd
3690,0.00000,3.13516,-0.00733,0.11477,33.00000,31.00000,pos_b_bwd
3695,0.00000,3.13516,-0.00733,0.11477,33.00000,31.00000,pos_b_bwd
3700,0.00000,3.13516,-0.00733,0.11477,33.00000,31.00000,pos_b_bwd
3705,0.00000,3.13516,-0.00733,0.11966,33.00000,31.00000,pos_b_bwd
3710,0.00000,3.13516,-0.00733,0.11966,33.00000,31.00000,pos_b_bwd
3716,0.00000,3.13516,-0.00733,0.11477,33.00000,31.00000,pos_b_bwd
3721,0.00000,3.13516,-0.00733,0.11477,33.00000,31.00000,pos_b_bwd
3726,0.00000,3.13516,-0.00733,0.11966,33.00000,31.00000,pos_b_bwd
3731,0.00000,3.13516,-0.00733,0.11477,33.00000,31.00000,pos_b_bwd
3736,0.00000,3.13516,-0.00733,0.11966,33.00000,31.00000,pos_b_bwd
3741,0.00000,3.13516,-0.00733,0.11477,33.00000,31.00000,pos_b_bwd
3746,0.00000,3.13516,-0.00733,0.11966,33.00000,31.00000,pos_b_bwd
3751,0.00000,3.13516,-0.00733,0.11966,33.00000,31.00000,pos_b_bwd
3756,0.00000,3.13516,-0.00733,0.11477,33.00000,31.00000,pos_b_bwd
3761,0.00000,3.13516,-0.00733,0.10989,33.00000,31.00000,pos_b_bwd
3766,0.00000,3.13516,-0.00733,0.11477,33.00000,31.00000,pos_b_bwd
3771,0.00000,3.13516,-0.00733,0.11477,33.00000,31.00000,pos_b_bwd
3776,0.00000,3.13516,-0.00733,0.11477,33.00000,31.00000,pos_b_bwd
3781,0.00000,3.13516,-0.00733,0.11477,33.00000,31.00000,pos_b_bwd
3786,0.00000,3.13516,-0.00733,0.11477,33.00000,31.00000,pos_b_bwd
3791,0.00000,3.13516,-0.00733,0.11477,33.00000,31.00000,pos_b_bwd
3796,0.00000,3.13516,-0.00733,0.11477,33.00000,31.00000,pos_b_bwd
3801,0.00000,3.13516,-0.00733,0.11966,33.00000,31.00000,pos_b_bwd
3806,0.00000,3.13516,-0.00733,0.11966,33.00000,31.00000,pos_b_bwd
3812,0.00000,3.13516,-0.00733,0.11477,33.00000,31.00000,pos_b_bwd
3817,0.00000,3.13516,-0.00733,0.11966,33.00000,31.00000,pos_b_bwd
3822,0.00000,3.13516,-0.00733,0.11966,33.00000,31.00000,pos_b_bwd
3827,0.00000,3.13516,-0.00733,0.11966,33.00000,31.00000,pos_b_bwd
3832,0.00000,3.13516,-0.00733,0.11477,33.00000,31.00000,pos_b_bwd
3837,0.00000,3.13516,-0.00733,0.11477,33.00000,31.00000,pos_b_bwd
3842,0.00000,3.13516,-0.00733,0.11966,33.00000,31.00000,pos_b_bwd
3847,0.00000,3.13516,-0.00733,0.11966,33.00000,31.00000,pos_b_bwd
3852,0.00000,3.13516,-0.00733,0.11966,33.00000,31.00000,pos_b_bwd
3857,0.00000,3.13516,-0.00733,0.11966,33.00000,31.00000,pos_b_bwd
3862,0.00000,3.13516,-0.00733,0.11477,33.00000,31.00000,pos_b_bwd
3867,0.00000,3.13516,-0.00733,0.12454,33.00000,31.00000,pos_b_bwd
3872,0.00000,3.13516,-0.00733,0.11966,33.00000,31.00000,pos_b_bwd
3877,0.00000,3.13516,-0.00733,0.11966,33.00000,31.00000,pos_b_bwd
3882,0.00000,3.13516,-0.00733,0.11966,33.00000,31.00000,pos_b_bwd
3887,0.00000,3.13516,-0.00733,0.11966,33.00000,31.00000,pos_b_bwd
3892,0.00000,3.13516,-0.00733,0.11966,33.00000,31.00000,pos_b_bwd
3897,0.00000,3.13516,-0.00733,0.11966,33.00000,31.00000,pos_b_bwd
3902,0.00000,3.13516,-0.00733,0.11477,33.00000,31.00000,pos_b_bwd
3908,0.00000,3.13516,-0.00733,0.11477,33.00000,31.00000,pos_b_bwd
3913,0.00000,3.13516,-0.00733,0.11966,33.00000,31.00000,pos_b_bwd
3918,0.00000,3.13516,-0.00733,0.11966,33.00000,31.00000,pos_b_bwd
3923,0.00000,3.13516,-0.00733,0.11966,33.00000,31.00000,pos_b_bwd
3928,0.00000,3.13516,-0.00733,0.11966,33.00000,31.00000,pos_b_bwd
3933,0.00000,3.13516,-0.00733,0.11966,33.00000,31.00000,pos_b_bwd
3938,0.00000,3.13516,-0.00733,0.11477,33.00000,31.00000,pos_b_bwd
3943,0.00000,3.13516,-0.00733,0.11477,33.00000,31.00000,pos_b_bwd
3948,0.00000,3.13516,-0.00733,0.11477,33.00000,31.00000,pos_b_bwd
3953,0.00000,3.13516,-0.00733,0.11966,33.00000,31.00000,pos_b_bwd
3958,0.00000,3.13516,-0.00733,0.11966,33.00000,31.00000,pos_b_bwd
3963,0.00000,3.13516,-0.00733,0.11477,33.00000,31.00000,pos_b_bwd
3968,0.00000,3.13516,-0.00733,0.11477,33.00000,31.00000,pos_b_bwd
3973,0.00000,3.13516,-0.00733,0.11477,33.00000,31.00000,pos_b_bwd
3978,0.00000,3.13516,-0.00733,0.11477,33.00000,31.00000,pos_b_bwd
3983,0.00000,3.13516,-0.00733,0.11477,33.00000,31.00000,pos_b_bwd
3988,0.00000,3.13516,-0.00733,0.11477,33.00000,31.00000,pos_b_bwd
3993,0.00000,3.13516,-0.00733,0.11477,33.00000,31.00000,pos_b_bwd
3998,0.00000,3.13516,-0.00733,0.11966,33.00000,31.00000,pos_b_bwd
4004,0.00000,3.13516,-0.00733,0.11966,33.00000,31.00000,pos_b_bwd
4009,0.00000,3.13516,-0.00733,0.11966,33.00000,31.00000,pos_b_bwd
4014,0.00000,3.13516,-0.00733,0.11966,33.00000,31.00000,pos_b_bwd
4019,0.00000,3.13516,-0.00733,0.11477,33.00000,31.00000,pos_b_bwd
4024,0.00000,3.13516,-0.00733,0.11477,33.00000,31.00000,pos_b_bwd
4029,0.00000,3.13516,-0.00733,0.11477,33.00000,31.00000,pos_b_bwd
4034,0.00000,3.13516,-0.00733,0.11477,33.00000,31.00000,pos_b_bwd
4039,0.00000,3.13516,-0.00733,0.11966,33.00000,31.00000,pos_b_bwd
4044,0.00000,3.13516,-0.00733,0.11966,33.00000,31.00000,pos_b_bwd
4049,0.00000,3.13516,-0.00733,0.11966,33.00000,31.00000,pos_b_bwd
4054,0.00000,3.13516,-0.00733,0.11966,33.00000,31.00000,pos_b_bwd
4059,0.00000,3.13516,-0.00733,0.11966,33.00000,31.00000,pos_b_bwd
4064,0.00000,3.13516,-0.00733,0.11966,33.00000,31.00000,pos_b_bwd
4069,0.00000,3.13516,-0.00733,0.11966,33.00000,31.00000,pos_b_bwd
4074,0.00000,3.13516,-0.00733,0.11966,33.00000,31.00000,pos_b_bwd
4079,0.00000,3.13516,-0.00733,0.11477,33.00000,31.00000,pos_b_bwd
4084,0.00000,3.13516,-0.00733,0.11477,33.00000,31.00000,pos_b_bwd
4089,0.00000,3.13516,-0.00733,0.11477,33.00000,31.00000,pos_b_bwd
4095,0.00000,3.13516,-0.00733,0.11966,33.00000,31.00000,pos_b_bwd
4100,0.00000,3.13516,-0.00733,0.11966,33.00000,31.00000,pos_b_bwd
4105,0.00000,3.13516,-0.00733,0.11966,33.00000,31.00000,pos_b_bwd
4110,0.00000,3.13516,-0.00733,0.11966,33.00000,31.00000,pos_b_bwd
4115,0.00000,3.13516,-0.00733,0.11966,33.00000,31.00000,pos_b_bwd
4120,0.00000,3.13516,-0.00733,0.11966,33.00000,31.00000,pos_b_bwd
4125,0.00000,3.13516,-0.00733,0.11966,33.00000,31.00000,pos_b_bwd
4130,0.00000,3.13516,-0.00733,0.11477,33.00000,31.00000,pos_b_bwd
4135,0.00000,3.13516,-0.00733,0.11477,33.00000,31.00000,pos_b_bwd
4140,0.00000,3.13516,-0.00733,0.11477,33.00000,31.00000,pos_b_bwd
4145,0.00000,3.13516,-0.00733,0.11477,33.00000,31.00000,pos_b_bwd
4150,0.00000,3.13516,-0.00733,0.11477,33.00000,31.00000,pos_b_bwd
4155,0.00000,3.13516,-0.00733,0.11477,33.00000,31.00000,pos_b_bwd
4160,0.00000,3.13516,-0.00733,0.11477,33.00000,31.00000,pos_b_bwd
4165,0.00000,3.13516,-0.00733,0.11966,33.00000,31.00000,pos_b_bwd
4170,0.00000,3.13516,-0.00733,0.11477,33.00000,31.00000,pos_b_bwd
4175,0.00000,3.13516,-0.00733,0.11477,33.00000,31.00000,pos_b_bwd
4180,0.00000,3.13516,-0.00733,0.11477,33.00000,31.00000,pos_b_bwd
4185,0.00000,3.13516,-0.00733,0.11477,33.00000,31.00000,pos_b_bwd
4191,0.00000,3.13516,-0.00733,0.11477,33.00000,31.00000,pos_b_bwd
4196,0.00000,3.13516,-0.00733,0.11966,33.00000,31.00000,pos_b_bwd
4201,0.00000,3.13516,-0.00733,0.11966,33.00000,31.00000,pos_b_bwd
4206,0.00000,3.13516,-0.00733,0.11966,33.00000,31.00000,pos_b_bwd
4211,0.00000,3.13516,-0.00733,0.11477,33.00000,31.00000,pos_b_bwd
4216,0.00000,3.13516,-0.00733,0.11477,33.00000,31.00000,pos_b_bwd
4221,0.00000,3.13516,-0.00733,0.11477,33.00000,31.00000,pos_b_bwd
4226,0.00000,3.13516,-0.00733,0.11477,33.00000,31.00000,pos_b_bwd
4231,0.00000,3.13516,-0.00733,0.11966,33.00000,31.00000,pos_b_bwd
4236,0.00000,3.13516,-0.00733,0.11477,33.00000,31.00000,pos_b_bwd
4241,0.00000,3.13516,-0.00733,0.11966,33.00000,31.00000,pos_b_bwd
4246,0.00000,3.13516,-0.00733,0.11966,33.00000,31.00000,pos_b_bwd
4251,0.00000,3.13516,-0.00733,0.11966,33.00000,31.00000,pos_b_bwd
4256,0.00000,3.13516,-0.00733,0.11477,33.00000,31.00000,pos_b_bwd
4261,0.00000,3.13516,-0.00733,0.11477,33.00000,31.00000,pos_b_bwd
4266,0.00000,3.13516,-0.00733,0.11477,33.00000,31.00000,pos_b_bwd
4271,0.00000,3.13516,-0.00733,0.11966,33.00000,31.00000,pos_b_bwd
4276,0.00000,3.13516,-0.00733,0.11966,33.00000,31.00000,pos_b_bwd
4282,0.00000,3.13516,-0.00733,0.11966,33.00000,31.00000,pos_b_bwd
4287,0.00000,3.13516,-0.00733,0.11477,33.00000,31.00000,pos_b_bwd
4292,0.00000,3.13516,-0.00733,0.11477,33.00000,31.00000,pos_b_bwd
4297,0.00000,3.13516,-0.00733,0.11477,33.00000,31.00000,pos_b_bwd
4302,0.00000,3.13516,-0.00733,0.11477,33.00000,31.00000,pos_b_bwd
4307,0.00000,3.13516,-0.00733,0.11477,33.00000,31.00000,pos_b_bwd
4312,0.00000,3.13516,-0.00733,0.11477,33.00000,31.00000,pos_b_bwd
4317,0.00000,3.13516,-0.00733,0.11966,33.00000,31.00000,pos_b_bwd
4322,0.00000,3.13516,-0.00733,0.11966,33.00000,31.00000,pos_b_bwd
4327,0.00000,3.13516,-0.00733,0.11477,33.00000,31.00000,pos_b_bwd
4332,0.00000,3.13516,-0.00733,0.11966,33.00000,31.00000,pos_b_bwd
4337,0.00000,3.13516,-0.00733,0.11966,33.00000,31.00000,pos_b_bwd
4342,0.00000,3.13516,-0.00733,0.11477,33.00000,31.00000,pos_b_bwd
4347,0.00000,3.13516,-0.00733,0.11477,33.00000,31.00000,pos_b_bwd
4352,0.00000,3.13516,-0.00733,0.11966,33.00000,31.00000,pos_b_bwd
4357,0.00000,3.13516,-0.00733,0.11477,33.00000,31.00000,pos_b_bwd
4362,0.00000,3.13516,-0.00733,0.11477,33.00000,31.00000,pos_b_bwd
4368,0.00000,3.13516,-0.00733,0.11477,33.00000,31.00000,pos_b_bwd
4373,0.00000,3.13516,-0.00733,0.11966,33.00000,31.00000,pos_b_bwd
4378,0.00000,3.13516,-0.00733,0.11966,33.00000,31.00000,pos_b_bwd
4383,0.00000,3.13516,-0.00733,0.11966,33.00000,31.00000,pos_b_bwd
4388,0.00000,3.13516,-0.00733,0.11966,33.00000,31.00000,pos_b_bwd
4393,0.00000,3.13516,-0.00733,0.11966,33.00000,31.00000,pos_b_bwd
4398,0.00000,3.13516,-0.00733,0.11966,33.00000,31.00000,pos_b_bwd
4403,0.00000,3.13516,-0.00733,0.11477,33.00000,31.00000,pos_b_bwd
4408,0.00000,3.13516,-0.00733,0.11966,33.00000,31.00000,pos_b_bwd
4413,0.00000,3.13516,-0.00733,0.11966,33.00000,31.00000,pos_b_bwd
4418,0.00000,3.13516,-0.00733,0.11966,33.00000,31.00000,pos_b_bwd
4423,0.00000,3.13516,-0.00733,0.11966,33.00000,31.00000,pos_b_bwd
4428,0.00000,3.13516,-0.00733,0.11477,33.00000,31.00000,pos_b_bwd
4433,0.00000,3.13516,-0.00733,0.11477,33.00000,31.00000,pos_b_bwd
4438,0.00000,3.13516,-0.00733,0.11966,33.00000,31.00000,pos_b_bwd
4443,0.00000,3.13516,-0.00733,0.11966,33.00000,31.00000,pos_b_bwd
4448,0.00000,3.13516,-0.00733,0.11966,33.00000,31.00000,pos_b_bwd
4453,0.00000,3.13516,-0.00733,0.11966,33.00000,31.00000,pos_b_bwd
4459,0.00000,3.13516,-0.00733,0.11966,33.00000,31.00000,pos_b_bwd
4464,0.00000,3.13516,-0.00733,0.11477,33.00000,31.00000,pos_b_bwd
4469,0.00000,3.13516,-0.00733,0.11477,33.00000,31.00000,pos_b_bwd
4474,0.00000,3.13516,-0.00733,0.11477,33.00000,31.00000,pos_b_bwd
4479,0.00000,3.13516,-0.00733,0.11477,33.00000,31.00000,pos_b_bwd
4484,0.00000,3.13516,-0.00733,0.11477,33.00000,31.00000,pos_b_bwd
4489,0.00000,3.13516,-0.00733,0.11477,33.00000,31.00000,pos_b_bwd
4494,0.00000,3.13516,-0.00733,0.11477,33.00000,31.00000,pos_b_bwd
4499,0.00000,3.13516,-0.00733,0.11966,33.00000,31.00000,pos_b_bwd
4504,0.00000,3.13516,-0.00733,0.11477,33.00000,31.00000,pos_b_bwd
4509,0.00000,3.13516,-0.00733,0.11477,33.00000,31.00000,pos_b_bwd
4514,0.00000,3.13516,-0.00733,0.11966,33.00000,31.00000,pos_b_bwd
4519,0.00000,3.13516,-0.00733,0.11966,33.00000,31.00000,pos_b_bwd
4524,0.00000,3.13516,-0.00733,0.11477,33.00000,31.00000,pos_b_bwd
4529,0.00000,3.13516,-0.00733,0.11477,33.00000,31.00000,pos_b_bwd
4534,0.00000,3.13516,-0.00733,0.11477,33.00000,31.00000,pos_b_bwd
4539,0.00000,3.13516,-0.00733,0.11477,33.00000,31.00000,pos_b_bwd
4544,0.00000,3.13516,-0.00733,0.11477,33.00000,31.00000,pos_b_bwd
4549,0.00000,3.13516,-0.00733,0.11477,33.00000,31.00000,pos_b_bwd
4555,0.00000,3.13516,-0.00733,0.11966,33.00000,31.00000,pos_b_bwd
4560,0.00000,3.13516,-0.00733,0.11477,33.00000,31.00000,pos_b_bwd
4565,0.00000,3.13516,-0.00733,0.11966,33.00000,31.00000,pos_b_bwd
4570,0.00000,3.13516,-0.00733,0.11477,33.00000,31.00000,pos_b_bwd
4575,0.00000,3.13516,-0.00733,0.11966,33.00000,31.00000,pos_b_bwd
4580,0.00000,3.13516,-0.00733,0.11966,33.00000,31.00000,pos_b_bwd
4585,0.00000,3.13516,-0.00733,0.11477,33.00000,31.00000,pos_b_bwd
4590,0.00000,3.13516,-0.00733,0.11966,33.00000,31.00000,pos_b_bwd
4595,0.00000,3.13516,-0.00733,0.11966,33.00000,31.00000,pos_b_bwd
4600,0.00000,3.13516,-0.00733,0.11966,33.00000,31.00000,pos_b_bwd
4605,0.00000,3.13516,-0.00733,0.11966,33.00000,31.00000,pos_b_bwd
4610,0.00000,3.13516,-0.00733,0.11966,33.00000,31.00000,pos_b_bwd
4615,0.00000,3.13516,-0.00733,0.11477,33.00000,31.00000,pos_b_bwd
4620,0.00000,3.13516,-0.00733,0.11477,33.00000,31.00000,pos_b_bwd
4625,0.00000,3.13516,-0.00733,0.11477,33.00000,31.00000,pos_b_bwd
4630,0.00000,3.13516,-0.00733,0.11477,33.00000,31.00000,pos_b_bwd
4635,0.00000,3.13516,-0.00733,0.11477,33.00000,31.00000,pos_b_bwd
4640,0.00000,3.13516,-0.00733,0.11477,33.00000,31.00000,pos_b_bwd
4645,0.00000,3.13516,-0.00733,0.11477,33.00000,31.00000,pos_b_bwd
4651,0.00000,3.13516,-0.00733,0.11966,33.00000,31.00000,pos_b_bwd
4656,0.00000,3.13516,-0.00733,0.11966,33.00000,31.00000,pos_b_bwd
4661,0.00000,3.13516,-0.00733,0.11477,33.00000,31.00000,pos_b_bwd
4666,0.00000,3.13516,-0.00733,0.11966,33.00000,31.00000,pos_b_bwd
4671,0.00000,3.13516,-0.00733,0.11966,33.00000,31.00000,pos_b_bwd
4676,0.00000,3.13516,-0.00733,0.11966,33.00000,31.00000,pos_b_bwd
4681,0.00000,3.13516,-0.00733,0.11477,33.00000,31.00000,pos_b_bwd
4686,0.00000,3.13516,-0.00733,0.11966,33.00000,31.00000,pos_b_bwd
4691,0.00000,3.13516,-0.00733,0.11966,33.00000,31.00000,pos_b_bwd
4696,0.00000,3.13516,-0.00733,0.11966,33.00000,31.00000,pos_b_bwd
4701,0.00000,3.13516,-0.00733,0.11966,33.00000,31.00000,pos_b_bwd
4706,0.00000,3.13516,-0.00733,0.11966,33.00000,31.00000,pos_b_bwd
4711,0.00000,3.13516,-0.00733,0.11966,33.00000,31.00000,pos_b_bwd
4716,0.00000,3.13516,-0.00733,0.11966,33.00000,31.00000,pos_b_bwd
4721,0.00000,3.13516,-0.00733,0.11966,33.00000,31.00000,pos_b_bwd
4726,0.00000,3.13516,-0.00733,0.11966,33.00000,31.00000,pos_b_bwd
4731,0.00000,3.13516,-0.00733,0.11966,33.00000,31.00000,pos_b_bwd
4737,0.00000,3.13516,-0.00733,0.11966,33.00000,31.00000,pos_b_bwd
4742,0.00000,3.13516,-0.00733,0.11477,33.00000,31.00000,pos_b_bwd
4747,0.00000,3.13516,-0.00733,0.11477,33.00000,31.00000,pos_b_bwd
4752,0.00000,3.13516,-0.00733,0.11477,33.00000,31.00000,pos_b_bwd
4757,0.00000,3.13516,-0.00733,0.11966,33.00000,31.00000,pos_b_bwd
4762,0.00000,3.13516,-0.00733,0.11966,33.00000,31.00000,pos_b_bwd
4767,0.00000,3.13516,-0.00733,0.11966,33.00000,31.00000,pos_b_bwd
4772,0.00000,3.13516,-0.00733,0.11966,33.00000,31.00000,pos_b_bwd
4777,0.00000,3.13516,-0.00733,0.11966,33.00000,31.00000,pos_b_bwd
4782,0.00000,3.13516,-0.00733,0.11966,33.00000,31.00000,pos_b_bwd
4787,0.00000,3.13516,-0.00733,0.11477,33.00000,31.00000,pos_b_bwd
4792,0.00000,3.13516,-0.00733,0.11477,33.00000,31.00000,pos_b_bwd
4797,0.00000,3.13516,-0.00733,0.11477,33.00000,31.00000,pos_b_bwd
4802,0.00000,3.13516,-0.00733,0.11477,33.00000,31.00000,pos_b_bwd
4807,0.00000,3.13516,-0.00733,0.11966,33.00000,31.00000,pos_b_bwd
4812,0.00000,3.13516,-0.00733,0.11966,33.00000,31.00000,pos_b_bwd
4817,0.00000,3.13516,-0.00733,0.11477,33.00000,31.00000,pos_b_bwd
4823,0.00000,3.13516,-0.00733,0.11966,33.00000,31.00000,pos_b_bwd
4828,0.00000,3.13516,-0.00733,0.11966,33.00000,31.00000,pos_b_bwd
4833,0.00000,3.13516,-0.00733,0.11477,33.00000,31.00000,pos_b_bwd
4838,0.00000,3.13516,-0.00733,0.11477,33.00000,31.00000,pos_b_bwd
4843,0.00000,3.13516,-0.00733,0.11477,33.00000,31.00000,pos_b_bwd
4848,0.00000,3.13516,-0.00733,0.11966,33.00000,31.00000,pos_b_bwd
4853,0.00000,3.13516,-0.00733,0.11477,33.00000,31.00000,pos_b_bwd
4858,0.00000,3.13516,-0.00733,0.11477,33.00000,31.00000,pos_b_bwd
4863,0.00000,3.13516,-0.00733,0.11477,33.00000,31.00000,pos_b_bwd
4868,0.00000,3.13516,-0.00733,0.11477,33.00000,31.00000,pos_b_bwd
4873,0.00000,3.13516,-0.00733,0.11477,33.00000,31.00000,pos_b_bwd
4878,0.00000,3.13516,-0.00733,0.11966,33.00000,31.00000,pos_b_bwd
4883,0.00000,3.13516,-0.00733,0.11477,33.00000,31.00000,pos_b_bwd
4888,0.00000,3.13516,-0.00733,0.11966,33.00000,31.00000,pos_b_bwd
4893,0.00000,3.13516,-0.00733,0.11966,33.00000,31.00000,pos_b_bwd
4898,0.00000,3.13516,-0.00733,0.11966,33.00000,31.00000,pos_b_bwd
4903,0.00000,3.13516,-0.00733,0.11477,33.00000,31.00000,pos_b_bwd
4908,0.00000,3.13516,-0.00733,0.11477,33.00000,31.00000,pos_b_bwd
4914,0.00000,3.13516,-0.00733,0.11477,33.00000,31.00000,pos_b_bwd
4919,0.00000,3.13516,-0.00733,0.11966,33.00000,31.00000,pos_b_bwd
4924,0.00000,3.13516,-0.00733,0.11966,33.00000,31.00000,pos_b_bwd
4929,0.00000,3.13516,-0.00733,0.11477,33.00000,31.00000,pos_b_bwd
4934,0.00000,3.13516,-0.00733,0.11477,33.00000,31.00000,pos_b_bwd
4939,0.00000,3.13516,-0.00733,0.11966,33.00000,31.00000,pos_b_bwd
4944,0.00000,3.13516,-0.00733,0.11477,33.00000,31.00000,pos_b_bwd
4949,0.00000,3.13516,-0.00733,0.11477,33.00000,31.00000,pos_b_bwd
4954,0.00000,3.13516,-0.00733,0.11477,33.00000,31.00000,pos_b_bwd
4959,0.00000,3.13516,-0.00733,0.11477,33.00000,31.00000,pos_b_bwd
4964,0.00000,3.13516,-0.00733,0.11966,33.00000,31.00000,pos_b_bwd
4969,0.00000,3.13516,-0.00733,0.11966,33.00000,31.00000,pos_b_bwd
4974,0.00000,3.13516,-0.00733,0.11966,33.00000,31.00000,pos_b_bwd
4979,0.00000,3.13516,-0.00733,0.11477,33.00000,31.00000,pos_b_bwd
4984,0.00000,3.13516,-0.00733,0.11477,33.00000,31.00000,pos_b_bwd
4989,0.00000,3.13516,-0.00733,0.11477,33.00000,31.00000,pos_b_bwd
4994,0.00000,3.13516,-0.00733,0.11966,33.00000,31.00000,pos_b_bwd
