timestamp_ms,kp,kd,q_des_rad,q_actual_rad,vel_rad_s,tau_feedback_Nm,tau_cmd_Nm,label
0,20.0000,2.0000,0.0032,0.0032,-0.0073,-0.0855,2.0000,tau_limit
5,20.0000,2.0000,0.0032,0.0032,-0.0073,-0.0855,2.0000,tau_limit
10,20.0000,2.0000,0.0032,0.0032,-0.0073,-0.0855,2.0000,tau_limit
15,20.0000,2.0000,0.0032,0.0032,-0.0073,-0.0855,2.0000,tau_limit
20,20.0000,2.0000,0.0032,0.0032,-0.0073,-0.0855,2.0000,tau_limit
25,20.0000,2.0000,0.0032,0.0032,-0.0073,-0.0904,2.0000,tau_limit
30,20.0000,2.0000,0.0032,0.0032,-0.0073,-0.0855,2.0000,tau_limit
35,20.0000,2.0000,0.0032,0.0032,0.0073,-0.0708,2.0000,tau_limit
40,20.0000,2.0000,0.0032,0.0032,0.0073,-0.0611,2.0000,tau_limit
45,20.0000,2.0000,0.0032,0.0032,0.0073,-0.0562,2.0000,tau_limit
50,20.0000,2.0000,0.0032,0.0032,0.0073,-0.0464,2.0000,tau_limit
55,20.0000,2.0000,0.0032,0.0032,-0.0073,-0.0464,2.0000,tau_limit
60,20.0000,2.0000,0.0032,0.0032,-0.0073,-0.0366,2.0000,tau_limit
65,20.0000,2.0000,0.0032,0.0032,-0.0073,-0.0366,2.0000,tau_limit
70,20.0000,2.0000,0.0032,0.0032,-0.0073,-0.0317,2.0000,tau_limit
75,20.0000,2.0000,0.0032,0.0032,-0.0073,-0.0269,2.0000,tau_limit
80,20.0000,2.0000,0.0032,0.0032,-0.0073,-0.0269,2.0000,tau_limit
85,20.0000,2.0000,0.0032,0.0032,-0.0073,-0.0269,2.0000,tau_limit
91,20.0000,2.0000,0.0032,0.0032,-0.0073,-0.0269,2.0000,tau_limit
96,20.0000,2.0000,0.0032,0.0032,-0.0073,-0.0220,2.0000,tau_limit
101,20.0000,2.0000,0.0032,0.0032,-0.0073,-0.0220,2.0000,tau_limit
106,20.0000,2.0000,0.0032,0.0032,-0.0073,-0.0269,2.0000,tau_limit
111,20.0000,2.0000,0.0032,0.0032,-0.0073,-0.0220,2.0000,tau_limit
116,20.0000,2.0000,0.0032,0.0032,-0.0073,-0.0220,2.0000,tau_limit
121,20.0000,2.0000,0.0032,0.0032,-0.0073,-0.0220,2.0000,tau_limit
126,20.0000,2.0000,0.0032,0.0032,-0.0073,-0.0220,2.0000,tau_limit
131,20.0000,2.0000,0.0032,0.0032,-0.0073,-0.0220,2.0000,tau_limit
136,20.0000,2.0000,0.0032,0.0032,-0.0073,-0.0220,2.0000,tau_limit
141,20.0000,2.0000,0.0032,0.0032,-0.0073,-0.0220,2.0000,tau_limit
146,20.0000,2.0000,0.0032,0.0032,-0.0073,-0.0171,2.0000,tau_limit
151,20.0000,2.0000,0.0032,0.0032,-0.0073,-0.0171,2.0000,tau_limit
156,20.0000,2.0000,0.0032,0.0032,-0.0073,-0.0220,2.0000,tau_limit
161,20.0000,2.0000,0.0032,0.0032,-0.0073,-0.0171,2.0000,tau_limit
166,20.0000,2.0000,0.0032,0.0032,-0.0073,-0.0171,2.0000,tau_limit
171,20.0000,2.0000,0.0032,0.0032,-0.0073,-0.0220,2.0000,tau_limit
177,20.0000,2.0000,0.0032,0.0032,-0.0073,-0.0220,2.0000,tau_limit
182,20.0000,2.0000,0.0032,0.0032,-0.0073,-0.0171,2.0000,tau_limit
187,20.0000,2.0000,0.0032,0.0032,-0.0073,-0.0171,2.0000,tau_limit
192,20.0000,2.0000,0.0032,0.0032,-0.0073,-0.0220,2.0000,tau_limit
197,20.0000,2.0000,0.0032,0.0032,-0.0073,-0.0220,2.0000,tau_limit
202,20.0000,2.0000,0.0032,0.0032,-0.0073,-0.0171,2.0000,tau_limit
207,20.0000,2.0000,0.0032,0.0032,-0.0073,-0.0220,2.0000,tau_limit
212,20.0000,2.0000,0.0032,0.0032,-0.0073,-0.0220,2.0000,tau_limit
217,20.0000,2.0000,0.0032,0.0032,-0.0073,-0.0171,2.0000,tau_limit
222,20.0000,2.0000,0.0032,0.0032,-0.0073,-0.0220,2.0000,tau_limit
227,20.0000,2.0000,0.0032,0.0032,-0.0073,-0.0171,2.0000,tau_limit
232,20.0000,2.0000,0.0032,0.0032,-0.0073,-0.0171,2.0000,tau_limit
237,20.0000,2.0000,0.0032,0.0032,-0.0073,-0.0171,2.0000,tau_limit
242,20.0000,2.0000,0.0032,0.0032,-0.0073,-0.0220,2.0000,tau_limit
247,20.0000,2.0000,0.0032,0.0032,-0.0073,-0.0220,2.0000,tau_limit
252,20.0000,2.0000,0.0032,0.0032,-0.0073,-0.0171,2.0000,tau_limit
257,20.0000,2.0000,0.0032,0.0032,-0.0073,-0.0171,2.0000,tau_limit
263,20.0000,2.0000,0.0032,0.0032,-0.0073,-0.0220,2.0000,tau_limit
268,20.0000,2.0000,0.0032,0.0032,-0.0073,-0.0220,2.0000,tau_limit
273,20.0000,2.0000,0.0032,0.0032,-0.0073,-0.0220,2.0000,tau_limit
278,20.0000,2.0000,0.0032,0.0032,-0.0073,-0.0220,2.0000,tau_limit
283,20.0000,2.0000,0.0032,0.0032,-0.0073,-0.0220,2.0000,tau_limit
288,20.0000,2.0000,0.0032,0.0032,-0.0073,-0.0171,2.0000,tau_limit
293,20.0000,2.0000,0.0032,0.0032,-0.0073,-0.0171,2.0000,tau_limit
298,20.0000,2.0000,0.0032,0.0032,-0.0073,-0.0171,2.0000,tau_limit
303,20.0000,2.0000,0.0032,0.0032,-0.0073,-0.0220,2.0000,tau_limit
308,20.0000,2.0000,0.0032,0.0032,-0.0073,-0.0220,2.0000,tau_limit
313,20.0000,2.0000,0.0032,0.0032,-0.0073,-0.0171,2.0000,tau_limit
318,20.0000,2.0000,0.0032,0.0032,-0.0073,-0.0171,2.0000,tau_limit
323,20.0000,2.0000,0.0032,0.0032,-0.0073,-0.0220,2.0000,tau_limit
328,20.0000,2.0000,0.0032,0.0032,-0.0073,-0.0220,2.0000,tau_limit
333,20.0000,2.0000,0.0032,0.0032,-0.0073,-0.0220,2.0000,tau_limit
338,20.0000,2.0000,0.0032,0.0032,-0.0073,-0.0171,2.0000,tau_limit
343,20.0000,2.0000,0.0032,0.0032,-0.0073,-0.0220,2.0000,tau_limit
348,20.0000,2.0000,0.0032,0.0032,-0.0073,-0.0220,2.0000,tau_limit
354,20.0000,2.0000,0.0032,0.0032,-0.0073,-0.0171,2.0000,tau_limit
359,20.0000,2.0000,0.0032,0.0032,-0.0073,-0.0220,2.0000,tau_limit
364,20.0000,2.0000,0.0032,0.0032,-0.0073,-0.0220,2.0000,tau_limit
369,20.0000,2.0000,0.0032,0.0032,-0.0073,-0.0220,2.0000,tau_limit
374,20.0000,2.0000,0.0032,0.0032,-0.0073,-0.0220,2.0000,tau_limit
379,20.0000,2.0000,0.0032,0.0032,-0.0073,-0.0220,2.0000,tau_limit
384,20.0000,2.0000,0.0032,0.0032,-0.0073,-0.0220,2.0000,tau_limit
389,20.0000,2.0000,0.0032,0.0032,-0.0073,-0.0220,2.0000,tau_limit
394,20.0000,2.0000,0.0032,0.0032,-0.0073,-0.0220,2.0000,tau_limit
399,20.0000,2.0000,0.0032,0.0032,-0.0073,-0.0171,2.0000,tau_limit
404,20.0000,2.0000,0.0032,0.0032,-0.0073,-0.0171,2.0000,tau_limit
409,20.0000,2.0000,0.0032,0.0032,-0.0073,-0.0171,2.0000,tau_limit
414,20.0000,2.0000,0.0032,0.0032,-0.0073,-0.0220,2.0000,tau_limit
419,20.0000,2.0000,0.0032,0.0032,-0.0073,-0.0220,2.0000,tau_limit
424,20.0000,2.0000,0.0032,0.0032,-0.0073,-0.0220,2.0000,tau_limit
429,20.0000,2.0000,0.0032,0.0032,-0.0073,-0.0171,2.0000,tau_limit
434,20.0000,2.0000,0.0032,0.0032,-0.0073,-0.0171,2.0000,tau_limit
439,20.0000,2.0000,0.0032,0.0032,-0.0073,-0.0220,2.0000,tau_limit
445,20.0000,2.0000,0.0032,0.0032,-0.0073,-0.0171,2.0000,tau_limit
450,20.0000,2.0000,0.0032,0.0032,-0.0073,-0.0220,2.0000,tau_limit
455,20.0000,2.0000,0.0032,0.0032,-0.0073,-0.0171,2.0000,tau_limit
460,20.0000,2.0000,0.0032,0.0032,-0.0073,-0.0220,2.0000,tau_limit
465,20.0000,2.0000,0.0032,0.0032,-0.0073,-0.0171,2.0000,tau_limit
470,20.0000,2.0000,0.0032,0.0032,-0.0073,-0.0220,2.0000,tau_limit
475,20.0000,2.0000,0.0032,0.0032,-0.0073,-0.0220,2.0000,tau_limit
480,20.0000,2.0000,0.0032,0.0032,-0.0073,-0.0171,2.0000,tau_limit
485,20.0000,2.0000,0.0032,0.0032,-0.0073,-0.0171,2.0000,tau_limit
490,20.0000,2.0000,0.0032,0.0032,-0.0073,-0.0171,2.0000,tau_limit
495,20.0000,2.0000,0.0032,0.0032,-0.0073,-0.0220,2.0000,tau_limit
500,20.0000,2.0000,0.0032,0.0032,-0.0073,-0.0220,2.0000,tau_limit
505,20.0000,2.0000,0.0032,0.0032,-0.0073,-0.0220,2.0000,tau_limit
510,20.0000,2.0000,0.0032,0.0032,-0.0073,-0.0220,2.0000,tau_limit
515,20.0000,2.0000,0.0032,0.0032,-0.0073,-0.0220,2.0000,tau_limit
520,20.0000,2.0000,0.0032,0.0032,-0.0073,-0.0220,2.0000,tau_limit
525,20.0000,2.0000,0.0032,0.0032,-0.0073,-0.0220,2.0000,tau_limit
531,20.0000,2.0000,0.0032,0.0032,-0.0073,-0.0171,2.0000,tau_limit
536,20.0000,2.0000,0.0032,0.0032,-0.0073,-0.0220,2.0000,tau_limit
541,20.0000,2.0000,0.0032,0.0032,-0.0073,-0.0171,2.0000,tau_limit
546,20.0000,2.0000,0.0032,0.0032,-0.0073,-0.0171,2.0000,tau_limit
551,20.0000,2.0000,0.0032,0.0032,-0.0073,-0.0171,2.0000,tau_limit
556,20.0000,2.0000,0.0032,0.0032,-0.0073,-0.0171,2.0000,tau_limit
561,20.0000,2.0000,0.0032,0.0032,-0.0073,-0.0220,2.0000,tau_limit
566,20.0000,2.0000,0.0032,0.0032,-0.0073,-0.0220,2.0000,tau_limit
571,20.0000,2.0000,0.0032,0.0032,-0.0073,-0.0171,2.0000,tau_limit
576,20.0000,2.0000,0.0032,0.0032,-0.0073,-0.0171,2.0000,tau_limit
581,20.0000,2.0000,0.0032,0.0032,-0.0073,-0.0171,2.0000,tau_limit
586,20.0000,2.0000,0.0032,0.0032,-0.0073,-0.0171,2.0000,tau_limit
591,20.0000,2.0000,0.0032,0.0032,-0.0073,-0.0171,2.0000,tau_limit
596,20.0000,2.0000,0.0032,0.0032,-0.0073,-0.0220,2.0000,tau_limit
601,20.0000,2.0000,0.0032,0.0032,-0.0073,-0.0220,2.0000,tau_limit
606,20.0000,2.0000,0.0032,0.0032,-0.0073,-0.0220,2.0000,tau_limit
611,20.0000,2.0000,0.0032,0.0032,-0.0073,-0.0220,2.0000,tau_limit
616,20.0000,2.0000,0.0032,0.0032,-0.0073,-0.0220,2.0000,tau_limit
622,20.0000,2.0000,0.0032,0.0032,-0.0073,-0.0220,2.0000,tau_limit
627,20.0000,2.0000,0.0032,0.0032,-0.0073,-0.0220,2.0000,tau_limit
632,20.0000,2.0000,0.0032,0.0032,-0.0073,-0.0220,2.0000,tau_limit
637,20.0000,2.0000,0.0032,0.0032,-0.0073,-0.0220,2.0000,tau_limit
642,20.0000,2.0000,0.0032,0.0032,-0.0073,-0.0220,2.0000,tau_limit
647,20.0000,2.0000,0.0032,0.0032,-0.0073,-0.0220,2.0000,tau_limit
652,20.0000,2.0000,0.0032,0.0032,-0.0073,-0.0220,2.0000,tau_limit
657,20.0000,2.0000,0.0032,0.0032,-0.0073,-0.0220,2.0000,tau_limit
662,20.0000,2.0000,0.0032,0.0032,-0.0073,-0.0220,2.0000,tau_limit
667,20.0000,2.0000,0.0032,0.0032,-0.0073,-0.0220,2.0000,tau_limit
672,20.0000,2.0000,0.0032,0.0032,-0.0073,-0.0220,2.0000,tau_limit
677,20.0000,2.0000,0.0032,0.0032,-0.0073,-0.0220,2.0000,tau_limit
682,20.0000,2.0000,0.0032,0.0032,-0.0073,-0.0171,2.0000,tau_limit
687,20.0000,2.0000,0.0032,0.0032,-0.0073,-0.0220,2.0000,tau_limit
692,20.0000,2.0000,0.0032,0.0032,-0.0073,-0.0220,2.0000,tau_limit
697,20.0000,2.0000,0.0032,0.0032,-0.0073,-0.0171,2.0000,tau_limit
702,20.0000,2.0000,0.0032,0.0032,-0.0073,-0.0220,2.0000,tau_limit
708,20.0000,2.0000,0.0032,0.0032,-0.0073,-0.0220,2.0000,tau_limit
713,20.0000,2.0000,0.0032,0.0032,-0.0073,-0.0220,2.0000,tau_limit
718,20.0000,2.0000,0.0032,0.0032,-0.0073,-0.0220,2.0000,tau_limit
723,20.0000,2.0000,0.0032,0.0032,-0.0073,-0.0171,2.0000,tau_limit
728,20.0000,2.0000,0.0032,0.0032,-0.0073,-0.0171,2.0000,tau_limit
733,20.0000,2.0000,0.0032,0.0032,-0.0073,-0.0220,2.0000,tau_limit
738,20.0000,2.0000,0.0032,0.0032,-0.0073,-0.0171,2.0000,tau_limit
743,20.0000,2.0000,0.0032,0.0032,-0.0073,-0.0171,2.0000,tau_limit
748,20.0000,2.0000,0.0032,0.0032,-0.0073,-0.0171,2.0000,tau_limit
753,20.0000,2.0000,0.0032,0.0032,-0.0073,-0.0220,2.0000,tau_limit
758,20.0000,2.0000,0.0032,0.0032,-0.0073,-0.0171,2.0000,tau_limit
763,20.0000,2.0000,0.0032,0.0032,-0.0073,-0.0220,2.0000,tau_limit
768,20.0000,2.0000,0.0032,0.0032,-0.0073,-0.0220,2.0000,tau_limit
773,20.0000,2.0000,0.0032,0.0032,-0.0073,-0.0220,2.0000,tau_limit
778,20.0000,2.0000,0.0032,0.0032,-0.0073,-0.0171,2.0000,tau_limit
783,20.0000,2.0000,0.0032,0.0032,-0.0073,-0.0220,2.0000,tau_limit
788,20.0000,2.0000,0.0032,0.0032,-0.0073,-0.0171,2.0000,tau_limit
793,20.0000,2.0000,0.0032,0.0032,-0.0073,-0.0171,2.0000,tau_limit
799,20.0000,2.0000,0.0032,0.0032,-0.0073,-0.0171,2.0000,tau_limit
804,20.0000,2.0000,0.0032,0.0032,-0.0073,-0.0171,2.0000,tau_limit
809,20.0000,2.0000,0.0032,0.0032,-0.0073,-0.0220,2.0000,tau_limit
814,20.0000,2.0000,0.0032,0.0032,-0.0073,-0.0171,2.0000,tau_limit
819,20.0000,2.0000,0.0032,0.0032,-0.0073,-0.0220,2.0000,tau_limit
824,20.0000,2.0000,0.0032,0.0032,-0.0073,-0.0220,2.0000,tau_limit
829,20.0000,2.0000,0.0032,0.0032,-0.0073,-0.0171,2.0000,tau_limit
834,20.0000,2.0000,0.0032,0.0032,-0.0073,-0.0171,2.0000,tau_limit
839,20.0000,2.0000,0.0032,0.0032,-0.0073,-0.0220,2.0000,tau_limit
844,20.0000,2.0000,0.0032,0.0032,-0.0073,-0.0220,2.0000,tau_limit
849,20.0000,2.0000,0.0032,0.0032,-0.0073,-0.0171,2.0000,tau_limit
854,20.0000,2.0000,0.0032,0.0032,-0.0073,-0.0171,2.0000,tau_limit
859,20.0000,2.0000,0.0032,0.0032,-0.0073,-0.0171,2.0000,tau_limit
864,20.0000,2.0000,0.0032,0.0032,-0.0073,-0.0220,2.0000,tau_limit
869,20.0000,2.0000,0.0032,0.0032,-0.0073,-0.0220,2.0000,tau_limit
874,20.0000,2.0000,0.0032,0.0032,-0.0073,-0.0220,2.0000,tau_limit
879,20.0000,2.0000,0.0032,0.0032,-0.0073,-0.0220,2.0000,tau_limit
885,20.0000,2.0000,0.0032,0.0032,-0.0073,-0.0220,2.0000,tau_limit
890,20.0000,2.0000,0.0032,0.0032,-0.0073,-0.0220,2.0000,tau_limit
895,20.0000,2.0000,0.0032,0.0032,-0.0073,-0.0171,2.0000,tau_limit
900,20.0000,2.0000,0.0032,0.0032,-0.0073,-0.0171,2.0000,tau_limit
905,20.0000,2.0000,0.0032,0.0032,-0.0073,-0.0171,2.0000,tau_limit
910,20.0000,2.0000,0.0032,0.0032,-0.0073,-0.0171,2.0000,tau_limit
915,20.0000,2.0000,0.0032,0.0032,-0.0073,-0.0171,2.0000,tau_limit
920,20.0000,2.0000,0.0032,0.0032,-0.0073,-0.0171,2.0000,tau_limit
925,20.0000,2.0000,0.0032,0.0032,-0.0073,-0.0220,2.0000,tau_limit
930,20.0000,2.0000,0.0032,0.0032,-0.0073,-0.0220,2.0000,tau_limit
935,20.0000,2.0000,0.0032,0.0032,-0.0073,-0.0220,2.0000,tau_limit
940,20.0000,2.0000,0.0032,0.0032,-0.0073,-0.0171,2.0000,tau_limit
945,20.0000,2.0000,0.0032,0.0032,-0.0073,-0.0220,2.0000,tau_limit
950,20.0000,2.0000,0.0032,0.0032,-0.0073,-0.0220,2.0000,tau_limit
955,20.0000,2.0000,0.0032,0.0032,-0.0073,-0.0220,2.0000,tau_limit
960,20.0000,2.0000,0.0032,0.0032,-0.0073,-0.0220,2.0000,tau_limit
965,20.0000,2.0000,0.0032,0.0032,-0.0073,-0.0220,2.0000,tau_limit
970,20.0000,2.0000,0.0032,0.0032,-0.0073,-0.0220,2.0000,tau_limit
975,20.0000,2.0000,0.0032,0.0032,-0.0073,-0.0171,2.0000,tau_limit
981,20.0000,2.0000,0.0032,0.0032,-0.0073,-0.0220,2.0000,tau_limit
986,20.0000,2.0000,0.0032,0.0032,-0.0073,-0.0220,2.0000,tau_limit
991,20.0000,2.0000,0.0032,0.0032,-0.0073,-0.0220,2.0000,tau_limit
996,20.0000,2.0000,0.0032,0.0032,-0.0073,-0.0171,2.0000,tau_limit
1001,20.0000,2.0000,0.0032,0.0032,-0.0073,-0.0220,2.0000,tau_limit
1006,20.0000,2.0000,0.0032,0.0032,-0.0073,-0.0220,2.0000,tau_limit
1011,20.0000,2.0000,0.0032,0.0032,-0.0073,-0.0220,2.0000,tau_limit
1016,20.0000,2.0000,0.0032,0.0032,-0.0073,-0.0220,2.0000,tau_limit
1021,20.0000,2.0000,0.0032,0.0032,-0.0073,-0.0220,2.0000,tau_limit
1026,20.0000,2.0000,0.0032,0.0032,-0.0073,-0.0220,2.0000,tau_limit
1031,20.0000,2.0000,0.0032,0.0032,-0.0073,-0.0220,2.0000,tau_limit
1036,20.0000,2.0000,0.0032,0.0032,-0.0073,-0.0171,2.0000,tau_limit
1041,20.0000,2.0000,0.0032,0.0032,-0.0073,-0.0220,2.0000,tau_limit
1046,20.0000,2.0000,0.0032,0.0032,-0.0073,-0.0171,2.0000,tau_limit
1051,20.0000,2.0000,0.0032,0.0032,-0.0073,-0.0220,2.0000,tau_limit
1056,20.0000,2.0000,0.0032,0.0032,-0.0073,-0.0220,2.0000,tau_limit
1061,20.0000,2.0000,0.0032,0.0032,-0.0073,-0.0220,2.0000,tau_limit
1066,20.0000,2.0000,0.0032,0.0032,-0.0073,-0.0220,2.0000,tau_limit
1072,20.0000,2.0000,0.0032,0.0032,-0.0073,-0.0220,2.0000,tau_limit
1077,20.0000,2.0000,0.0032,0.0032,-0.0073,-0.0220,2.0000,tau_limit
1082,20.0000,2.0000,0.0032,0.0032,-0.0073,-0.0220,2.0000,tau_limit
1087,20.0000,2.0000,0.0032,0.0032,-0.0073,-0.0220,2.0000,tau_limit
1092,20.0000,2.0000,0.0032,0.0032,-0.0073,-0.0220,2.0000,tau_limit
1097,20.0000,2.0000,0.0032,0.0032,-0.0073,-0.0171,2.0000,tau_limit
1102,20.0000,2.0000,0.0032,0.0032,-0.0073,-0.0171,2.0000,tau_limit
1107,20.0000,2.0000,0.0032,0.0032,-0.0073,-0.0171,2.0000,tau_limit
1112,20.0000,2.0000,0.0032,0.0032,-0.0073,-0.0220,2.0000,tau_limit
1117,20.0000,2.0000,0.0032,0.0032,-0.0073,-0.0171,2.0000,tau_limit
1122,20.0000,2.0000,0.0032,0.0032,-0.0073,-0.0171,2.0000,tau_limit
1127,20.0000,2.0000,0.0032,0.0032,-0.0073,-0.0220,2.0000,tau_limit
1132,20.0000,2.0000,0.0032,0.0032,-0.0073,-0.0171,2.0000,tau_limit
1137,20.0000,2.0000,0.0032,0.0032,-0.0073,-0.0220,2.0000,tau_limit
1142,20.0000,2.0000,0.0032,0.0032,-0.0073,-0.0220,2.0000,tau_limit
1147,20.0000,2.0000,0.0032,0.0032,-0.0073,-0.0220,2.0000,tau_limit
1152,20.0000,2.0000,0.0032,0.0032,-0.0073,-0.0171,2.0000,tau_limit
1158,20.0000,2.0000,0.0032,0.0032,-0.0073,-0.0220,2.0000,tau_limit
1163,20.0000,2.0000,0.0032,0.0032,-0.0073,-0.0220,2.0000,tau_limit
1168,20.0000,2.0000,0.0032,0.0032,-0.0073,-0.0171,2.0000,tau_limit
1173,20.0000,2.0000,0.0032,0.0032,-0.0073,-0.0171,2.0000,tau_limit
1178,20.0000,2.0000,0.0032,0.0032,-0.0073,-0.0171,2.0000,tau_limit
1183,20.0000,2.0000,0.0032,0.0032,-0.0073,-0.0171,2.0000,tau_limit
1188,20.0000,2.0000,0.0032,0.0032,-0.0073,-0.0171,2.0000,tau_limit
1193,20.0000,2.0000,0.0032,0.0032,-0.0073,-0.0171,2.0000,tau_limit
1198,20.0000,2.0000,0.0032,0.0032,-0.0073,-0.0220,2.0000,tau_limit
1203,20.0000,2.0000,0.0032,0.0032,-0.0073,-0.0220,2.0000,tau_limit
1208,20.0000,2.0000,0.0032,0.0032,-0.0073,-0.0220,2.0000,tau_limit
1213,20.0000,2.0000,0.0032,0.0032,-0.0073,-0.0220,2.0000,tau_limit
1218,20.0000,2.0000,0.0032,0.0032,-0.0073,-0.0220,2.0000,tau_limit
1223,20.0000,2.0000,0.0032,0.0032,-0.0073,-0.0220,2.0000,tau_limit
1228,20.0000,2.0000,0.0032,0.0032,-0.0073,-0.0171,2.0000,tau_limit
1233,20.0000,2.0000,0.0032,0.0032,-0.0073,-0.0220,2.0000,tau_limit
1238,20.0000,2.0000,0.0032,0.0032,-0.0073,-0.0220,2.0000,tau_limit
1243,20.0000,2.0000,0.0032,0.0032,-0.0073,-0.0220,2.0000,tau_limit
1249,20.0000,2.0000,0.0032,0.0032,-0.0073,-0.0220,2.0000,tau_limit
1254,20.0000,2.0000,0.0032,0.0032,-0.0073,-0.0220,2.0000,tau_limit
1259,20.0000,2.0000,0.0032,0.0032,-0.0073,-0.0220,2.0000,tau_limit
1264,20.0000,2.0000,0.0032,0.0032,-0.0073,-0.0220,2.0000,tau_limit
1269,20.0000,2.0000,0.0032,0.0032,-0.0073,-0.0220,2.0000,tau_limit
1274,20.0000,2.0000,0.0032,0.0032,-0.0073,-0.0220,2.0000,tau_limit
1279,20.0000,2.0000,0.0032,0.0032,-0.0073,-0.0171,2.0000,tau_limit
1284,20.0000,2.0000,0.0032,0.0032,-0.0073,-0.0220,2.0000,tau_limit
1289,20.0000,2.0000,0.0032,0.0032,-0.0073,-0.0220,2.0000,tau_limit
1294,20.0000,2.0000,0.0032,0.0032,-0.0073,-0.0220,2.0000,tau_limit
1299,20.0000,2.0000,0.0032,0.0032,-0.0073,-0.0220,2.0000,tau_limit
1304,20.0000,2.0000,0.0032,0.0032,-0.0073,-0.0220,2.0000,tau_limit
1309,20.0000,2.0000,0.0032,0.0032,-0.0073,-0.0220,2.0000,tau_limit
1314,20.0000,2.0000,0.0032,0.0032,-0.0073,-0.0220,2.0000,tau_limit
1319,20.0000,2.0000,0.0032,0.0032,-0.0073,-0.0171,2.0000,tau_limit
1324,20.0000,2.0000,0.0032,0.0032,-0.0073,-0.0220,2.0000,tau_limit
1329,20.0000,2.0000,0.0032,0.0032,-0.0073,-0.0220,2.0000,tau_limit
1334,20.0000,2.0000,0.0032,0.0032,-0.0073,-0.0171,2.0000,tau_limit
1340,20.0000,2.0000,0.0032,0.0032,-0.0073,-0.0171,2.0000,tau_limit
1345,20.0000,2.0000,0.0032,0.0032,-0.0073,-0.0171,2.0000,tau_limit
1350,20.0000,2.0000,0.0032,0.0032,-0.0073,-0.0220,2.0000,tau_limit
1355,20.0000,2.0000,0.0032,0.0032,-0.0073,-0.0220,2.0000,tau_limit
1360,20.0000,2.0000,0.0032,0.0032,-0.0073,-0.0220,2.0000,tau_limit
1365,20.0000,2.0000,0.0032,0.0032,-0.0073,-0.0171,2.0000,tau_limit
1370,20.0000,2.0000,0.0032,0.0032,-0.0073,-0.0220,2.0000,tau_limit
1375,20.0000,2.0000,0.0032,0.0032,-0.0073,-0.0220,2.0000,tau_limit
1380,20.0000,2.0000,0.0032,0.0032,-0.0073,-0.0220,2.0000,tau_limit
1385,20.0000,2.0000,0.0032,0.0032,-0.0073,-0.0220,2.0000,tau_limit
1390,20.0000,2.0000,0.0032,0.0032,-0.0073,-0.0220,2.0000,tau_limit
1395,20.0000,2.0000,0.0032,0.0032,-0.0073,-0.0220,2.0000,tau_limit
1400,20.0000,2.0000,0.0032,0.0032,-0.0073,-0.0171,2.0000,tau_limit
1405,20.0000,2.0000,0.0032,0.0032,-0.0073,-0.0220,2.0000,tau_limit
1410,20.0000,2.0000,0.0032,0.0032,-0.0073,-0.0220,2.0000,tau_limit
1415,20.0000,2.0000,0.0032,0.0032,-0.0073,-0.0220,2.0000,tau_limit
1420,20.0000,2.0000,0.0032,0.0032,-0.0073,-0.0171,2.0000,tau_limit
1426,20.0000,2.0000,0.0032,0.0032,-0.0073,-0.0220,2.0000,tau_limit
1431,20.0000,2.0000,0.0032,0.0032,-0.0073,-0.0220,2.0000,tau_limit
1436,20.0000,2.0000,0.0032,0.0032,-0.0073,-0.0220,2.0000,tau_limit
1441,20.0000,2.0000,0.0032,0.0032,-0.0073,-0.0220,2.0000,tau_limit
1446,20.0000,2.0000,0.0032,0.0032,-0.0073,-0.0171,2.0000,tau_limit
1451,20.0000,2.0000,0.0032,0.0032,-0.0073,-0.0171,2.0000,tau_limit
1456,20.0000,2.0000,0.0032,0.0032,-0.0073,-0.0220,2.0000,tau_limit
1461,20.0000,2.0000,0.0032,0.0032,-0.0073,-0.0220,2.0000,tau_limit
1466,20.0000,2.0000,0.0032,0.0032,-0.0073,-0.0220,2.0000,tau_limit
1471,20.0000,2.0000,0.0032,0.0032,-0.0073,-0.0220,2.0000,tau_limit
1476,20.0000,2.0000,0.0032,0.0032,-0.0073,-0.0220,2.0000,tau_limit
1481,20.0000,2.0000,0.0032,0.0032,-0.0073,-0.0220,2.0000,tau_limit
1486,20.0000,2.0000,0.0032,0.0032,-0.0073,-0.0220,2.0000,tau_limit
1491,20.0000,2.0000,0.0032,0.0032,-0.0073,-0.0220,2.0000,tau_limit
1496,20.0000,2.0000,0.0032,0.0032,-0.0073,-0.0220,2.0000,tau_limit
1501,20.0000,2.0000,0.0032,0.0032,-0.0073,-0.0220,2.0000,tau_limit
1506,20.0000,2.0000,0.0032,0.0032,-0.0073,-0.0220,2.0000,tau_limit
1511,20.0000,2.0000,0.0032,0.0032,-0.0073,-0.0220,2.0000,tau_limit
1517,20.0000,2.0000,0.0032,0.0032,-0.0073,-0.0220,2.0000,tau_limit
1522,20.0000,2.0000,0.0032,0.0032,-0.0073,-0.0220,2.0000,tau_limit
1527,20.0000,2.0000,0.0032,0.0032,-0.0073,-0.0171,2.0000,tau_limit
1532,20.0000,2.0000,0.0032,0.0032,-0.0073,-0.0171,2.0000,tau_limit
1537,20.0000,2.0000,0.0032,0.0032,-0.0073,-0.0220,2.0000,tau_limit
1542,20.0000,2.0000,0.0032,0.0032,-0.0073,-0.0220,2.0000,tau_limit
1547,20.0000,2.0000,0.0032,0.0032,-0.0073,-0.0220,2.0000,tau_limit
1552,20.0000,2.0000,0.0032,0.0032,-0.0073,-0.0220,2.0000,tau_limit
1557,20.0000,2.0000,0.0032,0.0032,-0.0073,-0.0220,2.0000,tau_limit
1562,20.0000,2.0000,0.0032,0.0032,-0.0073,-0.0220,2.0000,tau_limit
1567,20.0000,2.0000,0.0032,0.0032,-0.0073,-0.0220,2.0000,tau_limit
1572,20.0000,2.0000,0.0032,0.0032,-0.0073,-0.0171,2.0000,tau_limit
1577,20.0000,2.0000,0.0032,0.0032,-0.0073,-0.0220,2.0000,tau_limit
1582,20.0000,2.0000,0.0032,0.0032,-0.0073,-0.0220,2.0000,tau_limit
1587,20.0000,2.0000,0.0032,0.0032,-0.0073,-0.0220,2.0000,tau_limit
1592,20.0000,2.0000,0.0032,0.0032,-0.0073,-0.0220,2.0000,tau_limit
1597,20.0000,2.0000,0.0032,0.0032,-0.0073,-0.0171,2.0000,tau_limit
1603,20.0000,2.0000,0.0032,0.0032,-0.0073,-0.0220,2.0000,tau_limit
1608,20.0000,2.0000,0.0032,0.0032,-0.0073,-0.0220,2.0000,tau_limit
1613,20.0000,2.0000,0.0032,0.0032,-0.0073,-0.0220,2.0000,tau_limit
1618,20.0000,2.0000,0.0032,0.0032,-0.0073,-0.0171,2.0000,tau_limit
1623,20.0000,2.0000,0.0032,0.0032,-0.0073,-0.0171,2.0000,tau_limit
1628,20.0000,2.0000,0.0032,0.0032,-0.0073,-0.0220,2.0000,tau_limit
1633,20.0000,2.0000,0.0032,0.0032,-0.0073,-0.0220,2.0000,tau_limit
1638,20.0000,2.0000,0.0032,0.0032,-0.0073,-0.0220,2.0000,tau_limit
1643,20.0000,2.0000,0.0032,0.0032,-0.0073,-0.0220,2.0000,tau_limit
1648,20.0000,2.0000,0.0032,0.0032,-0.0073,-0.0220,2.0000,tau_limit
1653,20.0000,2.0000,0.0032,0.0032,-0.0073,-0.0220,2.0000,tau_limit
1658,20.0000,2.0000,0.0032,0.0032,-0.0073,-0.0220,2.0000,tau_limit
1663,20.0000,2.0000,0.0032,0.0032,-0.0073,-0.0171,2.0000,tau_limit
1668,20.0000,2.0000,0.0032,0.0032,-0.0073,-0.0220,2.0000,tau_limit
1673,20.0000,2.0000,0.0032,0.0032,-0.0073,-0.0220,2.0000,tau_limit
1678,20.0000,2.0000,0.0032,0.0032,-0.0073,-0.0220,2.0000,tau_limit
1683,20.0000,2.0000,0.0032,0.0032,-0.0073,-0.0220,2.0000,tau_limit
1688,20.0000,2.0000,0.0032,0.0032,-0.0073,-0.0220,2.0000,tau_limit
1693,20.0000,2.0000,0.0032,0.0032,-0.0073,-0.0220,2.0000,tau_limit
1699,20.0000,2.0000,0.0032,0.0032,-0.0073,-0.0220,2.0000,tau_limit
1704,20.0000,2.0000,0.0032,0.0032,-0.0073,-0.0220,2.0000,tau_limit
1709,20.0000,2.0000,0.0032,0.0032,-0.0073,-0.0220,2.0000,tau_limit
1714,20.0000,2.0000,0.0032,0.0032,-0.0073,-0.0220,2.0000,tau_limit
1719,20.0000,2.0000,0.0032,0.0032,-0.0073,-0.0220,2.0000,tau_limit
1724,20.0000,2.0000,0.0032,0.0032,-0.0073,-0.0220,2.0000,tau_limit
1729,20.0000,2.0000,0.0032,0.0032,-0.0073,-0.0171,2.0000,tau_limit
1734,20.0000,2.0000,0.0032,0.0032,-0.0073,-0.0220,2.0000,tau_limit
1739,20.0000,2.0000,0.0032,0.0032,-0.0073,-0.0220,2.0000,tau_limit
1744,20.0000,2.0000,0.0032,0.0032,-0.0073,-0.0220,2.0000,tau_limit
1749,20.0000,2.0000,0.0032,0.0032,-0.0073,-0.0171,2.0000,tau_limit
1754,20.0000,2.0000,0.0032,0.0032,-0.0073,-0.0220,2.0000,tau_limit
1759,20.0000,2.0000,0.0032,0.0032,-0.0073,-0.0171,2.0000,tau_limit
1764,20.0000,2.0000,0.0032,0.0032,-0.0073,-0.0171,2.0000,tau_limit
1769,20.0000,2.0000,0.0032,0.0032,-0.0073,-0.0171,2.0000,tau_limit
1774,20.0000,2.0000,0.0032,0.0032,-0.0073,-0.0171,2.0000,tau_limit
1779,20.0000,2.0000,0.0032,0.0032,-0.0073,-0.0220,2.0000,tau_limit
1784,20.0000,2.0000,0.0032,0.0032,-0.0073,-0.0220,2.0000,tau_limit
1790,20.0000,2.0000,0.0032,0.0032,-0.0073,-0.0220,2.0000,tau_limit
1795,20.0000,2.0000,0.0032,0.0032,-0.0073,-0.0220,2.0000,tau_limit
1800,20.0000,2.0000,0.0032,0.0032,-0.0073,-0.0220,2.0000,tau_limit
1805,20.0000,2.0000,0.0032,0.0032,-0.0073,-0.0220,2.0000,tau_limit
1810,20.0000,2.0000,0.0032,0.0032,-0.0073,-0.0220,2.0000,tau_limit
1815,20.0000,2.0000,0.0032,0.0032,-0.0073,-0.0220,2.0000,tau_limit
1820,20.0000,2.0000,0.0032,0.0032,-0.0073,-0.0171,2.0000,tau_limit
1825,20.0000,2.0000,0.0032,0.0032,-0.0073,-0.0220,2.0000,tau_limit
1830,20.0000,2.0000,0.0032,0.0032,-0.0073,-0.0220,2.0000,tau_limit
1835,20.0000,2.0000,0.0032,0.0032,-0.0073,-0.0220,2.0000,tau_limit
1840,20.0000,2.0000,0.0032,0.0032,-0.0073,-0.0220,2.0000,tau_limit
1845,20.0000,2.0000,0.0032,0.0032,-0.0073,-0.0220,2.0000,tau_limit
1850,20.0000,2.0000,0.0032,0.0032,-0.0073,-0.0220,2.0000,tau_limit
1855,20.0000,2.0000,0.0032,0.0032,-0.0073,-0.0220,2.0000,tau_limit
1860,20.0000,2.0000,0.0032,0.0032,-0.0073,-0.0171,2.0000,tau_limit
1865,20.0000,2.0000,0.0032,0.0032,-0.0073,-0.0220,2.0000,tau_limit
1870,20.0000,2.0000,0.0032,0.0032,-0.0073,-0.0171,2.0000,tau_limit
1875,20.0000,2.0000,0.0032,0.0032,-0.0073,-0.0171,2.0000,tau_limit
1881,20.0000,2.0000,0.0032,0.0032,-0.0073,-0.0220,2.0000,tau_limit
1886,20.0000,2.0000,0.0032,0.0032,-0.0073,-0.0171,2.0000,tau_limit
1891,20.0000,2.0000,0.0032,0.0032,-0.0073,-0.0171,2.0000,tau_limit
1896,20.0000,2.0000,0.0032,0.0032,-0.0073,-0.0171,2.0000,tau_limit
1901,20.0000,2.0000,0.0032,0.0032,-0.0073,-0.0220,2.0000,tau_limit
1906,20.0000,2.0000,0.0032,0.0032,-0.0073,-0.0171,2.0000,tau_limit
1911,20.0000,2.0000,0.0032,0.0032,-0.0073,-0.0171,2.0000,tau_limit
1916,20.0000,2.0000,0.0032,0.0032,-0.0073,-0.0171,2.0000,tau_limit
1921,20.0000,2.0000,0.0032,0.0032,-0.0073,-0.0220,2.0000,tau_limit
1926,20.0000,2.0000,0.0032,0.0032,-0.0073,-0.0220,2.0000,tau_limit
1931,20.0000,2.0000,0.0032,0.0032,-0.0073,-0.0220,2.0000,tau_limit
1936,20.0000,2.0000,0.0032,0.0032,-0.0073,-0.0220,2.0000,tau_limit
1941,20.0000,2.0000,0.0032,0.0032,-0.0073,-0.0220,2.0000,tau_limit
1946,20.0000,2.0000,0.0032,0.0032,-0.0073,-0.0171,2.0000,tau_limit
1951,20.0000,2.0000,0.0032,0.0032,-0.0073,-0.0220,2.0000,tau_limit
1956,20.0000,2.0000,0.0032,0.0032,-0.0073,-0.0220,2.0000,tau_limit
1961,20.0000,2.0000,0.0032,0.0032,-0.0073,-0.0220,2.0000,tau_limit
1966,20.0000,2.0000,0.0032,0.0032,-0.0073,-0.0171,2.0000,tau_limit
1972,20.0000,2.0000,0.0032,0.0032,-0.0073,-0.0171,2.0000,tau_limit
1977,20.0000,2.0000,0.0032,0.0032,-0.0073,-0.0171,2.0000,tau_limit
1982,20.0000,2.0000,0.0032,0.0032,-0.0073,-0.0220,2.0000,tau_limit
1987,20.0000,2.0000,0.0032,0.0032,-0.0073,-0.0220,2.0000,tau_limit
1992,20.0000,2.0000,0.0032,0.0032,-0.0073,-0.0220,2.0000,tau_limit
1997,20.0000,2.0000,0.0032,0.0032,-0.0073,-0.0220,2.0000,tau_limit
2002,20.0000,2.0000,0.0032,0.0032,-0.0073,-0.0171,2.0000,tau_limit
2007,20.0000,2.0000,0.0032,0.0032,-0.0073,-0.0171,2.0000,tau_limit
2012,20.0000,2.0000,0.0032,0.0032,-0.0073,-0.0220,2.0000,tau_limit
2017,20.0000,2.0000,0.0032,0.0032,-0.0073,-0.0220,2.0000,tau_limit
2022,20.0000,2.0000,0.0032,0.0032,-0.0073,-0.0220,2.0000,tau_limit
2027,20.0000,2.0000,0.0032,0.0032,-0.0073,-0.0220,2.0000,tau_limit
2032,20.0000,2.0000,0.0032,0.0032,-0.0073,-0.0171,2.0000,tau_limit
2037,20.0000,2.0000,0.0032,0.0032,-0.0073,-0.0220,2.0000,tau_limit
2042,20.0000,2.0000,0.0032,0.0032,-0.0073,-0.0220,2.0000,tau_limit
2047,20.0000,2.0000,0.0032,0.0032,-0.0073,-0.0220,2.0000,tau_limit
2052,20.0000,2.0000,0.0032,0.0032,-0.0073,-0.0220,2.0000,tau_limit
2058,20.0000,2.0000,0.0032,0.0032,-0.0073,-0.0171,2.0000,tau_limit
2063,20.0000,2.0000,0.0032,0.0032,-0.0073,-0.0220,2.0000,tau_limit
2068,20.0000,2.0000,0.0032,0.0032,-0.0073,-0.0171,2.0000,tau_limit
2073,20.0000,2.0000,0.0032,0.0032,-0.0073,-0.0220,2.0000,tau_limit
2078,20.0000,2.0000,0.0032,0.0032,-0.0073,-0.0171,2.0000,tau_limit
2083,20.0000,2.0000,0.0032,0.0032,-0.0073,-0.0220,2.0000,tau_limit
2088,20.0000,2.0000,0.0032,0.0032,-0.0073,-0.0220,2.0000,tau_limit
2093,20.0000,2.0000,0.0032,0.0032,-0.0073,-0.0171,2.0000,tau_limit
2098,20.0000,2.0000,0.0032,0.0032,-0.0073,-0.0220,2.0000,tau_limit
2103,20.0000,2.0000,0.0032,0.0032,-0.0073,-0.0220,2.0000,tau_limit
2108,20.0000,2.0000,0.0032,0.0032,-0.0073,-0.0220,2.0000,tau_limit
2113,20.0000,2.0000,0.0032,0.0032,-0.0073,-0.0220,2.0000,tau_limit
2118,20.0000,2.0000,0.0032,0.0032,-0.0073,-0.0220,2.0000,tau_limit
2123,20.0000,2.0000,0.0032,0.0032,-0.0073,-0.0220,2.0000,tau_limit
2128,20.0000,2.0000,0.0032,0.0032,-0.0073,-0.0171,2.0000,tau_limit
2133,20.0000,2.0000,0.0032,0.0032,-0.0073,-0.0220,2.0000,tau_limit
2138,20.0000,2.0000,0.0032,0.0032,-0.0073,-0.0220,2.0000,tau_limit
2143,20.0000,2.0000,0.0032,0.0032,-0.0073,-0.0171,2.0000,tau_limit
2149,20.0000,2.0000,0.0032,0.0032,-0.0073,-0.0220,2.0000,tau_limit
2154,20.0000,2.0000,0.0032,0.0032,-0.0073,-0.0220,2.0000,tau_limit
2159,20.0000,2.0000,0.0032,0.0032,-0.0073,-0.0171,2.0000,tau_limit
2164,20.0000,2.0000,0.0032,0.0032,-0.0073,-0.0171,2.0000,tau_limit
2169,20.0000,2.0000,0.0032,0.0032,-0.0073,-0.0171,2.0000,tau_limit
2174,20.0000,2.0000,0.0032,0.0032,-0.0073,-0.0220,2.0000,tau_limit
2179,20.0000,2.0000,0.0032,0.0032,-0.0073,-0.0220,2.0000,tau_limit
2184,20.0000,2.0000,0.0032,0.0032,-0.0073,-0.0171,2.0000,tau_limit
2189,20.0000,2.0000,0.0032,0.0032,-0.0073,-0.0220,2.0000,tau_limit
2194,20.0000,2.0000,0.0032,0.0032,-0.0073,-0.0171,2.0000,tau_limit
2199,20.0000,2.0000,0.0032,0.0032,-0.0073,-0.0220,2.0000,tau_limit
2204,20.0000,2.0000,0.0032,0.0032,-0.0073,-0.0220,2.0000,tau_limit
2209,20.0000,2.0000,0.0032,0.0032,-0.0073,-0.0171,2.0000,tau_limit
2214,20.0000,2.0000,0.0032,0.0032,-0.0073,-0.0171,2.0000,tau_limit
2219,20.0000,2.0000,0.0032,0.0032,-0.0073,-0.0171,2.0000,tau_limit
2224,20.0000,2.0000,0.0032,0.0032,-0.0073,-0.0220,2.0000,tau_limit
2229,20.0000,2.0000,0.0032,0.0032,-0.0073,-0.0171,2.0000,tau_limit
2234,20.0000,2.0000,0.0032,0.0032,-0.0073,-0.0220,2.0000,tau_limit
2240,20.0000,2.0000,0.0032,0.0032,-0.0073,-0.0220,2.0000,tau_limit
2245,20.0000,2.0000,0.0032,0.0032,-0.0073,-0.0220,2.0000,tau_limit
2250,20.0000,2.0000,0.0032,0.0032,-0.0073,-0.0220,2.0000,tau_limit
2255,20.0000,2.0000,0.0032,0.0032,-0.0073,-0.0220,2.0000,tau_limit
2260,20.0000,2.0000,0.0032,0.0032,-0.0073,-0.0171,2.0000,tau_limit
2265,20.0000,2.0000,0.0032,0.0032,-0.0073,-0.0220,2.0000,tau_limit
2270,20.0000,2.0000,0.0032,0.0032,-0.0073,-0.0171,2.0000,tau_limit
2275,20.0000,2.0000,0.0032,0.0032,-0.0073,-0.0220,2.0000,tau_limit
2280,20.0000,2.0000,0.0032,0.0032,-0.0073,-0.0220,2.0000,tau_limit
2285,20.0000,2.0000,0.0032,0.0032,-0.0073,-0.0171,2.0000,tau_limit
2290,20.0000,2.0000,0.0032,0.0032,-0.0073,-0.0220,2.0000,tau_limit
2295,20.0000,2.0000,0.0032,0.0032,-0.0073,-0.0171,2.0000,tau_limit
2300,20.0000,2.0000,0.0032,0.0032,-0.0073,-0.0220,2.0000,tau_limit
2305,20.0000,2.0000,0.0032,0.0032,-0.0073,-0.0220,2.0000,tau_limit
2310,20.0000,2.0000,0.0032,0.0032,-0.0073,-0.0220,2.0000,tau_limit
2315,20.0000,2.0000,0.0032,0.0032,-0.0073,-0.0171,2.0000,tau_limit
2320,20.0000,2.0000,0.0032,0.0032,-0.0073,-0.0220,2.0000,tau_limit
2326,20.0000,2.0000,0.0032,0.0032,-0.0073,-0.0220,2.0000,tau_limit
2331,20.0000,2.0000,0.0032,0.0032,-0.0073,-0.0220,2.0000,tau_limit
2336,20.0000,2.0000,0.0032,0.0032,-0.0073,-0.0171,2.0000,tau_limit
2341,20.0000,2.0000,0.0032,0.0032,-0.0073,-0.0171,2.0000,tau_limit
2346,20.0000,2.0000,0.0032,0.0032,-0.0073,-0.0171,2.0000,tau_limit
2351,20.0000,2.0000,0.0032,0.0032,-0.0073,-0.0171,2.0000,tau_limit
2356,20.0000,2.0000,0.0032,0.0032,-0.0073,-0.0171,2.0000,tau_limit
2361,20.0000,2.0000,0.0032,0.0032,-0.0073,-0.0171,2.0000,tau_limit
2366,20.0000,2.0000,0.0032,0.0032,-0.0073,-0.0171,2.0000,tau_limit
2371,20.0000,2.0000,0.0032,0.0032,-0.0073,-0.0220,2.0000,tau_limit
2376,20.0000,2.0000,0.0032,0.0032,-0.0073,-0.0220,2.0000,tau_limit
2381,20.0000,2.0000,0.0032,0.0032,-0.0073,-0.0220,2.0000,tau_limit
2386,20.0000,2.0000,0.0032,0.0032,-0.0073,-0.0220,2.0000,tau_limit
2391,20.0000,2.0000,0.0032,0.0032,-0.0073,-0.0220,2.0000,tau_limit
2396,20.0000,2.0000,0.0032,0.0032,-0.0073,-0.0220,2.0000,tau_limit
2401,20.0000,2.0000,0.0032,0.0032,-0.0073,-0.0220,2.0000,tau_limit
2406,20.0000,2.0000,0.0032,0.0032,-0.0073,-0.0220,2.0000,tau_limit
2411,20.0000,2.0000,0.0032,0.0032,-0.0073,-0.0171,2.0000,tau_limit
2417,20.0000,2.0000,0.0032,0.0032,-0.0073,-0.0220,2.0000,tau_limit
2422,20.0000,2.0000,0.0032,0.0032,-0.0073,-0.0220,2.0000,tau_limit
2427,20.0000,2.0000,0.0032,0.0032,-0.0073,-0.0220,2.0000,tau_limit
2432,20.0000,2.0000,0.0032,0.0032,-0.0073,-0.0220,2.0000,tau_limit
2437,20.0000,2.0000,0.0032,0.0032,-0.0073,-0.0220,2.0000,tau_limit
2442,20.0000,2.0000,0.0032,0.0032,-0.0073,-0.0220,2.0000,tau_limit
2447,20.0000,2.0000,0.0032,0.0032,-0.0073,-0.0171,2.0000,tau_limit
2452,20.0000,2.0000,0.0032,0.0032,-0.0073,-0.0220,2.0000,tau_limit
2457,20.0000,2.0000,0.0032,0.0032,-0.0073,-0.0171,2.0000,tau_limit
2462,20.0000,2.0000,0.0032,0.0032,-0.0073,-0.0171,2.0000,tau_limit
2467,20.0000,2.0000,0.0032,0.0032,-0.0073,-0.0220,2.0000,tau_limit
2472,20.0000,2.0000,0.0032,0.0032,-0.0073,-0.0220,2.0000,tau_limit
2477,20.0000,2.0000,0.0032,0.0032,-0.0073,-0.0220,2.0000,tau_limit
2482,20.0000,2.0000,0.0032,0.0032,-0.0073,-0.0220,2.0000,tau_limit
2487,20.0000,2.0000,0.0032,0.0032,-0.0073,-0.0220,2.0000,tau_limit
2492,20.0000,2.0000,0.0032,0.0032,-0.0073,-0.0220,2.0000,tau_limit
2497,20.0000,2.0000,0.0032,0.0032,-0.0073,-0.0220,2.0000,tau_limit
2503,20.0000,2.0000,0.0032,0.0032,-0.0073,-0.0220,2.0000,tau_limit
2508,20.0000,2.0000,0.0032,0.0032,-0.0073,-0.0220,2.0000,tau_limit
2513,20.0000,2.0000,0.0032,0.0032,-0.0073,-0.0220,2.0000,tau_limit
2518,20.0000,2.0000,0.0032,0.0032,-0.0073,-0.0220,2.0000,tau_limit
2523,20.0000,2.0000,0.0032,0.0032,-0.0073,-0.0220,2.0000,tau_limit
2528,20.0000,2.0000,0.0032,0.0032,-0.0073,-0.0220,2.0000,tau_limit
2533,20.0000,2.0000,0.0032,0.0032,-0.0073,-0.0269,2.0000,tau_limit
2538,20.0000,2.0000,0.0032,0.0032,-0.0073,-0.0220,2.0000,tau_limit
2543,20.0000,2.0000,0.0032,0.0032,-0.0073,-0.0220,2.0000,tau_limit
2548,20.0000,2.0000,0.0032,0.0032,-0.0073,-0.0220,2.0000,tau_limit
2553,20.0000,2.0000,0.0032,0.0032,-0.0073,-0.0220,2.0000,tau_limit
2558,20.0000,2.0000,0.0032,0.0032,-0.0073,-0.0171,2.0000,tau_limit
2563,20.0000,2.0000,0.0032,0.0032,-0.0073,-0.0220,2.0000,tau_limit
2568,20.0000,2.0000,0.0032,0.0032,-0.0073,-0.0220,2.0000,tau_limit
2573,20.0000,2.0000,0.0032,0.0032,-0.0073,-0.0171,2.0000,tau_limit
2578,20.0000,2.0000,0.0032,0.0032,-0.0073,-0.0171,2.0000,tau_limit
2583,20.0000,2.0000,0.0032,0.0032,-0.0073,-0.0171,2.0000,tau_limit
2588,20.0000,2.0000,0.0032,0.0032,-0.0073,-0.0171,2.0000,tau_limit
2594,20.0000,2.0000,0.0032,0.0032,-0.0073,-0.0171,2.0000,tau_limit
2599,20.0000,2.0000,0.0032,0.0032,-0.0073,-0.0171,2.0000,tau_limit
2604,20.0000,2.0000,0.0032,0.0032,-0.0073,-0.0220,2.0000,tau_limit
2609,20.0000,2.0000,0.0032,0.0032,-0.0073,-0.0220,2.0000,tau_limit
2614,20.0000,2.0000,0.0032,0.0032,-0.0073,-0.0171,2.0000,tau_limit
2619,20.0000,2.0000,0.0032,0.0032,-0.0073,-0.0220,2.0000,tau_limit
2624,20.0000,2.0000,0.0032,0.0032,-0.0073,-0.0220,2.0000,tau_limit
2629,20.0000,2.0000,0.0032,0.0032,-0.0073,-0.0220,2.0000,tau_limit
2634,20.0000,2.0000,0.0032,0.0032,-0.0073,-0.0220,2.0000,tau_limit
2639,20.0000,2.0000,0.0032,0.0032,-0.0073,-0.0220,2.0000,tau_limit
2644,20.0000,2.0000,0.0032,0.0032,-0.0073,-0.0220,2.0000,tau_limit
2649,20.0000,2.0000,0.0032,0.0032,-0.0073,-0.0220,2.0000,tau_limit
2654,20.0000,2.0000,0.0032,0.0032,-0.0073,-0.0220,2.0000,tau_limit
2659,20.0000,2.0000,0.0032,0.0032,-0.0073,-0.0220,2.0000,tau_limit
2664,20.0000,2.0000,0.0032,0.0032,-0.0073,-0.0171,2.0000,tau_limit
2669,20.0000,2.0000,0.0032,0.0032,-0.0073,-0.0171,2.0000,tau_limit
2674,20.0000,2.0000,0.0032,0.0032,-0.0073,-0.0171,2.0000,tau_limit
2680,20.0000,2.0000,0.0032,0.0032,-0.0073,-0.0171,2.0000,tau_limit
2685,20.0000,2.0000,0.0032,0.0032,-0.0073,-0.0220,2.0000,tau_limit
2690,20.0000,2.0000,0.0032,0.0032,-0.0073,-0.0220,2.0000,tau_limit
2695,20.0000,2.0000,0.0032,0.0032,-0.0073,-0.0171,2.0000,tau_limit
2700,20.0000,2.0000,0.0032,0.0032,-0.0073,-0.0171,2.0000,tau_limit
2705,20.0000,2.0000,0.0032,0.0032,-0.0073,-0.0220,2.0000,tau_limit
2710,20.0000,2.0000,0.0032,0.0032,-0.0073,-0.0220,2.0000,tau_limit
2715,20.0000,2.0000,0.0032,0.0032,-0.0073,-0.0220,2.0000,tau_limit
2720,20.0000,2.0000,0.0032,0.0032,-0.0073,-0.0171,2.0000,tau_limit
2725,20.0000,2.0000,0.0032,0.0032,-0.0073,-0.0220,2.0000,tau_limit
2730,20.0000,2.0000,0.0032,0.0032,-0.0073,-0.0220,2.0000,tau_limit
2735,20.0000,2.0000,0.0032,0.0032,-0.0073,-0.0220,2.0000,tau_limit
2740,20.0000,2.0000,0.0032,0.0032,-0.0073,-0.0171,2.0000,tau_limit
2745,20.0000,2.0000,0.0032,0.0032,-0.0073,-0.0220,2.0000,tau_limit
2750,20.0000,2.0000,0.0032,0.0032,-0.0073,-0.0220,2.0000,tau_limit
2755,20.0000,2.0000,0.0032,0.0032,-0.0073,-0.0171,2.0000,tau_limit
2760,20.0000,2.0000,0.0032,0.0032,-0.0073,-0.0171,2.0000,tau_limit
2765,20.0000,2.0000,0.0032,0.0032,-0.0073,-0.0171,2.0000,tau_limit
2771,20.0000,2.0000,0.0032,0.0032,-0.0073,-0.0220,2.0000,tau_limit
2776,20.0000,2.0000,0.0032,0.0032,-0.0073,-0.0171,2.0000,tau_limit
2781,20.0000,2.0000,0.0032,0.0032,-0.0073,-0.0220,2.0000,tau_limit
2786,20.0000,2.0000,0.0032,0.0032,-0.0073,-0.0220,2.0000,tau_limit
2791,20.0000,2.0000,0.0032,0.0032,-0.0073,-0.0220,2.0000,tau_limit
2796,20.0000,2.0000,0.0032,0.0032,-0.0073,-0.0220,2.0000,tau_limit
2801,20.0000,2.0000,0.0032,0.0032,-0.0073,-0.0220,2.0000,tau_limit
2806,20.0000,2.0000,0.0032,0.0032,-0.0073,-0.0171,2.0000,tau_limit
2811,20.0000,2.0000,0.0032,0.0032,-0.0073,-0.0171,2.0000,tau_limit
2816,20.0000,2.0000,0.0032,0.0032,-0.0073,-0.0171,2.0000,tau_limit
2821,20.0000,2.0000,0.0032,0.0032,-0.0073,-0.0220,2.0000,tau_limit
2826,20.0000,2.0000,0.0032,0.0032,-0.0073,-0.0220,2.0000,tau_limit
2831,20.0000,2.0000,0.0032,0.0032,-0.0073,-0.0220,2.0000,tau_limit
2836,20.0000,2.0000,0.0032,0.0032,-0.0073,-0.0171,2.0000,tau_limit
2841,20.0000,2.0000,0.0032,0.0032,-0.0073,-0.0220,2.0000,tau_limit
2846,20.0000,2.0000,0.0032,0.0032,-0.0073,-0.0220,2.0000,tau_limit
2851,20.0000,2.0000,0.0032,0.0032,-0.0073,-0.0171,2.0000,tau_limit
2856,20.0000,2.0000,0.0032,0.0032,-0.0073,-0.0220,2.0000,tau_limit
2862,20.0000,2.0000,0.0032,0.0032,-0.0073,-0.0220,2.0000,tau_limit
2867,20.0000,2.0000,0.0032,0.0032,-0.0073,-0.0220,2.0000,tau_limit
2872,20.0000,2.0000,0.0032,0.0032,-0.0073,-0.0220,2.0000,tau_limit
2877,20.0000,2.0000,0.0032,0.0032,-0.0073,-0.0220,2.0000,tau_limit
2882,20.0000,2.0000,0.0032,0.0032,-0.0073,-0.0220,2.0000,tau_limit
2887,20.0000,2.0000,0.0032,0.0032,-0.0073,-0.0171,2.0000,tau_limit
2892,20.0000,2.0000,0.0032,0.0032,-0.0073,-0.0220,2.0000,tau_limit
2897,20.0000,2.0000,0.0032,0.0032,-0.0073,-0.0220,2.0000,tau_limit
2902,20.0000,2.0000,0.0032,0.0032,-0.0073,-0.0171,2.0000,tau_limit
2907,20.0000,2.0000,0.0032,0.0032,-0.0073,-0.0220,2.0000,tau_limit
2912,20.0000,2.0000,0.0032,0.0032,-0.0073,-0.0171,2.0000,tau_limit
2917,20.0000,2.0000,0.0032,0.0032,-0.0073,-0.0171,2.0000,tau_limit
2922,20.0000,2.0000,0.0032,0.0032,-0.0073,-0.0220,2.0000,tau_limit
2927,20.0000,2.0000,0.0032,0.0032,-0.0073,-0.0171,2.0000,tau_limit
2932,20.0000,2.0000,0.0032,0.0032,-0.0073,-0.0171,2.0000,tau_limit
2937,20.0000,2.0000,0.0032,0.0032,-0.0073,-0.0171,2.0000,tau_limit
2942,20.0000,2.0000,0.0032,0.0032,-0.0073,-0.0171,2.0000,tau_limit
2947,20.0000,2.0000,0.0032,0.0032,-0.0073,-0.0171,2.0000,tau_limit
2952,20.0000,2.0000,0.0032,0.0032,-0.0073,-0.0220,2.0000,tau_limit
2958,20.0000,2.0000,0.0032,0.0032,-0.0073,-0.0220,2.0000,tau_limit
2963,20.0000,2.0000,0.0032,0.0032,-0.0073,-0.0220,2.0000,tau_limit
2968,20.0000,2.0000,0.0032,0.0032,-0.0073,-0.0220,2.0000,tau_limit
2973,20.0000,2.0000,0.0032,0.0032,-0.0073,-0.0220,2.0000,tau_limit
2978,20.0000,2.0000,0.0032,0.0032,-0.0073,-0.0220,2.0000,tau_limit
2983,20.0000,2.0000,0.0032,0.0032,-0.0073,-0.0220,2.0000,tau_limit
2988,20.0000,2.0000,0.0032,0.0032,-0.0073,-0.0220,2.0000,tau_limit
2993,20.0000,2.0000,0.0032,0.0032,-0.0073,-0.0171,2.0000,tau_limit
2998,20.0000,2.0000,0.0032,0.0032,-0.0073,-0.0220,2.0000,tau_limit
3003,20.0000,2.0000,0.0032,0.0032,-0.0073,-0.0171,2.0000,tau_limit
3008,20.0000,2.0000,0.0032,0.0032,-0.0073,-0.0220,2.0000,tau_limit
3013,20.0000,2.0000,0.0032,0.0032,-0.0073,-0.0171,2.0000,tau_limit
3018,20.0000,2.0000,0.0032,0.0032,-0.0073,-0.0220,2.0000,tau_limit
3023,20.0000,2.0000,0.0032,0.0032,-0.0073,-0.0220,2.0000,tau_limit
3028,20.0000,2.0000,0.0032,0.0032,-0.0073,-0.0171,2.0000,tau_limit
3033,20.0000,2.0000,0.0032,0.0032,-0.0073,-0.0220,2.0000,tau_limit
3038,20.0000,2.0000,0.0032,0.0032,-0.0073,-0.0171,2.0000,tau_limit
3043,20.0000,2.0000,0.0032,0.0032,-0.0073,-0.0171,2.0000,tau_limit
3049,20.0000,2.0000,0.0032,0.0032,-0.0073,-0.0171,2.0000,tau_limit
3054,20.0000,2.0000,0.0032,0.0032,-0.0073,-0.0171,2.0000,tau_limit
3059,20.0000,2.0000,0.0032,0.0032,-0.0073,-0.0220,2.0000,tau_limit
3064,20.0000,2.0000,0.0032,0.0032,-0.0073,-0.0220,2.0000,tau_limit
3069,20.0000,2.0000,0.0032,0.0032,-0.0073,-0.0171,2.0000,tau_limit
3074,20.0000,2.0000,0.0032,0.0032,-0.0073,-0.0220,2.0000,tau_limit
3079,20.0000,2.0000,0.0032,0.0032,-0.0073,-0.0171,2.0000,tau_limit
3084,20.0000,2.0000,0.0032,0.0032,-0.0073,-0.0220,2.0000,tau_limit
3089,20.0000,2.0000,0.0032,0.0032,-0.0073,-0.0220,2.0000,tau_limit
3094,20.0000,2.0000,0.0032,0.0032,-0.0073,-0.0220,2.0000,tau_limit
3099,20.0000,2.0000,0.0032,0.0032,-0.0073,-0.0220,2.0000,tau_limit
3104,20.0000,2.0000,0.0032,0.0032,-0.0073,-0.0171,2.0000,tau_limit
3109,20.0000,2.0000,0.0032,0.0032,-0.0073,-0.0220,2.0000,tau_limit
3114,20.0000,2.0000,0.0032,0.0032,-0.0073,-0.0220,2.0000,tau_limit
3119,20.0000,2.0000,0.0032,0.0032,-0.0073,-0.0171,2.0000,tau_limit
3124,20.0000,2.0000,0.0032,0.0032,-0.0073,-0.0171,2.0000,tau_limit
3129,20.0000,2.0000,0.0032,0.0032,-0.0073,-0.0171,2.0000,tau_limit
3134,20.0000,2.0000,0.0032,0.0032,-0.0073,-0.0171,2.0000,tau_limit
3140,20.0000,2.0000,0.0032,0.0032,-0.0073,-0.0220,2.0000,tau_limit
3145,20.0000,2.0000,0.0032,0.0032,-0.0073,-0.0220,2.0000,tau_limit
3150,20.0000,2.0000,0.0032,0.0032,-0.0073,-0.0220,2.0000,tau_limit
3155,20.0000,2.0000,0.0032,0.0032,-0.0073,-0.0220,2.0000,tau_limit
3160,20.0000,2.0000,0.0032,0.0032,-0.0073,-0.0220,2.0000,tau_limit
3165,20.0000,2.0000,0.0032,0.0032,-0.0073,-0.0220,2.0000,tau_limit
3170,20.0000,2.0000,0.0032,0.0032,-0.0073,-0.0220,2.0000,tau_limit
3175,20.0000,2.0000,0.0032,0.0032,-0.0073,-0.0171,2.0000,tau_limit
3180,20.0000,2.0000,0.0032,0.0032,-0.0073,-0.0220,2.0000,tau_limit
3185,20.0000,2.0000,0.0032,0.0032,-0.0073,-0.0220,2.0000,tau_limit
3190,20.0000,2.0000,0.0032,0.0032,-0.0073,-0.0220,2.0000,tau_limit
3195,20.0000,2.0000,0.0032,0.0032,-0.0073,-0.0220,2.0000,tau_limit
3200,20.0000,2.0000,0.0032,0.0032,-0.0073,-0.0220,2.0000,tau_limit
3205,20.0000,2.0000,0.0032,0.0032,-0.0073,-0.0171,2.0000,tau_limit
3210,20.0000,2.0000,0.0032,0.0032,-0.0073,-0.0171,2.0000,tau_limit
3215,20.0000,2.0000,0.0032,0.0032,-0.0073,-0.0220,2.0000,tau_limit
3220,20.0000,2.0000,0.0032,0.0032,-0.0073,-0.0220,2.0000,tau_limit
3225,20.0000,2.0000,0.0032,0.0032,-0.0073,-0.0171,2.0000,tau_limit
3231,20.0000,2.0000,0.0032,0.0032,-0.0073,-0.0220,2.0000,tau_limit
3236,20.0000,2.0000,0.0032,0.0032,-0.0073,-0.0220,2.0000,tau_limit
3241,20.0000,2.0000,0.0032,0.0032,-0.0073,-0.0220,2.0000,tau_limit
3246,20.0000,2.0000,0.0032,0.0032,-0.0073,-0.0220,2.0000,tau_limit
3251,20.0000,2.0000,0.0032,0.0032,-0.0073,-0.0220,2.0000,tau_limit
3256,20.0000,2.0000,0.0032,0.0032,-0.0073,-0.0220,2.0000,tau_limit
3261,20.0000,2.0000,0.0032,0.0032,-0.0073,-0.0220,2.0000,tau_limit
3266,20.0000,2.0000,0.0032,0.0032,-0.0073,-0.0220,2.0000,tau_limit
3271,20.0000,2.0000,0.0032,0.0032,-0.0073,-0.0220,2.0000,tau_limit
3276,20.0000,2.0000,0.0032,0.0032,-0.0073,-0.0220,2.0000,tau_limit
3281,20.0000,2.0000,0.0032,0.0032,-0.0073,-0.0220,2.0000,tau_limit
3286,20.0000,2.0000,0.0032,0.0032,-0.0073,-0.0171,2.0000,tau_limit
3291,20.0000,2.0000,0.0032,0.0032,-0.0073,-0.0171,2.0000,tau_limit
3296,20.0000,2.0000,0.0032,0.0032,-0.0073,-0.0220,2.0000,tau_limit
3301,20.0000,2.0000,0.0032,0.0032,-0.0073,-0.0220,2.0000,tau_limit
3306,20.0000,2.0000,0.0032,0.0032,-0.0073,-0.0220,2.0000,tau_limit
3311,20.0000,2.0000,0.0032,0.0032,-0.0073,-0.0171,2.0000,tau_limit
3317,20.0000,2.0000,0.0032,0.0032,-0.0073,-0.0220,2.0000,tau_limit
3322,20.0000,2.0000,0.0032,0.0032,-0.0073,-0.0220,2.0000,tau_limit
3327,20.0000,2.0000,0.0032,0.0032,-0.0073,-0.0220,2.0000,tau_limit
3332,20.0000,2.0000,0.0032,0.0032,-0.0073,-0.0220,2.0000,tau_limit
3337,20.0000,2.0000,0.0032,0.0032,-0.0073,-0.0220,2.0000,tau_limit
3342,20.0000,2.0000,0.0032,0.0032,-0.0073,-0.0220,2.0000,tau_limit
3347,20.0000,2.0000,0.0032,0.0032,-0.0073,-0.0269,2.0000,tau_limit
3352,20.0000,2.0000,0.0032,0.0032,-0.0073,-0.0220,2.0000,tau_limit
3357,20.0000,2.0000,0.0032,0.0032,-0.0073,-0.0220,2.0000,tau_limit
3362,20.0000,2.0000,0.0032,0.0032,-0.0073,-0.0171,2.0000,tau_limit
3367,20.0000,2.0000,0.0032,0.0032,-0.0073,-0.0171,2.0000,tau_limit
3372,20.0000,2.0000,0.0032,0.0032,-0.0073,-0.0171,2.0000,tau_limit
3377,20.0000,2.0000,0.0032,0.0032,-0.0073,-0.0220,2.0000,tau_limit
3382,20.0000,2.0000,0.0032,0.0032,-0.0073,-0.0220,2.0000,tau_limit
3387,20.0000,2.0000,0.0032,0.0032,-0.0073,-0.0220,2.0000,tau_limit
3392,20.0000,2.0000,0.0032,0.0032,-0.0073,-0.0220,2.0000,tau_limit
3397,20.0000,2.0000,0.0032,0.0032,-0.0073,-0.0220,2.0000,tau_limit
3402,20.0000,2.0000,0.0032,0.0032,-0.0073,-0.0220,2.0000,tau_limit
3408,20.0000,2.0000,0.0032,0.0032,-0.0073,-0.0220,2.0000,tau_limit
3413,20.0000,2.0000,0.0032,0.0032,-0.0073,-0.0220,2.0000,tau_limit
3418,20.0000,2.0000,0.0032,0.0032,-0.0073,-0.0220,2.0000,tau_limit
3423,20.0000,2.0000,0.0032,0.0032,-0.0073,-0.0220,2.0000,tau_limit
3428,20.0000,2.0000,0.0032,0.0032,-0.0073,-0.0220,2.0000,tau_limit
3433,20.0000,2.0000,0.0032,0.0032,-0.0073,-0.0220,2.0000,tau_limit
3438,20.0000,2.0000,0.0032,0.0032,-0.0073,-0.0220,2.0000,tau_limit
3443,20.0000,2.0000,0.0032,0.0032,-0.0073,-0.0220,2.0000,tau_limit
3448,20.0000,2.0000,0.0032,0.0032,-0.0073,-0.0220,2.0000,tau_limit
3453,20.0000,2.0000,0.0032,0.0032,-0.0073,-0.0220,2.0000,tau_limit
3458,20.0000,2.0000,0.0032,0.0032,-0.0073,-0.0220,2.0000,tau_limit
3463,20.0000,2.0000,0.0032,0.0032,-0.0073,-0.0220,2.0000,tau_limit
3468,20.0000,2.0000,0.0032,0.0032,-0.0073,-0.0220,2.0000,tau_limit
3473,20.0000,2.0000,0.0032,0.0032,-0.0073,-0.0171,2.0000,tau_limit
3478,20.0000,2.0000,0.0032,0.0032,-0.0073,-0.0171,2.0000,tau_limit
3483,20.0000,2.0000,0.0032,0.0032,-0.0073,-0.0171,2.0000,tau_limit
3488,20.0000,2.0000,0.0032,0.0032,-0.0073,-0.0220,2.0000,tau_limit
3494,20.0000,2.0000,0.0032,0.0032,-0.0073,-0.0220,2.0000,tau_limit
3499,20.0000,2.0000,0.0032,0.0032,-0.0073,-0.0171,2.0000,tau_limit
3504,20.0000,2.0000,0.0032,0.0032,-0.0073,-0.0220,2.0000,tau_limit
3509,20.0000,2.0000,0.0032,0.0032,-0.0073,-0.0220,2.0000,tau_limit
3514,20.0000,2.0000,0.0032,0.0032,-0.0073,-0.0220,2.0000,tau_limit
3519,20.0000,2.0000,0.0032,0.0032,-0.0073,-0.0220,2.0000,tau_limit
3524,20.0000,2.0000,0.0032,0.0032,-0.0073,-0.0220,2.0000,tau_limit
3529,20.0000,2.0000,0.0032,0.0032,-0.0073,-0.0269,2.0000,tau_limit
3534,20.0000,2.0000,0.0032,0.0032,-0.0073,-0.0171,2.0000,tau_limit
3539,20.0000,2.0000,0.0032,0.0032,-0.0073,-0.0171,2.0000,tau_limit
3544,20.0000,2.0000,0.0032,0.0032,-0.0073,-0.0220,2.0000,tau_limit
3549,20.0000,2.0000,0.0032,0.0032,-0.0073,-0.0171,2.0000,tau_limit
3554,20.0000,2.0000,0.0032,0.0032,-0.0073,-0.0171,2.0000,tau_limit
3559,20.0000,2.0000,0.0032,0.0032,-0.0073,-0.0220,2.0000,tau_limit
3564,20.0000,2.0000,0.0032,0.0032,-0.0073,-0.0171,2.0000,tau_limit
3569,20.0000,2.0000,0.0032,0.0032,-0.0073,-0.0220,2.0000,tau_limit
3574,20.0000,2.0000,0.0032,0.0032,-0.0073,-0.0171,2.0000,tau_limit
3580,20.0000,2.0000,0.0032,0.0032,-0.0073,-0.0220,2.0000,tau_limit
3585,20.0000,2.0000,0.0032,0.0032,-0.0073,-0.0171,2.0000,tau_limit
3590,20.0000,2.0000,0.0032,0.0032,-0.0073,-0.0220,2.0000,tau_limit
3595,20.0000,2.0000,0.0032,0.0032,-0.0073,-0.0220,2.0000,tau_limit
3600,20.0000,2.0000,0.0032,0.0032,-0.0073,-0.0220,2.0000,tau_limit
3605,20.0000,2.0000,0.0032,0.0032,-0.0073,-0.0171,2.0000,tau_limit
3610,20.0000,2.0000,0.0032,0.0032,-0.0073,-0.0220,2.0000,tau_limit
3615,20.0000,2.0000,0.0032,0.0032,-0.0073,-0.0171,2.0000,tau_limit
3620,20.0000,2.0000,0.0032,0.0032,-0.0073,-0.0220,2.0000,tau_limit
3625,20.0000,2.0000,0.0032,0.0032,-0.0073,-0.0220,2.0000,tau_limit
3630,20.0000,2.0000,0.0032,0.0032,-0.0073,-0.0220,2.0000,tau_limit
3635,20.0000,2.0000,0.0032,0.0032,-0.0073,-0.0220,2.0000,tau_limit
3640,20.0000,2.0000,0.0032,0.0032,-0.0073,-0.0171,2.0000,tau_limit
3645,20.0000,2.0000,0.0032,0.0032,-0.0073,-0.0220,2.0000,tau_limit
3650,20.0000,2.0000,0.0032,0.0032,-0.0073,-0.0220,2.0000,tau_limit
3655,20.0000,2.0000,0.0032,0.0032,-0.0073,-0.0220,2.0000,tau_limit
3660,20.0000,2.0000,0.0032,0.0032,-0.0073,-0.0220,2.0000,tau_limit
3666,20.0000,2.0000,0.0032,0.0032,-0.0073,-0.0171,2.0000,tau_limit
3671,20.0000,2.0000,0.0032,0.0032,-0.0073,-0.0171,2.0000,tau_limit
3676,20.0000,2.0000,0.0032,0.0032,-0.0073,-0.0171,2.0000,tau_limit
3681,20.0000,2.0000,0.0032,0.0032,-0.0073,-0.0220,2.0000,tau_limit
3686,20.0000,2.0000,0.0032,0.0032,-0.0073,-0.0171,2.0000,tau_limit
3691,20.0000,2.0000,0.0032,0.0032,-0.0073,-0.0171,2.0000,tau_limit
3696,20.0000,2.0000,0.0032,0.0032,-0.0073,-0.0171,2.0000,tau_limit
3701,20.0000,2.0000,0.0032,0.0032,-0.0073,-0.0171,2.0000,tau_limit
3706,20.0000,2.0000,0.0032,0.0032,-0.0073,-0.0220,2.0000,tau_limit
3711,20.0000,2.0000,0.0032,0.0032,-0.0073,-0.0220,2.0000,tau_limit
3716,20.0000,2.0000,0.0032,0.0032,-0.0073,-0.0220,2.0000,tau_limit
3721,20.0000,2.0000,0.0032,0.0032,-0.0073,-0.0220,2.0000,tau_limit
3726,20.0000,2.0000,0.0032,0.0032,-0.0073,-0.0171,2.0000,tau_limit
3731,20.0000,2.0000,0.0032,0.0032,-0.0073,-0.0220,2.0000,tau_limit
3736,20.0000,2.0000,0.0032,0.0032,-0.0073,-0.0171,2.0000,tau_limit
3741,20.0000,2.0000,0.0032,0.0032,-0.0073,-0.0220,2.0000,tau_limit
3746,20.0000,2.0000,0.0032,0.0032,-0.0073,-0.0171,2.0000,tau_limit
3751,20.0000,2.0000,0.0032,0.0032,-0.0073,-0.0171,2.0000,tau_limit
3757,20.0000,2.0000,0.0032,0.0032,-0.0073,-0.0220,2.0000,tau_limit
3762,20.0000,2.0000,0.0032,0.0032,-0.0073,-0.0171,2.0000,tau_limit
3767,20.0000,2.0000,0.0032,0.0032,-0.0073,-0.0171,2.0000,tau_limit
3772,20.0000,2.0000,0.0032,0.0032,-0.0073,-0.0171,2.0000,tau_limit
3777,20.0000,2.0000,0.0032,0.0032,-0.0073,-0.0171,2.0000,tau_limit
3782,20.0000,2.0000,0.0032,0.0032,-0.0073,-0.0220,2.0000,tau_limit
3787,20.0000,2.0000,0.0032,0.0032,-0.0073,-0.0171,2.0000,tau_limit
3792,20.0000,2.0000,0.0032,0.0032,-0.0073,-0.0171,2.0000,tau_limit
3797,20.0000,2.0000,0.0032,0.0032,-0.0073,-0.0220,2.0000,tau_limit
3802,20.0000,2.0000,0.0032,0.0032,-0.0073,-0.0220,2.0000,tau_limit
3807,20.0000,2.0000,0.0032,0.0032,-0.0073,-0.0171,2.0000,tau_limit
3812,20.0000,2.0000,0.0032,0.0032,-0.0073,-0.0220,2.0000,tau_limit
3817,20.0000,2.0000,0.0032,0.0032,-0.0073,-0.0220,2.0000,tau_limit
3822,20.0000,2.0000,0.0032,0.0032,-0.0073,-0.0220,2.0000,tau_limit
3827,20.0000,2.0000,0.0032,0.0032,-0.0073,-0.0171,2.0000,tau_limit
3832,20.0000,2.0000,0.0032,0.0032,-0.0073,-0.0171,2.0000,tau_limit
3837,20.0000,2.0000,0.0032,0.0032,-0.0073,-0.0220,2.0000,tau_limit
3843,20.0000,2.0000,0.0032,0.0032,-0.0073,-0.0171,2.0000,tau_limit
3848,20.0000,2.0000,0.0032,0.0032,-0.0073,-0.0171,2.0000,tau_limit
3853,20.0000,2.0000,0.0032,0.0032,-0.0073,-0.0171,2.0000,tau_limit
3858,20.0000,2.0000,0.0032,0.0032,-0.0073,-0.0220,2.0000,tau_limit
3863,20.0000,2.0000,0.0032,0.0032,-0.0073,-0.0220,2.0000,tau_limit
3868,20.0000,2.0000,0.0032,0.0032,-0.0073,-0.0220,2.0000,tau_limit
3873,20.0000,2.0000,0.0032,0.0032,-0.0073,-0.0220,2.0000,tau_limit
3878,20.0000,2.0000,0.0032,0.0032,-0.0073,-0.0220,2.0000,tau_limit
3883,20.0000,2.0000,0.0032,0.0032,-0.0073,-0.0220,2.0000,tau_limit
3888,20.0000,2.0000,0.0032,0.0032,-0.0073,-0.0220,2.0000,tau_limit
3893,20.0000,2.0000,0.0032,0.0032,-0.0073,-0.0171,2.0000,tau_limit
3898,20.0000,2.0000,0.0032,0.0032,-0.0073,-0.0171,2.0000,tau_limit
3903,20.0000,2.0000,0.0032,0.0032,-0.0073,-0.0220,2.0000,tau_limit
3908,20.0000,2.0000,0.0032,0.0032,-0.0073,-0.0220,2.0000,tau_limit
3913,20.0000,2.0000,0.0032,0.0032,-0.0073,-0.0220,2.0000,tau_limit
3918,20.0000,2.0000,0.0032,0.0032,-0.0073,-0.0220,2.0000,tau_limit
3923,20.0000,2.0000,0.0032,0.0032,-0.0073,-0.0220,2.0000,tau_limit
3928,20.0000,2.0000,0.0032,0.0032,-0.0073,-0.0220,2.0000,tau_limit
3934,20.0000,2.0000,0.0032,0.0032,-0.0073,-0.0220,2.0000,tau_limit
3939,20.0000,2.0000,0.0032,0.0032,-0.0073,-0.0220,2.0000,tau_limit
3944,20.0000,2.0000,0.0032,0.0032,-0.0073,-0.0220,2.0000,tau_limit
3949,20.0000,2.0000,0.0032,0.0032,-0.0073,-0.0220,2.0000,tau_limit
3954,20.0000,2.0000,0.0032,0.0032,-0.0073,-0.0171,2.0000,tau_limit
3959,20.0000,2.0000,0.0032,0.0032,-0.0073,-0.0220,2.0000,tau_limit
3964,20.0000,2.0000,0.0032,0.0032,-0.0073,-0.0220,2.0000,tau_limit
3969,20.0000,2.0000,0.0032,0.0032,-0.0073,-0.0220,2.0000,tau_limit
3974,20.0000,2.0000,0.0032,0.0032,-0.0073,-0.0220,2.0000,tau_limit
3979,20.0000,2.0000,0.0032,0.0032,-0.0073,-0.0220,2.0000,tau_limit
3984,20.0000,2.0000,0.0032,0.0032,-0.0073,-0.0171,2.0000,tau_limit
3989,20.0000,2.0000,0.0032,0.0032,-0.0073,-0.0220,2.0000,tau_limit
3994,20.0000,2.0000,0.0032,0.0032,-0.0073,-0.0220,2.0000,tau_limit
3999,20.0000,2.0000,0.0032,0.0032,-0.0073,-0.0171,2.0000,tau_limit
4004,20.0000,2.0000,0.0032,0.0032,-0.0073,-0.0171,2.0000,tau_limit
4009,20.0000,2.0000,0.0032,0.0032,-0.0073,-0.0220,2.0000,tau_limit
4014,20.0000,2.0000,0.0032,0.0032,-0.0073,-0.0171,2.0000,tau_limit
4020,20.0000,2.0000,0.0032,0.0032,-0.0073,-0.0220,2.0000,tau_limit
4025,20.0000,2.0000,0.0032,0.0032,-0.0073,-0.0171,2.0000,tau_limit
4030,20.0000,2.0000,0.0032,0.0032,-0.0073,-0.0220,2.0000,tau_limit
4035,20.0000,2.0000,0.0032,0.0032,-0.0073,-0.0220,2.0000,tau_limit
4040,20.0000,2.0000,0.0032,0.0032,-0.0073,-0.0220,2.0000,tau_limit
4045,20.0000,2.0000,0.0032,0.0032,-0.0073,-0.0220,2.0000,tau_limit
4050,20.0000,2.0000,0.0032,0.0032,-0.0073,-0.0220,2.0000,tau_limit
4055,20.0000,2.0000,0.0032,0.0032,-0.0073,-0.0171,2.0000,tau_limit
4060,20.0000,2.0000,0.0032,0.0032,-0.0073,-0.0171,2.0000,tau_limit
4065,20.0000,2.0000,0.0032,0.0032,-0.0073,-0.0220,2.0000,tau_limit
4070,20.0000,2.0000,0.0032,0.0032,-0.0073,-0.0220,2.0000,tau_limit
4075,20.0000,2.0000,0.0032,0.0032,-0.0073,-0.0220,2.0000,tau_limit
4080,20.0000,2.0000,0.0032,0.0032,-0.0073,-0.0220,2.0000,tau_limit
4085,20.0000,2.0000,0.0032,0.0032,-0.0073,-0.0220,2.0000,tau_limit
4090,20.0000,2.0000,0.0032,0.0032,-0.0073,-0.0220,2.0000,tau_limit
4095,20.0000,2.0000,0.0032,0.0032,-0.0073,-0.0220,2.0000,tau_limit
4100,20.0000,2.0000,0.0032,0.0032,-0.0073,-0.0220,2.0000,tau_limit
4105,20.0000,2.0000,0.0032,0.0032,-0.0073,-0.0220,2.0000,tau_limit
4111,20.0000,2.0000,0.0032,0.0032,-0.0073,-0.0220,2.0000,tau_limit
4116,20.0000,2.0000,0.0032,0.0032,-0.0073,-0.0171,2.0000,tau_limit
4121,20.0000,2.0000,0.0032,0.0032,-0.0073,-0.0220,2.0000,tau_limit
4126,20.0000,2.0000,0.0032,0.0032,-0.0073,-0.0220,2.0000,tau_limit
4131,20.0000,2.0000,0.0032,0.0032,-0.0073,-0.0220,2.0000,tau_limit
4136,20.0000,2.0000,0.0032,0.0032,-0.0073,-0.0220,2.0000,tau_limit
4141,20.0000,2.0000,0.0032,0.0032,-0.0073,-0.0171,2.0000,tau_limit
4146,20.0000,2.0000,0.0032,0.0032,-0.0073,-0.0220,2.0000,tau_limit
4151,20.0000,2.0000,0.0032,0.0032,-0.0073,-0.0220,2.0000,tau_limit
4156,20.0000,2.0000,0.0032,0.0032,-0.0073,-0.0171,2.0000,tau_limit
4161,20.0000,2.0000,0.0032,0.0032,-0.0073,-0.0220,2.0000,tau_limit
4166,20.0000,2.0000,0.0032,0.0032,-0.0073,-0.0171,2.0000,tau_limit
4171,20.0000,2.0000,0.0032,0.0032,-0.0073,-0.0171,2.0000,tau_limit
4176,20.0000,2.0000,0.0032,0.0032,-0.0073,-0.0220,2.0000,tau_limit
4181,20.0000,2.0000,0.0032,0.0032,-0.0073,-0.0220,2.0000,tau_limit
4186,20.0000,2.0000,0.0032,0.0032,-0.0073,-0.0220,2.0000,tau_limit
4191,20.0000,2.0000,0.0032,0.0032,-0.0073,-0.0220,2.0000,tau_limit
4196,20.0000,2.0000,0.0032,0.0032,-0.0073,-0.0171,2.0000,tau_limit
4202,20.0000,2.0000,0.0032,0.0032,-0.0073,-0.0220,2.0000,tau_limit
4207,20.0000,2.0000,0.0032,0.0032,-0.0073,-0.0220,2.0000,tau_limit
4212,20.0000,2.0000,0.0032,0.0032,-0.0073,-0.0220,2.0000,tau_limit
4217,20.0000,2.0000,0.0032,0.0032,-0.0073,-0.0220,2.0000,tau_limit
4222,20.0000,2.0000,0.0032,0.0032,-0.0073,-0.0171,2.0000,tau_limit
4227,20.0000,2.0000,0.0032,0.0032,-0.0073,-0.0220,2.0000,tau_limit
4232,20.0000,2.0000,0.0032,0.0032,-0.0073,-0.0220,2.0000,tau_limit
4237,20.0000,2.0000,0.0032,0.0032,-0.0073,-0.0220,2.0000,tau_limit
4242,20.0000,2.0000,0.0032,0.0032,-0.0073,-0.0171,2.0000,tau_limit
4247,20.0000,2.0000,0.0032,0.0032,-0.0073,-0.0220,2.0000,tau_limit
4252,20.0000,2.0000,0.0032,0.0032,-0.0073,-0.0220,2.0000,tau_limit
4257,20.0000,2.0000,0.0032,0.0032,-0.0073,-0.0220,2.0000,tau_limit
4262,20.0000,2.0000,0.0032,0.0032,-0.0073,-0.0220,2.0000,tau_limit
4267,20.0000,2.0000,0.0032,0.0032,-0.0073,-0.0220,2.0000,tau_limit
4272,20.0000,2.0000,0.0032,0.0032,-0.0073,-0.0220,2.0000,tau_limit
4277,20.0000,2.0000,0.0032,0.0032,-0.0073,-0.0220,2.0000,tau_limit
4282,20.0000,2.0000,0.0032,0.0032,-0.0073,-0.0220,2.0000,tau_limit
4288,20.0000,2.0000,0.0032,0.0032,-0.0073,-0.0220,2.0000,tau_limit
4293,20.0000,2.0000,0.0032,0.0032,-0.0073,-0.0220,2.0000,tau_limit
4298,20.0000,2.0000,0.0032,0.0032,-0.0073,-0.0220,2.0000,tau_limit
4303,20.0000,2.0000,0.0032,0.0032,-0.0073,-0.0220,2.0000,tau_limit
4308,20.0000,2.0000,0.0032,0.0032,-0.0073,-0.0220,2.0000,tau_limit
4313,20.0000,2.0000,0.0032,0.0032,-0.0073,-0.0171,2.0000,tau_limit
4318,20.0000,2.0000,0.0032,0.0032,-0.0073,-0.0220,2.0000,tau_limit
4323,20.0000,2.0000,0.0032,0.0032,-0.0073,-0.0220,2.0000,tau_limit
4328,20.0000,2.0000,0.0032,0.0032,-0.0073,-0.0220,2.0000,tau_limit
4333,20.0000,2.0000,0.0032,0.0032,-0.0073,-0.0220,2.0000,tau_limit
4338,20.0000,2.0000,0.0032,0.0032,-0.0073,-0.0220,2.0000,tau_limit
4343,20.0000,2.0000,0.0032,0.0032,-0.0073,-0.0220,2.0000,tau_limit
4348,20.0000,2.0000,0.0032,0.0032,-0.0073,-0.0171,2.0000,tau_limit
4353,20.0000,2.0000,0.0032,0.0032,-0.0073,-0.0171,2.0000,tau_limit
4358,20.0000,2.0000,0.0032,0.0032,-0.0073,-0.0220,2.0000,tau_limit
4363,20.0000,2.0000,0.0032,0.0032,-0.0073,-0.0220,2.0000,tau_limit
4368,20.0000,2.0000,0.0032,0.0032,-0.0073,-0.0171,2.0000,tau_limit
4373,20.0000,2.0000,0.0032,0.0032,-0.0073,-0.0220,2.0000,tau_limit
4378,20.0000,2.0000,0.0032,0.0032,-0.0073,-0.0220,2.0000,tau_limit
4384,20.0000,2.0000,0.0032,0.0032,-0.0073,-0.0220,2.0000,tau_limit
4389,20.0000,2.0000,0.0032,0.0032,-0.0073,-0.0220,2.0000,tau_limit
4394,20.0000,2.0000,0.0032,0.0032,-0.0073,-0.0220,2.0000,tau_limit
4399,20.0000,2.0000,0.0032,0.0032,-0.0073,-0.0171,2.0000,tau_limit
4404,20.0000,2.0000,0.0032,0.0032,-0.0073,-0.0220,2.0000,tau_limit
4409,20.0000,2.0000,0.0032,0.0032,-0.0073,-0.0171,2.0000,tau_limit
4414,20.0000,2.0000,0.0032,0.0032,-0.0073,-0.0220,2.0000,tau_limit
4419,20.0000,2.0000,0.0032,0.0032,-0.0073,-0.0220,2.0000,tau_limit
4424,20.0000,2.0000,0.0032,0.0032,-0.0073,-0.0220,2.0000,tau_limit
4429,20.0000,2.0000,0.0032,0.0032,-0.0073,-0.0171,2.0000,tau_limit
4434,20.0000,2.0000,0.0032,0.0032,-0.0073,-0.0220,2.0000,tau_limit
4439,20.0000,2.0000,0.0032,0.0032,-0.0073,-0.0171,2.0000,tau_limit
4444,20.0000,2.0000,0.0032,0.0032,-0.0073,-0.0171,2.0000,tau_limit
4449,20.0000,2.0000,0.0032,0.0032,-0.0073,-0.0171,2.0000,tau_limit
4454,20.0000,2.0000,0.0032,0.0032,-0.0073,-0.0220,2.0000,tau_limit
4459,20.0000,2.0000,0.0032,0.0032,-0.0073,-0.0220,2.0000,tau_limit
4464,20.0000,2.0000,0.0032,0.0032,-0.0073,-0.0220,2.0000,tau_limit
4469,20.0000,2.0000,0.0032,0.0032,-0.0073,-0.0220,2.0000,tau_limit
4475,20.0000,2.0000,0.0032,0.0032,-0.0073,-0.0220,2.0000,tau_limit
4480,20.0000,2.0000,0.0032,0.0032,-0.0073,-0.0220,2.0000,tau_limit
4485,20.0000,2.0000,0.0032,0.0032,-0.0073,-0.0220,2.0000,tau_limit
4490,20.0000,2.0000,0.0032,0.0032,-0.0073,-0.0220,2.0000,tau_limit
4495,20.0000,2.0000,0.0032,0.0032,-0.0073,-0.0220,2.0000,tau_limit
4500,20.0000,2.0000,0.0032,0.0032,-0.0073,-0.0220,2.0000,tau_limit
4505,20.0000,2.0000,0.0032,0.0032,-0.0073,-0.0171,2.0000,tau_limit
4510,20.0000,2.0000,0.0032,0.0032,-0.0073,-0.0171,2.0000,tau_limit
4515,20.0000,2.0000,0.0032,0.0032,-0.0073,-0.0220,2.0000,tau_limit
4520,20.0000,2.0000,0.0032,0.0032,-0.0073,-0.0220,2.0000,tau_limit
4525,20.0000,2.0000,0.0032,0.0032,-0.0073,-0.0171,2.0000,tau_limit
4530,20.0000,2.0000,0.0032,0.0032,-0.0073,-0.0171,2.0000,tau_limit
4535,20.0000,2.0000,0.0032,0.0032,-0.0073,-0.0220,2.0000,tau_limit
4540,20.0000,2.0000,0.0032,0.0032,-0.0073,-0.0220,2.0000,tau_limit
4545,20.0000,2.0000,0.0032,0.0032,-0.0073,-0.0220,2.0000,tau_limit
4550,20.0000,2.0000,0.0032,0.0032,-0.0073,-0.0220,2.0000,tau_limit
4555,20.0000,2.0000,0.0032,0.0032,-0.0073,-0.0220,2.0000,tau_limit
4560,20.0000,2.0000,0.0032,0.0032,-0.0073,-0.0171,2.0000,tau_limit
4566,20.0000,2.0000,0.0032,0.0032,-0.0073,-0.0171,2.0000,tau_limit
4571,20.0000,2.0000,0.0032,0.0032,-0.0073,-0.0220,2.0000,tau_limit
4576,20.0000,2.0000,0.0032,0.0032,-0.0073,-0.0171,2.0000,tau_limit
4581,20.0000,2.0000,0.0032,0.0032,-0.0073,-0.0171,2.0000,tau_limit
4586,20.0000,2.0000,0.0032,0.0032,-0.0073,-0.0220,2.0000,tau_limit
4591,20.0000,2.0000,0.0032,0.0032,-0.0073,-0.0220,2.0000,tau_limit
4596,20.0000,2.0000,0.0032,0.0032,-0.0073,-0.0220,2.0000,tau_limit
4601,20.0000,2.0000,0.0032,0.0032,-0.0073,-0.0220,2.0000,tau_limit
4606,20.0000,2.0000,0.0032,0.0032,-0.0073,-0.0171,2.0000,tau_limit
4611,20.0000,2.0000,0.0032,0.0032,-0.0073,-0.0171,2.0000,tau_limit
4616,20.0000,2.0000,0.0032,0.0032,-0.0073,-0.0171,2.0000,tau_limit
4621,20.0000,2.0000,0.0032,0.0032,-0.0073,-0.0220,2.0000,tau_limit
4626,20.0000,2.0000,0.0032,0.0032,-0.0073,-0.0220,2.0000,tau_limit
4631,20.0000,2.0000,0.0032,0.0032,-0.0073,-0.0220,2.0000,tau_limit
4636,20.0000,2.0000,0.0032,0.0032,-0.0073,-0.0171,2.0000,tau_limit
4641,20.0000,2.0000,0.0032,0.0032,-0.0073,-0.0171,2.0000,tau_limit
4646,20.0000,2.0000,0.0032,0.0032,-0.0073,-0.0220,2.0000,tau_limit
4652,20.0000,2.0000,0.0032,0.0032,-0.0073,-0.0220,2.0000,tau_limit
4657,20.0000,2.0000,0.0032,0.0032,-0.0073,-0.0220,2.0000,tau_limit
4662,20.0000,2.0000,0.0032,0.0032,-0.0073,-0.0220,2.0000,tau_limit
4667,20.0000,2.0000,0.0032,0.0032,-0.0073,-0.0220,2.0000,tau_limit
4672,20.0000,2.0000,0.0032,0.0032,-0.0073,-0.0171,2.0000,tau_limit
4677,20.0000,2.0000,0.0032,0.0032,-0.0073,-0.0220,2.0000,tau_limit
4682,20.0000,2.0000,0.0032,0.0032,-0.0073,-0.0220,2.0000,tau_limit
4687,20.0000,2.0000,0.0032,0.0032,-0.0073,-0.0220,2.0000,tau_limit
4692,20.0000,2.0000,0.0032,0.0032,-0.0073,-0.0171,2.0000,tau_limit
4697,20.0000,2.0000,0.0032,0.0032,-0.0073,-0.0171,2.0000,tau_limit
4702,20.0000,2.0000,0.0032,0.0032,-0.0073,-0.0220,2.0000,tau_limit
4707,20.0000,2.0000,0.0032,0.0032,-0.0073,-0.0220,2.0000,tau_limit
4712,20.0000,2.0000,0.0032,0.0032,-0.0073,-0.0220,2.0000,tau_limit
4717,20.0000,2.0000,0.0032,0.0032,-0.0073,-0.0220,2.0000,tau_limit
4722,20.0000,2.0000,0.0032,0.0032,-0.0073,-0.0171,2.0000,tau_limit
4727,20.0000,2.0000,0.0032,0.0032,-0.0073,-0.0171,2.0000,tau_limit
4732,20.0000,2.0000,0.0032,0.0032,-0.0073,-0.0220,2.0000,tau_limit
4738,20.0000,2.0000,0.0032,0.0032,-0.0073,-0.0220,2.0000,tau_limit
4743,20.0000,2.0000,0.0032,0.0032,-0.0073,-0.0171,2.0000,tau_limit
4748,20.0000,2.0000,0.0032,0.0032,-0.0073,-0.0220,2.0000,tau_limit
4753,20.0000,2.0000,0.0032,0.0032,-0.0073,-0.0220,2.0000,tau_limit
4758,20.0000,2.0000,0.0032,0.0032,-0.0073,-0.0220,2.0000,tau_limit
4763,20.0000,2.0000,0.0032,0.0032,-0.0073,-0.0220,2.0000,tau_limit
4768,20.0000,2.0000,0.0032,0.0032,-0.0073,-0.0220,2.0000,tau_limit
4773,20.0000,2.0000,0.0032,0.0032,-0.0073,-0.0171,2.0000,tau_limit
4778,20.0000,2.0000,0.0032,0.0032,-0.0073,-0.0220,2.0000,tau_limit
4783,20.0000,2.0000,0.0032,0.0032,-0.0073,-0.0220,2.0000,tau_limit
4788,20.0000,2.0000,0.0032,0.0032,-0.0073,-0.0220,2.0000,tau_limit
4793,20.0000,2.0000,0.0032,0.0032,-0.0073,-0.0220,2.0000,tau_limit
4798,20.0000,2.0000,0.0032,0.0032,-0.0073,-0.0220,2.0000,tau_limit
4803,20.0000,2.0000,0.0032,0.0032,-0.0073,-0.0220,2.0000,tau_limit
4808,20.0000,2.0000,0.0032,0.0032,-0.0073,-0.0220,2.0000,tau_limit
4813,20.0000,2.0000,0.0032,0.0032,-0.0073,-0.0220,2.0000,tau_limit
4818,20.0000,2.0000,0.0032,0.0032,-0.0073,-0.0171,2.0000,tau_limit
4823,20.0000,2.0000,0.0032,0.0032,-0.0073,-0.0171,2.0000,tau_limit
4829,20.0000,2.0000,0.0032,0.0032,-0.0073,-0.0220,2.0000,tau_limit
4834,20.0000,2.0000,0.0032,0.0032,-0.0073,-0.0220,2.0000,tau_limit
4839,20.0000,2.0000,0.0032,0.0032,-0.0073,-0.0220,2.0000,tau_limit
4844,20.0000,2.0000,0.0032,0.0032,-0.0073,-0.0171,2.0000,tau_limit
4849,20.0000,2.0000,0.0032,0.0032,-0.0073,-0.0171,2.0000,tau_limit
4854,20.0000,2.0000,0.0032,0.0032,-0.0073,-0.0220,2.0000,tau_limit
4859,20.0000,2.0000,0.0032,0.0032,-0.0073,-0.0220,2.0000,tau_limit
4864,20.0000,2.0000,0.0032,0.0032,-0.0073,-0.0220,2.0000,tau_limit
4869,20.0000,2.0000,0.0032,0.0032,-0.0073,-0.0220,2.0000,tau_limit
4874,20.0000,2.0000,0.0032,0.0032,-0.0073,-0.0220,2.0000,tau_limit
4879,20.0000,2.0000,0.0032,0.0032,-0.0073,-0.0220,2.0000,tau_limit
4884,20.0000,2.0000,0.0032,0.0032,-0.0073,-0.0220,2.0000,tau_limit
4889,20.0000,2.0000,0.0032,0.0032,-0.0073,-0.0220,2.0000,tau_limit
4894,20.0000,2.0000,0.0032,0.0032,-0.0073,-0.0220,2.0000,tau_limit
4899,20.0000,2.0000,0.0032,0.0032,-0.0073,-0.0171,2.0000,tau_limit
4904,20.0000,2.0000,0.0032,0.0032,-0.0073,-0.0171,2.0000,tau_limit
4909,20.0000,2.0000,0.0032,0.0032,-0.0073,-0.0171,2.0000,tau_limit
4914,20.0000,2.0000,0.0032,0.0032,-0.0073,-0.0171,2.0000,tau_limit
4920,20.0000,2.0000,0.0032,0.0032,-0.0073,-0.0220,2.0000,tau_limit
4925,20.0000,2.0000,0.0032,0.0032,-0.0073,-0.0220,2.0000,tau_limit
4930,20.0000,2.0000,0.0032,0.0032,-0.0073,-0.0269,2.0000,tau_limit
4935,20.0000,2.0000,0.0032,0.0032,-0.0073,-0.0220,2.0000,tau_limit
4940,20.0000,2.0000,0.0032,0.0032,-0.0073,-0.0220,2.0000,tau_limit
4945,20.0000,2.0000,0.0032,0.0032,-0.0073,-0.0220,2.0000,tau_limit
4950,20.0000,2.0000,0.0032,0.0032,-0.0073,-0.0220,2.0000,tau_limit
4955,20.0000,2.0000,0.0032,0.0032,-0.0073,-0.0220,2.0000,tau_limit
4960,20.0000,2.0000,0.0032,0.0032,-0.0073,-0.0220,2.0000,tau_limit
4965,20.0000,2.0000,0.0032,0.0032,-0.0073,-0.0220,2.0000,tau_limit
4970,20.0000,2.0000,0.0032,0.0032,-0.0073,-0.0220,2.0000,tau_limit
4975,20.0000,2.0000,0.0032,0.0032,-0.0073,-0.0220,2.0000,tau_limit
4980,20.0000,2.0000,0.0032,0.0032,-0.0073,-0.0171,2.0000,tau_limit
4985,20.0000,2.0000,0.0032,0.0032,-0.0073,-0.0220,2.0000,tau_limit
4990,20.0000,2.0000,0.0032,0.0032,-0.0073,-0.0171,2.0000,tau_limit
4995,20.0000,2.0000,0.0032,0.0032,-0.0073,-0.0171,2.0000,tau_limit
5000,20.0000,2.0000,0.0032,0.0032,-0.0073,-0.0220,2.0000,tau_limit
5006,20.0000,2.0000,0.0032,0.0032,-0.0073,-0.0220,2.0000,tau_limit
5011,20.0000,2.0000,0.0032,0.0032,-0.0073,-0.0220,2.0000,tau_limit
5016,20.0000,2.0000,0.0032,0.0032,-0.0073,-0.0220,2.0000,tau_limit
5021,20.0000,2.0000,0.0032,0.0032,-0.0073,-0.0220,2.0000,tau_limit
5026,20.0000,2.0000,0.0032,0.0032,-0.0073,-0.0220,2.0000,tau_limit
5031,20.0000,2.0000,0.0032,0.0032,-0.0073,-0.0220,2.0000,tau_limit
5036,20.0000,2.0000,0.0032,0.0032,-0.0073,-0.0220,2.0000,tau_limit
5041,20.0000,2.0000,0.0032,0.0032,-0.0073,-0.0220,2.0000,tau_limit
5046,20.0000,2.0000,0.0032,0.0032,-0.0073,-0.0220,2.0000,tau_limit
5051,20.0000,2.0000,0.0032,0.0032,-0.0073,-0.0171,2.0000,tau_limit
5056,20.0000,2.0000,0.0032,0.0032,-0.0073,-0.0220,2.0000,tau_limit
5061,20.0000,2.0000,0.0032,0.0032,-0.0073,-0.0220,2.0000,tau_limit
5066,20.0000,2.0000,0.0032,0.0032,-0.0073,-0.0220,2.0000,tau_limit
5071,20.0000,2.0000,0.0032,0.0032,-0.0073,-0.0220,2.0000,tau_limit
5076,20.0000,2.0000,0.0032,0.0032,-0.0073,-0.0220,2.0000,tau_limit
5081,20.0000,2.0000,0.0032,0.0032,-0.0073,-0.0220,2.0000,tau_limit
5086,20.0000,2.0000,0.0032,0.0032,-0.0073,-0.0171,2.0000,tau_limit
5091,20.0000,2.0000,0.0032,0.0032,-0.0073,-0.0220,2.0000,tau_limit
5097,20.0000,2.0000,0.0032,0.0032,-0.0073,-0.0220,2.0000,tau_limit
5102,20.0000,2.0000,0.0032,0.0032,-0.0073,-0.0220,2.0000,tau_limit
5107,20.0000,2.0000,0.0032,0.0032,-0.0073,-0.0220,2.0000,tau_limit
5112,20.0000,2.0000,0.0032,0.0032,-0.0073,-0.0220,2.0000,tau_limit
5117,20.0000,2.0000,0.0032,0.0032,-0.0073,-0.0220,2.0000,tau_limit
5122,20.0000,2.0000,0.0032,0.0032,-0.0073,-0.0171,2.0000,tau_limit
5127,20.0000,2.0000,0.0032,0.0032,-0.0073,-0.0171,2.0000,tau_limit
5132,20.0000,2.0000,0.0032,0.0032,-0.0073,-0.0220,2.0000,tau_limit
5137,20.0000,2.0000,0.0032,0.0032,-0.0073,-0.0220,2.0000,tau_limit
5142,20.0000,2.0000,0.0032,0.0032,-0.0073,-0.0171,2.0000,tau_limit
5147,20.0000,2.0000,0.0032,0.0032,-0.0073,-0.0171,2.0000,tau_limit
5152,20.0000,2.0000,0.0032,0.0032,-0.0073,-0.0171,2.0000,tau_limit
5157,20.0000,2.0000,0.0032,0.0032,-0.0073,-0.0220,2.0000,tau_limit
5162,20.0000,2.0000,0.0032,0.0032,-0.0073,-0.0220,2.0000,tau_limit
5167,20.0000,2.0000,0.0032,0.0032,-0.0073,-0.0220,2.0000,tau_limit
5172,20.0000,2.0000,0.0032,0.0032,-0.0073,-0.0220,2.0000,tau_limit
5177,20.0000,2.0000,0.0032,0.0032,-0.0073,-0.0220,2.0000,tau_limit
5182,20.0000,2.0000,0.0032,0.0032,-0.0073,-0.0220,2.0000,tau_limit
5188,20.0000,2.0000,0.0032,0.0032,-0.0073,-0.0220,2.0000,tau_limit
5193,20.0000,2.0000,0.0032,0.0032,-0.0073,-0.0220,2.0000,tau_limit
5198,20.0000,2.0000,0.0032,0.0032,-0.0073,-0.0220,2.0000,tau_limit
5203,20.0000,2.0000,0.0032,0.0032,-0.0073,-0.0220,2.0000,tau_limit
5208,20.0000,2.0000,0.0032,0.0032,-0.0073,-0.0220,2.0000,tau_limit
5213,20.0000,2.0000,0.0032,0.0032,-0.0073,-0.0171,2.0000,tau_limit
5218,20.0000,2.0000,0.0032,0.0032,-0.0073,-0.0220,2.0000,tau_limit
5223,20.0000,2.0000,0.0032,0.0032,-0.0073,-0.0220,2.0000,tau_limit
5228,20.0000,2.0000,0.0032,0.0032,-0.0073,-0.0220,2.0000,tau_limit
5233,20.0000,2.0000,0.0032,0.0032,-0.0073,-0.0220,2.0000,tau_limit
5238,20.0000,2.0000,0.0032,0.0032,-0.0073,-0.0220,2.0000,tau_limit
5243,20.0000,2.0000,0.0032,0.0032,-0.0073,-0.0220,2.0000,tau_limit
5248,20.0000,2.0000,0.0032,0.0032,-0.0073,-0.0171,2.0000,tau_limit
5253,20.0000,2.0000,0.0032,0.0032,-0.0073,-0.0220,2.0000,tau_limit
5258,20.0000,2.0000,0.0032,0.0032,-0.0073,-0.0220,2.0000,tau_limit
5263,20.0000,2.0000,0.0032,0.0032,-0.0073,-0.0171,2.0000,tau_limit
5268,20.0000,2.0000,0.0032,0.0032,-0.0073,-0.0171,2.0000,tau_limit
5273,20.0000,2.0000,0.0032,0.0032,-0.0073,-0.0171,2.0000,tau_limit
5279,20.0000,2.0000,0.0032,0.0032,-0.0073,-0.0220,2.0000,tau_limit
5284,20.0000,2.0000,0.0032,0.0032,-0.0073,-0.0220,2.0000,tau_limit
5289,20.0000,2.0000,0.0032,0.0032,-0.0073,-0.0220,2.0000,tau_limit
5294,20.0000,2.0000,0.0032,0.0032,-0.0073,-0.0220,2.0000,tau_limit
5299,20.0000,2.0000,0.0032,0.0032,-0.0073,-0.0220,2.0000,tau_limit
5304,20.0000,2.0000,0.0032,0.0032,-0.0073,-0.0220,2.0000,tau_limit
5309,20.0000,2.0000,0.0032,0.0032,-0.0073,-0.0220,2.0000,tau_limit
5314,20.0000,2.0000,0.0032,0.0032,-0.0073,-0.0220,2.0000,tau_limit
5319,20.0000,2.0000,0.0032,0.0032,-0.0073,-0.0171,2.0000,tau_limit
5324,20.0000,2.0000,0.0032,0.0032,-0.0073,-0.0220,2.0000,tau_limit
5329,20.0000,2.0000,0.0032,0.0032,-0.0073,-0.0171,2.0000,tau_limit
5334,20.0000,2.0000,0.0032,0.0032,-0.0073,-0.0220,2.0000,tau_limit
5339,20.0000,2.0000,0.0032,0.0032,-0.0073,-0.0171,2.0000,tau_limit
5344,20.0000,2.0000,0.0032,0.0032,-0.0073,-0.0220,2.0000,tau_limit
5349,20.0000,2.0000,0.0032,0.0032,-0.0073,-0.0220,2.0000,tau_limit
5354,20.0000,2.0000,0.0032,0.0032,-0.0073,-0.0220,2.0000,tau_limit
5359,20.0000,2.0000,0.0032,0.0032,-0.0073,-0.0220,2.0000,tau_limit
5365,20.0000,2.0000,0.0032,0.0032,-0.0073,-0.0171,2.0000,tau_limit
5370,20.0000,2.0000,0.0032,0.0032,-0.0073,-0.0220,2.0000,tau_limit
5375,20.0000,2.0000,0.0032,0.0032,-0.0073,-0.0171,2.0000,tau_limit
5380,20.0000,2.0000,0.0032,0.0032,-0.0073,-0.0220,2.0000,tau_limit
5385,20.0000,2.0000,0.0032,0.0032,-0.0073,-0.0171,2.0000,tau_limit
5390,20.0000,2.0000,0.0032,0.0032,-0.0073,-0.0171,2.0000,tau_limit
5395,20.0000,2.0000,0.0032,0.0032,-0.0073,-0.0171,2.0000,tau_limit
5400,20.0000,2.0000,0.0032,0.0032,-0.0073,-0.0220,2.0000,tau_limit
5405,20.0000,2.0000,0.0032,0.0032,-0.0073,-0.0220,2.0000,tau_limit
5410,20.0000,2.0000,0.0032,0.0032,-0.0073,-0.0220,2.0000,tau_limit
5415,20.0000,2.0000,0.0032,0.0032,-0.0073,-0.0220,2.0000,tau_limit
5420,20.0000,2.0000,0.0032,0.0032,-0.0073,-0.0220,2.0000,tau_limit
5425,20.0000,2.0000,0.0032,0.0032,-0.0073,-0.0220,2.0000,tau_limit
5430,20.0000,2.0000,0.0032,0.0032,-0.0073,-0.0220,2.0000,tau_limit
5435,20.0000,2.0000,0.0032,0.0032,-0.0073,-0.0220,2.0000,tau_limit
5440,20.0000,2.0000,0.0032,0.0032,-0.0073,-0.0220,2.0000,tau_limit
5445,20.0000,2.0000,0.0032,0.0032,-0.0073,-0.0171,2.0000,tau_limit
5450,20.0000,2.0000,0.0032,0.0032,-0.0073,-0.0220,2.0000,tau_limit
5456,20.0000,2.0000,0.0032,0.0032,-0.0073,-0.0171,2.0000,tau_limit
5461,20.0000,2.0000,0.0032,0.0032,-0.0073,-0.0220,2.0000,tau_limit
5466,20.0000,2.0000,0.0032,0.0032,-0.0073,-0.0220,2.0000,tau_limit
5471,20.0000,2.0000,0.0032,0.0032,-0.0073,-0.0122,2.0000,tau_limit
5476,20.0000,2.0000,0.0032,0.0032,-0.0073,-0.0122,2.0000,tau_limit
5481,20.0000,2.0000,0.0032,0.0032,-0.0073,-0.0171,2.0000,tau_limit
5486,20.0000,2.0000,0.0032,0.0032,-0.0073,-0.0171,2.0000,tau_limit
5491,20.0000,2.0000,0.0032,0.0032,-0.0073,-0.0220,2.0000,tau_limit
5496,20.0000,2.0000,0.0032,0.0032,-0.0073,-0.0220,2.0000,tau_limit
5501,20.0000,2.0000,0.0032,0.0032,-0.0073,-0.0220,2.0000,tau_limit
5506,20.0000,2.0000,0.0032,0.0032,-0.0073,-0.0220,2.0000,tau_limit
5511,20.0000,2.0000,0.0032,0.0032,-0.0073,-0.0220,2.0000,tau_limit
5516,20.0000,2.0000,0.0032,0.0032,-0.0073,-0.0171,2.0000,tau_limit
5521,20.0000,2.0000,0.0032,0.0032,-0.0073,-0.0171,2.0000,tau_limit
5526,20.0000,2.0000,0.0032,0.0032,-0.0073,-0.0220,2.0000,tau_limit
5531,20.0000,2.0000,0.0032,0.0032,-0.0073,-0.0220,2.0000,tau_limit
5536,20.0000,2.0000,0.0032,0.0032,-0.0073,-0.0171,2.0000,tau_limit
5542,20.0000,2.0000,0.0032,0.0032,-0.0073,-0.0171,2.0000,tau_limit
5547,20.0000,2.0000,0.0032,0.0032,-0.0073,-0.0220,2.0000,tau_limit
5552,20.0000,2.0000,0.0032,0.0032,-0.0073,-0.0220,2.0000,tau_limit
5557,20.0000,2.0000,0.0032,0.0032,-0.0073,-0.0220,2.0000,tau_limit
5562,20.0000,2.0000,0.0032,0.0032,-0.0073,-0.0220,2.0000,tau_limit
5567,20.0000,2.0000,0.0032,0.0032,-0.0073,-0.0220,2.0000,tau_limit
5572,20.0000,2.0000,0.0032,0.0032,-0.0073,-0.0220,2.0000,tau_limit
5577,20.0000,2.0000,0.0032,0.0032,-0.0073,-0.0171,2.0000,tau_limit
5582,20.0000,2.0000,0.0032,0.0032,-0.0073,-0.0220,2.0000,tau_limit
5587,20.0000,2.0000,0.0032,0.0032,-0.0073,-0.0220,2.0000,tau_limit
5592,20.0000,2.0000,0.0032,0.0032,-0.0073,-0.0171,2.0000,tau_limit
5597,20.0000,2.0000,0.0032,0.0032,-0.0073,-0.0171,2.0000,tau_limit
5602,20.0000,2.0000,0.0032,0.0032,-0.0073,-0.0171,2.0000,tau_limit
5607,20.0000,2.0000,0.0032,0.0032,-0.0073,-0.0220,2.0000,tau_limit
5612,20.0000,2.0000,0.0032,0.0032,-0.0073,-0.0220,2.0000,tau_limit
5617,20.0000,2.0000,0.0032,0.0032,-0.0073,-0.0220,2.0000,tau_limit
5622,20.0000,2.0000,0.0032,0.0032,-0.0073,-0.0220,2.0000,tau_limit
5627,20.0000,2.0000,0.0032,0.0032,-0.0073,-0.0220,2.0000,tau_limit
5633,20.0000,2.0000,0.0032,0.0032,-0.0073,-0.0220,2.0000,tau_limit
5638,20.0000,2.0000,0.0032,0.0032,-0.0073,-0.0220,2.0000,tau_limit
5643,20.0000,2.0000,0.0032,0.0032,-0.0073,-0.0220,2.0000,tau_limit
5648,20.0000,2.0000,0.0032,0.0032,-0.0073,-0.0220,2.0000,tau_limit
5653,20.0000,2.0000,0.0032,0.0032,-0.0073,-0.0171,2.0000,tau_limit
5658,20.0000,2.0000,0.0032,0.0032,-0.0073,-0.0220,2.0000,tau_limit
5663,20.0000,2.0000,0.0032,0.0032,-0.0073,-0.0220,2.0000,tau_limit
5668,20.0000,2.0000,0.0032,0.0032,-0.0073,-0.0269,2.0000,tau_limit
5673,20.0000,2.0000,0.0032,0.0032,-0.0073,-0.0220,2.0000,tau_limit
5678,20.0000,2.0000,0.0032,0.0032,-0.0073,-0.0171,2.0000,tau_limit
5683,20.0000,2.0000,0.0032,0.0032,-0.0073,-0.0171,2.0000,tau_limit
5688,20.0000,2.0000,0.0032,0.0032,-0.0073,-0.0220,2.0000,tau_limit
5693,20.0000,2.0000,0.0032,0.0032,-0.0073,-0.0171,2.0000,tau_limit
5698,20.0000,2.0000,0.0032,0.0032,-0.0073,-0.0171,2.0000,tau_limit
5703,20.0000,2.0000,0.0032,0.0032,-0.0073,-0.0220,2.0000,tau_limit
5708,20.0000,2.0000,0.0032,0.0032,-0.0073,-0.0220,2.0000,tau_limit
5713,20.0000,2.0000,0.0032,0.0032,-0.0073,-0.0171,2.0000,tau_limit
5718,20.0000,2.0000,0.0032,0.0032,-0.0073,-0.0171,2.0000,tau_limit
5724,20.0000,2.0000,0.0032,0.0032,-0.0073,-0.0171,2.0000,tau_limit
5729,20.0000,2.0000,0.0032,0.0032,-0.0073,-0.0220,2.0000,tau_limit
5734,20.0000,2.0000,0.0032,0.0032,-0.0073,-0.0220,2.0000,tau_limit
5739,20.0000,2.0000,0.0032,0.0032,-0.0073,-0.0171,2.0000,tau_limit
5744,20.0000,2.0000,0.0032,0.0032,-0.0073,-0.0171,2.0000,tau_limit
5749,20.0000,2.0000,0.0032,0.0032,-0.0073,-0.0171,2.0000,tau_limit
5754,20.0000,2.0000,0.0032,0.0032,-0.0073,-0.0220,2.0000,tau_limit
5759,20.0000,2.0000,0.0032,0.0032,-0.0073,-0.0220,2.0000,tau_limit
5764,20.0000,2.0000,0.0032,0.0032,-0.0073,-0.0171,2.0000,tau_limit
5769,20.0000,2.0000,0.0032,0.0032,-0.0073,-0.0171,2.0000,tau_limit
5774,20.0000,2.0000,0.0032,0.0032,-0.0073,-0.0220,2.0000,tau_limit
5779,20.0000,2.0000,0.0032,0.0032,-0.0073,-0.0220,2.0000,tau_limit
5784,20.0000,2.0000,0.0032,0.0032,-0.0073,-0.0220,2.0000,tau_limit
5789,20.0000,2.0000,0.0032,0.0032,-0.0073,-0.0220,2.0000,tau_limit
5794,20.0000,2.0000,0.0032,0.0032,-0.0073,-0.0220,2.0000,tau_limit
5799,20.0000,2.0000,0.0032,0.0032,-0.0073,-0.0171,2.0000,tau_limit
5804,20.0000,2.0000,0.0032,0.0032,-0.0073,-0.0220,2.0000,tau_limit
5809,20.0000,2.0000,0.0032,0.0032,-0.0073,-0.0220,2.0000,tau_limit
5815,20.0000,2.0000,0.0032,0.0032,-0.0073,-0.0171,2.0000,tau_limit
5820,20.0000,2.0000,0.0032,0.0032,-0.0073,-0.0220,2.0000,tau_limit
5825,20.0000,2.0000,0.0032,0.0032,-0.0073,-0.0220,2.0000,tau_limit
5830,20.0000,2.0000,0.0032,0.0032,-0.0073,-0.0220,2.0000,tau_limit
5835,20.0000,2.0000,0.0032,0.0032,-0.0073,-0.0220,2.0000,tau_limit
5840,20.0000,2.0000,0.0032,0.0032,-0.0073,-0.0220,2.0000,tau_limit
5845,20.0000,2.0000,0.0032,0.0032,-0.0073,-0.0220,2.0000,tau_limit
5850,20.0000,2.0000,0.0032,0.0032,-0.0073,-0.0171,2.0000,tau_limit
5855,20.0000,2.0000,0.0032,0.0032,-0.0073,-0.0220,2.0000,tau_limit
5860,20.0000,2.0000,0.0032,0.0032,-0.0073,-0.0220,2.0000,tau_limit
5865,20.0000,2.0000,0.0032,0.0032,-0.0073,-0.0220,2.0000,tau_limit
5870,20.0000,2.0000,0.0032,0.0032,-0.0073,-0.0220,2.0000,tau_limit
5875,20.0000,2.0000,0.0032,0.0032,-0.0073,-0.0220,2.0000,tau_limit
5880,20.0000,2.0000,0.0032,0.0032,-0.0073,-0.0220,2.0000,tau_limit
5885,20.0000,2.0000,0.0032,0.0032,-0.0073,-0.0220,2.0000,tau_limit
5890,20.0000,2.0000,0.0032,0.0032,-0.0073,-0.0171,2.0000,tau_limit
5895,20.0000,2.0000,0.0032,0.0032,-0.0073,-0.0220,2.0000,tau_limit
5900,20.0000,2.0000,0.0032,0.0032,-0.0073,-0.0220,2.0000,tau_limit
5906,20.0000,2.0000,0.0032,0.0032,-0.0073,-0.0220,2.0000,tau_limit
5911,20.0000,2.0000,0.0032,0.0032,-0.0073,-0.0171,2.0000,tau_limit
5916,20.0000,2.0000,0.0032,0.0032,-0.0073,-0.0220,2.0000,tau_limit
5921,20.0000,2.0000,0.0032,0.0032,-0.0073,-0.0171,2.0000,tau_limit
5926,20.0000,2.0000,0.0032,0.0032,-0.0073,-0.0220,2.0000,tau_limit
5931,20.0000,2.0000,0.0032,0.0032,-0.0073,-0.0171,2.0000,tau_limit
5936,20.0000,2.0000,0.0032,0.0032,-0.0073,-0.0220,2.0000,tau_limit
5941,20.0000,2.0000,0.0032,0.0032,-0.0073,-0.0269,2.0000,tau_limit
5946,20.0000,2.0000,0.0032,0.0032,-0.0073,-0.0220,2.0000,tau_limit
5951,20.0000,2.0000,0.0032,0.0032,-0.0073,-0.0220,2.0000,tau_limit
5956,20.0000,2.0000,0.0032,0.0032,-0.0073,-0.0220,2.0000,tau_limit
5961,20.0000,2.0000,0.0032,0.0032,-0.0073,-0.0220,2.0000,tau_limit
5966,20.0000,2.0000,0.0032,0.0032,-0.0073,-0.0220,2.0000,tau_limit
5971,20.0000,2.0000,0.0032,0.0032,-0.0073,-0.0220,2.0000,tau_limit
5976,20.0000,2.0000,0.0032,0.0032,-0.0073,-0.0171,2.0000,tau_limit
5981,20.0000,2.0000,0.0032,0.0032,-0.0073,-0.0171,2.0000,tau_limit
5986,20.0000,2.0000,0.0032,0.0032,-0.0073,-0.0220,2.0000,tau_limit
5992,20.0000,2.0000,0.0032,0.0032,-0.0073,-0.0220,2.0000,tau_limit
5997,20.0000,2.0000,0.0032,0.0032,-0.0073,-0.0220,2.0000,tau_limit
6002,20.0000,2.0000,0.0032,0.0032,-0.0073,-0.0171,2.0000,tau_limit
6007,20.0000,2.0000,0.0032,0.0032,-0.0073,-0.0220,2.0000,tau_limit
6012,20.0000,2.0000,0.0032,0.0032,-0.0073,-0.0220,2.0000,tau_limit
6017,20.0000,2.0000,0.0032,0.0032,-0.0073,-0.0220,2.0000,tau_limit
6022,20.0000,2.0000,0.0032,0.0032,-0.0073,-0.0171,2.0000,tau_limit
6027,20.0000,2.0000,0.0032,0.0032,-0.0073,-0.0220,2.0000,tau_limit
6032,20.0000,2.0000,0.0032,0.0032,-0.0073,-0.0171,2.0000,tau_limit
6037,20.0000,2.0000,0.0032,0.0032,-0.0073,-0.0220,2.0000,tau_limit
6042,20.0000,2.0000,0.0032,0.0032,-0.0073,-0.0220,2.0000,tau_limit
6047,20.0000,2.0000,0.0032,0.0032,-0.0073,-0.0220,2.0000,tau_limit
6052,20.0000,2.0000,0.0032,0.0032,-0.0073,-0.0220,2.0000,tau_limit
6057,20.0000,2.0000,0.0032,0.0032,-0.0073,-0.0220,2.0000,tau_limit
6062,20.0000,2.0000,0.0032,0.0032,-0.0073,-0.0220,2.0000,tau_limit
6067,20.0000,2.0000,0.0032,0.0032,-0.0073,-0.0220,2.0000,tau_limit
6072,20.0000,2.0000,0.0032,0.0032,-0.0073,-0.0220,2.0000,tau_limit
6077,20.0000,2.0000,0.0032,0.0032,-0.0073,-0.0220,2.0000,tau_limit
6083,20.0000,2.0000,0.0032,0.0032,-0.0073,-0.0171,2.0000,tau_limit
6088,20.0000,2.0000,0.0032,0.0032,-0.0073,-0.0171,2.0000,tau_limit
6093,20.0000,2.0000,0.0032,0.0032,-0.0073,-0.0220,2.0000,tau_limit
6098,20.0000,2.0000,0.0032,0.0032,-0.0073,-0.0171,2.0000,tau_limit
6103,20.0000,2.0000,0.0032,0.0032,-0.0073,-0.0220,2.0000,tau_limit
6108,20.0000,2.0000,0.0032,0.0032,-0.0073,-0.0220,2.0000,tau_limit
6113,20.0000,2.0000,0.0032,0.0032,-0.0073,-0.0220,2.0000,tau_limit
6118,20.0000,2.0000,0.0032,0.0032,-0.0073,-0.0220,2.0000,tau_limit
6123,20.0000,2.0000,0.0032,0.0032,-0.0073,-0.0220,2.0000,tau_limit
6128,20.0000,2.0000,0.0032,0.0032,-0.0073,-0.0220,2.0000,tau_limit
6133,20.0000,2.0000,0.0032,0.0032,-0.0073,-0.0171,2.0000,tau_limit
6138,20.0000,2.0000,0.0032,0.0032,-0.0073,-0.0220,2.0000,tau_limit
6143,20.0000,2.0000,0.0032,0.0032,-0.0073,-0.0220,2.0000,tau_limit
6148,20.0000,2.0000,0.0032,0.0032,-0.0073,-0.0269,2.0000,tau_limit
6153,20.0000,2.0000,0.0032,0.0032,-0.0073,-0.0220,2.0000,tau_limit
6158,20.0000,2.0000,0.0032,0.0032,-0.0073,-0.0220,2.0000,tau_limit
6163,20.0000,2.0000,0.0032,0.0032,-0.0073,-0.0171,2.0000,tau_limit
6169,20.0000,2.0000,0.0032,0.0032,-0.0073,-0.0171,2.0000,tau_limit
6174,20.0000,2.0000,0.0032,0.0032,-0.0073,-0.0220,2.0000,tau_limit
6179,20.0000,2.0000,0.0032,0.0032,-0.0073,-0.0171,2.0000,tau_limit
6184,20.0000,2.0000,0.0032,0.0032,-0.0073,-0.0220,2.0000,tau_limit
6189,20.0000,2.0000,0.0032,0.0032,-0.0073,-0.0171,2.0000,tau_limit
6194,20.0000,2.0000,0.0032,0.0032,-0.0073,-0.0220,2.0000,tau_limit
6199,20.0000,2.0000,0.0032,0.0032,-0.0073,-0.0220,2.0000,tau_limit
6204,20.0000,2.0000,0.0032,0.0032,-0.0073,-0.0220,2.0000,tau_limit
6209,20.0000,2.0000,0.0032,0.0032,-0.0073,-0.0220,2.0000,tau_limit
6214,20.0000,2.0000,0.0032,0.0032,-0.0073,-0.0171,2.0000,tau_limit
6219,20.0000,2.0000,0.0032,0.0032,-0.0073,-0.0171,2.0000,tau_limit
6224,20.0000,2.0000,0.0032,0.0032,-0.0073,-0.0171,2.0000,tau_limit
6229,20.0000,2.0000,0.0032,0.0032,-0.0073,-0.0171,2.0000,tau_limit
6234,20.0000,2.0000,0.0032,0.0032,-0.0073,-0.0220,2.0000,tau_limit
6239,20.0000,2.0000,0.0032,0.0032,-0.0073,-0.0220,2.0000,tau_limit
6244,20.0000,2.0000,0.0032,0.0032,-0.0073,-0.0220,2.0000,tau_limit
6249,20.0000,2.0000,0.0032,0.0032,-0.0073,-0.0220,2.0000,tau_limit
6254,20.0000,2.0000,0.0032,0.0032,-0.0073,-0.0220,2.0000,tau_limit
6259,20.0000,2.0000,0.0032,0.0032,-0.0073,-0.0220,2.0000,tau_limit
6265,20.0000,2.0000,0.0032,0.0032,-0.0073,-0.0220,2.0000,tau_limit
6270,20.0000,2.0000,0.0032,0.0032,-0.0073,-0.0220,2.0000,tau_limit
6275,20.0000,2.0000,0.0032,0.0032,-0.0073,-0.0171,2.0000,tau_limit
6280,20.0000,2.0000,0.0032,0.0032,-0.0073,-0.0220,2.0000,tau_limit
6285,20.0000,2.0000,0.0032,0.0032,-0.0073,-0.0220,2.0000,tau_limit
6290,20.0000,2.0000,0.0032,0.0032,-0.0073,-0.0220,2.0000,tau_limit
6295,20.0000,2.0000,0.0032,0.0032,-0.0073,-0.0220,2.0000,tau_limit
6300,20.0000,2.0000,0.0032,0.0032,-0.0073,-0.0220,2.0000,tau_limit
6305,20.0000,2.0000,0.0032,0.0032,-0.0073,-0.0171,2.0000,tau_limit
6310,20.0000,2.0000,0.0032,0.0032,-0.0073,-0.0220,2.0000,tau_limit
6315,20.0000,2.0000,0.0032,0.0032,-0.0073,-0.0220,2.0000,tau_limit
6320,20.0000,2.0000,0.0032,0.0032,-0.0073,-0.0220,2.0000,tau_limit
6325,20.0000,2.0000,0.0032,0.0032,-0.0073,-0.0220,2.0000,tau_limit
6330,20.0000,2.0000,0.0032,0.0032,-0.0073,-0.0171,2.0000,tau_limit
6335,20.0000,2.0000,0.0032,0.0032,-0.0073,-0.0220,2.0000,tau_limit
6340,20.0000,2.0000,0.0032,0.0032,-0.0073,-0.0220,2.0000,tau_limit
6345,20.0000,2.0000,0.0032,0.0032,-0.0073,-0.0220,2.0000,tau_limit
6350,20.0000,2.0000,0.0032,0.0032,-0.0073,-0.0220,2.0000,tau_limit
6356,20.0000,2.0000,0.0032,0.0032,-0.0073,-0.0220,2.0000,tau_limit
6361,20.0000,2.0000,0.0032,0.0032,-0.0073,-0.0220,2.0000,tau_limit
6366,20.0000,2.0000,0.0032,0.0032,-0.0073,-0.0171,2.0000,tau_limit
6371,20.0000,2.0000,0.0032,0.0032,-0.0073,-0.0220,2.0000,tau_limit
6376,20.0000,2.0000,0.0032,0.0032,-0.0073,-0.0220,2.0000,tau_limit
6381,20.0000,2.0000,0.0032,0.0032,-0.0073,-0.0220,2.0000,tau_limit
6386,20.0000,2.0000,0.0032,0.0032,-0.0073,-0.0220,2.0000,tau_limit
6391,20.0000,2.0000,0.0032,0.0032,-0.0073,-0.0220,2.0000,tau_limit
6396,20.0000,2.0000,0.0032,0.0032,-0.0073,-0.0220,2.0000,tau_limit
6401,20.0000,2.0000,0.0032,0.0032,-0.0073,-0.0220,2.0000,tau_limit
6406,20.0000,2.0000,0.0032,0.0032,-0.0073,-0.0220,2.0000,tau_limit
6411,20.0000,2.0000,0.0032,0.0032,-0.0073,-0.0220,2.0000,tau_limit
6416,20.0000,2.0000,0.0032,0.0032,-0.0073,-0.0220,2.0000,tau_limit
6421,20.0000,2.0000,0.0032,0.0032,-0.0073,-0.0220,2.0000,tau_limit
6426,20.0000,2.0000,0.0032,0.0032,-0.0073,-0.0171,2.0000,tau_limit
6431,20.0000,2.0000,0.0032,0.0032,-0.0073,-0.0171,2.0000,tau_limit
6436,20.0000,2.0000,0.0032,0.0032,-0.0073,-0.0171,2.0000,tau_limit
6441,20.0000,2.0000,0.0032,0.0032,-0.0073,-0.0171,2.0000,tau_limit
6446,20.0000,2.0000,0.0032,0.0032,-0.0073,-0.0171,2.0000,tau_limit
6452,20.0000,2.0000,0.0032,0.0032,-0.0073,-0.0220,2.0000,tau_limit
6457,20.0000,2.0000,0.0032,0.0032,-0.0073,-0.0220,2.0000,tau_limit
6462,20.0000,2.0000,0.0032,0.0032,-0.0073,-0.0171,2.0000,tau_limit
6467,20.0000,2.0000,0.0032,0.0032,-0.0073,-0.0220,2.0000,tau_limit
6472,20.0000,2.0000,0.0032,0.0032,-0.0073,-0.0171,2.0000,tau_limit
6477,20.0000,2.0000,0.0032,0.0032,-0.0073,-0.0171,2.0000,tau_limit
6482,20.0000,2.0000,0.0032,0.0032,-0.0073,-0.0171,2.0000,tau_limit
6487,20.0000,2.0000,0.0032,0.0032,-0.0073,-0.0220,2.0000,tau_limit
6492,20.0000,2.0000,0.0032,0.0032,-0.0073,-0.0171,2.0000,tau_limit
6497,20.0000,2.0000,0.0032,0.0032,-0.0073,-0.0220,2.0000,tau_limit
6502,20.0000,2.0000,0.0032,0.0032,-0.0073,-0.0220,2.0000,tau_limit
6507,20.0000,2.0000,0.0032,0.0032,-0.0073,-0.0171,2.0000,tau_limit
6512,20.0000,2.0000,0.0032,0.0032,-0.0073,-0.0220,2.0000,tau_limit
6517,20.0000,2.0000,0.0032,0.0032,-0.0073,-0.0220,2.0000,tau_limit
6522,20.0000,2.0000,0.0032,0.0032,-0.0073,-0.0171,2.0000,tau_limit
6527,20.0000,2.0000,0.0032,0.0032,-0.0073,-0.0171,2.0000,tau_limit
6532,20.0000,2.0000,0.0032,0.0032,-0.0073,-0.0171,2.0000,tau_limit
6537,20.0000,2.0000,0.0032,0.0032,-0.0073,-0.0171,2.0000,tau_limit
6543,20.0000,2.0000,0.0032,0.0032,-0.0073,-0.0220,2.0000,tau_limit
6548,20.0000,2.0000,0.0032,0.0032,-0.0073,-0.0171,2.0000,tau_limit
6553,20.0000,2.0000,0.0032,0.0032,-0.0073,-0.0220,2.0000,tau_limit
6558,20.0000,2.0000,0.0032,0.0032,-0.0073,-0.0171,2.0000,tau_limit
6563,20.0000,2.0000,0.0032,0.0032,-0.0073,-0.0171,2.0000,tau_limit
6568,20.0000,2.0000,0.0032,0.0032,-0.0073,-0.0171,2.0000,tau_limit
6573,20.0000,2.0000,0.0032,0.0032,-0.0073,-0.0171,2.0000,tau_limit
6578,20.0000,2.0000,0.0032,0.0032,-0.0073,-0.0171,2.0000,tau_limit
6583,20.0000,2.0000,0.0032,0.0032,-0.0073,-0.0171,2.0000,tau_limit
6588,20.0000,2.0000,0.0032,0.0032,-0.0073,-0.0220,2.0000,tau_limit
6593,20.0000,2.0000,0.0032,0.0032,-0.0073,-0.0220,2.0000,tau_limit
6598,20.0000,2.0000,0.0032,0.0032,-0.0073,-0.0220,2.0000,tau_limit
6603,20.0000,2.0000,0.0032,0.0032,-0.0073,-0.0220,2.0000,tau_limit
6608,20.0000,2.0000,0.0032,0.0032,-0.0073,-0.0220,2.0000,tau_limit
6613,20.0000,2.0000,0.0032,0.0032,-0.0073,-0.0171,2.0000,tau_limit
6618,20.0000,2.0000,0.0032,0.0032,-0.0073,-0.0220,2.0000,tau_limit
6623,20.0000,2.0000,0.0032,0.0032,-0.0073,-0.0171,2.0000,tau_limit
6628,20.0000,2.0000,0.0032,0.0032,-0.0073,-0.0171,2.0000,tau_limit
6634,20.0000,2.0000,0.0032,0.0032,-0.0073,-0.0171,2.0000,tau_limit
6639,20.0000,2.0000,0.0032,0.0032,-0.0073,-0.0220,2.0000,tau_limit
6644,20.0000,2.0000,0.0032,0.0032,-0.0073,-0.0171,2.0000,tau_limit
6649,20.0000,2.0000,0.0032,0.0032,-0.0073,-0.0171,2.0000,tau_limit
6654,20.0000,2.0000,0.0032,0.0032,-0.0073,-0.0220,2.0000,tau_limit
6659,20.0000,2.0000,0.0032,0.0032,-0.0073,-0.0220,2.0000,tau_limit
6664,20.0000,2.0000,0.0032,0.0032,-0.0073,-0.0171,2.0000,tau_limit
6669,20.0000,2.0000,0.0032,0.0032,-0.0073,-0.0220,2.0000,tau_limit
6674,20.0000,2.0000,0.0032,0.0032,-0.0073,-0.0220,2.0000,tau_limit
6679,20.0000,2.0000,0.0032,0.0032,-0.0073,-0.0220,2.0000,tau_limit
6684,20.0000,2.0000,0.0032,0.0032,-0.0073,-0.0220,2.0000,tau_limit
6689,20.0000,2.0000,0.0032,0.0032,-0.0073,-0.0220,2.0000,tau_limit
6694,20.0000,2.0000,0.0032,0.0032,-0.0073,-0.0171,2.0000,tau_limit
6699,20.0000,2.0000,0.0032,0.0032,-0.0073,-0.0171,2.0000,tau_limit
6704,20.0000,2.0000,0.0032,0.0032,-0.0073,-0.0171,2.0000,tau_limit
6709,20.0000,2.0000,0.0032,0.0032,-0.0073,-0.0220,2.0000,tau_limit
6714,20.0000,2.0000,0.0032,0.0032,-0.0073,-0.0220,2.0000,tau_limit
6720,20.0000,2.0000,0.0032,0.0032,-0.0073,-0.0220,2.0000,tau_limit
6725,20.0000,2.0000,0.0032,0.0032,-0.0073,-0.0220,2.0000,tau_limit
6730,20.0000,2.0000,0.0032,0.0032,-0.0073,-0.0220,2.0000,tau_limit
6735,20.0000,2.0000,0.0032,0.0032,-0.0073,-0.0220,2.0000,tau_limit
6740,20.0000,2.0000,0.0032,0.0032,-0.0073,-0.0171,2.0000,tau_limit
6745,20.0000,2.0000,0.0032,0.0032,-0.0073,-0.0220,2.0000,tau_limit
6750,20.0000,2.0000,0.0032,0.0032,-0.0073,-0.0220,2.0000,tau_limit
6755,20.0000,2.0000,0.0032,0.0032,-0.0073,-0.0220,2.0000,tau_limit
6760,20.0000,2.0000,0.0032,0.0032,-0.0073,-0.0220,2.0000,tau_limit
6765,20.0000,2.0000,0.0032,0.0032,-0.0073,-0.0220,2.0000,tau_limit
6770,20.0000,2.0000,0.0032,0.0032,-0.0073,-0.0171,2.0000,tau_limit
6775,20.0000,2.0000,0.0032,0.0032,-0.0073,-0.0171,2.0000,tau_limit
6780,20.0000,2.0000,0.0032,0.0032,-0.0073,-0.0171,2.0000,tau_limit
6785,20.0000,2.0000,0.0032,0.0032,-0.0073,-0.0171,2.0000,tau_limit
6790,20.0000,2.0000,0.0032,0.0032,-0.0073,-0.0171,2.0000,tau_limit
6795,20.0000,2.0000,0.0032,0.0032,-0.0073,-0.0220,2.0000,tau_limit
6800,20.0000,2.0000,0.0032,0.0032,-0.0073,-0.0220,2.0000,tau_limit
6805,20.0000,2.0000,0.0032,0.0032,-0.0073,-0.0220,2.0000,tau_limit
6811,20.0000,2.0000,0.0032,0.0032,-0.0073,-0.0220,2.0000,tau_limit
6816,20.0000,2.0000,0.0032,0.0032,-0.0073,-0.0220,2.0000,tau_limit
6821,20.0000,2.0000,0.0032,0.0032,-0.0073,-0.0220,2.0000,tau_limit
6826,20.0000,2.0000,0.0032,0.0032,-0.0073,-0.0220,2.0000,tau_limit
6831,20.0000,2.0000,0.0032,0.0032,-0.0073,-0.0220,2.0000,tau_limit
6836,20.0000,2.0000,0.0032,0.0032,-0.0073,-0.0171,2.0000,tau_limit
6841,20.0000,2.0000,0.0032,0.0032,-0.0073,-0.0220,2.0000,tau_limit
6846,20.0000,2.0000,0.0032,0.0032,-0.0073,-0.0171,2.0000,tau_limit
6851,20.0000,2.0000,0.0032,0.0032,-0.0073,-0.0220,2.0000,tau_limit
6856,20.0000,2.0000,0.0032,0.0032,-0.0073,-0.0171,2.0000,tau_limit
6861,20.0000,2.0000,0.0032,0.0032,-0.0073,-0.0220,2.0000,tau_limit
6866,20.0000,2.0000,0.0032,0.0032,-0.0073,-0.0220,2.0000,tau_limit
6871,20.0000,2.0000,0.0032,0.0032,-0.0073,-0.0220,2.0000,tau_limit
6876,20.0000,2.0000,0.0032,0.0032,-0.0073,-0.0220,2.0000,tau_limit
6881,20.0000,2.0000,0.0032,0.0032,-0.0073,-0.0220,2.0000,tau_limit
6886,20.0000,2.0000,0.0032,0.0032,-0.0073,-0.0220,2.0000,tau_limit
6891,20.0000,2.0000,0.0032,0.0032,-0.0073,-0.0220,2.0000,tau_limit
6896,20.0000,2.0000,0.0032,0.0032,-0.0073,-0.0220,2.0000,tau_limit
6902,20.0000,2.0000,0.0032,0.0032,-0.0073,-0.0171,2.0000,tau_limit
6907,20.0000,2.0000,0.0032,0.0032,-0.0073,-0.0171,2.0000,tau_limit
6912,20.0000,2.0000,0.0032,0.0032,-0.0073,-0.0220,2.0000,tau_limit
6917,20.0000,2.0000,0.0032,0.0032,-0.0073,-0.0220,2.0000,tau_limit
6922,20.0000,2.0000,0.0032,0.0032,-0.0073,-0.0220,2.0000,tau_limit
6927,20.0000,2.0000,0.0032,0.0032,-0.0073,-0.0220,2.0000,tau_limit
6932,20.0000,2.0000,0.0032,0.0032,-0.0073,-0.0220,2.0000,tau_limit
6937,20.0000,2.0000,0.0032,0.0032,-0.0073,-0.0220,2.0000,tau_limit
6942,20.0000,2.0000,0.0032,0.0032,-0.0073,-0.0171,2.0000,tau_limit
6947,20.0000,2.0000,0.0032,0.0032,-0.0073,-0.0171,2.0000,tau_limit
6952,20.0000,2.0000,0.0032,0.0032,-0.0073,-0.0171,2.0000,tau_limit
6957,20.0000,2.0000,0.0032,0.0032,-0.0073,-0.0220,2.0000,tau_limit
6962,20.0000,2.0000,0.0032,0.0032,-0.0073,-0.0220,2.0000,tau_limit
6967,20.0000,2.0000,0.0032,0.0032,-0.0073,-0.0171,2.0000,tau_limit
6972,20.0000,2.0000,0.0032,0.0032,-0.0073,-0.0220,2.0000,tau_limit
6977,20.0000,2.0000,0.0032,0.0032,-0.0073,-0.0220,2.0000,tau_limit
6982,20.0000,2.0000,0.0032,0.0032,-0.0073,-0.0220,2.0000,tau_limit
6987,20.0000,2.0000,0.0032,0.0032,-0.0073,-0.0220,2.0000,tau_limit
6993,20.0000,2.0000,0.0032,0.0032,-0.0073,-0.0220,2.0000,tau_limit
6998,20.0000,2.0000,0.0032,0.0032,-0.0073,-0.0220,2.0000,tau_limit
7003,20.0000,2.0000,0.0032,0.0032,-0.0073,-0.0171,2.0000,tau_limit
7008,20.0000,2.0000,0.0032,0.0032,-0.0073,-0.0220,2.0000,tau_limit
7013,20.0000,2.0000,0.0032,0.0032,-0.0073,-0.0220,2.0000,tau_limit
7018,20.0000,2.0000,0.0032,0.0032,-0.0073,-0.0220,2.0000,tau_limit
7023,20.0000,2.0000,0.0032,0.0032,-0.0073,-0.0171,2.0000,tau_limit
7028,20.0000,2.0000,0.0032,0.0032,-0.0073,-0.0171,2.0000,tau_limit
7033,20.0000,2.0000,0.0032,0.0032,-0.0073,-0.0220,2.0000,tau_limit
7038,20.0000,2.0000,0.0032,0.0032,-0.0073,-0.0220,2.0000,tau_limit
7043,20.0000,2.0000,0.0032,0.0032,-0.0073,-0.0171,2.0000,tau_limit
7048,20.0000,2.0000,0.0032,0.0032,-0.0073,-0.0171,2.0000,tau_limit
7053,20.0000,2.0000,0.0032,0.0032,-0.0073,-0.0171,2.0000,tau_limit
7058,20.0000,2.0000,0.0032,0.0032,-0.0073,-0.0220,2.0000,tau_limit
7063,20.0000,2.0000,0.0032,0.0032,-0.0073,-0.0220,2.0000,tau_limit
7068,20.0000,2.0000,0.0032,0.0032,-0.0073,-0.0171,2.0000,tau_limit
7073,20.0000,2.0000,0.0032,0.0032,-0.0073,-0.0220,2.0000,tau_limit
7079,20.0000,2.0000,0.0032,0.0032,-0.0073,-0.0220,2.0000,tau_limit
7084,20.0000,2.0000,0.0032,0.0032,-0.0073,-0.0220,2.0000,tau_limit
7089,20.0000,2.0000,0.0032,0.0032,-0.0073,-0.0220,2.0000,tau_limit
7094,20.0000,2.0000,0.0032,0.0032,-0.0073,-0.0220,2.0000,tau_limit
7099,20.0000,2.0000,0.0032,0.0032,-0.0073,-0.0220,2.0000,tau_limit
7104,20.0000,2.0000,0.0032,0.0032,-0.0073,-0.0220,2.0000,tau_limit
7109,20.0000,2.0000,0.0032,0.0032,-0.0073,-0.0220,2.0000,tau_limit
7114,20.0000,2.0000,0.0032,0.0032,-0.0073,-0.0220,2.0000,tau_limit
7119,20.0000,2.0000,0.0032,0.0032,-0.0073,-0.0220,2.0000,tau_limit
7124,20.0000,2.0000,0.0032,0.0032,-0.0073,-0.0220,2.0000,tau_limit
7129,20.0000,2.0000,0.0032,0.0032,-0.0073,-0.0220,2.0000,tau_limit
7134,20.0000,2.0000,0.0032,0.0032,-0.0073,-0.0171,2.0000,tau_limit
7139,20.0000,2.0000,0.0032,0.0032,-0.0073,-0.0171,2.0000,tau_limit
7144,20.0000,2.0000,0.0032,0.0032,-0.0073,-0.0171,2.0000,tau_limit
7149,20.0000,2.0000,0.0032,0.0032,-0.0073,-0.0220,2.0000,tau_limit
7154,20.0000,2.0000,0.0032,0.0032,-0.0073,-0.0171,2.0000,tau_limit
7159,20.0000,2.0000,0.0032,0.0032,-0.0073,-0.0220,2.0000,tau_limit
7164,20.0000,2.0000,0.0032,0.0032,-0.0073,-0.0171,2.0000,tau_limit
7170,20.0000,2.0000,0.0032,0.0032,-0.0073,-0.0220,2.0000,tau_limit
7175,20.0000,2.0000,0.0032,0.0032,-0.0073,-0.0220,2.0000,tau_limit
7180,20.0000,2.0000,0.0032,0.0032,-0.0073,-0.0171,2.0000,tau_limit
7185,20.0000,2.0000,0.0032,0.0032,-0.0073,-0.0171,2.0000,tau_limit
7190,20.0000,2.0000,0.0032,0.0032,-0.0073,-0.0220,2.0000,tau_limit
7195,20.0000,2.0000,0.0032,0.0032,-0.0073,-0.0171,2.0000,tau_limit
7200,20.0000,2.0000,0.0032,0.0032,-0.0073,-0.0220,2.0000,tau_limit
7205,20.0000,2.0000,0.0032,0.0032,-0.0073,-0.0171,2.0000,tau_limit
7210,20.0000,2.0000,0.0032,0.0032,-0.0073,-0.0220,2.0000,tau_limit
7215,20.0000,2.0000,0.0032,0.0032,-0.0073,-0.0171,2.0000,tau_limit
7220,20.0000,2.0000,0.0032,0.0032,-0.0073,-0.0220,2.0000,tau_limit
7225,20.0000,2.0000,0.0032,0.0032,-0.0073,-0.0220,2.0000,tau_limit
7230,20.0000,2.0000,0.0032,0.0032,-0.0073,-0.0171,2.0000,tau_limit
7235,20.0000,2.0000,0.0032,0.0032,-0.0073,-0.0171,2.0000,tau_limit
7240,20.0000,2.0000,0.0032,0.0032,-0.0073,-0.0220,2.0000,tau_limit
7245,20.0000,2.0000,0.0032,0.0032,-0.0073,-0.0220,2.0000,tau_limit
7250,20.0000,2.0000,0.0032,0.0032,-0.0073,-0.0220,2.0000,tau_limit
7255,20.0000,2.0000,0.0032,0.0032,-0.0073,-0.0220,2.0000,tau_limit
7261,20.0000,2.0000,0.0032,0.0032,-0.0073,-0.0220,2.0000,tau_limit
7266,20.0000,2.0000,0.0032,0.0032,-0.0073,-0.0220,2.0000,tau_limit
7271,20.0000,2.0000,0.0032,0.0032,-0.0073,-0.0220,2.0000,tau_limit
7276,20.0000,2.0000,0.0032,0.0032,-0.0073,-0.0220,2.0000,tau_limit
7281,20.0000,2.0000,0.0032,0.0032,-0.0073,-0.0220,2.0000,tau_limit
7286,20.0000,2.0000,0.0032,0.0032,-0.0073,-0.0171,2.0000,tau_limit
7291,20.0000,2.0000,0.0032,0.0032,-0.0073,-0.0171,2.0000,tau_limit
7296,20.0000,2.0000,0.0032,0.0032,-0.0073,-0.0171,2.0000,tau_limit
7301,20.0000,2.0000,0.0032,0.0032,-0.0073,-0.0220,2.0000,tau_limit
7306,20.0000,2.0000,0.0032,0.0032,-0.0073,-0.0220,2.0000,tau_limit
7311,20.0000,2.0000,0.0032,0.0032,-0.0073,-0.0171,2.0000,tau_limit
7316,20.0000,2.0000,0.0032,0.0032,-0.0073,-0.0171,2.0000,tau_limit
7321,20.0000,2.0000,0.0032,0.0032,-0.0073,-0.0171,2.0000,tau_limit
7326,20.0000,2.0000,0.0032,0.0032,-0.0073,-0.0220,2.0000,tau_limit
7331,20.0000,2.0000,0.0032,0.0032,-0.0073,-0.0220,2.0000,tau_limit
7336,20.0000,2.0000,0.0032,0.0032,-0.0073,-0.0220,2.0000,tau_limit
7341,20.0000,2.0000,0.0032,0.0032,-0.0073,-0.0220,2.0000,tau_limit
7347,20.0000,2.0000,0.0032,0.0032,-0.0073,-0.0220,2.0000,tau_limit
7352,20.0000,2.0000,0.0032,0.0032,-0.0073,-0.0171,2.0000,tau_limit
7357,20.0000,2.0000,0.0032,0.0032,-0.0073,-0.0220,2.0000,tau_limit
7362,20.0000,2.0000,0.0032,0.0032,-0.0073,-0.0220,2.0000,tau_limit
7367,20.0000,2.0000,0.0032,0.0032,-0.0073,-0.0220,2.0000,tau_limit
7372,20.0000,2.0000,0.0032,0.0032,-0.0073,-0.0171,2.0000,tau_limit
7377,20.0000,2.0000,0.0032,0.0032,-0.0073,-0.0220,2.0000,tau_limit
7382,20.0000,2.0000,0.0032,0.0032,-0.0073,-0.0220,2.0000,tau_limit
7387,20.0000,2.0000,0.0032,0.0032,-0.0073,-0.0220,2.0000,tau_limit
7392,20.0000,2.0000,0.0032,0.0032,-0.0073,-0.0171,2.0000,tau_limit
7397,20.0000,2.0000,0.0032,0.0032,-0.0073,-0.0171,2.0000,tau_limit
7402,20.0000,2.0000,0.0032,0.0032,-0.0073,-0.0171,2.0000,tau_limit
7407,20.0000,2.0000,0.0032,0.0032,-0.0073,-0.0220,2.0000,tau_limit
7412,20.0000,2.0000,0.0032,0.0032,-0.0073,-0.0220,2.0000,tau_limit
7417,20.0000,2.0000,0.0032,0.0032,-0.0073,-0.0220,2.0000,tau_limit
7422,20.0000,2.0000,0.0032,0.0032,-0.0073,-0.0171,2.0000,tau_limit
7427,20.0000,2.0000,0.0032,0.0032,-0.0073,-0.0220,2.0000,tau_limit
7432,20.0000,2.0000,0.0032,0.0032,-0.0073,-0.0220,2.0000,tau_limit
7438,20.0000,2.0000,0.0032,0.0032,-0.0073,-0.0220,2.0000,tau_limit
7443,20.0000,2.0000,0.0032,0.0032,-0.0073,-0.0220,2.0000,tau_limit
7448,20.0000,2.0000,0.0032,0.0032,-0.0073,-0.0171,2.0000,tau_limit
7453,20.0000,2.0000,0.0032,0.0032,-0.0073,-0.0220,2.0000,tau_limit
7458,20.0000,2.0000,0.0032,0.0032,-0.0073,-0.0171,2.0000,tau_limit
7463,20.0000,2.0000,0.0032,0.0032,-0.0073,-0.0171,2.0000,tau_limit
7468,20.0000,2.0000,0.0032,0.0032,-0.0073,-0.0220,2.0000,tau_limit
7473,20.0000,2.0000,0.0032,0.0032,-0.0073,-0.0220,2.0000,tau_limit
7478,20.0000,2.0000,0.0032,0.0032,-0.0073,-0.0220,2.0000,tau_limit
7483,20.0000,2.0000,0.0032,0.0032,-0.0073,-0.0220,2.0000,tau_limit
7488,20.0000,2.0000,0.0032,0.0032,-0.0073,-0.0220,2.0000,tau_limit
7493,20.0000,2.0000,0.0032,0.0032,-0.0073,-0.0220,2.0000,tau_limit
7498,20.0000,2.0000,0.0032,0.0032,-0.0073,-0.0220,2.0000,tau_limit
7503,20.0000,2.0000,0.0032,0.0032,-0.0073,-0.0171,2.0000,tau_limit
7508,20.0000,2.0000,0.0032,0.0032,-0.0073,-0.0220,2.0000,tau_limit
7513,20.0000,2.0000,0.0032,0.0032,-0.0073,-0.0220,2.0000,tau_limit
7518,20.0000,2.0000,0.0032,0.0032,-0.0073,-0.0220,2.0000,tau_limit
7523,20.0000,2.0000,0.0032,0.0032,-0.0073,-0.0220,2.0000,tau_limit
7529,20.0000,2.0000,0.0032,0.0032,-0.0073,-0.0220,2.0000,tau_limit
7534,20.0000,2.0000,0.0032,0.0032,-0.0073,-0.0220,2.0000,tau_limit
7539,20.0000,2.0000,0.0032,0.0032,-0.0073,-0.0171,2.0000,tau_limit
7544,20.0000,2.0000,0.0032,0.0032,-0.0073,-0.0171,2.0000,tau_limit
7549,20.0000,2.0000,0.0032,0.0032,-0.0073,-0.0220,2.0000,tau_limit
7554,20.0000,2.0000,0.0032,0.0032,-0.0073,-0.0220,2.0000,tau_limit
7559,20.0000,2.0000,0.0032,0.0032,-0.0073,-0.0171,2.0000,tau_limit
7564,20.0000,2.0000,0.0032,0.0032,-0.0073,-0.0171,2.0000,tau_limit
7569,20.0000,2.0000,0.0032,0.0032,-0.0073,-0.0220,2.0000,tau_limit
7574,20.0000,2.0000,0.0032,0.0032,-0.0073,-0.0171,2.0000,tau_limit
7579,20.0000,2.0000,0.0032,0.0032,-0.0073,-0.0171,2.0000,tau_limit
7584,20.0000,2.0000,0.0032,0.0032,-0.0073,-0.0171,2.0000,tau_limit
7589,20.0000,2.0000,0.0032,0.0032,-0.0073,-0.0220,2.0000,tau_limit
7594,20.0000,2.0000,0.0032,0.0032,-0.0073,-0.0171,2.0000,tau_limit
7599,20.0000,2.0000,0.0032,0.0032,-0.0073,-0.0220,2.0000,tau_limit
7604,20.0000,2.0000,0.0032,0.0032,-0.0073,-0.0171,2.0000,tau_limit
7609,20.0000,2.0000,0.0032,0.0032,-0.0073,-0.0220,2.0000,tau_limit
7614,20.0000,2.0000,0.0032,0.0032,-0.0073,-0.0220,2.0000,tau_limit
7620,20.0000,2.0000,0.0032,0.0032,-0.0073,-0.0220,2.0000,tau_limit
7625,20.0000,2.0000,0.0032,0.0032,-0.0073,-0.0220,2.0000,tau_limit
7630,20.0000,2.0000,0.0032,0.0032,-0.0073,-0.0220,2.0000,tau_limit
7635,20.0000,2.0000,0.0032,0.0032,-0.0073,-0.0220,2.0000,tau_limit
7640,20.0000,2.0000,0.0032,0.0032,-0.0073,-0.0171,2.0000,tau_limit
7645,20.0000,2.0000,0.0032,0.0032,-0.0073,-0.0171,2.0000,tau_limit
7650,20.0000,2.0000,0.0032,0.0032,-0.0073,-0.0220,2.0000,tau_limit
7655,20.0000,2.0000,0.0032,0.0032,-0.0073,-0.0220,2.0000,tau_limit
7660,20.0000,2.0000,0.0032,0.0032,-0.0073,-0.0220,2.0000,tau_limit
7665,20.0000,2.0000,0.0032,0.0032,-0.0073,-0.0171,2.0000,tau_limit
7670,20.0000,2.0000,0.0032,0.0032,-0.0073,-0.0171,2.0000,tau_limit
7675,20.0000,2.0000,0.0032,0.0032,-0.0073,-0.0220,2.0000,tau_limit
7680,20.0000,2.0000,0.0032,0.0032,-0.0073,-0.0220,2.0000,tau_limit
7685,20.0000,2.0000,0.0032,0.0032,-0.0073,-0.0220,2.0000,tau_limit
7690,20.0000,2.0000,0.0032,0.0032,-0.0073,-0.0220,2.0000,tau_limit
7695,20.0000,2.0000,0.0032,0.0032,-0.0073,-0.0220,2.0000,tau_limit
7700,20.0000,2.0000,0.0032,0.0032,-0.0073,-0.0220,2.0000,tau_limit
7705,20.0000,2.0000,0.0032,0.0032,-0.0073,-0.0220,2.0000,tau_limit
7711,20.0000,2.0000,0.0032,0.0032,-0.0073,-0.0220,2.0000,tau_limit
7716,20.0000,2.0000,0.0032,0.0032,-0.0073,-0.0171,2.0000,tau_limit
7721,20.0000,2.0000,0.0032,0.0032,-0.0073,-0.0220,2.0000,tau_limit
7726,20.0000,2.0000,0.0032,0.0032,-0.0073,-0.0171,2.0000,tau_limit
7731,20.0000,2.0000,0.0032,0.0032,-0.0073,-0.0220,2.0000,tau_limit
7736,20.0000,2.0000,0.0032,0.0032,-0.0073,-0.0220,2.0000,tau_limit
7741,20.0000,2.0000,0.0032,0.0032,-0.0073,-0.0220,2.0000,tau_limit
7746,20.0000,2.0000,0.0032,0.0032,-0.0073,-0.0220,2.0000,tau_limit
7751,20.0000,2.0000,0.0032,0.0032,-0.0073,-0.0220,2.0000,tau_limit
7756,20.0000,2.0000,0.0032,0.0032,-0.0073,-0.0220,2.0000,tau_limit
7761,20.0000,2.0000,0.0032,0.0032,-0.0073,-0.0220,2.0000,tau_limit
7766,20.0000,2.0000,0.0032,0.0032,-0.0073,-0.0220,2.0000,tau_limit
7771,20.0000,2.0000,0.0032,0.0032,-0.0073,-0.0171,2.0000,tau_limit
7776,20.0000,2.0000,0.0032,0.0032,-0.0073,-0.0171,2.0000,tau_limit
7781,20.0000,2.0000,0.0032,0.0032,-0.0073,-0.0171,2.0000,tau_limit
7786,20.0000,2.0000,0.0032,0.0032,-0.0073,-0.0220,2.0000,tau_limit
7791,20.0000,2.0000,0.0032,0.0032,-0.0073,-0.0220,2.0000,tau_limit
7797,20.0000,2.0000,0.0032,0.0032,-0.0073,-0.0220,2.0000,tau_limit
7802,20.0000,2.0000,0.0032,0.0032,-0.0073,-0.0220,2.0000,tau_limit
7807,20.0000,2.0000,0.0032,0.0032,-0.0073,-0.0220,2.0000,tau_limit
7812,20.0000,2.0000,0.0032,0.0032,-0.0073,-0.0220,2.0000,tau_limit
7817,20.0000,2.0000,0.0032,0.0032,-0.0073,-0.0171,2.0000,tau_limit
7822,20.0000,2.0000,0.0032,0.0032,-0.0073,-0.0171,2.0000,tau_limit
7827,20.0000,2.0000,0.0032,0.0032,-0.0073,-0.0171,2.0000,tau_limit
7832,20.0000,2.0000,0.0032,0.0032,-0.0073,-0.0171,2.0000,tau_limit
7837,20.0000,2.0000,0.0032,0.0032,-0.0073,-0.0220,2.0000,tau_limit
7842,20.0000,2.0000,0.0032,0.0032,-0.0073,-0.0220,2.0000,tau_limit
7847,20.0000,2.0000,0.0032,0.0032,-0.0073,-0.0220,2.0000,tau_limit
7852,20.0000,2.0000,0.0032,0.0032,-0.0073,-0.0269,2.0000,tau_limit
7857,20.0000,2.0000,0.0032,0.0032,-0.0073,-0.0171,2.0000,tau_limit
7862,20.0000,2.0000,0.0032,0.0032,-0.0073,-0.0220,2.0000,tau_limit
7867,20.0000,2.0000,0.0032,0.0032,-0.0073,-0.0220,2.0000,tau_limit
7872,20.0000,2.0000,0.0032,0.0032,-0.0073,-0.0171,2.0000,tau_limit
7877,20.0000,2.0000,0.0032,0.0032,-0.0073,-0.0171,2.0000,tau_limit
7882,20.0000,2.0000,0.0032,0.0032,-0.0073,-0.0171,2.0000,tau_limit
7888,20.0000,2.0000,0.0032,0.0032,-0.0073,-0.0220,2.0000,tau_limit
7893,20.0000,2.0000,0.0032,0.0032,-0.0073,-0.0220,2.0000,tau_limit
7898,20.0000,2.0000,0.0032,0.0032,-0.0073,-0.0220,2.0000,tau_limit
7903,20.0000,2.0000,0.0032,0.0032,-0.0073,-0.0171,2.0000,tau_limit
7908,20.0000,2.0000,0.0032,0.0032,-0.0073,-0.0220,2.0000,tau_limit
7913,20.0000,2.0000,0.0032,0.0032,-0.0073,-0.0220,2.0000,tau_limit
7918,20.0000,2.0000,0.0032,0.0032,-0.0073,-0.0220,2.0000,tau_limit
7923,20.0000,2.0000,0.0032,0.0032,-0.0073,-0.0220,2.0000,tau_limit
7928,20.0000,2.0000,0.0032,0.0032,-0.0073,-0.0220,2.0000,tau_limit
7933,20.0000,2.0000,0.0032,0.0032,-0.0073,-0.0220,2.0000,tau_limit
7938,20.0000,2.0000,0.0032,0.0032,-0.0073,-0.0220,2.0000,tau_limit
7943,20.0000,2.0000,0.0032,0.0032,-0.0073,-0.0171,2.0000,tau_limit
7948,20.0000,2.0000,0.0032,0.0032,-0.0073,-0.0220,2.0000,tau_limit
7953,20.0000,2.0000,0.0032,0.0032,-0.0073,-0.0220,2.0000,tau_limit
7958,20.0000,2.0000,0.0032,0.0032,-0.0073,-0.0220,2.0000,tau_limit
7963,20.0000,2.0000,0.0032,0.0032,-0.0073,-0.0220,2.0000,tau_limit
7968,20.0000,2.0000,0.0032,0.0032,-0.0073,-0.0220,2.0000,tau_limit
7973,20.0000,2.0000,0.0032,0.0032,-0.0073,-0.0171,2.0000,tau_limit
7979,20.0000,2.0000,0.0032,0.0032,-0.0073,-0.0171,2.0000,tau_limit
7984,20.0000,2.0000,0.0032,0.0032,-0.0073,-0.0220,2.0000,tau_limit
7989,20.0000,2.0000,0.0032,0.0032,-0.0073,-0.0220,2.0000,tau_limit
7994,20.0000,2.0000,0.0032,0.0032,-0.0073,-0.0220,2.0000,tau_limit
7999,20.0000,2.0000,0.0032,0.0032,-0.0073,-0.0220,2.0000,tau_limit
8004,20.0000,2.0000,0.0032,0.0032,-0.0073,-0.0269,2.0000,tau_limit
8009,20.0000,2.0000,0.0032,0.0032,-0.0073,-0.0220,2.0000,tau_limit
8014,20.0000,2.0000,0.0032,0.0032,-0.0073,-0.0220,2.0000,tau_limit
8019,20.0000,2.0000,0.0032,0.0032,-0.0073,-0.0220,2.0000,tau_limit
8024,20.0000,2.0000,0.0032,0.0032,-0.0073,-0.0171,2.0000,tau_limit
8029,20.0000,2.0000,0.0032,0.0032,-0.0073,-0.0220,2.0000,tau_limit
8034,20.0000,2.0000,0.0032,0.0032,-0.0073,-0.0220,2.0000,tau_limit
8039,20.0000,2.0000,0.0032,0.0032,-0.0073,-0.0220,2.0000,tau_limit
8044,20.0000,2.0000,0.0032,0.0032,-0.0073,-0.0220,2.0000,tau_limit
8049,20.0000,2.0000,0.0032,0.0032,-0.0073,-0.0220,2.0000,tau_limit
8054,20.0000,2.0000,0.0032,0.0032,-0.0073,-0.0171,2.0000,tau_limit
8059,20.0000,2.0000,0.0032,0.0032,-0.0073,-0.0171,2.0000,tau_limit
8065,20.0000,2.0000,0.0032,0.0032,-0.0073,-0.0171,2.0000,tau_limit
8070,20.0000,2.0000,0.0032,0.0032,-0.0073,-0.0171,2.0000,tau_limit
8075,20.0000,2.0000,0.0032,0.0032,-0.0073,-0.0220,2.0000,tau_limit
8080,20.0000,2.0000,0.0032,0.0032,-0.0073,-0.0220,2.0000,tau_limit
8085,20.0000,2.0000,0.0032,0.0032,-0.0073,-0.0220,2.0000,tau_limit
8090,20.0000,2.0000,0.0032,0.0032,-0.0073,-0.0220,2.0000,tau_limit
8095,20.0000,2.0000,0.0032,0.0032,-0.0073,-0.0220,2.0000,tau_limit
8100,20.0000,2.0000,0.0032,0.0032,-0.0073,-0.0220,2.0000,tau_limit
8105,20.0000,2.0000,0.0032,0.0032,-0.0073,-0.0220,2.0000,tau_limit
8110,20.0000,2.0000,0.0032,0.0032,-0.0073,-0.0220,2.0000,tau_limit
8115,20.0000,2.0000,0.0032,0.0032,-0.0073,-0.0220,2.0000,tau_limit
8120,20.0000,2.0000,0.0032,0.0032,-0.0073,-0.0220,2.0000,tau_limit
8125,20.0000,2.0000,0.0032,0.0032,-0.0073,-0.0171,2.0000,tau_limit
8130,20.0000,2.0000,0.0032,0.0032,-0.0073,-0.0220,2.0000,tau_limit
8135,20.0000,2.0000,0.0032,0.0032,-0.0073,-0.0220,2.0000,tau_limit
8140,20.0000,2.0000,0.0032,0.0032,-0.0073,-0.0220,2.0000,tau_limit
8145,20.0000,2.0000,0.0032,0.0032,-0.0073,-0.0220,2.0000,tau_limit
8150,20.0000,2.0000,0.0032,0.0032,-0.0073,-0.0220,2.0000,tau_limit
8156,20.0000,2.0000,0.0032,0.0032,-0.0073,-0.0220,2.0000,tau_limit
8161,20.0000,2.0000,0.0032,0.0032,-0.0073,-0.0220,2.0000,tau_limit
8166,20.0000,2.0000,0.0032,0.0032,-0.0073,-0.0220,2.0000,tau_limit
8171,20.0000,2.0000,0.0032,0.0032,-0.0073,-0.0220,2.0000,tau_limit
8176,20.0000,2.0000,0.0032,0.0032,-0.0073,-0.0220,2.0000,tau_limit
8181,20.0000,2.0000,0.0032,0.0032,-0.0073,-0.0220,2.0000,tau_limit
8186,20.0000,2.0000,0.0032,0.0032,-0.0073,-0.0220,2.0000,tau_limit
8191,20.0000,2.0000,0.0032,0.0032,-0.0073,-0.0220,2.0000,tau_limit
8196,20.0000,2.0000,0.0032,0.0032,-0.0073,-0.0220,2.0000,tau_limit
8201,20.0000,2.0000,0.0032,0.0032,-0.0073,-0.0220,2.0000,tau_limit
8206,20.0000,2.0000,0.0032,0.0032,-0.0073,-0.0171,2.0000,tau_limit
8211,20.0000,2.0000,0.0032,0.0032,-0.0073,-0.0220,2.0000,tau_limit
8216,20.0000,2.0000,0.0032,0.0032,-0.0073,-0.0220,2.0000,tau_limit
8221,20.0000,2.0000,0.0032,0.0032,-0.0073,-0.0171,2.0000,tau_limit
8226,20.0000,2.0000,0.0032,0.0032,-0.0073,-0.0171,2.0000,tau_limit
8231,20.0000,2.0000,0.0032,0.0032,-0.0073,-0.0220,2.0000,tau_limit
8236,20.0000,2.0000,0.0032,0.0032,-0.0073,-0.0220,2.0000,tau_limit
8242,20.0000,2.0000,0.0032,0.0032,-0.0073,-0.0220,2.0000,tau_limit
8247,20.0000,2.0000,0.0032,0.0032,-0.0073,-0.0171,2.0000,tau_limit
8252,20.0000,2.0000,0.0032,0.0032,-0.0073,-0.0220,2.0000,tau_limit
8257,20.0000,2.0000,0.0032,0.0032,-0.0073,-0.0220,2.0000,tau_limit
8262,20.0000,2.0000,0.0032,0.0032,-0.0073,-0.0220,2.0000,tau_limit
8267,20.0000,2.0000,0.0032,0.0032,-0.0073,-0.0220,2.0000,tau_limit
8272,20.0000,2.0000,0.0032,0.0032,-0.0073,-0.0220,2.0000,tau_limit
8277,20.0000,2.0000,0.0032,0.0032,-0.0073,-0.0220,2.0000,tau_limit
8282,20.0000,2.0000,0.0032,0.0032,-0.0073,-0.0220,2.0000,tau_limit
8287,20.0000,2.0000,0.0032,0.0032,-0.0073,-0.0171,2.0000,tau_limit
8292,20.0000,2.0000,0.0032,0.0032,-0.0073,-0.0171,2.0000,tau_limit
8297,20.0000,2.0000,0.0032,0.0032,-0.0073,-0.0220,2.0000,tau_limit
8302,20.0000,2.0000,0.0032,0.0032,-0.0073,-0.0220,2.0000,tau_limit
8307,20.0000,2.0000,0.0032,0.0032,-0.0073,-0.0220,2.0000,tau_limit
8312,20.0000,2.0000,0.0032,0.0032,-0.0073,-0.0171,2.0000,tau_limit
8317,20.0000,2.0000,0.0032,0.0032,-0.0073,-0.0220,2.0000,tau_limit
8322,20.0000,2.0000,0.0032,0.0032,-0.0073,-0.0171,2.0000,tau_limit
8327,20.0000,2.0000,0.0032,0.0032,-0.0073,-0.0171,2.0000,tau_limit
8332,20.0000,2.0000,0.0032,0.0032,-0.0073,-0.0220,2.0000,tau_limit
8338,20.0000,2.0000,0.0032,0.0032,-0.0073,-0.0220,2.0000,tau_limit
8343,20.0000,2.0000,0.0032,0.0032,-0.0073,-0.0220,2.0000,tau_limit
8348,20.0000,2.0000,0.0032,0.0032,-0.0073,-0.0220,2.0000,tau_limit
8353,20.0000,2.0000,0.0032,0.0032,-0.0073,-0.0220,2.0000,tau_limit
8358,20.0000,2.0000,0.0032,0.0032,-0.0073,-0.0220,2.0000,tau_limit
8363,20.0000,2.0000,0.0032,0.0032,-0.0073,-0.0220,2.0000,tau_limit
8368,20.0000,2.0000,0.0032,0.0032,-0.0073,-0.0171,2.0000,tau_limit
8373,20.0000,2.0000,0.0032,0.0032,-0.0073,-0.0171,2.0000,tau_limit
8378,20.0000,2.0000,0.0032,0.0032,-0.0073,-0.0220,2.0000,tau_limit
8383,20.0000,2.0000,0.0032,0.0032,-0.0073,-0.0171,2.0000,tau_limit
8388,20.0000,2.0000,0.0032,0.0032,-0.0073,-0.0171,2.0000,tau_limit
8393,20.0000,2.0000,0.0032,0.0032,-0.0073,-0.0171,2.0000,tau_limit
8398,20.0000,2.0000,0.0032,0.0032,-0.0073,-0.0171,2.0000,tau_limit
8403,20.0000,2.0000,0.0032,0.0032,-0.0073,-0.0171,2.0000,tau_limit
8408,20.0000,2.0000,0.0032,0.0032,-0.0073,-0.0220,2.0000,tau_limit
8413,20.0000,2.0000,0.0032,0.0032,-0.0073,-0.0220,2.0000,tau_limit
8418,20.0000,2.0000,0.0032,0.0032,-0.0073,-0.0220,2.0000,tau_limit
8423,20.0000,2.0000,0.0032,0.0032,-0.0073,-0.0171,2.0000,tau_limit
8428,20.0000,2.0000,0.0032,0.0032,-0.0073,-0.0220,2.0000,tau_limit
8434,20.0000,2.0000,0.0032,0.0032,-0.0073,-0.0220,2.0000,tau_limit
8439,20.0000,2.0000,0.0032,0.0032,-0.0073,-0.0220,2.0000,tau_limit
8444,20.0000,2.0000,0.0032,0.0032,-0.0073,-0.0220,2.0000,tau_limit
8449,20.0000,2.0000,0.0032,0.0032,-0.0073,-0.0171,2.0000,tau_limit
8454,20.0000,2.0000,0.0032,0.0032,-0.0073,-0.0171,2.0000,tau_limit
8459,20.0000,2.0000,0.0032,0.0032,-0.0073,-0.0171,2.0000,tau_limit
8464,20.0000,2.0000,0.0032,0.0032,-0.0073,-0.0220,2.0000,tau_limit
8469,20.0000,2.0000,0.0032,0.0032,-0.0073,-0.0220,2.0000,tau_limit
8474,20.0000,2.0000,0.0032,0.0032,-0.0073,-0.0220,2.0000,tau_limit
8479,20.0000,2.0000,0.0032,0.0032,-0.0073,-0.0220,2.0000,tau_limit
8484,20.0000,2.0000,0.0032,0.0032,-0.0073,-0.0220,2.0000,tau_limit
8489,20.0000,2.0000,0.0032,0.0032,-0.0073,-0.0171,2.0000,tau_limit
8494,20.0000,2.0000,0.0032,0.0032,-0.0073,-0.0171,2.0000,tau_limit
8499,20.0000,2.0000,0.0032,0.0032,-0.0073,-0.0171,2.0000,tau_limit
8504,20.0000,2.0000,0.0032,0.0032,-0.0073,-0.0220,2.0000,tau_limit
8509,20.0000,2.0000,0.0032,0.0032,-0.0073,-0.0171,2.0000,tau_limit
8514,20.0000,2.0000,0.0032,0.0032,-0.0073,-0.0220,2.0000,tau_limit
8519,20.0000,2.0000,0.0032,0.0032,-0.0073,-0.0220,2.0000,tau_limit
8525,20.0000,2.0000,0.0032,0.0032,-0.0073,-0.0220,2.0000,tau_limit
8530,20.0000,2.0000,0.0032,0.0032,-0.0073,-0.0171,2.0000,tau_limit
8535,20.0000,2.0000,0.0032,0.0032,-0.0073,-0.0220,2.0000,tau_limit
8540,20.0000,2.0000,0.0032,0.0032,-0.0073,-0.0171,2.0000,tau_limit
8545,20.0000,2.0000,0.0032,0.0032,-0.0073,-0.0220,2.0000,tau_limit
8550,20.0000,2.0000,0.0032,0.0032,-0.0073,-0.0171,2.0000,tau_limit
8555,20.0000,2.0000,0.0032,0.0032,-0.0073,-0.0171,2.0000,tau_limit
8560,20.0000,2.0000,0.0032,0.0032,-0.0073,-0.0220,2.0000,tau_limit
8565,20.0000,2.0000,0.0032,0.0032,-0.0073,-0.0220,2.0000,tau_limit
8570,20.0000,2.0000,0.0032,0.0032,-0.0073,-0.0220,2.0000,tau_limit
8575,20.0000,2.0000,0.0032,0.0032,-0.0073,-0.0171,2.0000,tau_limit
8580,20.0000,2.0000,0.0032,0.0032,-0.0073,-0.0171,2.0000,tau_limit
8585,20.0000,2.0000,0.0032,0.0032,-0.0073,-0.0171,2.0000,tau_limit
8590,20.0000,2.0000,0.0032,0.0032,-0.0073,-0.0171,2.0000,tau_limit
8595,20.0000,2.0000,0.0032,0.0032,-0.0073,-0.0220,2.0000,tau_limit
8600,20.0000,2.0000,0.0032,0.0032,-0.0073,-0.0220,2.0000,tau_limit
8605,20.0000,2.0000,0.0032,0.0032,-0.0073,-0.0220,2.0000,tau_limit
8610,20.0000,2.0000,0.0032,0.0032,-0.0073,-0.0220,2.0000,tau_limit
8616,20.0000,2.0000,0.0032,0.0032,-0.0073,-0.0220,2.0000,tau_limit
8621,20.0000,2.0000,0.0032,0.0032,-0.0073,-0.0220,2.0000,tau_limit
8626,20.0000,2.0000,0.0032,0.0032,-0.0073,-0.0220,2.0000,tau_limit
8631,20.0000,2.0000,0.0032,0.0032,-0.0073,-0.0171,2.0000,tau_limit
8636,20.0000,2.0000,0.0032,0.0032,-0.0073,-0.0220,2.0000,tau_limit
8641,20.0000,2.0000,0.0032,0.0032,-0.0073,-0.0171,2.0000,tau_limit
8646,20.0000,2.0000,0.0032,0.0032,-0.0073,-0.0122,2.0000,tau_limit
8651,20.0000,2.0000,0.0032,0.0032,-0.0073,-0.0171,2.0000,tau_limit
8656,20.0000,2.0000,0.0032,0.0032,-0.0073,-0.0220,2.0000,tau_limit
8661,20.0000,2.0000,0.0032,0.0032,-0.0073,-0.0220,2.0000,tau_limit
8666,20.0000,2.0000,0.0032,0.0032,-0.0073,-0.0220,2.0000,tau_limit
8671,20.0000,2.0000,0.0032,0.0032,-0.0073,-0.0220,2.0000,tau_limit
8676,20.0000,2.0000,0.0032,0.0032,-0.0073,-0.0220,2.0000,tau_limit
8681,20.0000,2.0000,0.0032,0.0032,-0.0073,-0.0171,2.0000,tau_limit
8686,20.0000,2.0000,0.0032,0.0032,-0.0073,-0.0220,2.0000,tau_limit
8691,20.0000,2.0000,0.0032,0.0032,-0.0073,-0.0220,2.0000,tau_limit
8696,20.0000,2.0000,0.0032,0.0032,-0.0073,-0.0220,2.0000,tau_limit
8701,20.0000,2.0000,0.0032,0.0032,-0.0073,-0.0220,2.0000,tau_limit
8706,20.0000,2.0000,0.0032,0.0032,-0.0073,-0.0171,2.0000,tau_limit
8712,20.0000,2.0000,0.0032,0.0032,-0.0073,-0.0171,2.0000,tau_limit
8717,20.0000,2.0000,0.0032,0.0032,-0.0073,-0.0171,2.0000,tau_limit
8722,20.0000,2.0000,0.0032,0.0032,-0.0073,-0.0171,2.0000,tau_limit
8727,20.0000,2.0000,0.0032,0.0032,-0.0073,-0.0171,2.0000,tau_limit
8732,20.0000,2.0000,0.0032,0.0032,-0.0073,-0.0220,2.0000,tau_limit
8737,20.0000,2.0000,0.0032,0.0032,-0.0073,-0.0220,2.0000,tau_limit
8742,20.0000,2.0000,0.0032,0.0032,-0.0073,-0.0171,2.0000,tau_limit
8747,20.0000,2.0000,0.0032,0.0032,-0.0073,-0.0171,2.0000,tau_limit
8752,20.0000,2.0000,0.0032,0.0032,-0.0073,-0.0220,2.0000,tau_limit
8757,20.0000,2.0000,0.0032,0.0032,-0.0073,-0.0171,2.0000,tau_limit
8762,20.0000,2.0000,0.0032,0.0032,-0.0073,-0.0220,2.0000,tau_limit
8767,20.0000,2.0000,0.0032,0.0032,-0.0073,-0.0171,2.0000,tau_limit
8772,20.0000,2.0000,0.0032,0.0032,-0.0073,-0.0220,2.0000,tau_limit
8777,20.0000,2.0000,0.0032,0.0032,-0.0073,-0.0220,2.0000,tau_limit
8782,20.0000,2.0000,0.0032,0.0032,-0.0073,-0.0220,2.0000,tau_limit
8787,20.0000,2.0000,0.0032,0.0032,-0.0073,-0.0220,2.0000,tau_limit
8792,20.0000,2.0000,0.0032,0.0032,-0.0073,-0.0220,2.0000,tau_limit
8797,20.0000,2.0000,0.0032,0.0032,-0.0073,-0.0220,2.0000,tau_limit
8803,20.0000,2.0000,0.0032,0.0032,-0.0073,-0.0220,2.0000,tau_limit
8808,20.0000,2.0000,0.0032,0.0032,-0.0073,-0.0220,2.0000,tau_limit
8813,20.0000,2.0000,0.0032,0.0032,-0.0073,-0.0220,2.0000,tau_limit
8818,20.0000,2.0000,0.0032,0.0032,-0.0073,-0.0171,2.0000,tau_limit
8823,20.0000,2.0000,0.0032,0.0032,-0.0073,-0.0220,2.0000,tau_limit
8828,20.0000,2.0000,0.0032,0.0032,-0.0073,-0.0220,2.0000,tau_limit
8833,20.0000,2.0000,0.0032,0.0032,-0.0073,-0.0220,2.0000,tau_limit
8838,20.0000,2.0000,0.0032,0.0032,-0.0073,-0.0220,2.0000,tau_limit
8843,20.0000,2.0000,0.0032,0.0032,-0.0073,-0.0171,2.0000,tau_limit
8848,20.0000,2.0000,0.0032,0.0032,-0.0073,-0.0220,2.0000,tau_limit
8853,20.0000,2.0000,0.0032,0.0032,-0.0073,-0.0220,2.0000,tau_limit
8858,20.0000,2.0000,0.0032,0.0032,-0.0073,-0.0220,2.0000,tau_limit
8863,20.0000,2.0000,0.0032,0.0032,-0.0073,-0.0220,2.0000,tau_limit
8868,20.0000,2.0000,0.0032,0.0032,-0.0073,-0.0220,2.0000,tau_limit
8873,20.0000,2.0000,0.0032,0.0032,-0.0073,-0.0220,2.0000,tau_limit
8878,20.0000,2.0000,0.0032,0.0032,-0.0073,-0.0220,2.0000,tau_limit
8883,20.0000,2.0000,0.0032,0.0032,-0.0073,-0.0220,2.0000,tau_limit
8888,20.0000,2.0000,0.0032,0.0032,-0.0073,-0.0220,2.0000,tau_limit
8894,20.0000,2.0000,0.0032,0.0032,-0.0073,-0.0220,2.0000,tau_limit
8899,20.0000,2.0000,0.0032,0.0032,-0.0073,-0.0220,2.0000,tau_limit
8904,20.0000,2.0000,0.0032,0.0032,-0.0073,-0.0220,2.0000,tau_limit
8909,20.0000,2.0000,0.0032,0.0032,-0.0073,-0.0220,2.0000,tau_limit
8914,20.0000,2.0000,0.0032,0.0032,-0.0073,-0.0171,2.0000,tau_limit
8919,20.0000,2.0000,0.0032,0.0032,-0.0073,-0.0220,2.0000,tau_limit
8924,20.0000,2.0000,0.0032,0.0032,-0.0073,-0.0220,2.0000,tau_limit
8929,20.0000,2.0000,0.0032,0.0032,-0.0073,-0.0171,2.0000,tau_limit
8934,20.0000,2.0000,0.0032,0.0032,-0.0073,-0.0171,2.0000,tau_limit
8939,20.0000,2.0000,0.0032,0.0032,-0.0073,-0.0171,2.0000,tau_limit
8944,20.0000,2.0000,0.0032,0.0032,-0.0073,-0.0220,2.0000,tau_limit
8949,20.0000,2.0000,0.0032,0.0032,-0.0073,-0.0220,2.0000,tau_limit
8954,20.0000,2.0000,0.0032,0.0032,-0.0073,-0.0220,2.0000,tau_limit
8959,20.0000,2.0000,0.0032,0.0032,-0.0073,-0.0171,2.0000,tau_limit
8964,20.0000,2.0000,0.0032,0.0032,-0.0073,-0.0171,2.0000,tau_limit
8969,20.0000,2.0000,0.0032,0.0032,-0.0073,-0.0220,2.0000,tau_limit
8974,20.0000,2.0000,0.0032,0.0032,-0.0073,-0.0171,2.0000,tau_limit
8979,20.0000,2.0000,0.0032,0.0032,-0.0073,-0.0171,2.0000,tau_limit
8985,20.0000,2.0000,0.0032,0.0032,-0.0073,-0.0220,2.0000,tau_limit
8990,20.0000,2.0000,0.0032,0.0032,-0.0073,-0.0171,2.0000,tau_limit
8995,20.0000,2.0000,0.0032,0.0032,-0.0073,-0.0171,2.0000,tau_limit
9000,20.0000,2.0000,0.0032,0.0032,-0.0073,-0.0171,2.0000,tau_limit
9005,20.0000,2.0000,0.0032,0.0032,-0.0073,-0.0171,2.0000,tau_limit
9010,20.0000,2.0000,0.0032,0.0032,-0.0073,-0.0171,2.0000,tau_limit
9015,20.0000,2.0000,0.0032,0.0032,-0.0073,-0.0171,2.0000,tau_limit
9020,20.0000,2.0000,0.0032,0.0032,-0.0073,-0.0171,2.0000,tau_limit
9025,20.0000,2.0000,0.0032,0.0032,-0.0073,-0.0171,2.0000,tau_limit
9030,20.0000,2.0000,0.0032,0.0032,-0.0073,-0.0220,2.0000,tau_limit
9035,20.0000,2.0000,0.0032,0.0032,-0.0073,-0.0220,2.0000,tau_limit
9040,20.0000,2.0000,0.0032,0.0032,-0.0073,-0.0220,2.0000,tau_limit
9045,20.0000,2.0000,0.0032,0.0032,-0.0073,-0.0220,2.0000,tau_limit
9050,20.0000,2.0000,0.0032,0.0032,-0.0073,-0.0171,2.0000,tau_limit
9055,20.0000,2.0000,0.0032,0.0032,-0.0073,-0.0171,2.0000,tau_limit
9060,20.0000,2.0000,0.0032,0.0032,-0.0073,-0.0220,2.0000,tau_limit
9065,20.0000,2.0000,0.0032,0.0032,-0.0073,-0.0220,2.0000,tau_limit
9070,20.0000,2.0000,0.0032,0.0032,-0.0073,-0.0220,2.0000,tau_limit
9076,20.0000,2.0000,0.0032,0.0032,-0.0073,-0.0220,2.0000,tau_limit
9081,20.0000,2.0000,0.0032,0.0032,-0.0073,-0.0220,2.0000,tau_limit
9086,20.0000,2.0000,0.0032,0.0032,-0.0073,-0.0171,2.0000,tau_limit
9091,20.0000,2.0000,0.0032,0.0032,-0.0073,-0.0171,2.0000,tau_limit
9096,20.0000,2.0000,0.0032,0.0032,-0.0073,-0.0171,2.0000,tau_limit
9101,20.0000,2.0000,0.0032,0.0032,-0.0073,-0.0220,2.0000,tau_limit
9106,20.0000,2.0000,0.0032,0.0032,-0.0073,-0.0171,2.0000,tau_limit
9111,20.0000,2.0000,0.0032,0.0032,-0.0073,-0.0171,2.0000,tau_limit
9116,20.0000,2.0000,0.0032,0.0032,-0.0073,-0.0220,2.0000,tau_limit
9121,20.0000,2.0000,0.0032,0.0032,-0.0073,-0.0220,2.0000,tau_limit
9126,20.0000,2.0000,0.0032,0.0032,-0.0073,-0.0220,2.0000,tau_limit
9131,20.0000,2.0000,0.0032,0.0032,-0.0073,-0.0220,2.0000,tau_limit
9136,20.0000,2.0000,0.0032,0.0032,-0.0073,-0.0171,2.0000,tau_limit
9141,20.0000,2.0000,0.0032,0.0032,-0.0073,-0.0171,2.0000,tau_limit
9146,20.0000,2.0000,0.0032,0.0032,-0.0073,-0.0220,2.0000,tau_limit
9151,20.0000,2.0000,0.0032,0.0032,-0.0073,-0.0171,2.0000,tau_limit
9156,20.0000,2.0000,0.0032,0.0032,-0.0073,-0.0220,2.0000,tau_limit
9162,20.0000,2.0000,0.0032,0.0032,-0.0073,-0.0220,2.0000,tau_limit
9167,20.0000,2.0000,0.0032,0.0032,-0.0073,-0.0220,2.0000,tau_limit
9172,20.0000,2.0000,0.0032,0.0032,-0.0073,-0.0220,2.0000,tau_limit
9177,20.0000,2.0000,0.0032,0.0032,-0.0073,-0.0220,2.0000,tau_limit
9182,20.0000,2.0000,0.0032,0.0032,-0.0073,-0.0171,2.0000,tau_limit
9187,20.0000,2.0000,0.0032,0.0032,-0.0073,-0.0171,2.0000,tau_limit
9192,20.0000,2.0000,0.0032,0.0032,-0.0073,-0.0220,2.0000,tau_limit
9197,20.0000,2.0000,0.0032,0.0032,-0.0073,-0.0220,2.0000,tau_limit
9202,20.0000,2.0000,0.0032,0.0032,-0.0073,-0.0220,2.0000,tau_limit
9207,20.0000,2.0000,0.0032,0.0032,-0.0073,-0.0171,2.0000,tau_limit
9212,20.0000,2.0000,0.0032,0.0032,-0.0073,-0.0171,2.0000,tau_limit
9217,20.0000,2.0000,0.0032,0.0032,-0.0073,-0.0220,2.0000,tau_limit
9222,20.0000,2.0000,0.0032,0.0032,-0.0073,-0.0220,2.0000,tau_limit
9227,20.0000,2.0000,0.0032,0.0032,-0.0073,-0.0220,2.0000,tau_limit
9232,20.0000,2.0000,0.0032,0.0032,-0.0073,-0.0220,2.0000,tau_limit
9237,20.0000,2.0000,0.0032,0.0032,-0.0073,-0.0220,2.0000,tau_limit
9242,20.0000,2.0000,0.0032,0.0032,-0.0073,-0.0220,2.0000,tau_limit
9247,20.0000,2.0000,0.0032,0.0032,-0.0073,-0.0220,2.0000,tau_limit
9252,20.0000,2.0000,0.0032,0.0032,-0.0073,-0.0220,2.0000,tau_limit
9258,20.0000,2.0000,0.0032,0.0032,-0.0073,-0.0220,2.0000,tau_limit
9263,20.0000,2.0000,0.0032,0.0032,-0.0073,-0.0171,2.0000,tau_limit
9268,20.0000,2.0000,0.0032,0.0032,-0.0073,-0.0171,2.0000,tau_limit
9273,20.0000,2.0000,0.0032,0.0032,-0.0073,-0.0171,2.0000,tau_limit
9278,20.0000,2.0000,0.0032,0.0032,-0.0073,-0.0171,2.0000,tau_limit
9283,20.0000,2.0000,0.0032,0.0032,-0.0073,-0.0220,2.0000,tau_limit
9288,20.0000,2.0000,0.0032,0.0032,-0.0073,-0.0220,2.0000,tau_limit
9293,20.0000,2.0000,0.0032,0.0032,-0.0073,-0.0220,2.0000,tau_limit
9298,20.0000,2.0000,0.0032,0.0032,-0.0073,-0.0220,2.0000,tau_limit
9303,20.0000,2.0000,0.0032,0.0032,-0.0073,-0.0220,2.0000,tau_limit
9308,20.0000,2.0000,0.0032,0.0032,-0.0073,-0.0220,2.0000,tau_limit
9313,20.0000,2.0000,0.0032,0.0032,-0.0073,-0.0171,2.0000,tau_limit
9318,20.0000,2.0000,0.0032,0.0032,-0.0073,-0.0220,2.0000,tau_limit
9323,20.0000,2.0000,0.0032,0.0032,-0.0073,-0.0220,2.0000,tau_limit
9328,20.0000,2.0000,0.0032,0.0032,-0.0073,-0.0171,2.0000,tau_limit
9333,20.0000,2.0000,0.0032,0.0032,-0.0073,-0.0220,2.0000,tau_limit
9338,20.0000,2.0000,0.0032,0.0032,-0.0073,-0.0220,2.0000,tau_limit
9344,20.0000,2.0000,0.0032,0.0032,-0.0073,-0.0220,2.0000,tau_limit
9349,20.0000,2.0000,0.0032,0.0032,-0.0073,-0.0220,2.0000,tau_limit
9354,20.0000,2.0000,0.0032,0.0032,-0.0073,-0.0220,2.0000,tau_limit
9359,20.0000,2.0000,0.0032,0.0032,-0.0073,-0.0220,2.0000,tau_limit
9364,20.0000,2.0000,0.0032,0.0032,-0.0073,-0.0220,2.0000,tau_limit
9369,20.0000,2.0000,0.0032,0.0032,-0.0073,-0.0220,2.0000,tau_limit
9374,20.0000,2.0000,0.0032,0.0032,-0.0073,-0.0220,2.0000,tau_limit
9379,20.0000,2.0000,0.0032,0.0032,-0.0073,-0.0171,2.0000,tau_limit
9384,20.0000,2.0000,0.0032,0.0032,-0.0073,-0.0171,2.0000,tau_limit
9389,20.0000,2.0000,0.0032,0.0032,-0.0073,-0.0220,2.0000,tau_limit
9394,20.0000,2.0000,0.0032,0.0032,-0.0073,-0.0220,2.0000,tau_limit
9399,20.0000,2.0000,0.0032,0.0032,-0.0073,-0.0220,2.0000,tau_limit
9404,20.0000,2.0000,0.0032,0.0032,-0.0073,-0.0220,2.0000,tau_limit
9409,20.0000,2.0000,0.0032,0.0032,-0.0073,-0.0220,2.0000,tau_limit
9414,20.0000,2.0000,0.0032,0.0032,-0.0073,-0.0220,2.0000,tau_limit
9419,20.0000,2.0000,0.0032,0.0032,-0.0073,-0.0220,2.0000,tau_limit
9424,20.0000,2.0000,0.0032,0.0032,-0.0073,-0.0220,2.0000,tau_limit
9430,20.0000,2.0000,0.0032,0.0032,-0.0073,-0.0171,2.0000,tau_limit
9435,20.0000,2.0000,0.0032,0.0032,-0.0073,-0.0220,2.0000,tau_limit
9440,20.0000,2.0000,0.0032,0.0032,-0.0073,-0.0220,2.0000,tau_limit
9445,20.0000,2.0000,0.0032,0.0032,-0.0073,-0.0171,2.0000,tau_limit
9450,20.0000,2.0000,0.0032,0.0032,-0.0073,-0.0171,2.0000,tau_limit
9455,20.0000,2.0000,0.0032,0.0032,-0.0073,-0.0171,2.0000,tau_limit
9460,20.0000,2.0000,0.0032,0.0032,-0.0073,-0.0220,2.0000,tau_limit
9465,20.0000,2.0000,0.0032,0.0032,-0.0073,-0.0220,2.0000,tau_limit
9470,20.0000,2.0000,0.0032,0.0032,-0.0073,-0.0171,2.0000,tau_limit
9475,20.0000,2.0000,0.0032,0.0032,-0.0073,-0.0220,2.0000,tau_limit
9480,20.0000,2.0000,0.0032,0.0032,-0.0073,-0.0220,2.0000,tau_limit
9485,20.0000,2.0000,0.0032,0.0032,-0.0073,-0.0220,2.0000,tau_limit
9490,20.0000,2.0000,0.0032,0.0032,-0.0073,-0.0171,2.0000,tau_limit
9495,20.0000,2.0000,0.0032,0.0032,-0.0073,-0.0171,2.0000,tau_limit
9500,20.0000,2.0000,0.0032,0.0032,-0.0073,-0.0171,2.0000,tau_limit
9505,20.0000,2.0000,0.0032,0.0032,-0.0073,-0.0220,2.0000,tau_limit
9510,20.0000,2.0000,0.0032,0.0032,-0.0073,-0.0220,2.0000,tau_limit
9515,20.0000,2.0000,0.0032,0.0032,-0.0073,-0.0220,2.0000,tau_limit
9521,20.0000,2.0000,0.0032,0.0032,-0.0073,-0.0220,2.0000,tau_limit
9526,20.0000,2.0000,0.0032,0.0032,-0.0073,-0.0171,2.0000,tau_limit
9531,20.0000,2.0000,0.0032,0.0032,-0.0073,-0.0171,2.0000,tau_limit
9536,20.0000,2.0000,0.0032,0.0032,-0.0073,-0.0220,2.0000,tau_limit
9541,20.0000,2.0000,0.0032,0.0032,-0.0073,-0.0171,2.0000,tau_limit
9546,20.0000,2.0000,0.0032,0.0032,-0.0073,-0.0220,2.0000,tau_limit
9551,20.0000,2.0000,0.0032,0.0032,-0.0073,-0.0220,2.0000,tau_limit
9556,20.0000,2.0000,0.0032,0.0032,-0.0073,-0.0220,2.0000,tau_limit
9561,20.0000,2.0000,0.0032,0.0032,-0.0073,-0.0220,2.0000,tau_limit
9566,20.0000,2.0000,0.0032,0.0032,-0.0073,-0.0220,2.0000,tau_limit
9571,20.0000,2.0000,0.0032,0.0032,-0.0073,-0.0220,2.0000,tau_limit
9576,20.0000,2.0000,0.0032,0.0032,-0.0073,-0.0171,2.0000,tau_limit
9581,20.0000,2.0000,0.0032,0.0032,-0.0073,-0.0220,2.0000,tau_limit
9586,20.0000,2.0000,0.0032,0.0032,-0.0073,-0.0171,2.0000,tau_limit
9591,20.0000,2.0000,0.0032,0.0032,-0.0073,-0.0220,2.0000,tau_limit
9596,20.0000,2.0000,0.0032,0.0032,-0.0073,-0.0220,2.0000,tau_limit
9601,20.0000,2.0000,0.0032,0.0032,-0.0073,-0.0171,2.0000,tau_limit
9607,20.0000,2.0000,0.0032,0.0032,-0.0073,-0.0220,2.0000,tau_limit
9612,20.0000,2.0000,0.0032,0.0032,-0.0073,-0.0220,2.0000,tau_limit
9617,20.0000,2.0000,0.0032,0.0032,-0.0073,-0.0220,2.0000,tau_limit
9622,20.0000,2.0000,0.0032,0.0032,-0.0073,-0.0220,2.0000,tau_limit
9627,20.0000,2.0000,0.0032,0.0032,-0.0073,-0.0171,2.0000,tau_limit
9632,20.0000,2.0000,0.0032,0.0032,-0.0073,-0.0171,2.0000,tau_limit
9637,20.0000,2.0000,0.0032,0.0032,-0.0073,-0.0220,2.0000,tau_limit
9642,20.0000,2.0000,0.0032,0.0032,-0.0073,-0.0220,2.0000,tau_limit
9647,20.0000,2.0000,0.0032,0.0032,-0.0073,-0.0220,2.0000,tau_limit
9652,20.0000,2.0000,0.0032,0.0032,-0.0073,-0.0220,2.0000,tau_limit
9657,20.0000,2.0000,0.0032,0.0032,-0.0073,-0.0171,2.0000,tau_limit
9662,20.0000,2.0000,0.0032,0.0032,-0.0073,-0.0220,2.0000,tau_limit
9667,20.0000,2.0000,0.0032,0.0032,-0.0073,-0.0220,2.0000,tau_limit
9672,20.0000,2.0000,0.0032,0.0032,-0.0073,-0.0220,2.0000,tau_limit
9677,20.0000,2.0000,0.0032,0.0032,-0.0073,-0.0220,2.0000,tau_limit
9682,20.0000,2.0000,0.0032,0.0032,-0.0073,-0.0220,2.0000,tau_limit
9687,20.0000,2.0000,0.0032,0.0032,-0.0073,-0.0220,2.0000,tau_limit
9692,20.0000,2.0000,0.0032,0.0032,-0.0073,-0.0220,2.0000,tau_limit
9697,20.0000,2.0000,0.0032,0.0032,-0.0073,-0.0171,2.0000,tau_limit
9703,20.0000,2.0000,0.0032,0.0032,-0.0073,-0.0171,2.0000,tau_limit
9708,20.0000,2.0000,0.0032,0.0032,-0.0073,-0.0220,2.0000,tau_limit
9713,20.0000,2.0000,0.0032,0.0032,-0.0073,-0.0220,2.0000,tau_limit
9718,20.0000,2.0000,0.0032,0.0032,-0.0073,-0.0171,2.0000,tau_limit
9723,20.0000,2.0000,0.0032,0.0032,-0.0073,-0.0220,2.0000,tau_limit
9728,20.0000,2.0000,0.0032,0.0032,-0.0073,-0.0171,2.0000,tau_limit
9733,20.0000,2.0000,0.0032,0.0032,-0.0073,-0.0171,2.0000,tau_limit
9738,20.0000,2.0000,0.0032,0.0032,-0.0073,-0.0171,2.0000,tau_limit
9743,20.0000,2.0000,0.0032,0.0032,-0.0073,-0.0220,2.0000,tau_limit
9748,20.0000,2.0000,0.0032,0.0032,-0.0073,-0.0171,2.0000,tau_limit
9753,20.0000,2.0000,0.0032,0.0032,-0.0073,-0.0220,2.0000,tau_limit
9758,20.0000,2.0000,0.0032,0.0032,-0.0073,-0.0171,2.0000,tau_limit
9763,20.0000,2.0000,0.0032,0.0032,-0.0073,-0.0171,2.0000,tau_limit
9768,20.0000,2.0000,0.0032,0.0032,-0.0073,-0.0171,2.0000,tau_limit
9773,20.0000,2.0000,0.0032,0.0032,-0.0073,-0.0171,2.0000,tau_limit
9778,20.0000,2.0000,0.0032,0.0032,-0.0073,-0.0171,2.0000,tau_limit
9783,20.0000,2.0000,0.0032,0.0032,-0.0073,-0.0171,2.0000,tau_limit
9789,20.0000,2.0000,0.0032,0.0032,-0.0073,-0.0220,2.0000,tau_limit
9794,20.0000,2.0000,0.0032,0.0032,-0.0073,-0.0220,2.0000,tau_limit
9799,20.0000,2.0000,0.0032,0.0032,-0.0073,-0.0220,2.0000,tau_limit
9804,20.0000,2.0000,0.0032,0.0032,-0.0073,-0.0220,2.0000,tau_limit
9809,20.0000,2.0000,0.0032,0.0032,-0.0073,-0.0171,2.0000,tau_limit
9814,20.0000,2.0000,0.0032,0.0032,-0.0073,-0.0220,2.0000,tau_limit
9819,20.0000,2.0000,0.0032,0.0032,-0.0073,-0.0220,2.0000,tau_limit
9824,20.0000,2.0000,0.0032,0.0032,-0.0073,-0.0220,2.0000,tau_limit
9829,20.0000,2.0000,0.0032,0.0032,-0.0073,-0.0171,2.0000,tau_limit
9834,20.0000,2.0000,0.0032,0.0032,-0.0073,-0.0220,2.0000,tau_limit
9839,20.0000,2.0000,0.0032,0.0032,-0.0073,-0.0220,2.0000,tau_limit
9844,20.0000,2.0000,0.0032,0.0032,-0.0073,-0.0220,2.0000,tau_limit
9849,20.0000,2.0000,0.0032,0.0032,-0.0073,-0.0220,2.0000,tau_limit
9854,20.0000,2.0000,0.0032,0.0032,-0.0073,-0.0220,2.0000,tau_limit
9859,20.0000,2.0000,0.0032,0.0032,-0.0073,-0.0171,2.0000,tau_limit
9864,20.0000,2.0000,0.0032,0.0032,-0.0073,-0.0220,2.0000,tau_limit
9869,20.0000,2.0000,0.0032,0.0032,-0.0073,-0.0220,2.0000,tau_limit
9874,20.0000,2.0000,0.0032,0.0032,-0.0073,-0.0220,2.0000,tau_limit
9880,20.0000,2.0000,0.0032,0.0032,-0.0073,-0.0220,2.0000,tau_limit
9885,20.0000,2.0000,0.0032,0.0032,-0.0073,-0.0220,2.0000,tau_limit
9890,20.0000,2.0000,0.0032,0.0032,-0.0073,-0.0220,2.0000,tau_limit
9895,20.0000,2.0000,0.0032,0.0032,-0.0073,-0.0220,2.0000,tau_limit
9900,20.0000,2.0000,0.0032,0.0032,-0.0073,-0.0171,2.0000,tau_limit
9905,20.0000,2.0000,0.0032,0.0032,-0.0073,-0.0171,2.0000,tau_limit
9910,20.0000,2.0000,0.0032,0.0032,-0.0073,-0.0220,2.0000,tau_limit
9915,20.0000,2.0000,0.0032,0.0032,-0.0073,-0.0220,2.0000,tau_limit
9920,20.0000,2.0000,0.0032,0.0032,-0.0073,-0.0220,2.0000,tau_limit
9925,20.0000,2.0000,0.0032,0.0032,-0.0073,-0.0220,2.0000,tau_limit
9930,20.0000,2.0000,0.0032,0.0032,-0.0073,-0.0220,2.0000,tau_limit
9935,20.0000,2.0000,0.0032,0.0032,-0.0073,-0.0220,2.0000,tau_limit
9940,20.0000,2.0000,0.0032,0.0032,-0.0073,-0.0220,2.0000,tau_limit
9945,20.0000,2.0000,0.0032,0.0032,-0.0073,-0.0269,2.0000,tau_limit
9950,20.0000,2.0000,0.0032,0.0032,-0.0073,-0.0220,2.0000,tau_limit
9955,20.0000,2.0000,0.0032,0.0032,-0.0073,-0.0220,2.0000,tau_limit
9960,20.0000,2.0000,0.0032,0.0032,-0.0073,-0.0171,2.0000,tau_limit
9965,20.0000,2.0000,0.0032,0.0032,-0.0073,-0.0220,2.0000,tau_limit
9971,20.0000,2.0000,0.0032,0.0032,-0.0073,-0.0220,2.0000,tau_limit
9976,20.0000,2.0000,0.0032,0.0032,-0.0073,-0.0171,2.0000,tau_limit
9981,20.0000,2.0000,0.0032,0.0032,-0.0073,-0.0220,2.0000,tau_limit
9986,20.0000,2.0000,0.0032,0.0032,-0.0073,-0.0220,2.0000,tau_limit
9991,20.0000,2.0000,0.0032,0.0032,-0.0073,-0.0220,2.0000,tau_limit
9996,20.0000,2.0000,0.0032,0.0032,-0.0073,-0.0220,2.0000,tau_limit
10001,20.0000,2.0000,0.0032,0.0032,-0.0073,-0.0171,2.0000,tau_limit
10006,20.0000,2.0000,0.0032,0.0032,-0.0073,-0.0220,2.0000,tau_limit
10011,20.0000,2.0000,0.0032,0.0032,-0.0073,-0.0171,2.0000,tau_limit
10016,20.0000,2.0000,0.0032,0.0032,-0.0073,-0.0220,2.0000,tau_limit
10021,20.0000,2.0000,0.0032,0.0032,-0.0073,-0.0220,2.0000,tau_limit
10026,20.0000,2.0000,0.0032,0.0032,-0.0073,-0.0220,2.0000,tau_limit
10031,20.0000,2.0000,0.0032,0.0032,-0.0073,-0.0220,2.0000,tau_limit
10036,20.0000,2.0000,0.0032,0.0032,-0.0073,-0.0171,2.0000,tau_limit
10041,20.0000,2.0000,0.0032,0.0032,-0.0073,-0.0171,2.0000,tau_limit
10046,20.0000,2.0000,0.0032,0.0032,-0.0073,-0.0220,2.0000,tau_limit
10051,20.0000,2.0000,0.0032,0.0032,-0.0073,-0.0220,2.0000,tau_limit
10056,20.0000,2.0000,0.0032,0.0032,-0.0073,-0.0220,2.0000,tau_limit
10062,20.0000,2.0000,0.0032,0.0032,-0.0073,-0.0171,2.0000,tau_limit
10067,20.0000,2.0000,0.0032,0.0032,-0.0073,-0.0220,2.0000,tau_limit
10072,20.0000,2.0000,0.0032,0.0032,-0.0073,-0.0171,2.0000,tau_limit
10077,20.0000,2.0000,0.0032,0.0032,-0.0073,-0.0171,2.0000,tau_limit
10082,20.0000,2.0000,0.0032,0.0032,-0.0073,-0.0171,2.0000,tau_limit
10087,20.0000,2.0000,0.0032,0.0032,-0.0073,-0.0220,2.0000,tau_limit
10092,20.0000,2.0000,0.0032,0.0032,-0.0073,-0.0220,2.0000,tau_limit
10097,20.0000,2.0000,0.0032,0.0032,-0.0073,-0.0220,2.0000,tau_limit
10102,20.0000,2.0000,0.0032,0.0032,-0.0073,-0.0171,2.0000,tau_limit
10107,20.0000,2.0000,0.0032,0.0032,-0.0073,-0.0220,2.0000,tau_limit
10112,20.0000,2.0000,0.0032,0.0032,-0.0073,-0.0171,2.0000,tau_limit
10117,20.0000,2.0000,0.0032,0.0032,-0.0073,-0.0220,2.0000,tau_limit
10122,20.0000,2.0000,0.0032,0.0032,-0.0073,-0.0171,2.0000,tau_limit
10127,20.0000,2.0000,0.0032,0.0032,-0.0073,-0.0220,2.0000,tau_limit
10132,20.0000,2.0000,0.0032,0.0032,-0.0073,-0.0171,2.0000,tau_limit
10137,20.0000,2.0000,0.0032,0.0032,-0.0073,-0.0171,2.0000,tau_limit
10142,20.0000,2.0000,0.0032,0.0032,-0.0073,-0.0220,2.0000,tau_limit
10147,20.0000,2.0000,0.0032,0.0032,-0.0073,-0.0220,2.0000,tau_limit
10153,20.0000,2.0000,0.0032,0.0032,-0.0073,-0.0220,2.0000,tau_limit
10158,20.0000,2.0000,0.0032,0.0032,-0.0073,-0.0171,2.0000,tau_limit
10163,20.0000,2.0000,0.0032,0.0032,-0.0073,-0.0220,2.0000,tau_limit
10168,20.0000,2.0000,0.0032,0.0032,-0.0073,-0.0220,2.0000,tau_limit
10173,20.0000,2.0000,0.0032,0.0032,-0.0073,-0.0220,2.0000,tau_limit
10178,20.0000,2.0000,0.0032,0.0032,-0.0073,-0.0220,2.0000,tau_limit
10183,20.0000,2.0000,0.0032,0.0032,-0.0073,-0.0220,2.0000,tau_limit
10188,20.0000,2.0000,0.0032,0.0032,-0.0073,-0.0220,2.0000,tau_limit
10193,20.0000,2.0000,0.0032,0.0032,-0.0073,-0.0220,2.0000,tau_limit
10198,20.0000,2.0000,0.0032,0.0032,-0.0073,-0.0220,2.0000,tau_limit
10203,20.0000,2.0000,0.0032,0.0032,-0.0073,-0.0220,2.0000,tau_limit
10208,20.0000,2.0000,0.0032,0.0032,-0.0073,-0.0171,2.0000,tau_limit
10213,20.0000,2.0000,0.0032,0.0032,-0.0073,-0.0171,2.0000,tau_limit
10218,20.0000,2.0000,0.0032,0.0032,-0.0073,-0.0171,2.0000,tau_limit
10223,20.0000,2.0000,0.0032,0.0032,-0.0073,-0.0220,2.0000,tau_limit
10228,20.0000,2.0000,0.0032,0.0032,-0.0073,-0.0220,2.0000,tau_limit
10233,20.0000,2.0000,0.0032,0.0032,-0.0073,-0.0220,2.0000,tau_limit
10238,20.0000,2.0000,0.0032,0.0032,-0.0073,-0.0171,2.0000,tau_limit
10243,20.0000,2.0000,0.0032,0.0032,-0.0073,-0.0171,2.0000,tau_limit
10248,20.0000,2.0000,0.0032,0.0032,-0.0073,-0.0171,2.0000,tau_limit
10254,20.0000,2.0000,0.0032,0.0032,-0.0073,-0.0171,2.0000,tau_limit
10259,20.0000,2.0000,0.0032,0.0032,-0.0073,-0.0171,2.0000,tau_limit
10264,20.0000,2.0000,0.0032,0.0032,-0.0073,-0.0171,2.0000,tau_limit
10269,20.0000,2.0000,0.0032,0.0032,-0.0073,-0.0220,2.0000,tau_limit
10274,20.0000,2.0000,0.0032,0.0032,-0.0073,-0.0220,2.0000,tau_limit
10279,20.0000,2.0000,0.0032,0.0032,-0.0073,-0.0220,2.0000,tau_limit
10284,20.0000,2.0000,0.0032,0.0032,-0.0073,-0.0220,2.0000,tau_limit
10289,20.0000,2.0000,0.0032,0.0032,-0.0073,-0.0171,2.0000,tau_limit
10294,20.0000,2.0000,0.0032,0.0032,-0.0073,-0.0171,2.0000,tau_limit
10299,20.0000,2.0000,0.0032,0.0032,-0.0073,-0.0220,2.0000,tau_limit
10304,20.0000,2.0000,0.0032,0.0032,-0.0073,-0.0220,2.0000,tau_limit
10309,20.0000,2.0000,0.0032,0.0032,-0.0073,-0.0220,2.0000,tau_limit
10314,20.0000,2.0000,0.0032,0.0032,-0.0073,-0.0220,2.0000,tau_limit
10319,20.0000,2.0000,0.0032,0.0032,-0.0073,-0.0220,2.0000,tau_limit
10324,20.0000,2.0000,0.0032,0.0032,-0.0073,-0.0220,2.0000,tau_limit
10329,20.0000,2.0000,0.0032,0.0032,-0.0073,-0.0171,2.0000,tau_limit
10334,20.0000,2.0000,0.0032,0.0032,-0.0073,-0.0220,2.0000,tau_limit
10339,20.0000,2.0000,0.0032,0.0032,-0.0073,-0.0220,2.0000,tau_limit
10345,20.0000,2.0000,0.0032,0.0032,-0.0073,-0.0171,2.0000,tau_limit
10350,20.0000,2.0000,0.0032,0.0032,-0.0073,-0.0171,2.0000,tau_limit
10355,20.0000,2.0000,0.0032,0.0032,-0.0073,-0.0171,2.0000,tau_limit
10360,20.0000,2.0000,0.0032,0.0032,-0.0073,-0.0220,2.0000,tau_limit
10365,20.0000,2.0000,0.0032,0.0032,-0.0073,-0.0220,2.0000,tau_limit
10370,20.0000,2.0000,0.0032,0.0032,-0.0073,-0.0220,2.0000,tau_limit
10375,20.0000,2.0000,0.0032,0.0032,-0.0073,-0.0220,2.0000,tau_limit
10380,20.0000,2.0000,0.0032,0.0032,-0.0073,-0.0171,2.0000,tau_limit
10385,20.0000,2.0000,0.0032,0.0032,-0.0073,-0.0220,2.0000,tau_limit
10390,20.0000,2.0000,0.0032,0.0032,-0.0073,-0.0220,2.0000,tau_limit
10395,20.0000,2.0000,0.0032,0.0032,-0.0073,-0.0220,2.0000,tau_limit
10400,20.0000,2.0000,0.0032,0.0032,-0.0073,-0.0220,2.0000,tau_limit
10405,20.0000,2.0000,0.0032,0.0032,-0.0073,-0.0220,2.0000,tau_limit
10410,20.0000,2.0000,0.0032,0.0032,-0.0073,-0.0220,2.0000,tau_limit
10415,20.0000,2.0000,0.0032,0.0032,-0.0073,-0.0220,2.0000,tau_limit
10420,20.0000,2.0000,0.0032,0.0032,-0.0073,-0.0220,2.0000,tau_limit
10425,20.0000,2.0000,0.0032,0.0032,-0.0073,-0.0220,2.0000,tau_limit
10430,20.0000,2.0000,0.0032,0.0032,-0.0073,-0.0171,2.0000,tau_limit
10435,20.0000,2.0000,0.0032,0.0032,-0.0073,-0.0220,2.0000,tau_limit
10441,20.0000,2.0000,0.0032,0.0032,-0.0073,-0.0220,2.0000,tau_limit
10446,20.0000,2.0000,0.0032,0.0032,-0.0073,-0.0220,2.0000,tau_limit
10451,20.0000,2.0000,0.0032,0.0032,-0.0073,-0.0220,2.0000,tau_limit
10456,20.0000,2.0000,0.0032,0.0032,-0.0073,-0.0220,2.0000,tau_limit
10461,20.0000,2.0000,0.0032,0.0032,-0.0073,-0.0171,2.0000,tau_limit
10466,20.0000,2.0000,0.0032,0.0032,-0.0073,-0.0220,2.0000,tau_limit
10471,20.0000,2.0000,0.0032,0.0032,-0.0073,-0.0220,2.0000,tau_limit
10476,20.0000,2.0000,0.0032,0.0032,-0.0073,-0.0220,2.0000,tau_limit
10481,20.0000,2.0000,0.0032,0.0032,-0.0073,-0.0220,2.0000,tau_limit
10486,20.0000,2.0000,0.0032,0.0032,-0.0073,-0.0171,2.0000,tau_limit
10491,20.0000,2.0000,0.0032,0.0032,-0.0073,-0.0220,2.0000,tau_limit
10496,20.0000,2.0000,0.0032,0.0032,-0.0073,-0.0220,2.0000,tau_limit
10501,20.0000,2.0000,0.0032,0.0032,-0.0073,-0.0171,2.0000,tau_limit
10506,20.0000,2.0000,0.0032,0.0032,-0.0073,-0.0171,2.0000,tau_limit
10511,20.0000,2.0000,0.0032,0.0032,-0.0073,-0.0171,2.0000,tau_limit
10516,20.0000,2.0000,0.0032,0.0032,-0.0073,-0.0171,2.0000,tau_limit
10521,20.0000,2.0000,0.0032,0.0032,-0.0073,-0.0220,2.0000,tau_limit
10526,20.0000,2.0000,0.0032,0.0032,-0.0073,-0.0171,2.0000,tau_limit
10532,20.0000,2.0000,0.0032,0.0032,-0.0073,-0.0171,2.0000,tau_limit
10537,20.0000,2.0000,0.0032,0.0032,-0.0073,-0.0171,2.0000,tau_limit
10542,20.0000,2.0000,0.0032,0.0032,-0.0073,-0.0171,2.0000,tau_limit
10547,20.0000,2.0000,0.0032,0.0032,-0.0073,-0.0220,2.0000,tau_limit
10552,20.0000,2.0000,0.0032,0.0032,-0.0073,-0.0171,2.0000,tau_limit
10557,20.0000,2.0000,0.0032,0.0032,-0.0073,-0.0171,2.0000,tau_limit
10562,20.0000,2.0000,0.0032,0.0032,-0.0073,-0.0220,2.0000,tau_limit
10567,20.0000,2.0000,0.0032,0.0032,-0.0073,-0.0220,2.0000,tau_limit
10572,20.0000,2.0000,0.0032,0.0032,-0.0073,-0.0220,2.0000,tau_limit
10577,20.0000,2.0000,0.0032,0.0032,-0.0073,-0.0220,2.0000,tau_limit
10582,20.0000,2.0000,0.0032,0.0032,-0.0073,-0.0220,2.0000,tau_limit
10587,20.0000,2.0000,0.0032,0.0032,-0.0073,-0.0220,2.0000,tau_limit
10592,20.0000,2.0000,0.0032,0.0032,-0.0073,-0.0220,2.0000,tau_limit
10597,20.0000,2.0000,0.0032,0.0032,-0.0073,-0.0171,2.0000,tau_limit
10602,20.0000,2.0000,0.0032,0.0032,-0.0073,-0.0220,2.0000,tau_limit
10607,20.0000,2.0000,0.0032,0.0032,-0.0073,-0.0171,2.0000,tau_limit
10612,20.0000,2.0000,0.0032,0.0032,-0.0073,-0.0171,2.0000,tau_limit
10617,20.0000,2.0000,0.0032,0.0032,-0.0073,-0.0220,2.0000,tau_limit
10623,20.0000,2.0000,0.0032,0.0032,-0.0073,-0.0220,2.0000,tau_limit
10628,20.0000,2.0000,0.0032,0.0032,-0.0073,-0.0220,2.0000,tau_limit
10633,20.0000,2.0000,0.0032,0.0032,-0.0073,-0.0171,2.0000,tau_limit
10638,20.0000,2.0000,0.0032,0.0032,-0.0073,-0.0171,2.0000,tau_limit
10643,20.0000,2.0000,0.0032,0.0032,-0.0073,-0.0171,2.0000,tau_limit
10648,20.0000,2.0000,0.0032,0.0032,-0.0073,-0.0220,2.0000,tau_limit
10653,20.0000,2.0000,0.0032,0.0032,-0.0073,-0.0220,2.0000,tau_limit
10658,20.0000,2.0000,0.0032,0.0032,-0.0073,-0.0171,2.0000,tau_limit
10663,20.0000,2.0000,0.0032,0.0032,-0.0073,-0.0220,2.0000,tau_limit
10668,20.0000,2.0000,0.0032,0.0032,-0.0073,-0.0220,2.0000,tau_limit
10673,20.0000,2.0000,0.0032,0.0032,-0.0073,-0.0220,2.0000,tau_limit
10678,20.0000,2.0000,0.0032,0.0032,-0.0073,-0.0220,2.0000,tau_limit
10683,20.0000,2.0000,0.0032,0.0032,-0.0073,-0.0220,2.0000,tau_limit
10688,20.0000,2.0000,0.0032,0.0032,-0.0073,-0.0220,2.0000,tau_limit
10693,20.0000,2.0000,0.0032,0.0032,-0.0073,-0.0220,2.0000,tau_limit
10698,20.0000,2.0000,0.0032,0.0032,-0.0073,-0.0220,2.0000,tau_limit
10703,20.0000,2.0000,0.0032,0.0032,-0.0073,-0.0171,2.0000,tau_limit
10708,20.0000,2.0000,0.0032,0.0032,-0.0073,-0.0220,2.0000,tau_limit
10713,20.0000,2.0000,0.0032,0.0032,-0.0073,-0.0220,2.0000,tau_limit
10719,20.0000,2.0000,0.0032,0.0032,-0.0073,-0.0220,2.0000,tau_limit
10724,20.0000,2.0000,0.0032,0.0032,-0.0073,-0.0220,2.0000,tau_limit
10729,20.0000,2.0000,0.0032,0.0032,-0.0073,-0.0269,2.0000,tau_limit
10734,20.0000,2.0000,0.0032,0.0032,-0.0073,-0.0220,2.0000,tau_limit
10739,20.0000,2.0000,0.0032,0.0032,-0.0073,-0.0220,2.0000,tau_limit
10744,20.0000,2.0000,0.0032,0.0032,-0.0073,-0.0171,2.0000,tau_limit
10749,20.0000,2.0000,0.0032,0.0032,-0.0073,-0.0220,2.0000,tau_limit
10754,20.0000,2.0000,0.0032,0.0032,-0.0073,-0.0171,2.0000,tau_limit
10759,20.0000,2.0000,0.0032,0.0032,-0.0073,-0.0220,2.0000,tau_limit
10764,20.0000,2.0000,0.0032,0.0032,-0.0073,-0.0171,2.0000,tau_limit
10769,20.0000,2.0000,0.0032,0.0032,-0.0073,-0.0171,2.0000,tau_limit
10774,20.0000,2.0000,0.0032,0.0032,-0.0073,-0.0171,2.0000,tau_limit
10779,20.0000,2.0000,0.0032,0.0032,-0.0073,-0.0171,2.0000,tau_limit
10784,20.0000,2.0000,0.0032,0.0032,-0.0073,-0.0269,2.0000,tau_limit
10789,20.0000,2.0000,0.0032,0.0032,-0.0073,-0.0220,2.0000,tau_limit
10794,20.0000,2.0000,0.0032,0.0032,-0.0073,-0.0220,2.0000,tau_limit
10799,20.0000,2.0000,0.0032,0.0032,-0.0073,-0.0220,2.0000,tau_limit
10804,20.0000,2.0000,0.0032,0.0032,-0.0073,-0.0220,2.0000,tau_limit
10810,20.0000,2.0000,0.0032,0.0032,-0.0073,-0.0220,2.0000,tau_limit
10815,20.0000,2.0000,0.0032,0.0032,-0.0073,-0.0220,2.0000,tau_limit
10820,20.0000,2.0000,0.0032,0.0032,-0.0073,-0.0220,2.0000,tau_limit
10825,20.0000,2.0000,0.0032,0.0032,-0.0073,-0.0220,2.0000,tau_limit
10830,20.0000,2.0000,0.0032,0.0032,-0.0073,-0.0220,2.0000,tau_limit
10835,20.0000,2.0000,0.0032,0.0032,-0.0073,-0.0171,2.0000,tau_limit
10840,20.0000,2.0000,0.0032,0.0032,-0.0073,-0.0171,2.0000,tau_limit
10845,20.0000,2.0000,0.0032,0.0032,-0.0073,-0.0171,2.0000,tau_limit
10850,20.0000,2.0000,0.0032,0.0032,-0.0073,-0.0220,2.0000,tau_limit
10855,20.0000,2.0000,0.0032,0.0032,-0.0073,-0.0171,2.0000,tau_limit
10860,20.0000,2.0000,0.0032,0.0032,-0.0073,-0.0171,2.0000,tau_limit
10865,20.0000,2.0000,0.0032,0.0032,-0.0073,-0.0220,2.0000,tau_limit
10870,20.0000,2.0000,0.0032,0.0032,-0.0073,-0.0220,2.0000,tau_limit
10875,20.0000,2.0000,0.0032,0.0032,-0.0073,-0.0220,2.0000,tau_limit
10880,20.0000,2.0000,0.0032,0.0032,-0.0073,-0.0220,2.0000,tau_limit
10885,20.0000,2.0000,0.0032,0.0032,-0.0073,-0.0220,2.0000,tau_limit
10890,20.0000,2.0000,0.0032,0.0032,-0.0073,-0.0220,2.0000,tau_limit
10895,20.0000,2.0000,0.0032,0.0032,-0.0073,-0.0220,2.0000,tau_limit
10900,20.0000,2.0000,0.0032,0.0032,-0.0073,-0.0220,2.0000,tau_limit
10906,20.0000,2.0000,0.0032,0.0032,-0.0073,-0.0171,2.0000,tau_limit
10911,20.0000,2.0000,0.0032,0.0032,-0.0073,-0.0171,2.0000,tau_limit
10916,20.0000,2.0000,0.0032,0.0032,-0.0073,-0.0220,2.0000,tau_limit
10921,20.0000,2.0000,0.0032,0.0032,-0.0073,-0.0220,2.0000,tau_limit
10926,20.0000,2.0000,0.0032,0.0032,-0.0073,-0.0220,2.0000,tau_limit
10931,20.0000,2.0000,0.0032,0.0032,-0.0073,-0.0220,2.0000,tau_limit
10936,20.0000,2.0000,0.0032,0.0032,-0.0073,-0.0220,2.0000,tau_limit
10941,20.0000,2.0000,0.0032,0.0032,-0.0073,-0.0220,2.0000,tau_limit
10946,20.0000,2.0000,0.0032,0.0032,-0.0073,-0.0171,2.0000,tau_limit
10951,20.0000,2.0000,0.0032,0.0032,-0.0073,-0.0220,2.0000,tau_limit
10956,20.0000,2.0000,0.0032,0.0032,-0.0073,-0.0220,2.0000,tau_limit
10961,20.0000,2.0000,0.0032,0.0032,-0.0073,-0.0220,2.0000,tau_limit
10966,20.0000,2.0000,0.0032,0.0032,-0.0073,-0.0220,2.0000,tau_limit
10971,20.0000,2.0000,0.0032,0.0032,-0.0073,-0.0220,2.0000,tau_limit
10976,20.0000,2.0000,0.0032,0.0032,-0.0073,-0.0220,2.0000,tau_limit
10981,20.0000,2.0000,0.0032,0.0032,-0.0073,-0.0220,2.0000,tau_limit
10986,20.0000,2.0000,0.0032,0.0032,-0.0073,-0.0220,2.0000,tau_limit
10992,20.0000,2.0000,0.0032,0.0032,-0.0073,-0.0220,2.0000,tau_limit
10997,20.0000,2.0000,0.0032,0.0032,-0.0073,-0.0171,2.0000,tau_limit
11002,20.0000,2.0000,0.0032,0.0032,-0.0073,-0.0171,2.0000,tau_limit
11007,20.0000,2.0000,0.0032,0.0032,-0.0073,-0.0171,2.0000,tau_limit
11012,20.0000,2.0000,0.0032,0.0032,-0.0073,-0.0171,2.0000,tau_limit
11017,20.0000,2.0000,0.0032,0.0032,-0.0073,-0.0220,2.0000,tau_limit
11022,20.0000,2.0000,0.0032,0.0032,-0.0073,-0.0220,2.0000,tau_limit
11027,20.0000,2.0000,0.0032,0.0032,-0.0073,-0.0220,2.0000,tau_limit
11032,20.0000,2.0000,0.0032,0.0032,-0.0073,-0.0220,2.0000,tau_limit
11037,20.0000,2.0000,0.0032,0.0032,-0.0073,-0.0220,2.0000,tau_limit
11042,20.0000,2.0000,0.0032,0.0032,-0.0073,-0.0220,2.0000,tau_limit
11047,20.0000,2.0000,0.0032,0.0032,-0.0073,-0.0220,2.0000,tau_limit
11052,20.0000,2.0000,0.0032,0.0032,-0.0073,-0.0171,2.0000,tau_limit
11057,20.0000,2.0000,0.0032,0.0032,-0.0073,-0.0220,2.0000,tau_limit
11062,20.0000,2.0000,0.0032,0.0032,-0.0073,-0.0220,2.0000,tau_limit
11067,20.0000,2.0000,0.0032,0.0032,-0.0073,-0.0220,2.0000,tau_limit
11072,20.0000,2.0000,0.0032,0.0032,-0.0073,-0.0220,2.0000,tau_limit
11077,20.0000,2.0000,0.0032,0.0032,-0.0073,-0.0220,2.0000,tau_limit
11083,20.0000,2.0000,0.0032,0.0032,-0.0073,-0.0171,2.0000,tau_limit
11088,20.0000,2.0000,0.0032,0.0032,-0.0073,-0.0220,2.0000,tau_limit
11093,20.0000,2.0000,0.0032,0.0032,-0.0073,-0.0220,2.0000,tau_limit
11098,20.0000,2.0000,0.0032,0.0032,-0.0073,-0.0220,2.0000,tau_limit
11103,20.0000,2.0000,0.0032,0.0032,-0.0073,-0.0171,2.0000,tau_limit
11108,20.0000,2.0000,0.0032,0.0032,-0.0073,-0.0220,2.0000,tau_limit
11113,20.0000,2.0000,0.0032,0.0032,-0.0073,-0.0171,2.0000,tau_limit
11118,20.0000,2.0000,0.0032,0.0032,-0.0073,-0.0220,2.0000,tau_limit
11123,20.0000,2.0000,0.0032,0.0032,-0.0073,-0.0220,2.0000,tau_limit
11128,20.0000,2.0000,0.0032,0.0032,-0.0073,-0.0220,2.0000,tau_limit
11133,20.0000,2.0000,0.0032,0.0032,-0.0073,-0.0220,2.0000,tau_limit
11138,20.0000,2.0000,0.0032,0.0032,-0.0073,-0.0220,2.0000,tau_limit
11143,20.0000,2.0000,0.0032,0.0032,-0.0073,-0.0220,2.0000,tau_limit
11148,20.0000,2.0000,0.0032,0.0032,-0.0073,-0.0220,2.0000,tau_limit
11153,20.0000,2.0000,0.0032,0.0032,-0.0073,-0.0220,2.0000,tau_limit
11158,20.0000,2.0000,0.0032,0.0032,-0.0073,-0.0171,2.0000,tau_limit
11163,20.0000,2.0000,0.0032,0.0032,-0.0073,-0.0220,2.0000,tau_limit
11169,20.0000,2.0000,0.0032,0.0032,-0.0073,-0.0171,2.0000,tau_limit
11174,20.0000,2.0000,0.0032,0.0032,-0.0073,-0.0220,2.0000,tau_limit
11179,20.0000,2.0000,0.0032,0.0032,-0.0073,-0.0220,2.0000,tau_limit
11184,20.0000,2.0000,0.0032,0.0032,-0.0073,-0.0171,2.0000,tau_limit
11189,20.0000,2.0000,0.0032,0.0032,-0.0073,-0.0171,2.0000,tau_limit
11194,20.0000,2.0000,0.0032,0.0032,-0.0073,-0.0220,2.0000,tau_limit
11199,20.0000,2.0000,0.0032,0.0032,-0.0073,-0.0269,2.0000,tau_limit
11204,20.0000,2.0000,0.0032,0.0032,-0.0073,-0.0220,2.0000,tau_limit
11209,20.0000,2.0000,0.0032,0.0032,-0.0073,-0.0220,2.0000,tau_limit
11214,20.0000,2.0000,0.0032,0.0032,-0.0073,-0.0220,2.0000,tau_limit
11219,20.0000,2.0000,0.0032,0.0032,-0.0073,-0.0220,2.0000,tau_limit
11224,20.0000,2.0000,0.0032,0.0032,-0.0073,-0.0171,2.0000,tau_limit
11229,20.0000,2.0000,0.0032,0.0032,-0.0073,-0.0220,2.0000,tau_limit
11234,20.0000,2.0000,0.0032,0.0032,-0.0073,-0.0220,2.0000,tau_limit
11239,20.0000,2.0000,0.0032,0.0032,-0.0073,-0.0171,2.0000,tau_limit
11244,20.0000,2.0000,0.0032,0.0032,-0.0073,-0.0171,2.0000,tau_limit
11249,20.0000,2.0000,0.0032,0.0032,-0.0073,-0.0220,2.0000,tau_limit
11254,20.0000,2.0000,0.0032,0.0032,-0.0073,-0.0220,2.0000,tau_limit
11260,20.0000,2.0000,0.0032,0.0032,-0.0073,-0.0220,2.0000,tau_limit
11265,20.0000,2.0000,0.0032,0.0032,-0.0073,-0.0220,2.0000,tau_limit
11270,20.0000,2.0000,0.0032,0.0032,-0.0073,-0.0220,2.0000,tau_limit
11275,20.0000,2.0000,0.0032,0.0032,-0.0073,-0.0220,2.0000,tau_limit
11280,20.0000,2.0000,0.0032,0.0032,-0.0073,-0.0220,2.0000,tau_limit
11285,20.0000,2.0000,0.0032,0.0032,-0.0073,-0.0220,2.0000,tau_limit
11290,20.0000,2.0000,0.0032,0.0032,-0.0073,-0.0171,2.0000,tau_limit
11295,20.0000,2.0000,0.0032,0.0032,-0.0073,-0.0171,2.0000,tau_limit
11300,20.0000,2.0000,0.0032,0.0032,-0.0073,-0.0220,2.0000,tau_limit
11305,20.0000,2.0000,0.0032,0.0032,-0.0073,-0.0220,2.0000,tau_limit
11310,20.0000,2.0000,0.0032,0.0032,-0.0073,-0.0171,2.0000,tau_limit
11315,20.0000,2.0000,0.0032,0.0032,-0.0073,-0.0220,2.0000,tau_limit
11320,20.0000,2.0000,0.0032,0.0032,-0.0073,-0.0220,2.0000,tau_limit
11325,20.0000,2.0000,0.0032,0.0032,-0.0073,-0.0220,2.0000,tau_limit
11330,20.0000,2.0000,0.0032,0.0032,-0.0073,-0.0220,2.0000,tau_limit
11335,20.0000,2.0000,0.0032,0.0032,-0.0073,-0.0171,2.0000,tau_limit
11340,20.0000,2.0000,0.0032,0.0032,-0.0073,-0.0220,2.0000,tau_limit
11345,20.0000,2.0000,0.0032,0.0032,-0.0073,-0.0220,2.0000,tau_limit
11351,20.0000,2.0000,0.0032,0.0032,-0.0073,-0.0220,2.0000,tau_limit
11356,20.0000,2.0000,0.0032,0.0032,-0.0073,-0.0220,2.0000,tau_limit
11361,20.0000,2.0000,0.0032,0.0032,-0.0073,-0.0220,2.0000,tau_limit
11366,20.0000,2.0000,0.0032,0.0032,-0.0073,-0.0220,2.0000,tau_limit
11371,20.0000,2.0000,0.0032,0.0032,-0.0073,-0.0220,2.0000,tau_limit
11376,20.0000,2.0000,0.0032,0.0032,-0.0073,-0.0220,2.0000,tau_limit
11381,20.0000,2.0000,0.0032,0.0032,-0.0073,-0.0171,2.0000,tau_limit
11386,20.0000,2.0000,0.0032,0.0032,-0.0073,-0.0171,2.0000,tau_limit
11391,20.0000,2.0000,0.0032,0.0032,-0.0073,-0.0220,2.0000,tau_limit
11396,20.0000,2.0000,0.0032,0.0032,-0.0073,-0.0171,2.0000,tau_limit
11401,20.0000,2.0000,0.0032,0.0032,-0.0073,-0.0220,2.0000,tau_limit
11406,20.0000,2.0000,0.0032,0.0032,-0.0073,-0.0220,2.0000,tau_limit
11411,20.0000,2.0000,0.0032,0.0032,-0.0073,-0.0171,2.0000,tau_limit
11416,20.0000,2.0000,0.0032,0.0032,-0.0073,-0.0171,2.0000,tau_limit
11421,20.0000,2.0000,0.0032,0.0032,-0.0073,-0.0171,2.0000,tau_limit
11426,20.0000,2.0000,0.0032,0.0032,-0.0073,-0.0220,2.0000,tau_limit
11431,20.0000,2.0000,0.0032,0.0032,-0.0073,-0.0220,2.0000,tau_limit
11437,20.0000,2.0000,0.0032,0.0032,-0.0073,-0.0220,2.0000,tau_limit
11442,20.0000,2.0000,0.0032,0.0032,-0.0220,-0.0220,2.0000,tau_limit
11447,20.0000,2.0000,0.0032,0.0032,-0.0073,-0.0171,2.0000,tau_limit
11452,20.0000,2.0000,0.0032,0.0032,-0.0073,-0.0171,2.0000,tau_limit
11457,20.0000,2.0000,0.0032,0.0032,-0.0073,-0.0220,2.0000,tau_limit
11462,20.0000,2.0000,0.0032,0.0032,-0.0073,-0.0220,2.0000,tau_limit
11467,20.0000,2.0000,0.0032,0.0032,-0.0073,-0.0220,2.0000,tau_limit
11472,20.0000,2.0000,0.0032,0.0032,-0.0073,-0.0171,2.0000,tau_limit
11477,20.0000,2.0000,0.0032,0.0029,-0.0073,-0.0171,2.0000,tau_limit
11482,20.0000,2.0000,0.0032,0.0029,-0.0073,-0.0171,2.0000,tau_limit
11487,20.0000,2.0000,0.0032,0.0029,-0.0073,-0.0171,2.0000,tau_limit
11492,20.0000,2.0000,0.0032,0.0029,-0.0073,-0.0171,2.0000,tau_limit
11497,20.0000,2.0000,0.0032,0.0029,-0.0073,-0.0171,2.0000,tau_limit
11502,20.0000,2.0000,0.0032,0.0029,-0.0073,-0.0171,2.0000,tau_limit
11507,20.0000,2.0000,0.0032,0.0029,-0.0073,-0.0171,2.0000,tau_limit
11512,20.0000,2.0000,0.0032,0.0029,-0.0073,-0.0171,2.0000,tau_limit
11517,20.0000,2.0000,0.0032,0.0029,-0.0073,-0.0220,2.0000,tau_limit
11523,20.0000,2.0000,0.0032,0.0029,-0.0073,-0.0171,2.0000,tau_limit
11528,20.0000,2.0000,0.0032,0.0029,-0.0073,-0.0171,2.0000,tau_limit
11533,20.0000,2.0000,0.0032,0.0029,-0.0073,-0.0171,2.0000,tau_limit
11538,20.0000,2.0000,0.0032,0.0029,-0.0073,-0.0171,2.0000,tau_limit
11543,20.0000,2.0000,0.0032,0.0029,-0.0073,-0.0122,2.0000,tau_limit
11548,20.0000,2.0000,0.0032,0.0029,-0.0073,-0.0171,2.0000,tau_limit
11553,20.0000,2.0000,0.0032,0.0029,-0.0073,-0.0171,2.0000,tau_limit
11558,20.0000,2.0000,0.0032,0.0029,-0.0073,-0.0171,2.0000,tau_limit
11563,20.0000,2.0000,0.0032,0.0029,-0.0073,-0.0171,2.0000,tau_limit
11568,20.0000,2.0000,0.0032,0.0029,-0.0073,-0.0122,2.0000,tau_limit
11573,20.0000,2.0000,0.0032,0.0029,-0.0073,-0.0122,2.0000,tau_limit
11578,20.0000,2.0000,0.0032,0.0029,-0.0073,-0.0171,2.0000,tau_limit
11583,20.0000,2.0000,0.0032,0.0029,-0.0073,-0.0171,2.0000,tau_limit
11588,20.0000,2.0000,0.0032,0.0029,-0.0073,-0.0171,2.0000,tau_limit
11593,20.0000,2.0000,0.0032,0.0029,-0.0073,-0.0171,2.0000,tau_limit
11598,20.0000,2.0000,0.0032,0.0029,-0.0073,-0.0171,2.0000,tau_limit
11603,20.0000,2.0000,0.0032,0.0029,-0.0073,-0.0171,2.0000,tau_limit
11608,20.0000,2.0000,0.0032,0.0029,-0.0073,-0.0171,2.0000,tau_limit
11614,20.0000,2.0000,0.0032,0.0029,-0.0073,-0.0220,2.0000,tau_limit
11619,20.0000,2.0000,0.0032,0.0029,-0.0073,-0.0171,2.0000,tau_limit
11624,20.0000,2.0000,0.0032,0.0029,-0.0073,-0.0171,2.0000,tau_limit
11629,20.0000,2.0000,0.0032,0.0029,-0.0073,-0.0171,2.0000,tau_limit
11634,20.0000,2.0000,0.0032,0.0029,-0.0073,-0.0171,2.0000,tau_limit
11639,20.0000,2.0000,0.0032,0.0029,-0.0073,-0.0171,2.0000,tau_limit
11644,20.0000,2.0000,0.0032,0.0029,-0.0073,-0.0171,2.0000,tau_limit
11649,20.0000,2.0000,0.0032,0.0029,-0.0073,-0.0171,2.0000,tau_limit
11654,20.0000,2.0000,0.0032,0.0029,-0.0073,-0.0171,2.0000,tau_limit
11659,20.0000,2.0000,0.0032,0.0029,-0.0073,-0.0171,2.0000,tau_limit
11664,20.0000,2.0000,0.0032,0.0029,-0.0073,-0.0220,2.0000,tau_limit
11669,20.0000,2.0000,0.0032,0.0029,-0.0073,-0.0220,2.0000,tau_limit
11674,20.0000,2.0000,0.0032,0.0029,-0.0073,-0.0171,2.0000,tau_limit
11679,20.0000,2.0000,0.0032,0.0029,-0.0073,-0.0171,2.0000,tau_limit
11684,20.0000,2.0000,0.0032,0.0029,-0.0073,-0.0171,2.0000,tau_limit
11689,20.0000,2.0000,0.0032,0.0029,-0.0073,-0.0171,2.0000,tau_limit
11694,20.0000,2.0000,0.0032,0.0029,-0.0073,-0.0171,2.0000,tau_limit
11700,20.0000,2.0000,0.0032,0.0029,-0.0073,-0.0171,2.0000,tau_limit
11705,20.0000,2.0000,0.0032,0.0029,-0.0073,-0.0171,2.0000,tau_limit
11710,20.0000,2.0000,0.0032,0.0029,-0.0073,-0.0171,2.0000,tau_limit
11715,20.0000,2.0000,0.0032,0.0029,-0.0073,-0.0171,2.0000,tau_limit
11720,20.0000,2.0000,0.0032,0.0029,-0.0073,-0.0171,2.0000,tau_limit
11725,20.0000,2.0000,0.0032,0.0029,-0.0073,-0.0171,2.0000,tau_limit
11730,20.0000,2.0000,0.0032,0.0029,-0.0073,-0.0171,2.0000,tau_limit
11735,20.0000,2.0000,0.0032,0.0029,-0.0073,-0.0171,2.0000,tau_limit
11740,20.0000,2.0000,0.0032,0.0029,-0.0073,-0.0171,2.0000,tau_limit
11745,20.0000,2.0000,0.0032,0.0029,-0.0073,-0.0171,2.0000,tau_limit
11750,20.0000,2.0000,0.0032,0.0029,-0.0073,-0.0122,2.0000,tau_limit
11755,20.0000,2.0000,0.0032,0.0029,-0.0073,-0.0171,2.0000,tau_limit
11760,20.0000,2.0000,0.0032,0.0029,-0.0073,-0.0171,2.0000,tau_limit
11765,20.0000,2.0000,0.0032,0.0029,-0.0073,-0.0171,2.0000,tau_limit
11770,20.0000,2.0000,0.0032,0.0029,-0.0073,-0.0171,2.0000,tau_limit
11775,20.0000,2.0000,0.0032,0.0029,-0.0073,-0.0171,2.0000,tau_limit
11780,20.0000,2.0000,0.0032,0.0029,-0.0073,-0.0171,2.0000,tau_limit
11786,20.0000,2.0000,0.0032,0.0029,-0.0073,-0.0122,2.0000,tau_limit
11791,20.0000,2.0000,0.0032,0.0029,-0.0073,-0.0171,2.0000,tau_limit
11796,20.0000,2.0000,0.0032,0.0029,-0.0073,-0.0171,2.0000,tau_limit
11801,20.0000,2.0000,0.0032,0.0029,-0.0073,-0.0171,2.0000,tau_limit
11806,20.0000,2.0000,0.0032,0.0029,-0.0073,-0.0171,2.0000,tau_limit
11811,20.0000,2.0000,0.0032,0.0029,-0.0073,-0.0171,2.0000,tau_limit
11816,20.0000,2.0000,0.0032,0.0029,-0.0073,-0.0171,2.0000,tau_limit
11821,20.0000,2.0000,0.0032,0.0029,-0.0073,-0.0122,2.0000,tau_limit
11826,20.0000,2.0000,0.0032,0.0029,-0.0073,-0.0171,2.0000,tau_limit
11831,20.0000,2.0000,0.0032,0.0029,-0.0073,-0.0171,2.0000,tau_limit
11836,20.0000,2.0000,0.0032,0.0029,-0.0073,-0.0171,2.0000,tau_limit
11841,20.0000,2.0000,0.0032,0.0029,-0.0073,-0.0171,2.0000,tau_limit
11846,20.0000,2.0000,0.0032,0.0029,-0.0073,-0.0171,2.0000,tau_limit
11851,20.0000,2.0000,0.0032,0.0029,-0.0073,-0.0171,2.0000,tau_limit
11856,20.0000,2.0000,0.0032,0.0029,-0.0073,-0.0171,2.0000,tau_limit
11861,20.0000,2.0000,0.0032,0.0029,-0.0073,-0.0171,2.0000,tau_limit
11866,20.0000,2.0000,0.0032,0.0029,-0.0073,-0.0171,2.0000,tau_limit
11872,20.0000,2.0000,0.0032,0.0029,-0.0073,-0.0171,2.0000,tau_limit
11877,20.0000,2.0000,0.0032,0.0029,-0.0073,-0.0171,2.0000,tau_limit
11882,20.0000,2.0000,0.0032,0.0029,-0.0073,-0.0122,2.0000,tau_limit
11887,20.0000,2.0000,0.0032,0.0029,-0.0073,-0.0171,2.0000,tau_limit
11892,20.0000,2.0000,0.0032,0.0029,-0.0073,-0.0122,2.0000,tau_limit
11897,20.0000,2.0000,0.0032,0.0029,-0.0073,-0.0171,2.0000,tau_limit
11902,20.0000,2.0000,0.0032,0.0029,-0.0073,-0.0171,2.0000,tau_limit
11907,20.0000,2.0000,0.0032,0.0029,-0.0073,-0.0122,2.0000,tau_limit
11912,20.0000,2.0000,0.0032,0.0029,-0.0073,-0.0171,2.0000,tau_limit
11917,20.0000,2.0000,0.0032,0.0029,-0.0073,-0.0171,2.0000,tau_limit
11922,20.0000,2.0000,0.0032,0.0029,-0.0073,-0.0122,2.0000,tau_limit
11927,20.0000,2.0000,0.0032,0.0029,-0.0073,-0.0171,2.0000,tau_limit
11932,20.0000,2.0000,0.0032,0.0029,-0.0073,-0.0171,2.0000,tau_limit
11937,20.0000,2.0000,0.0032,0.0029,-0.0073,-0.0171,2.0000,tau_limit
11942,20.0000,2.0000,0.0032,0.0029,-0.0073,-0.0171,2.0000,tau_limit
11947,20.0000,2.0000,0.0032,0.0029,-0.0073,-0.0171,2.0000,tau_limit
11952,20.0000,2.0000,0.0032,0.0029,-0.0073,-0.0220,2.0000,tau_limit
11957,20.0000,2.0000,0.0032,0.0029,-0.0073,-0.0171,2.0000,tau_limit
11963,20.0000,2.0000,0.0032,0.0029,-0.0073,-0.0171,2.0000,tau_limit
11968,20.0000,2.0000,0.0032,0.0029,-0.0073,-0.0171,2.0000,tau_limit
11973,20.0000,2.0000,0.0032,0.0029,-0.0073,-0.0171,2.0000,tau_limit
11978,20.0000,2.0000,0.0032,0.0029,-0.0073,-0.0171,2.0000,tau_limit
11983,20.0000,2.0000,0.0032,0.0029,-0.0073,-0.0171,2.0000,tau_limit
11988,20.0000,2.0000,0.0032,0.0029,-0.0073,-0.0171,2.0000,tau_limit
11993,20.0000,2.0000,0.0032,0.0029,-0.0073,-0.0171,2.0000,tau_limit
11998,20.0000,2.0000,0.0032,0.0029,-0.0073,-0.0171,2.0000,tau_limit
12003,20.0000,2.0000,0.0032,0.0029,-0.0073,-0.0171,2.0000,tau_limit
12008,20.0000,2.0000,0.0032,0.0029,-0.0073,-0.0171,2.0000,tau_limit
12013,20.0000,2.0000,0.0032,0.0029,-0.0073,-0.0171,2.0000,tau_limit
12018,20.0000,2.0000,0.0032,0.0029,-0.0073,-0.0171,2.0000,tau_limit
12023,20.0000,2.0000,0.0032,0.0029,-0.0073,-0.0171,2.0000,tau_limit
12028,20.0000,2.0000,0.0032,0.0029,-0.0073,-0.0171,2.0000,tau_limit
12033,20.0000,2.0000,0.0032,0.0029,-0.0073,-0.0171,2.0000,tau_limit
12038,20.0000,2.0000,0.0032,0.0029,-0.0073,-0.0171,2.0000,tau_limit
12043,20.0000,2.0000,0.0032,0.0029,-0.0073,-0.0171,2.0000,tau_limit
12048,20.0000,2.0000,0.0032,0.0029,-0.0073,-0.0220,2.0000,tau_limit
12054,20.0000,2.0000,0.0032,0.0029,-0.0073,-0.0171,2.0000,tau_limit
12059,20.0000,2.0000,0.0032,0.0029,-0.0073,-0.0171,2.0000,tau_limit
12064,20.0000,2.0000,0.0032,0.0029,-0.0073,-0.0171,2.0000,tau_limit
12069,20.0000,2.0000,0.0032,0.0029,-0.0073,-0.0171,2.0000,tau_limit
12074,20.0000,2.0000,0.0032,0.0029,-0.0073,-0.0171,2.0000,tau_limit
12079,20.0000,2.0000,0.0032,0.0029,-0.0073,-0.0171,2.0000,tau_limit
12084,20.0000,2.0000,0.0032,0.0029,-0.0073,-0.0171,2.0000,tau_limit
12089,20.0000,2.0000,0.0032,0.0029,-0.0073,-0.0171,2.0000,tau_limit
12094,20.0000,2.0000,0.0032,0.0029,-0.0073,-0.0171,2.0000,tau_limit
12099,20.0000,2.0000,0.0032,0.0029,-0.0073,-0.0220,2.0000,tau_limit
12104,20.0000,2.0000,0.0032,0.0029,-0.0073,-0.0171,2.0000,tau_limit
12109,20.0000,2.0000,0.0032,0.0029,-0.0073,-0.0171,2.0000,tau_limit
12114,20.0000,2.0000,0.0032,0.0029,-0.0073,-0.0171,2.0000,tau_limit
12119,20.0000,2.0000,0.0032,0.0029,-0.0073,-0.0171,2.0000,tau_limit
12124,20.0000,2.0000,0.0032,0.0029,-0.0073,-0.0171,2.0000,tau_limit
12129,20.0000,2.0000,0.0032,0.0029,-0.0073,-0.0122,2.0000,tau_limit
12134,20.0000,2.0000,0.0032,0.0029,-0.0073,-0.0171,2.0000,tau_limit
12140,20.0000,2.0000,0.0032,0.0029,-0.0073,-0.0171,2.0000,tau_limit
12145,20.0000,2.0000,0.0032,0.0029,-0.0073,-0.0171,2.0000,tau_limit
12150,20.0000,2.0000,0.0032,0.0029,-0.0073,-0.0171,2.0000,tau_limit
12155,20.0000,2.0000,0.0032,0.0029,-0.0073,-0.0171,2.0000,tau_limit
12160,20.0000,2.0000,0.0032,0.0029,-0.0073,-0.0171,2.0000,tau_limit
12165,20.0000,2.0000,0.0032,0.0029,-0.0073,-0.0171,2.0000,tau_limit
12170,20.0000,2.0000,0.0032,0.0029,-0.0073,-0.0171,2.0000,tau_limit
12175,20.0000,2.0000,0.0032,0.0029,-0.0073,-0.0171,2.0000,tau_limit
12180,20.0000,2.0000,0.0032,0.0029,-0.0073,-0.0171,2.0000,tau_limit
12185,20.0000,2.0000,0.0032,0.0029,-0.0073,-0.0171,2.0000,tau_limit
12190,20.0000,2.0000,0.0032,0.0029,-0.0073,-0.0171,2.0000,tau_limit
12195,20.0000,2.0000,0.0032,0.0029,-0.0073,-0.0171,2.0000,tau_limit
12200,20.0000,2.0000,0.0032,0.0029,-0.0073,-0.0220,2.0000,tau_limit
12205,20.0000,2.0000,0.0032,0.0029,-0.0073,-0.0171,2.0000,tau_limit
12210,20.0000,2.0000,0.0032,0.0029,-0.0073,-0.0171,2.0000,tau_limit
12215,20.0000,2.0000,0.0032,0.0029,-0.0073,-0.0220,2.0000,tau_limit
12220,20.0000,2.0000,0.0032,0.0029,-0.0073,-0.0220,2.0000,tau_limit
12226,20.0000,2.0000,0.0032,0.0029,-0.0073,-0.0220,2.0000,tau_limit
12231,20.0000,2.0000,0.0032,0.0029,-0.0073,-0.0171,2.0000,tau_limit
12236,20.0000,2.0000,0.0032,0.0029,-0.0073,-0.0220,2.0000,tau_limit
12241,20.0000,2.0000,0.0032,0.0029,-0.0073,-0.0220,2.0000,tau_limit
12246,20.0000,2.0000,0.0032,0.0029,-0.0073,-0.0220,2.0000,tau_limit
12251,20.0000,2.0000,0.0032,0.0029,-0.0073,-0.0220,2.0000,tau_limit
12256,20.0000,2.0000,0.0032,0.0029,-0.0073,-0.0220,2.0000,tau_limit
12261,20.0000,2.0000,0.0032,0.0029,-0.0073,-0.0171,2.0000,tau_limit
12266,20.0000,2.0000,0.0032,0.0029,-0.0073,-0.0171,2.0000,tau_limit
12271,20.0000,2.0000,0.0032,0.0029,-0.0073,-0.0171,2.0000,tau_limit
12276,20.0000,2.0000,0.0032,0.0029,-0.0073,-0.0171,2.0000,tau_limit
12281,20.0000,2.0000,0.0032,0.0029,-0.0073,-0.0171,2.0000,tau_limit
12286,20.0000,2.0000,0.0032,0.0029,-0.0073,-0.0171,2.0000,tau_limit
12291,20.0000,2.0000,0.0032,0.0029,-0.0073,-0.0171,2.0000,tau_limit
12296,20.0000,2.0000,0.0032,0.0029,-0.0073,-0.0171,2.0000,tau_limit
12301,20.0000,2.0000,0.0032,0.0029,-0.0073,-0.0171,2.0000,tau_limit
12306,20.0000,2.0000,0.0032,0.0029,-0.0073,-0.0171,2.0000,tau_limit
12311,20.0000,2.0000,0.0032,0.0029,-0.0073,-0.0171,2.0000,tau_limit
12316,20.0000,2.0000,0.0032,0.0029,-0.0073,-0.0171,2.0000,tau_limit
12322,20.0000,2.0000,0.0032,0.0029,-0.0073,-0.0171,2.0000,tau_limit
12327,20.0000,2.0000,0.0032,0.0029,-0.0073,-0.0220,2.0000,tau_limit
12332,20.0000,2.0000,0.0032,0.0029,-0.0073,-0.0171,2.0000,tau_limit
12337,20.0000,2.0000,0.0032,0.0029,-0.0073,-0.0171,2.0000,tau_limit
12342,20.0000,2.0000,0.0032,0.0029,-0.0073,-0.0171,2.0000,tau_limit
12347,20.0000,2.0000,0.0032,0.0029,-0.0073,-0.0171,2.0000,tau_limit
12352,20.0000,2.0000,0.0032,0.0029,-0.0073,-0.0171,2.0000,tau_limit
12357,20.0000,2.0000,0.0032,0.0029,-0.0073,-0.0171,2.0000,tau_limit
12362,20.0000,2.0000,0.0032,0.0029,-0.0073,-0.0171,2.0000,tau_limit
12367,20.0000,2.0000,0.0032,0.0029,-0.0073,-0.0171,2.0000,tau_limit
12372,20.0000,2.0000,0.0032,0.0029,-0.0073,-0.0220,2.0000,tau_limit
12377,20.0000,2.0000,0.0032,0.0029,-0.0073,-0.0171,2.0000,tau_limit
12382,20.0000,2.0000,0.0032,0.0029,-0.0073,-0.0171,2.0000,tau_limit
12387,20.0000,2.0000,0.0032,0.0029,-0.0073,-0.0171,2.0000,tau_limit
12392,20.0000,2.0000,0.0032,0.0029,-0.0073,-0.0171,2.0000,tau_limit
12397,20.0000,2.0000,0.0032,0.0029,-0.0073,-0.0171,2.0000,tau_limit
12402,20.0000,2.0000,0.0032,0.0029,-0.0073,-0.0171,2.0000,tau_limit
12407,20.0000,2.0000,0.0032,0.0029,-0.0073,-0.0171,2.0000,tau_limit
12412,20.0000,2.0000,0.0032,0.0029,-0.0073,-0.0171,2.0000,tau_limit
12418,20.0000,2.0000,0.0032,0.0029,-0.0073,-0.0171,2.0000,tau_limit
12423,20.0000,2.0000,0.0032,0.0029,-0.0073,-0.0171,2.0000,tau_limit
12428,20.0000,2.0000,0.0032,0.0029,-0.0073,-0.0220,2.0000,tau_limit
12433,20.0000,2.0000,0.0032,0.0029,-0.0073,-0.0220,2.0000,tau_limit
12438,20.0000,2.0000,0.0032,0.0029,-0.0073,-0.0122,2.0000,tau_limit
12443,20.0000,2.0000,0.0032,0.0029,-0.0073,-0.0171,2.0000,tau_limit
12448,20.0000,2.0000,0.0032,0.0029,-0.0073,-0.0171,2.0000,tau_limit
12453,20.0000,2.0000,0.0032,0.0029,-0.0073,-0.0171,2.0000,tau_limit
12458,20.0000,2.0000,0.0032,0.0029,-0.0073,-0.0171,2.0000,tau_limit
12463,20.0000,2.0000,0.0032,0.0029,-0.0073,-0.0171,2.0000,tau_limit
12468,20.0000,2.0000,0.0032,0.0029,-0.0073,-0.0171,2.0000,tau_limit
12473,20.0000,2.0000,0.0032,0.0029,-0.0073,-0.0220,2.0000,tau_limit
12478,20.0000,2.0000,0.0032,0.0029,-0.0073,-0.0220,2.0000,tau_limit
12483,20.0000,2.0000,0.0032,0.0029,-0.0073,-0.0171,2.0000,tau_limit
12488,20.0000,2.0000,0.0032,0.0029,-0.0073,-0.0171,2.0000,tau_limit
12493,20.0000,2.0000,0.0032,0.0029,-0.0073,-0.0171,2.0000,tau_limit
12498,20.0000,2.0000,0.0032,0.0029,-0.0073,-0.0220,2.0000,tau_limit
12504,20.0000,2.0000,0.0032,0.0029,-0.0073,-0.0171,2.0000,tau_limit
12509,20.0000,2.0000,0.0032,0.0029,-0.0073,-0.0171,2.0000,tau_limit
12514,20.0000,2.0000,0.0032,0.0029,-0.0073,-0.0171,2.0000,tau_limit
12519,20.0000,2.0000,0.0032,0.0029,-0.0073,-0.0171,2.0000,tau_limit
12524,20.0000,2.0000,0.0032,0.0029,-0.0073,-0.0220,2.0000,tau_limit
12529,20.0000,2.0000,0.0032,0.0029,-0.0073,-0.0171,2.0000,tau_limit
12534,20.0000,2.0000,0.0032,0.0029,-0.0073,-0.0220,2.0000,tau_limit
12539,20.0000,2.0000,0.0032,0.0029,-0.0073,-0.0171,2.0000,tau_limit
12544,20.0000,2.0000,0.0032,0.0029,-0.0073,-0.0220,2.0000,tau_limit
12549,20.0000,2.0000,0.0032,0.0029,-0.0073,-0.0220,2.0000,tau_limit
12554,20.0000,2.0000,0.0032,0.0029,-0.0073,-0.0171,2.0000,tau_limit
12559,20.0000,2.0000,0.0032,0.0029,-0.0073,-0.0171,2.0000,tau_limit
12564,20.0000,2.0000,0.0032,0.0029,-0.0073,-0.0220,2.0000,tau_limit
12569,20.0000,2.0000,0.0032,0.0029,-0.0073,-0.0171,2.0000,tau_limit
12574,20.0000,2.0000,0.0032,0.0029,-0.0073,-0.0171,2.0000,tau_limit
12579,20.0000,2.0000,0.0032,0.0029,-0.0073,-0.0171,2.0000,tau_limit
12584,20.0000,2.0000,0.0032,0.0029,-0.0073,-0.0171,2.0000,tau_limit
12589,20.0000,2.0000,0.0032,0.0029,-0.0073,-0.0171,2.0000,tau_limit
12595,20.0000,2.0000,0.0032,0.0029,-0.0073,-0.0171,2.0000,tau_limit
12600,20.0000,2.0000,0.0032,0.0029,-0.0073,-0.0171,2.0000,tau_limit
12605,20.0000,2.0000,0.0032,0.0029,-0.0073,-0.0171,2.0000,tau_limit
12610,20.0000,2.0000,0.0032,0.0029,-0.0073,-0.0171,2.0000,tau_limit
12615,20.0000,2.0000,0.0032,0.0029,-0.0073,-0.0171,2.0000,tau_limit
12620,20.0000,2.0000,0.0032,0.0029,-0.0073,-0.0171,2.0000,tau_limit
12625,20.0000,2.0000,0.0032,0.0029,-0.0073,-0.0171,2.0000,tau_limit
12630,20.0000,2.0000,0.0032,0.0029,-0.0073,-0.0220,2.0000,tau_limit
12635,20.0000,2.0000,0.0032,0.0029,-0.0073,-0.0171,2.0000,tau_limit
12640,20.0000,2.0000,0.0032,0.0029,-0.0073,-0.0220,2.0000,tau_limit
12645,20.0000,2.0000,0.0032,0.0029,-0.0073,-0.0220,2.0000,tau_limit
12650,20.0000,2.0000,0.0032,0.0029,-0.0073,-0.0171,2.0000,tau_limit
12655,20.0000,2.0000,0.0032,0.0029,-0.0073,-0.0220,2.0000,tau_limit
12660,20.0000,2.0000,0.0032,0.0029,-0.0073,-0.0171,2.0000,tau_limit
12665,20.0000,2.0000,0.0032,0.0029,-0.0073,-0.0220,2.0000,tau_limit
12670,20.0000,2.0000,0.0032,0.0029,-0.0073,-0.0220,2.0000,tau_limit
12675,20.0000,2.0000,0.0032,0.0029,-0.0073,-0.0171,2.0000,tau_limit
12680,20.0000,2.0000,0.0032,0.0029,-0.0073,-0.0171,2.0000,tau_limit
12685,20.0000,2.0000,0.0032,0.0029,-0.0073,-0.0171,2.0000,tau_limit
12691,20.0000,2.0000,0.0032,0.0029,-0.0073,-0.0171,2.0000,tau_limit
12696,20.0000,2.0000,0.0032,0.0029,-0.0073,-0.0171,2.0000,tau_limit
12701,20.0000,2.0000,0.0032,0.0029,-0.0073,-0.0171,2.0000,tau_limit
12706,20.0000,2.0000,0.0032,0.0029,-0.0073,-0.0171,2.0000,tau_limit
12711,20.0000,2.0000,0.0032,0.0029,-0.0073,-0.0171,2.0000,tau_limit
12716,20.0000,2.0000,0.0032,0.0029,-0.0073,-0.0171,2.0000,tau_limit
12721,20.0000,2.0000,0.0032,0.0029,-0.0073,-0.0171,2.0000,tau_limit
12726,20.0000,2.0000,0.0032,0.0029,-0.0073,-0.0122,2.0000,tau_limit
12731,20.0000,2.0000,0.0032,0.0029,-0.0073,-0.0171,2.0000,tau_limit
12736,20.0000,2.0000,0.0032,0.0029,-0.0073,-0.0171,2.0000,tau_limit
12741,20.0000,2.0000,0.0032,0.0029,-0.0073,-0.0171,2.0000,tau_limit
12746,20.0000,2.0000,0.0032,0.0029,-0.0073,-0.0122,2.0000,tau_limit
12751,20.0000,2.0000,0.0032,0.0029,-0.0073,-0.0171,2.0000,tau_limit
12756,20.0000,2.0000,0.0032,0.0029,-0.0073,-0.0171,2.0000,tau_limit
12761,20.0000,2.0000,0.0032,0.0029,-0.0073,-0.0171,2.0000,tau_limit
12766,20.0000,2.0000,0.0032,0.0029,-0.0073,-0.0220,2.0000,tau_limit
12771,20.0000,2.0000,0.0032,0.0029,-0.0073,-0.0171,2.0000,tau_limit
12777,20.0000,2.0000,0.0032,0.0029,-0.0073,-0.0171,2.0000,tau_limit
12782,20.0000,2.0000,0.0032,0.0029,-0.0073,-0.0171,2.0000,tau_limit
12787,20.0000,2.0000,0.0032,0.0029,-0.0073,-0.0171,2.0000,tau_limit
12792,20.0000,2.0000,0.0032,0.0029,-0.0073,-0.0171,2.0000,tau_limit
12797,20.0000,2.0000,0.0032,0.0029,-0.0073,-0.0220,2.0000,tau_limit
12802,20.0000,2.0000,0.0032,0.0029,-0.0073,-0.0171,2.0000,tau_limit
12807,20.0000,2.0000,0.0032,0.0029,-0.0073,-0.0171,2.0000,tau_limit
12812,20.0000,2.0000,0.0032,0.0029,-0.0073,-0.0220,2.0000,tau_limit
12817,20.0000,2.0000,0.0032,0.0029,-0.0073,-0.0220,2.0000,tau_limit
12822,20.0000,2.0000,0.0032,0.0029,-0.0073,-0.0220,2.0000,tau_limit
12827,20.0000,2.0000,0.0032,0.0029,-0.0073,-0.0220,2.0000,tau_limit
12832,20.0000,2.0000,0.0032,0.0029,-0.0073,-0.0220,2.0000,tau_limit
12837,20.0000,2.0000,0.0032,0.0029,-0.0073,-0.0171,2.0000,tau_limit
12842,20.0000,2.0000,0.0032,0.0029,-0.0073,-0.0171,2.0000,tau_limit
12847,20.0000,2.0000,0.0032,0.0029,-0.0073,-0.0171,2.0000,tau_limit
12852,20.0000,2.0000,0.0032,0.0029,-0.0073,-0.0220,2.0000,tau_limit
12857,20.0000,2.0000,0.0032,0.0029,-0.0073,-0.0220,2.0000,tau_limit
12862,20.0000,2.0000,0.0032,0.0029,-0.0073,-0.0171,2.0000,tau_limit
12867,20.0000,2.0000,0.0032,0.0029,-0.0073,-0.0220,2.0000,tau_limit
12873,20.0000,2.0000,0.0032,0.0029,-0.0073,-0.0220,2.0000,tau_limit
12878,20.0000,2.0000,0.0032,0.0029,-0.0073,-0.0220,2.0000,tau_limit
12883,20.0000,2.0000,0.0032,0.0029,-0.0073,-0.0171,2.0000,tau_limit
12888,20.0000,2.0000,0.0032,0.0029,-0.0073,-0.0171,2.0000,tau_limit
12893,20.0000,2.0000,0.0032,0.0029,-0.0073,-0.0171,2.0000,tau_limit
12898,20.0000,2.0000,0.0032,0.0029,-0.0073,-0.0171,2.0000,tau_limit
12903,20.0000,2.0000,0.0032,0.0029,-0.0073,-0.0171,2.0000,tau_limit
12908,20.0000,2.0000,0.0032,0.0029,-0.0073,-0.0171,2.0000,tau_limit
12913,20.0000,2.0000,0.0032,0.0029,-0.0073,-0.0171,2.0000,tau_limit
12918,20.0000,2.0000,0.0032,0.0029,-0.0073,-0.0171,2.0000,tau_limit
12923,20.0000,2.0000,0.0032,0.0029,-0.0073,-0.0220,2.0000,tau_limit
12928,20.0000,2.0000,0.0032,0.0029,-0.0073,-0.0171,2.0000,tau_limit
12933,20.0000,2.0000,0.0032,0.0029,-0.0073,-0.0171,2.0000,tau_limit
12938,20.0000,2.0000,0.0032,0.0029,-0.0073,-0.0220,2.0000,tau_limit
12943,20.0000,2.0000,0.0032,0.0029,-0.0073,-0.0220,2.0000,tau_limit
12948,20.0000,2.0000,0.0032,0.0029,-0.0073,-0.0220,2.0000,tau_limit
12953,20.0000,2.0000,0.0032,0.0029,-0.0073,-0.0171,2.0000,tau_limit
12958,20.0000,2.0000,0.0032,0.0029,-0.0073,-0.0220,2.0000,tau_limit
12963,20.0000,2.0000,0.0032,0.0029,-0.0073,-0.0220,2.0000,tau_limit
12969,20.0000,2.0000,0.0032,0.0029,-0.0073,-0.0220,2.0000,tau_limit
12974,20.0000,2.0000,0.0032,0.0029,-0.0073,-0.0220,2.0000,tau_limit
12979,20.0000,2.0000,0.0032,0.0029,-0.0073,-0.0220,2.0000,tau_limit
12984,20.0000,2.0000,0.0032,0.0029,-0.0073,-0.0171,2.0000,tau_limit
12989,20.0000,2.0000,0.0032,0.0029,-0.0073,-0.0220,2.0000,tau_limit
12994,20.0000,2.0000,0.0032,0.0029,-0.0073,-0.0171,2.0000,tau_limit
12999,20.0000,2.0000,0.0032,0.0029,-0.0073,-0.0171,2.0000,tau_limit
13004,20.0000,2.0000,0.0032,0.0029,-0.0073,-0.0220,2.0000,tau_limit
13009,20.0000,2.0000,0.0032,0.0029,-0.0073,-0.0171,2.0000,tau_limit
13014,20.0000,2.0000,0.0032,0.0029,-0.0073,-0.0171,2.0000,tau_limit
13019,20.0000,2.0000,0.0032,0.0029,-0.0073,-0.0171,2.0000,tau_limit
13024,20.0000,2.0000,0.0032,0.0029,-0.0073,-0.0171,2.0000,tau_limit
13029,20.0000,2.0000,0.0032,0.0029,-0.0073,-0.0171,2.0000,tau_limit
13034,20.0000,2.0000,0.0032,0.0029,-0.0073,-0.0220,2.0000,tau_limit
13039,20.0000,2.0000,0.0032,0.0029,-0.0073,-0.0220,2.0000,tau_limit
13044,20.0000,2.0000,0.0032,0.0029,-0.0073,-0.0220,2.0000,tau_limit
13049,20.0000,2.0000,0.0032,0.0029,-0.0073,-0.0171,2.0000,tau_limit
13055,20.0000,2.0000,0.0032,0.0029,-0.0073,-0.0171,2.0000,tau_limit
13060,20.0000,2.0000,0.0032,0.0029,-0.0073,-0.0220,2.0000,tau_limit
13065,20.0000,2.0000,0.0032,0.0029,-0.0073,-0.0171,2.0000,tau_limit
13070,20.0000,2.0000,0.0032,0.0029,-0.0073,-0.0220,2.0000,tau_limit
13075,20.0000,2.0000,0.0032,0.0029,-0.0073,-0.0220,2.0000,tau_limit
13080,20.0000,2.0000,0.0032,0.0032,-0.0073,-0.0220,2.0000,tau_limit
13085,20.0000,2.0000,0.0032,0.0032,-0.0073,-0.0220,2.0000,tau_limit
13090,20.0000,2.0000,0.0032,0.0032,-0.0073,-0.0220,2.0000,tau_limit
13095,20.0000,2.0000,0.0032,0.0032,-0.0073,-0.0220,2.0000,tau_limit
13100,20.0000,2.0000,0.0032,0.0032,-0.0073,-0.0171,2.0000,tau_limit
13105,20.0000,2.0000,0.0032,0.0032,-0.0073,-0.0220,2.0000,tau_limit
13110,20.0000,2.0000,0.0032,0.0032,-0.0073,-0.0220,2.0000,tau_limit
13115,20.0000,2.0000,0.0032,0.0032,-0.0073,-0.0220,2.0000,tau_limit
13120,20.0000,2.0000,0.0032,0.0032,-0.0073,-0.0220,2.0000,tau_limit
13125,20.0000,2.0000,0.0032,0.0032,-0.0073,-0.0220,2.0000,tau_limit
13130,20.0000,2.0000,0.0032,0.0032,-0.0073,-0.0171,2.0000,tau_limit
13135,20.0000,2.0000,0.0032,0.0032,-0.0073,-0.0220,2.0000,tau_limit
13140,20.0000,2.0000,0.0032,0.0032,-0.0073,-0.0220,2.0000,tau_limit
13146,20.0000,2.0000,0.0032,0.0032,-0.0073,-0.0220,2.0000,tau_limit
13151,20.0000,2.0000,0.0032,0.0032,-0.0073,-0.0220,2.0000,tau_limit
13156,20.0000,2.0000,0.0032,0.0032,-0.0073,-0.0220,2.0000,tau_limit
13161,20.0000,2.0000,0.0032,0.0032,-0.0073,-0.0220,2.0000,tau_limit
13166,20.0000,2.0000,0.0032,0.0032,-0.0073,-0.0220,2.0000,tau_limit
13171,20.0000,2.0000,0.0032,0.0032,-0.0073,-0.0220,2.0000,tau_limit
13176,20.0000,2.0000,0.0032,0.0032,-0.0073,-0.0220,2.0000,tau_limit
13181,20.0000,2.0000,0.0032,0.0032,-0.0073,-0.0220,2.0000,tau_limit
13186,20.0000,2.0000,0.0032,0.0032,-0.0073,-0.0220,2.0000,tau_limit
13191,20.0000,2.0000,0.0032,0.0032,-0.0073,-0.0220,2.0000,tau_limit
13196,20.0000,2.0000,0.0032,0.0032,-0.0073,-0.0220,2.0000,tau_limit
13201,20.0000,2.0000,0.0032,0.0032,-0.0073,-0.0220,2.0000,tau_limit
13206,20.0000,2.0000,0.0032,0.0032,-0.0073,-0.0171,2.0000,tau_limit
13211,20.0000,2.0000,0.0032,0.0032,-0.0073,-0.0220,2.0000,tau_limit
13216,20.0000,2.0000,0.0032,0.0032,-0.0073,-0.0220,2.0000,tau_limit
13221,20.0000,2.0000,0.0032,0.0032,-0.0073,-0.0220,2.0000,tau_limit
13226,20.0000,2.0000,0.0032,0.0032,-0.0073,-0.0171,2.0000,tau_limit
13232,20.0000,2.0000,0.0032,0.0032,-0.0073,-0.0220,2.0000,tau_limit
13237,20.0000,2.0000,0.0032,0.0032,-0.0073,-0.0220,2.0000,tau_limit
13242,20.0000,2.0000,0.0032,0.0032,-0.0073,-0.0220,2.0000,tau_limit
13247,20.0000,2.0000,0.0032,0.0032,-0.0073,-0.0171,2.0000,tau_limit
13252,20.0000,2.0000,0.0032,0.0032,-0.0073,-0.0171,2.0000,tau_limit
13257,20.0000,2.0000,0.0032,0.0032,-0.0073,-0.0220,2.0000,tau_limit
13262,20.0000,2.0000,0.0032,0.0032,-0.0073,-0.0220,2.0000,tau_limit
13267,20.0000,2.0000,0.0032,0.0032,-0.0073,-0.0220,2.0000,tau_limit
13272,20.0000,2.0000,0.0032,0.0032,-0.0073,-0.0220,2.0000,tau_limit
13277,20.0000,2.0000,0.0032,0.0032,-0.0073,-0.0220,2.0000,tau_limit
13282,20.0000,2.0000,0.0032,0.0032,-0.0073,-0.0220,2.0000,tau_limit
13287,20.0000,2.0000,0.0032,0.0032,-0.0073,-0.0220,2.0000,tau_limit
13292,20.0000,2.0000,0.0032,0.0032,-0.0073,-0.0220,2.0000,tau_limit
13297,20.0000,2.0000,0.0032,0.0032,-0.0073,-0.0269,2.0000,tau_limit
13302,20.0000,2.0000,0.0032,0.0032,-0.0073,-0.0220,2.0000,tau_limit
13307,20.0000,2.0000,0.0032,0.0032,-0.0073,-0.0220,2.0000,tau_limit
13312,20.0000,2.0000,0.0032,0.0032,-0.0073,-0.0220,2.0000,tau_limit
13317,20.0000,2.0000,0.0032,0.0032,-0.0073,-0.0220,2.0000,tau_limit
13323,20.0000,2.0000,0.0032,0.0032,-0.0073,-0.0220,2.0000,tau_limit
13328,20.0000,2.0000,0.0032,0.0032,-0.0073,-0.0220,2.0000,tau_limit
13333,20.0000,2.0000,0.0032,0.0032,-0.0073,-0.0171,2.0000,tau_limit
13338,20.0000,2.0000,0.0032,0.0032,-0.0073,-0.0220,2.0000,tau_limit
13343,20.0000,2.0000,0.0032,0.0032,-0.0073,-0.0220,2.0000,tau_limit
13348,20.0000,2.0000,0.0032,0.0032,-0.0073,-0.0171,2.0000,tau_limit
13353,20.0000,2.0000,0.0032,0.0032,-0.0073,-0.0220,2.0000,tau_limit
13358,20.0000,2.0000,0.0032,0.0032,-0.0073,-0.0220,2.0000,tau_limit
13363,20.0000,2.0000,0.0032,0.0032,-0.0073,-0.0171,2.0000,tau_limit
13368,20.0000,2.0000,0.0032,0.0032,-0.0073,-0.0220,2.0000,tau_limit
13373,20.0000,2.0000,0.0032,0.0032,-0.0073,-0.0220,2.0000,tau_limit
13378,20.0000,2.0000,0.0032,0.0032,-0.0073,-0.0220,2.0000,tau_limit
13383,20.0000,2.0000,0.0032,0.0032,-0.0073,-0.0269,2.0000,tau_limit
13388,20.0000,2.0000,0.0032,0.0032,-0.0073,-0.0269,2.0000,tau_limit
13393,20.0000,2.0000,0.0032,0.0032,-0.0073,-0.0220,2.0000,tau_limit
13398,20.0000,2.0000,0.0032,0.0032,-0.0073,-0.0269,2.0000,tau_limit
13403,20.0000,2.0000,0.0032,0.0032,-0.0073,-0.0220,2.0000,tau_limit
13408,20.0000,2.0000,0.0032,0.0032,-0.0073,-0.0220,2.0000,tau_limit
13414,20.0000,2.0000,0.0032,0.0032,-0.0073,-0.0220,2.0000,tau_limit
13419,20.0000,2.0000,0.0032,0.0032,-0.0073,-0.0220,2.0000,tau_limit
13424,20.0000,2.0000,0.0032,0.0032,-0.0073,-0.0269,2.0000,tau_limit
13429,20.0000,2.0000,0.0032,0.0032,-0.0073,-0.0269,2.0000,tau_limit
13434,20.0000,2.0000,0.0032,0.0032,-0.0073,-0.0220,2.0000,tau_limit
13439,20.0000,2.0000,0.0032,0.0032,-0.0073,-0.0269,2.0000,tau_limit
13444,20.0000,2.0000,0.0032,0.0032,-0.0073,-0.0269,2.0000,tau_limit
13449,20.0000,2.0000,0.0032,0.0032,-0.0073,-0.0269,2.0000,tau_limit
13454,20.0000,2.0000,0.0032,0.0032,-0.0073,-0.0269,2.0000,tau_limit
13459,20.0000,2.0000,0.0032,0.0032,-0.0073,-0.0220,2.0000,tau_limit
13464,20.0000,2.0000,0.0032,0.0032,-0.0073,-0.0269,2.0000,tau_limit
13469,20.0000,2.0000,0.0032,0.0032,-0.0073,-0.0269,2.0000,tau_limit
13474,20.0000,2.0000,0.0032,0.0032,-0.0073,-0.0220,2.0000,tau_limit
13479,20.0000,2.0000,0.0032,0.0032,-0.0073,-0.0220,2.0000,tau_limit
13484,20.0000,2.0000,0.0032,0.0032,-0.0073,-0.0220,2.0000,tau_limit
13489,20.0000,2.0000,0.0032,0.0032,-0.0073,-0.0269,2.0000,tau_limit
13494,20.0000,2.0000,0.0032,0.0032,-0.0073,-0.0220,2.0000,tau_limit
13499,20.0000,2.0000,0.0032,0.0032,-0.0073,-0.0269,2.0000,tau_limit
13505,20.0000,2.0000,0.0032,0.0032,-0.0073,-0.0220,2.0000,tau_limit
13510,20.0000,2.0000,0.0032,0.0032,-0.0073,-0.0269,2.0000,tau_limit
13515,20.0000,2.0000,0.0032,0.0032,-0.0073,-0.0269,2.0000,tau_limit
13520,20.0000,2.0000,0.0032,0.0032,-0.0073,-0.0269,2.0000,tau_limit
13525,20.0000,2.0000,0.0032,0.0032,-0.0073,-0.0220,2.0000,tau_limit
13530,20.0000,2.0000,0.0032,0.0032,-0.0073,-0.0269,2.0000,tau_limit
13535,20.0000,2.0000,0.0032,0.0032,-0.0073,-0.0220,2.0000,tau_limit
13540,20.0000,2.0000,0.0032,0.0032,-0.0073,-0.0220,2.0000,tau_limit
13545,20.0000,2.0000,0.0032,0.0032,-0.0073,-0.0220,2.0000,tau_limit
13550,20.0000,2.0000,0.0032,0.0032,-0.0073,-0.0220,2.0000,tau_limit
13555,20.0000,2.0000,0.0032,0.0032,-0.0073,-0.0269,2.0000,tau_limit
13560,20.0000,2.0000,0.0032,0.0032,-0.0073,-0.0269,2.0000,tau_limit
13565,20.0000,2.0000,0.0032,0.0032,-0.0073,-0.0269,2.0000,tau_limit
13570,20.0000,2.0000,0.0032,0.0032,-0.0073,-0.0269,2.0000,tau_limit
13575,20.0000,2.0000,0.0032,0.0032,-0.0073,-0.0220,2.0000,tau_limit
13580,20.0000,2.0000,0.0032,0.0032,-0.0073,-0.0269,2.0000,tau_limit
13585,20.0000,2.0000,0.0032,0.0032,-0.0073,-0.0269,2.0000,tau_limit
13591,20.0000,2.0000,0.0032,0.0032,-0.0073,-0.0269,2.0000,tau_limit
13596,20.0000,2.0000,0.0032,0.0032,-0.0073,-0.0269,2.0000,tau_limit
13601,20.0000,2.0000,0.0032,0.0032,-0.0073,-0.0269,2.0000,tau_limit
13606,20.0000,2.0000,0.0032,0.0032,-0.0073,-0.0269,2.0000,tau_limit
13611,20.0000,2.0000,0.0032,0.0032,-0.0073,-0.0269,2.0000,tau_limit
13616,20.0000,2.0000,0.0032,0.0032,-0.0073,-0.0220,2.0000,tau_limit
13621,20.0000,2.0000,0.0032,0.0032,-0.0073,-0.0220,2.0000,tau_limit
13626,20.0000,2.0000,0.0032,0.0032,-0.0073,-0.0269,2.0000,tau_limit
13631,20.0000,2.0000,0.0032,0.0032,-0.0073,-0.0269,2.0000,tau_limit
13636,20.0000,2.0000,0.0032,0.0032,-0.0073,-0.0220,2.0000,tau_limit
13641,20.0000,2.0000,0.0032,0.0032,-0.0073,-0.0220,2.0000,tau_limit
13646,20.0000,2.0000,0.0032,0.0032,-0.0073,-0.0220,2.0000,tau_limit
13651,20.0000,2.0000,0.0032,0.0032,-0.0073,-0.0269,2.0000,tau_limit
13656,20.0000,2.0000,0.0032,0.0032,-0.0073,-0.0269,2.0000,tau_limit
13661,20.0000,2.0000,0.0032,0.0032,-0.0073,-0.0269,2.0000,tau_limit
13666,20.0000,2.0000,0.0032,0.0032,-0.0073,-0.0269,2.0000,tau_limit
13671,20.0000,2.0000,0.0032,0.0032,-0.0073,-0.0269,2.0000,tau_limit
13676,20.0000,2.0000,0.0032,0.0032,-0.0073,-0.0269,2.0000,tau_limit
13682,20.0000,2.0000,0.0032,0.0032,-0.0073,-0.0269,2.0000,tau_limit
13687,20.0000,2.0000,0.0032,0.0032,-0.0073,-0.0269,2.0000,tau_limit
13692,20.0000,2.0000,0.0032,0.0032,-0.0073,-0.0220,2.0000,tau_limit
13697,20.0000,2.0000,0.0032,0.0032,-0.0073,-0.0220,2.0000,tau_limit
13702,20.0000,2.0000,0.0032,0.0032,-0.0073,-0.0269,2.0000,tau_limit
13707,20.0000,2.0000,0.0032,0.0032,-0.0073,-0.0269,2.0000,tau_limit
13712,20.0000,2.0000,0.0032,0.0032,-0.0073,-0.0220,2.0000,tau_limit
13717,20.0000,2.0000,0.0032,0.0032,-0.0073,-0.0269,2.0000,tau_limit
13722,20.0000,2.0000,0.0032,0.0032,-0.0073,-0.0269,2.0000,tau_limit
13727,20.0000,2.0000,0.0032,0.0032,-0.0073,-0.0269,2.0000,tau_limit
13732,20.0000,2.0000,0.0032,0.0032,-0.0073,-0.0269,2.0000,tau_limit
13737,20.0000,2.0000,0.0032,0.0032,-0.0073,-0.0269,2.0000,tau_limit
13742,20.0000,2.0000,0.0032,0.0032,-0.0073,-0.0269,2.0000,tau_limit
13747,20.0000,2.0000,0.0032,0.0032,-0.0073,-0.0269,2.0000,tau_limit
13752,20.0000,2.0000,0.0032,0.0032,-0.0073,-0.0269,2.0000,tau_limit
13757,20.0000,2.0000,0.0032,0.0032,-0.0073,-0.0269,2.0000,tau_limit
13762,20.0000,2.0000,0.0032,0.0032,-0.0073,-0.0269,2.0000,tau_limit
13768,20.0000,2.0000,0.0032,0.0032,-0.0073,-0.0269,2.0000,tau_limit
13773,20.0000,2.0000,0.0032,0.0032,-0.0073,-0.0269,2.0000,tau_limit
13778,20.0000,2.0000,0.0032,0.0032,-0.0073,-0.0269,2.0000,tau_limit
13783,20.0000,2.0000,0.0032,0.0032,-0.0073,-0.0269,2.0000,tau_limit
13788,20.0000,2.0000,0.0032,0.0032,-0.0073,-0.0269,2.0000,tau_limit
13793,20.0000,2.0000,0.0032,0.0032,-0.0073,-0.0269,2.0000,tau_limit
13798,20.0000,2.0000,0.0032,0.0032,-0.0073,-0.0220,2.0000,tau_limit
13803,20.0000,2.0000,0.0032,0.0032,-0.0073,-0.0269,2.0000,tau_limit
13808,20.0000,2.0000,0.0032,0.0032,-0.0073,-0.0269,2.0000,tau_limit
13813,20.0000,2.0000,0.0032,0.0032,-0.0073,-0.0269,2.0000,tau_limit
13818,20.0000,2.0000,0.0032,0.0032,-0.0073,-0.0269,2.0000,tau_limit
13823,20.0000,2.0000,0.0032,0.0032,-0.0073,-0.0269,2.0000,tau_limit
13828,20.0000,2.0000,0.0032,0.0032,-0.0073,-0.0269,2.0000,tau_limit
13833,20.0000,2.0000,0.0032,0.0032,-0.0073,-0.0269,2.0000,tau_limit
13838,20.0000,2.0000,0.0032,0.0032,-0.0073,-0.0269,2.0000,tau_limit
13843,20.0000,2.0000,0.0032,0.0032,-0.0073,-0.0269,2.0000,tau_limit
13848,20.0000,2.0000,0.0032,0.0032,-0.0073,-0.0269,2.0000,tau_limit
13853,20.0000,2.0000,0.0032,0.0032,-0.0073,-0.0220,2.0000,tau_limit
13859,20.0000,2.0000,0.0032,0.0032,-0.0073,-0.0220,2.0000,tau_limit
13864,20.0000,2.0000,0.0032,0.0032,-0.0073,-0.0269,2.0000,tau_limit
13869,20.0000,2.0000,0.0032,0.0032,-0.0073,-0.0220,2.0000,tau_limit
13874,20.0000,2.0000,0.0032,0.0032,-0.0073,-0.0269,2.0000,tau_limit
13879,20.0000,2.0000,0.0032,0.0032,-0.0073,-0.0269,2.0000,tau_limit
13884,20.0000,2.0000,0.0032,0.0032,-0.0073,-0.0220,2.0000,tau_limit
13889,20.0000,2.0000,0.0032,0.0032,-0.0073,-0.0220,2.0000,tau_limit
13894,20.0000,2.0000,0.0032,0.0032,-0.0073,-0.0220,2.0000,tau_limit
13899,20.0000,2.0000,0.0032,0.0032,-0.0073,-0.0269,2.0000,tau_limit
13904,20.0000,2.0000,0.0032,0.0032,-0.0073,-0.0269,2.0000,tau_limit
13909,20.0000,2.0000,0.0032,0.0032,-0.0073,-0.0269,2.0000,tau_limit
13914,20.0000,2.0000,0.0032,0.0032,-0.0073,-0.0269,2.0000,tau_limit
13919,20.0000,2.0000,0.0032,0.0032,-0.0073,-0.0269,2.0000,tau_limit
13924,20.0000,2.0000,0.0032,0.0032,-0.0073,-0.0269,2.0000,tau_limit
13929,20.0000,2.0000,0.0032,0.0032,-0.0073,-0.0269,2.0000,tau_limit
13934,20.0000,2.0000,0.0032,0.0032,-0.0073,-0.0269,2.0000,tau_limit
13939,20.0000,2.0000,0.0032,0.0032,-0.0073,-0.0220,2.0000,tau_limit
13944,20.0000,2.0000,0.0032,0.0032,-0.0073,-0.0220,2.0000,tau_limit
13950,20.0000,2.0000,0.0032,0.0032,-0.0073,-0.0220,2.0000,tau_limit
13955,20.0000,2.0000,0.0032,0.0032,-0.0073,-0.0220,2.0000,tau_limit
13960,20.0000,2.0000,0.0032,0.0032,-0.0073,-0.0269,2.0000,tau_limit
13965,20.0000,2.0000,0.0032,0.0032,-0.0073,-0.0269,2.0000,tau_limit
13970,20.0000,2.0000,0.0032,0.0032,-0.0073,-0.0220,2.0000,tau_limit
13975,20.0000,2.0000,0.0032,0.0032,-0.0073,-0.0220,2.0000,tau_limit
13980,20.0000,2.0000,0.0032,0.0032,-0.0073,-0.0220,2.0000,tau_limit
13985,20.0000,2.0000,0.0032,0.0032,-0.0073,-0.0220,2.0000,tau_limit
13990,20.0000,2.0000,0.0032,0.0032,-0.0073,-0.0220,2.0000,tau_limit
13995,20.0000,2.0000,0.0032,0.0032,-0.0073,-0.0220,2.0000,tau_limit
14000,20.0000,2.0000,0.0032,0.0032,-0.0073,-0.0269,2.0000,tau_limit
14005,20.0000,2.0000,0.0032,0.0032,-0.0073,-0.0269,2.0000,tau_limit
14010,20.0000,2.0000,0.0032,0.0032,-0.0073,-0.0269,2.0000,tau_limit
14015,20.0000,2.0000,0.0032,0.0032,-0.0073,-0.0220,2.0000,tau_limit
14020,20.0000,2.0000,0.0032,0.0032,-0.0073,-0.0220,2.0000,tau_limit
14025,20.0000,2.0000,0.0032,0.0032,-0.0073,-0.0269,2.0000,tau_limit
14030,20.0000,2.0000,0.0032,0.0032,-0.0073,-0.0269,2.0000,tau_limit
14036,20.0000,2.0000,0.0032,0.0032,-0.0073,-0.0220,2.0000,tau_limit
14041,20.0000,2.0000,0.0032,0.0032,-0.0073,-0.0220,2.0000,tau_limit
14046,20.0000,2.0000,0.0032,0.0032,-0.0073,-0.0269,2.0000,tau_limit
14051,20.0000,2.0000,0.0032,0.0032,-0.0073,-0.0220,2.0000,tau_limit
14056,20.0000,2.0000,0.0032,0.0032,-0.0073,-0.0220,2.0000,tau_limit
14061,20.0000,2.0000,0.0032,0.0032,-0.0073,-0.0269,2.0000,tau_limit
14066,20.0000,2.0000,0.0032,0.0032,-0.0073,-0.0220,2.0000,tau_limit
14071,20.0000,2.0000,0.0032,0.0032,-0.0073,-0.0220,2.0000,tau_limit
14076,20.0000,2.0000,0.0032,0.0032,-0.0073,-0.0220,2.0000,tau_limit
14081,20.0000,2.0000,0.0032,0.0032,-0.0073,-0.0269,2.0000,tau_limit
14086,20.0000,2.0000,0.0032,0.0032,-0.0073,-0.0269,2.0000,tau_limit
14091,20.0000,2.0000,0.0032,0.0032,-0.0073,-0.0269,2.0000,tau_limit
14096,20.0000,2.0000,0.0032,0.0032,-0.0073,-0.0269,2.0000,tau_limit
14101,20.0000,2.0000,0.0032,0.0032,-0.0073,-0.0220,2.0000,tau_limit
14106,20.0000,2.0000,0.0032,0.0032,-0.0073,-0.0220,2.0000,tau_limit
14111,20.0000,2.0000,0.0032,0.0032,-0.0073,-0.0269,2.0000,tau_limit
14116,20.0000,2.0000,0.0032,0.0032,-0.0073,-0.0220,2.0000,tau_limit
14121,20.0000,2.0000,0.0032,0.0032,-0.0073,-0.0269,2.0000,tau_limit
14126,20.0000,2.0000,0.0032,0.0032,-0.0073,-0.0269,2.0000,tau_limit
14132,20.0000,2.0000,0.0032,0.0032,-0.0073,-0.0269,2.0000,tau_limit
14137,20.0000,2.0000,0.0032,0.0032,-0.0073,-0.0269,2.0000,tau_limit
14142,20.0000,2.0000,0.0032,0.0032,-0.0073,-0.0269,2.0000,tau_limit
14147,20.0000,2.0000,0.0032,0.0032,-0.0073,-0.0220,2.0000,tau_limit
14152,20.0000,2.0000,0.0032,0.0032,-0.0073,-0.0220,2.0000,tau_limit
14157,20.0000,2.0000,0.0032,0.0032,-0.0073,-0.0269,2.0000,tau_limit
14162,20.0000,2.0000,0.0032,0.0032,-0.0073,-0.0220,2.0000,tau_limit
14167,20.0000,2.0000,0.0032,0.0032,-0.0073,-0.0269,2.0000,tau_limit
14172,20.0000,2.0000,0.0032,0.0032,-0.0073,-0.0220,2.0000,tau_limit
14177,20.0000,2.0000,0.0032,0.0032,-0.0073,-0.0220,2.0000,tau_limit
14182,20.0000,2.0000,0.0032,0.0032,-0.0073,-0.0220,2.0000,tau_limit
14187,20.0000,2.0000,0.0032,0.0032,-0.0073,-0.0220,2.0000,tau_limit
14192,20.0000,2.0000,0.0032,0.0032,-0.0073,-0.0220,2.0000,tau_limit
14197,20.0000,2.0000,0.0032,0.0032,-0.0073,-0.0269,2.0000,tau_limit
14202,20.0000,2.0000,0.0032,0.0032,-0.0073,-0.0269,2.0000,tau_limit
14207,20.0000,2.0000,0.0032,0.0032,-0.0073,-0.0269,2.0000,tau_limit
14212,20.0000,2.0000,0.0032,0.0032,-0.0073,-0.0220,2.0000,tau_limit
14218,20.0000,2.0000,0.0032,0.0032,-0.0073,-0.0220,2.0000,tau_limit
14223,20.0000,2.0000,0.0032,0.0032,-0.0073,-0.0220,2.0000,tau_limit
14228,20.0000,2.0000,0.0032,0.0032,-0.0073,-0.0220,2.0000,tau_limit
14233,20.0000,2.0000,0.0032,0.0032,-0.0073,-0.0269,2.0000,tau_limit
14238,20.0000,2.0000,0.0032,0.0032,-0.0073,-0.0269,2.0000,tau_limit
14243,20.0000,2.0000,0.0032,0.0032,-0.0073,-0.0269,2.0000,tau_limit
14248,20.0000,2.0000,0.0032,0.0032,-0.0073,-0.0220,2.0000,tau_limit
14253,20.0000,2.0000,0.0032,0.0032,-0.0073,-0.0220,2.0000,tau_limit
14258,20.0000,2.0000,0.0032,0.0032,-0.0073,-0.0220,2.0000,tau_limit
14263,20.0000,2.0000,0.0032,0.0032,-0.0073,-0.0220,2.0000,tau_limit
14268,20.0000,2.0000,0.0032,0.0032,-0.0073,-0.0269,2.0000,tau_limit
14273,20.0000,2.0000,0.0032,0.0032,-0.0073,-0.0220,2.0000,tau_limit
14278,20.0000,2.0000,0.0032,0.0032,-0.0073,-0.0220,2.0000,tau_limit
14283,20.0000,2.0000,0.0032,0.0032,-0.0073,-0.0269,2.0000,tau_limit
14288,20.0000,2.0000,0.0032,0.0032,-0.0073,-0.0220,2.0000,tau_limit
14293,20.0000,2.0000,0.0032,0.0032,-0.0073,-0.0220,2.0000,tau_limit
14298,20.0000,2.0000,0.0032,0.0032,-0.0073,-0.0220,2.0000,tau_limit
14303,20.0000,2.0000,0.0032,0.0032,-0.0073,-0.0220,2.0000,tau_limit
14308,20.0000,2.0000,0.0032,0.0032,-0.0073,-0.0269,2.0000,tau_limit
14313,20.0000,2.0000,0.0032,0.0032,-0.0073,-0.0269,2.0000,tau_limit
14319,20.0000,2.0000,0.0032,0.0032,-0.0073,-0.0269,2.0000,tau_limit
14324,20.0000,2.0000,0.0032,0.0032,-0.0073,-0.0317,2.0000,tau_limit
14329,20.0000,2.0000,0.0032,0.0032,-0.0073,-0.0269,2.0000,tau_limit
14334,20.0000,2.0000,0.0032,0.0032,-0.0073,-0.0269,2.0000,tau_limit
14339,20.0000,2.0000,0.0032,0.0032,-0.0073,-0.0220,2.0000,tau_limit
14344,20.0000,2.0000,0.0032,0.0032,-0.0073,-0.0220,2.0000,tau_limit
14349,20.0000,2.0000,0.0032,0.0032,-0.0073,-0.0220,2.0000,tau_limit
14354,20.0000,2.0000,0.0032,0.0032,-0.0073,-0.0269,2.0000,tau_limit
14359,20.0000,2.0000,0.0032,0.0032,-0.0073,-0.0269,2.0000,tau_limit
14364,20.0000,2.0000,0.0032,0.0032,-0.0073,-0.0269,2.0000,tau_limit
14369,20.0000,2.0000,0.0032,0.0032,-0.0073,-0.0220,2.0000,tau_limit
14374,20.0000,2.0000,0.0032,0.0032,-0.0073,-0.0220,2.0000,tau_limit
14379,20.0000,2.0000,0.0032,0.0032,-0.0073,-0.0269,2.0000,tau_limit
14384,20.0000,2.0000,0.0032,0.0032,-0.0073,-0.0269,2.0000,tau_limit
14389,20.0000,2.0000,0.0032,0.0032,-0.0073,-0.0220,2.0000,tau_limit
14394,20.0000,2.0000,0.0032,0.0032,-0.0073,-0.0220,2.0000,tau_limit
14399,20.0000,2.0000,0.0032,0.0032,-0.0073,-0.0269,2.0000,tau_limit
14404,20.0000,2.0000,0.0032,0.0032,-0.0073,-0.0220,2.0000,tau_limit
14409,20.0000,2.0000,0.0032,0.0032,-0.0073,-0.0220,2.0000,tau_limit
14415,20.0000,2.0000,0.0032,0.0032,-0.0073,-0.0269,2.0000,tau_limit
14420,20.0000,2.0000,0.0032,0.0032,-0.0073,-0.0269,2.0000,tau_limit
14425,20.0000,2.0000,0.0032,0.0032,-0.0073,-0.0269,2.0000,tau_limit
14430,20.0000,2.0000,0.0032,0.0032,-0.0073,-0.0220,2.0000,tau_limit
14435,20.0000,2.0000,0.0032,0.0032,-0.0073,-0.0220,2.0000,tau_limit
14440,20.0000,2.0000,0.0032,0.0032,-0.0073,-0.0220,2.0000,tau_limit
14445,20.0000,2.0000,0.0032,0.0032,-0.0073,-0.0220,2.0000,tau_limit
14450,20.0000,2.0000,0.0032,0.0032,-0.0073,-0.0220,2.0000,tau_limit
14455,20.0000,2.0000,0.0032,0.0032,-0.0073,-0.0220,2.0000,tau_limit
14460,20.0000,2.0000,0.0032,0.0032,-0.0073,-0.0269,2.0000,tau_limit
14465,20.0000,2.0000,0.0032,0.0032,-0.0073,-0.0269,2.0000,tau_limit
14470,20.0000,2.0000,0.0032,0.0032,-0.0073,-0.0220,2.0000,tau_limit
14475,20.0000,2.0000,0.0032,0.0032,-0.0073,-0.0269,2.0000,tau_limit
14480,20.0000,2.0000,0.0032,0.0032,-0.0073,-0.0220,2.0000,tau_limit
14485,20.0000,2.0000,0.0032,0.0032,-0.0073,-0.0269,2.0000,tau_limit
14490,20.0000,2.0000,0.0032,0.0032,-0.0073,-0.0269,2.0000,tau_limit
14495,20.0000,2.0000,0.0032,0.0032,-0.0073,-0.0269,2.0000,tau_limit
14500,20.0000,2.0000,0.0032,0.0032,-0.0073,-0.0220,2.0000,tau_limit
14506,20.0000,2.0000,0.0032,0.0032,-0.0073,-0.0220,2.0000,tau_limit
14511,20.0000,2.0000,0.0032,0.0032,-0.0073,-0.0220,2.0000,tau_limit
14516,20.0000,2.0000,0.0032,0.0032,-0.0073,-0.0220,2.0000,tau_limit
14521,20.0000,2.0000,0.0032,0.0032,-0.0073,-0.0269,2.0000,tau_limit
14526,20.0000,2.0000,0.0032,0.0032,-0.0073,-0.0269,2.0000,tau_limit
14531,20.0000,2.0000,0.0032,0.0032,-0.0073,-0.0220,2.0000,tau_limit
14536,20.0000,2.0000,0.0032,0.0032,-0.0073,-0.0220,2.0000,tau_limit
14541,20.0000,2.0000,0.0032,0.0032,-0.0073,-0.0269,2.0000,tau_limit
14546,20.0000,2.0000,0.0032,0.0032,-0.0073,-0.0220,2.0000,tau_limit
14551,20.0000,2.0000,0.0032,0.0032,-0.0073,-0.0220,2.0000,tau_limit
14556,20.0000,2.0000,0.0032,0.0032,-0.0073,-0.0220,2.0000,tau_limit
14561,20.0000,2.0000,0.0032,0.0032,-0.0073,-0.0220,2.0000,tau_limit
14566,20.0000,2.0000,0.0032,0.0032,-0.0073,-0.0220,2.0000,tau_limit
14571,20.0000,2.0000,0.0032,0.0032,-0.0073,-0.0220,2.0000,tau_limit
14576,20.0000,2.0000,0.0032,0.0032,-0.0073,-0.0220,2.0000,tau_limit
14581,20.0000,2.0000,0.0032,0.0032,-0.0073,-0.0269,2.0000,tau_limit
14586,20.0000,2.0000,0.0032,0.0032,-0.0073,-0.0269,2.0000,tau_limit
14591,20.0000,2.0000,0.0032,0.0032,-0.0073,-0.0269,2.0000,tau_limit
14597,20.0000,2.0000,0.0032,0.0032,-0.0073,-0.0220,2.0000,tau_limit
14602,20.0000,2.0000,0.0032,0.0032,-0.0073,-0.0220,2.0000,tau_limit
14607,20.0000,2.0000,0.0032,0.0032,-0.0073,-0.0269,2.0000,tau_limit
14612,20.0000,2.0000,0.0032,0.0032,-0.0073,-0.0220,2.0000,tau_limit
14617,20.0000,2.0000,0.0032,0.0032,-0.0073,-0.0269,2.0000,tau_limit
14622,20.0000,2.0000,0.0032,0.0032,-0.0073,-0.0269,2.0000,tau_limit
14627,20.0000,2.0000,0.0032,0.0032,-0.0073,-0.0269,2.0000,tau_limit
14632,20.0000,2.0000,0.0032,0.0032,-0.0073,-0.0269,2.0000,tau_limit
14637,20.0000,2.0000,0.0032,0.0032,-0.0073,-0.0269,2.0000,tau_limit
14642,20.0000,2.0000,0.0032,0.0032,-0.0073,-0.0220,2.0000,tau_limit
14647,20.0000,2.0000,0.0032,0.0032,-0.0073,-0.0220,2.0000,tau_limit
14652,20.0000,2.0000,0.0032,0.0032,-0.0073,-0.0220,2.0000,tau_limit
14657,20.0000,2.0000,0.0032,0.0032,-0.0073,-0.0220,2.0000,tau_limit
14662,20.0000,2.0000,0.0032,0.0032,-0.0073,-0.0220,2.0000,tau_limit
14667,20.0000,2.0000,0.0032,0.0032,-0.0073,-0.0269,2.0000,tau_limit
14672,20.0000,2.0000,0.0032,0.0032,-0.0073,-0.0220,2.0000,tau_limit
14677,20.0000,2.0000,0.0032,0.0032,-0.0073,-0.0269,2.0000,tau_limit
14682,20.0000,2.0000,0.0032,0.0032,-0.0073,-0.0269,2.0000,tau_limit
14688,20.0000,2.0000,0.0032,0.0032,-0.0073,-0.0269,2.0000,tau_limit
14693,20.0000,2.0000,0.0032,0.0032,-0.0073,-0.0269,2.0000,tau_limit
14698,20.0000,2.0000,0.0032,0.0032,-0.0073,-0.0269,2.0000,tau_limit
14703,20.0000,2.0000,0.0032,0.0032,-0.0073,-0.0220,2.0000,tau_limit
14708,20.0000,2.0000,0.0032,0.0032,-0.0073,-0.0220,2.0000,tau_limit
14713,20.0000,2.0000,0.0032,0.0032,-0.0073,-0.0269,2.0000,tau_limit
14718,20.0000,2.0000,0.0032,0.0032,-0.0073,-0.0269,2.0000,tau_limit
14723,20.0000,2.0000,0.0032,0.0032,-0.0073,-0.0220,2.0000,tau_limit
14728,20.0000,2.0000,0.0032,0.0032,-0.0073,-0.0220,2.0000,tau_limit
14733,20.0000,2.0000,0.0032,0.0032,-0.0073,-0.0220,2.0000,tau_limit
14738,20.0000,2.0000,0.0032,0.0032,-0.0073,-0.0220,2.0000,tau_limit
14743,20.0000,2.0000,0.0032,0.0032,-0.0073,-0.0269,2.0000,tau_limit
14748,20.0000,2.0000,0.0032,0.0032,-0.0073,-0.0220,2.0000,tau_limit
14753,20.0000,2.0000,0.0032,0.0032,-0.0073,-0.0220,2.0000,tau_limit
14758,20.0000,2.0000,0.0032,0.0032,-0.0073,-0.0269,2.0000,tau_limit
14763,20.0000,2.0000,0.0032,0.0032,-0.0073,-0.0220,2.0000,tau_limit
14768,20.0000,2.0000,0.0032,0.0032,-0.0073,-0.0220,2.0000,tau_limit
14774,20.0000,2.0000,0.0032,0.0032,-0.0073,-0.0269,2.0000,tau_limit
14779,20.0000,2.0000,0.0032,0.0032,-0.0073,-0.0269,2.0000,tau_limit
14784,20.0000,2.0000,0.0032,0.0032,-0.0073,-0.0269,2.0000,tau_limit
14789,20.0000,2.0000,0.0032,0.0032,-0.0073,-0.0269,2.0000,tau_limit
14794,20.0000,2.0000,0.0032,0.0032,-0.0073,-0.0220,2.0000,tau_limit
14799,20.0000,2.0000,0.0032,0.0032,-0.0073,-0.0269,2.0000,tau_limit
14804,20.0000,2.0000,0.0032,0.0032,-0.0073,-0.0220,2.0000,tau_limit
14809,20.0000,2.0000,0.0032,0.0032,-0.0073,-0.0220,2.0000,tau_limit
14814,20.0000,2.0000,0.0032,0.0032,-0.0073,-0.0220,2.0000,tau_limit
14819,20.0000,2.0000,0.0032,0.0032,-0.0073,-0.0220,2.0000,tau_limit
14824,20.0000,2.0000,0.0032,0.0032,-0.0073,-0.0220,2.0000,tau_limit
14829,20.0000,2.0000,0.0032,0.0032,-0.0073,-0.0220,2.0000,tau_limit
14834,20.0000,2.0000,0.0032,0.0032,-0.0073,-0.0220,2.0000,tau_limit
14839,20.0000,2.0000,0.0032,0.0032,-0.0073,-0.0220,2.0000,tau_limit
14844,20.0000,2.0000,0.0032,0.0032,-0.0073,-0.0220,2.0000,tau_limit
14849,20.0000,2.0000,0.0032,0.0032,-0.0073,-0.0220,2.0000,tau_limit
14854,20.0000,2.0000,0.0032,0.0032,-0.0073,-0.0269,2.0000,tau_limit
14859,20.0000,2.0000,0.0032,0.0032,-0.0073,-0.0220,2.0000,tau_limit
14864,20.0000,2.0000,0.0032,0.0032,-0.0073,-0.0220,2.0000,tau_limit
14870,20.0000,2.0000,0.0032,0.0032,-0.0073,-0.0220,2.0000,tau_limit
14875,20.0000,2.0000,0.0032,0.0032,-0.0073,-0.0269,2.0000,tau_limit
14880,20.0000,2.0000,0.0032,0.0032,-0.0073,-0.0269,2.0000,tau_limit
14885,20.0000,2.0000,0.0032,0.0032,-0.0073,-0.0269,2.0000,tau_limit
14890,20.0000,2.0000,0.0032,0.0032,-0.0073,-0.0220,2.0000,tau_limit
14895,20.0000,2.0000,0.0032,0.0032,-0.0073,-0.0269,2.0000,tau_limit
14900,20.0000,2.0000,0.0032,0.0032,-0.0073,-0.0269,2.0000,tau_limit
14905,20.0000,2.0000,0.0032,0.0032,-0.0073,-0.0220,2.0000,tau_limit
14910,20.0000,2.0000,0.0032,0.0032,-0.0073,-0.0220,2.0000,tau_limit
14915,20.0000,2.0000,0.0032,0.0032,-0.0073,-0.0220,2.0000,tau_limit
14920,20.0000,2.0000,0.0032,0.0032,-0.0073,-0.0220,2.0000,tau_limit
14925,20.0000,2.0000,0.0032,0.0032,-0.0073,-0.0269,2.0000,tau_limit
14930,20.0000,2.0000,0.0032,0.0032,-0.0073,-0.0220,2.0000,tau_limit
14935,20.0000,2.0000,0.0032,0.0032,-0.0073,-0.0269,2.0000,tau_limit
14940,20.0000,2.0000,0.0032,0.0032,-0.0073,-0.0220,2.0000,tau_limit
14945,20.0000,2.0000,0.0032,0.0032,-0.0073,-0.0220,2.0000,tau_limit
14950,20.0000,2.0000,0.0032,0.0032,-0.0073,-0.0220,2.0000,tau_limit
14955,20.0000,2.0000,0.0032,0.0032,-0.0073,-0.0220,2.0000,tau_limit
14961,20.0000,2.0000,0.0032,0.0032,-0.0073,-0.0220,2.0000,tau_limit
14966,20.0000,2.0000,0.0032,0.0032,-0.0073,-0.0220,2.0000,tau_limit
14971,20.0000,2.0000,0.0032,0.0032,-0.0073,-0.0269,2.0000,tau_limit
14976,20.0000,2.0000,0.0032,0.0032,-0.0073,-0.0269,2.0000,tau_limit
14981,20.0000,2.0000,0.0032,0.0032,-0.0073,-0.0269,2.0000,tau_limit
14986,20.0000,2.0000,0.0032,0.0032,-0.0073,-0.0220,2.0000,tau_limit
14991,20.0000,2.0000,0.0032,0.0032,-0.0073,-0.0220,2.0000,tau_limit
14996,20.0000,2.0000,0.0032,0.0032,-0.0073,-0.0220,2.0000,tau_limit
15001,20.0000,2.0000,0.0032,0.0032,-0.0073,-0.0220,2.0000,tau_limit
15006,20.0000,2.0000,0.0032,0.0032,-0.0073,-0.0220,2.0000,tau_limit
15011,20.0000,2.0000,0.0032,0.0032,-0.0073,-0.0269,2.0000,tau_limit
15016,20.0000,2.0000,0.0032,0.0032,-0.0073,-0.0220,2.0000,tau_limit
15021,20.0000,2.0000,0.0032,0.0032,-0.0073,-0.0220,2.0000,tau_limit
15026,20.0000,2.0000,0.0032,0.0032,-0.0073,-0.0220,2.0000,tau_limit
15031,20.0000,2.0000,0.0032,0.0032,-0.0073,-0.0220,2.0000,tau_limit
15036,20.0000,2.0000,0.0032,0.0032,-0.0073,-0.0269,2.0000,tau_limit
15041,20.0000,2.0000,0.0032,0.0032,-0.0073,-0.0269,2.0000,tau_limit
15046,20.0000,2.0000,0.0032,0.0032,-0.0073,-0.0269,2.0000,tau_limit
15052,20.0000,2.0000,0.0032,0.0032,-0.0073,-0.0220,2.0000,tau_limit
15057,20.0000,2.0000,0.0032,0.0032,-0.0073,-0.0220,2.0000,tau_limit
15062,20.0000,2.0000,0.0032,0.0032,-0.0073,-0.0220,2.0000,tau_limit
15067,20.0000,2.0000,0.0032,0.0032,-0.0073,-0.0220,2.0000,tau_limit
15072,20.0000,2.0000,0.0032,0.0032,-0.0073,-0.0220,2.0000,tau_limit
15077,20.0000,2.0000,0.0032,0.0032,-0.0073,-0.0220,2.0000,tau_limit
15082,20.0000,2.0000,0.0032,0.0032,-0.0073,-0.0220,2.0000,tau_limit
15087,20.0000,2.0000,0.0032,0.0032,-0.0073,-0.0269,2.0000,tau_limit
15092,20.0000,2.0000,0.0032,0.0032,-0.0073,-0.0220,2.0000,tau_limit
15097,20.0000,2.0000,0.0032,0.0032,-0.0073,-0.0269,2.0000,tau_limit
15102,20.0000,2.0000,0.0032,0.0032,-0.0073,-0.0220,2.0000,tau_limit
15107,20.0000,2.0000,0.0032,0.0032,-0.0073,-0.0269,2.0000,tau_limit
15112,20.0000,2.0000,0.0032,0.0032,-0.0073,-0.0220,2.0000,tau_limit
15117,20.0000,2.0000,0.0032,0.0032,-0.0073,-0.0269,2.0000,tau_limit
15122,20.0000,2.0000,0.0032,0.0032,-0.0073,-0.0269,2.0000,tau_limit
15127,20.0000,2.0000,0.0032,0.0032,-0.0073,-0.0269,2.0000,tau_limit
15132,20.0000,2.0000,0.0032,0.0032,-0.0073,-0.0269,2.0000,tau_limit
15137,20.0000,2.0000,0.0032,0.0032,-0.0073,-0.0220,2.0000,tau_limit
15142,20.0000,2.0000,0.0032,0.0032,-0.0073,-0.0269,2.0000,tau_limit
15148,20.0000,2.0000,0.0032,0.0032,-0.0073,-0.0220,2.0000,tau_limit
15153,20.0000,2.0000,0.0032,0.0032,-0.0073,-0.0220,2.0000,tau_limit
15158,20.0000,2.0000,0.0032,0.0032,-0.0073,-0.0220,2.0000,tau_limit
15163,20.0000,2.0000,0.0032,0.0032,-0.0073,-0.0220,2.0000,tau_limit
15168,20.0000,2.0000,0.0032,0.0032,-0.0073,-0.0220,2.0000,tau_limit
15173,20.0000,2.0000,0.0032,0.0032,-0.0073,-0.0220,2.0000,tau_limit
15178,20.0000,2.0000,0.0032,0.0032,-0.0073,-0.0220,2.0000,tau_limit
15183,20.0000,2.0000,0.0032,0.0032,-0.0073,-0.0220,2.0000,tau_limit
15188,20.0000,2.0000,0.0032,0.0032,-0.0073,-0.0269,2.0000,tau_limit
15193,20.0000,2.0000,0.0032,0.0032,-0.0073,-0.0269,2.0000,tau_limit
15198,20.0000,2.0000,0.0032,0.0032,-0.0073,-0.0220,2.0000,tau_limit
15203,20.0000,2.0000,0.0032,0.0032,-0.0073,-0.0269,2.0000,tau_limit
15208,20.0000,2.0000,0.0032,0.0032,-0.0073,-0.0269,2.0000,tau_limit
15213,20.0000,2.0000,0.0032,0.0032,-0.0073,-0.0220,2.0000,tau_limit
15218,20.0000,2.0000,0.0032,0.0032,-0.0073,-0.0220,2.0000,tau_limit
15223,20.0000,2.0000,0.0032,0.0032,-0.0073,-0.0220,2.0000,tau_limit
15228,20.0000,2.0000,0.0032,0.0032,-0.0073,-0.0220,2.0000,tau_limit
15234,20.0000,2.0000,0.0032,0.0032,-0.0073,-0.0269,2.0000,tau_limit
15239,20.0000,2.0000,0.0032,0.0032,-0.0073,-0.0269,2.0000,tau_limit
15244,20.0000,2.0000,0.0032,0.0032,-0.0073,-0.0269,2.0000,tau_limit
15249,20.0000,2.0000,0.0032,0.0032,-0.0073,-0.0220,2.0000,tau_limit
15254,20.0000,2.0000,0.0032,0.0032,-0.0073,-0.0269,2.0000,tau_limit
15259,20.0000,2.0000,0.0032,0.0032,-0.0073,-0.0269,2.0000,tau_limit
15264,20.0000,2.0000,0.0032,0.0032,-0.0073,-0.0220,2.0000,tau_limit
15269,20.0000,2.0000,0.0032,0.0032,-0.0073,-0.0220,2.0000,tau_limit
15274,20.0000,2.0000,0.0032,0.0032,-0.0073,-0.0220,2.0000,tau_limit
15279,20.0000,2.0000,0.0032,0.0032,-0.0073,-0.0269,2.0000,tau_limit
15284,20.0000,2.0000,0.0032,0.0032,-0.0073,-0.0220,2.0000,tau_limit
15289,20.0000,2.0000,0.0032,0.0032,-0.0073,-0.0220,2.0000,tau_limit
15294,20.0000,2.0000,0.0032,0.0032,-0.0073,-0.0220,2.0000,tau_limit
15299,20.0000,2.0000,0.0032,0.0032,-0.0073,-0.0220,2.0000,tau_limit
15304,20.0000,2.0000,0.0032,0.0032,-0.0073,-0.0269,2.0000,tau_limit
15309,20.0000,2.0000,0.0032,0.0032,-0.0073,-0.0171,2.0000,tau_limit
15314,20.0000,2.0000,0.0032,0.0032,-0.0073,-0.0220,2.0000,tau_limit
15319,20.0000,2.0000,0.0032,0.0032,-0.0073,-0.0220,2.0000,tau_limit
15325,20.0000,2.0000,0.0032,0.0032,-0.0073,-0.0269,2.0000,tau_limit
15330,20.0000,2.0000,0.0032,0.0032,-0.0073,-0.0220,2.0000,tau_limit
15335,20.0000,2.0000,0.0032,0.0032,-0.0073,-0.0269,2.0000,tau_limit
15340,20.0000,2.0000,0.0032,0.0032,-0.0073,-0.0269,2.0000,tau_limit
15345,20.0000,2.0000,0.0032,0.0032,-0.0073,-0.0269,2.0000,tau_limit
15350,20.0000,2.0000,0.0032,0.0032,-0.0073,-0.0220,2.0000,tau_limit
15355,20.0000,2.0000,0.0032,0.0032,-0.0073,-0.0220,2.0000,tau_limit
15360,20.0000,2.0000,0.0032,0.0032,-0.0073,-0.0220,2.0000,tau_limit
15365,20.0000,2.0000,0.0032,0.0032,-0.0073,-0.0220,2.0000,tau_limit
15370,20.0000,2.0000,0.0032,0.0032,-0.0073,-0.0269,2.0000,tau_limit
15375,20.0000,2.0000,0.0032,0.0032,-0.0073,-0.0220,2.0000,tau_limit
15380,20.0000,2.0000,0.0032,0.0032,-0.0073,-0.0220,2.0000,tau_limit
15385,20.0000,2.0000,0.0032,0.0032,-0.0073,-0.0220,2.0000,tau_limit
15390,20.0000,2.0000,0.0032,0.0032,-0.0073,-0.0220,2.0000,tau_limit
15395,20.0000,2.0000,0.0032,0.0032,-0.0073,-0.0220,2.0000,tau_limit
15400,20.0000,2.0000,0.0032,0.0032,-0.0073,-0.0220,2.0000,tau_limit
15405,20.0000,2.0000,0.0032,0.0032,-0.0073,-0.0220,2.0000,tau_limit
15410,20.0000,2.0000,0.0032,0.0032,-0.0073,-0.0220,2.0000,tau_limit
15415,20.0000,2.0000,0.0032,0.0032,-0.0073,-0.0220,2.0000,tau_limit
15421,20.0000,2.0000,0.0032,0.0032,-0.0073,-0.0220,2.0000,tau_limit
15426,20.0000,2.0000,0.0032,0.0032,-0.0073,-0.0269,2.0000,tau_limit
15431,20.0000,2.0000,0.0032,0.0032,-0.0073,-0.0220,2.0000,tau_limit
15436,20.0000,2.0000,0.0032,0.0032,-0.0073,-0.0220,2.0000,tau_limit
15441,20.0000,2.0000,0.0032,0.0032,-0.0073,-0.0220,2.0000,tau_limit
15446,20.0000,2.0000,0.0032,0.0032,-0.0073,-0.0269,2.0000,tau_limit
15451,20.0000,2.0000,0.0032,0.0032,-0.0073,-0.0269,2.0000,tau_limit
15456,20.0000,2.0000,0.0032,0.0032,-0.0073,-0.0220,2.0000,tau_limit
15461,20.0000,2.0000,0.0032,0.0032,-0.0073,-0.0220,2.0000,tau_limit
15466,20.0000,2.0000,0.0032,0.0032,-0.0073,-0.0220,2.0000,tau_limit
15471,20.0000,2.0000,0.0032,0.0032,-0.0073,-0.0220,2.0000,tau_limit
15476,20.0000,2.0000,0.0032,0.0032,-0.0073,-0.0220,2.0000,tau_limit
15481,20.0000,2.0000,0.0032,0.0032,-0.0073,-0.0269,2.0000,tau_limit
15486,20.0000,2.0000,0.0032,0.0032,-0.0073,-0.0220,2.0000,tau_limit
15491,20.0000,2.0000,0.0032,0.0032,-0.0073,-0.0220,2.0000,tau_limit
15496,20.0000,2.0000,0.0032,0.0032,-0.0073,-0.0220,2.0000,tau_limit
15501,20.0000,2.0000,0.0032,0.0032,-0.0073,-0.0220,2.0000,tau_limit
15506,20.0000,2.0000,0.0032,0.0032,-0.0073,-0.0220,2.0000,tau_limit
15512,20.0000,2.0000,0.0032,0.0032,-0.0073,-0.0269,2.0000,tau_limit
15517,20.0000,2.0000,0.0032,0.0032,-0.0073,-0.0220,2.0000,tau_limit
15522,20.0000,2.0000,0.0032,0.0032,-0.0073,-0.0220,2.0000,tau_limit
15527,20.0000,2.0000,0.0032,0.0032,-0.0073,-0.0220,2.0000,tau_limit
15532,20.0000,2.0000,0.0032,0.0032,-0.0073,-0.0220,2.0000,tau_limit
15537,20.0000,2.0000,0.0032,0.0032,-0.0073,-0.0220,2.0000,tau_limit
15542,20.0000,2.0000,0.0032,0.0032,-0.0073,-0.0220,2.0000,tau_limit
15547,20.0000,2.0000,0.0032,0.0032,-0.0073,-0.0220,2.0000,tau_limit
15552,20.0000,2.0000,0.0032,0.0032,-0.0073,-0.0269,2.0000,tau_limit
15557,20.0000,2.0000,0.0032,0.0032,-0.0073,-0.0220,2.0000,tau_limit
15562,20.0000,2.0000,0.0032,0.0032,-0.0073,-0.0220,2.0000,tau_limit
15567,20.0000,2.0000,0.0032,0.0032,-0.0073,-0.0220,2.0000,tau_limit
15572,20.0000,2.0000,0.0032,0.0032,-0.0073,-0.0220,2.0000,tau_limit
15577,20.0000,2.0000,0.0032,0.0032,-0.0073,-0.0220,2.0000,tau_limit
15582,20.0000,2.0000,0.0032,0.0032,-0.0073,-0.0220,2.0000,tau_limit
15587,20.0000,2.0000,0.0032,0.0032,-0.0073,-0.0269,2.0000,tau_limit
15592,20.0000,2.0000,0.0032,0.0032,-0.0073,-0.0269,2.0000,tau_limit
15597,20.0000,2.0000,0.0032,0.0032,-0.0073,-0.0269,2.0000,tau_limit
15603,20.0000,2.0000,0.0032,0.0032,-0.0073,-0.0269,2.0000,tau_limit
15608,20.0000,2.0000,0.0032,0.0032,-0.0073,-0.0220,2.0000,tau_limit
15613,20.0000,2.0000,0.0032,0.0032,-0.0073,-0.0269,2.0000,tau_limit
15618,20.0000,2.0000,0.0032,0.0032,-0.0073,-0.0269,2.0000,tau_limit
15623,20.0000,2.0000,0.0032,0.0032,-0.0073,-0.0220,2.0000,tau_limit
15628,20.0000,2.0000,0.0032,0.0032,-0.0073,-0.0220,2.0000,tau_limit
15633,20.0000,2.0000,0.0032,0.0032,-0.0073,-0.0220,2.0000,tau_limit
15638,20.0000,2.0000,0.0032,0.0032,-0.0073,-0.0269,2.0000,tau_limit
15643,20.0000,2.0000,0.0032,0.0032,-0.0073,-0.0220,2.0000,tau_limit
15648,20.0000,2.0000,0.0032,0.0032,-0.0073,-0.0269,2.0000,tau_limit
15653,20.0000,2.0000,0.0032,0.0032,-0.0073,-0.0220,2.0000,tau_limit
15658,20.0000,2.0000,0.0032,0.0032,-0.0073,-0.0220,2.0000,tau_limit
15663,20.0000,2.0000,0.0032,0.0032,-0.0073,-0.0220,2.0000,tau_limit
15668,20.0000,2.0000,0.0032,0.0032,-0.0073,-0.0220,2.0000,tau_limit
15673,20.0000,2.0000,0.0032,0.0032,-0.0073,-0.0269,2.0000,tau_limit
15678,20.0000,2.0000,0.0032,0.0032,-0.0073,-0.0269,2.0000,tau_limit
15683,20.0000,2.0000,0.0032,0.0032,-0.0073,-0.0269,2.0000,tau_limit
15688,20.0000,2.0000,0.0032,0.0032,-0.0073,-0.0269,2.0000,tau_limit
15694,20.0000,2.0000,0.0032,0.0032,-0.0073,-0.0269,2.0000,tau_limit
15699,20.0000,2.0000,0.0032,0.0032,-0.0073,-0.0220,2.0000,tau_limit
15704,20.0000,2.0000,0.0032,0.0032,-0.0073,-0.0220,2.0000,tau_limit
15709,20.0000,2.0000,0.0032,0.0032,-0.0073,-0.0220,2.0000,tau_limit
15714,20.0000,2.0000,0.0032,0.0032,-0.0073,-0.0220,2.0000,tau_limit
15719,20.0000,2.0000,0.0032,0.0032,-0.0073,-0.0220,2.0000,tau_limit
15724,20.0000,2.0000,0.0032,0.0032,-0.0073,-0.0220,2.0000,tau_limit
15729,20.0000,2.0000,0.0032,0.0032,-0.0073,-0.0220,2.0000,tau_limit
15734,20.0000,2.0000,0.0032,0.0032,-0.0073,-0.0269,2.0000,tau_limit
15739,20.0000,2.0000,0.0032,0.0032,-0.0073,-0.0220,2.0000,tau_limit
15744,20.0000,2.0000,0.0032,0.0032,-0.0073,-0.0220,2.0000,tau_limit
15749,20.0000,2.0000,0.0032,0.0032,-0.0073,-0.0269,2.0000,tau_limit
15754,20.0000,2.0000,0.0032,0.0032,-0.0073,-0.0220,2.0000,tau_limit
15759,20.0000,2.0000,0.0032,0.0032,-0.0073,-0.0269,2.0000,tau_limit
15764,20.0000,2.0000,0.0032,0.0032,-0.0073,-0.0269,2.0000,tau_limit
15769,20.0000,2.0000,0.0032,0.0032,-0.0073,-0.0269,2.0000,tau_limit
15774,20.0000,2.0000,0.0032,0.0032,-0.0073,-0.0269,2.0000,tau_limit
15779,20.0000,2.0000,0.0032,0.0032,-0.0073,-0.0220,2.0000,tau_limit
15784,20.0000,2.0000,0.0032,0.0032,-0.0073,-0.0269,2.0000,tau_limit
15789,20.0000,2.0000,0.0032,0.0032,-0.0073,-0.0220,2.0000,tau_limit
15795,20.0000,2.0000,0.0032,0.0032,-0.0073,-0.0269,2.0000,tau_limit
15800,20.0000,2.0000,0.0032,0.0032,-0.0073,-0.0269,2.0000,tau_limit
15805,20.0000,2.0000,0.0032,0.0032,-0.0073,-0.0220,2.0000,tau_limit
15810,20.0000,2.0000,0.0032,0.0032,-0.0073,-0.0220,2.0000,tau_limit
15815,20.0000,2.0000,0.0032,0.0032,-0.0073,-0.0220,2.0000,tau_limit
15820,20.0000,2.0000,0.0032,0.0032,-0.0073,-0.0220,2.0000,tau_limit
15825,20.0000,2.0000,0.0032,0.0032,-0.0073,-0.0220,2.0000,tau_limit
15830,20.0000,2.0000,0.0032,0.0032,-0.0073,-0.0220,2.0000,tau_limit
15835,20.0000,2.0000,0.0032,0.0032,-0.0073,-0.0269,2.0000,tau_limit
15840,20.0000,2.0000,0.0032,0.0032,-0.0073,-0.0269,2.0000,tau_limit
15845,20.0000,2.0000,0.0032,0.0032,-0.0073,-0.0220,2.0000,tau_limit
15850,20.0000,2.0000,0.0032,0.0032,-0.0073,-0.0220,2.0000,tau_limit
15855,20.0000,2.0000,0.0032,0.0032,-0.0073,-0.0269,2.0000,tau_limit
15860,20.0000,2.0000,0.0032,0.0032,-0.0073,-0.0220,2.0000,tau_limit
15865,20.0000,2.0000,0.0032,0.0032,-0.0073,-0.0220,2.0000,tau_limit
15870,20.0000,2.0000,0.0032,0.0032,-0.0073,-0.0269,2.0000,tau_limit
15875,20.0000,2.0000,0.0032,0.0032,-0.0073,-0.0269,2.0000,tau_limit
15881,20.0000,2.0000,0.0032,0.0032,-0.0073,-0.0269,2.0000,tau_limit
15886,20.0000,2.0000,0.0032,0.0032,-0.0073,-0.0220,2.0000,tau_limit
15891,20.0000,2.0000,0.0032,0.0032,-0.0073,-0.0269,2.0000,tau_limit
15896,20.0000,2.0000,0.0032,0.0032,-0.0073,-0.0269,2.0000,tau_limit
15901,20.0000,2.0000,0.0032,0.0032,-0.0073,-0.0269,2.0000,tau_limit
15906,20.0000,2.0000,0.0032,0.0032,-0.0073,-0.0220,2.0000,tau_limit
15911,20.0000,2.0000,0.0032,0.0032,-0.0073,-0.0220,2.0000,tau_limit
15916,20.0000,2.0000,0.0032,0.0032,-0.0073,-0.0269,2.0000,tau_limit
15921,20.0000,2.0000,0.0032,0.0032,-0.0073,-0.0269,2.0000,tau_limit
15926,20.0000,2.0000,0.0032,0.0032,-0.0073,-0.0220,2.0000,tau_limit
15931,20.0000,2.0000,0.0032,0.0032,-0.0073,-0.0220,2.0000,tau_limit
15936,20.0000,2.0000,0.0032,0.0032,-0.0073,-0.0220,2.0000,tau_limit
15941,20.0000,2.0000,0.0032,0.0032,-0.0073,-0.0220,2.0000,tau_limit
15946,20.0000,2.0000,0.0032,0.0032,-0.0073,-0.0220,2.0000,tau_limit
15951,20.0000,2.0000,0.0032,0.0032,-0.0073,-0.0269,2.0000,tau_limit
15956,20.0000,2.0000,0.0032,0.0032,-0.0073,-0.0220,2.0000,tau_limit
15961,20.0000,2.0000,0.0032,0.0032,-0.0073,-0.0220,2.0000,tau_limit
15966,20.0000,2.0000,0.0032,0.0032,-0.0073,-0.0269,2.0000,tau_limit
15972,20.0000,2.0000,0.0032,0.0032,-0.0073,-0.0220,2.0000,tau_limit
15977,20.0000,2.0000,0.0032,0.0032,-0.0073,-0.0269,2.0000,tau_limit
15982,20.0000,2.0000,0.0032,0.0032,-0.0073,-0.0269,2.0000,tau_limit
15987,20.0000,2.0000,0.0032,0.0032,-0.0073,-0.0269,2.0000,tau_limit
15992,20.0000,2.0000,0.0032,0.0032,-0.0073,-0.0220,2.0000,tau_limit
15997,20.0000,2.0000,0.0032,0.0032,-0.0073,-0.0220,2.0000,tau_limit
16002,20.0000,2.0000,0.0032,0.0032,-0.0073,-0.0220,2.0000,tau_limit
16007,20.0000,2.0000,0.0032,0.0032,-0.0073,-0.0220,2.0000,tau_limit
16012,20.0000,2.0000,0.0032,0.0032,-0.0073,-0.0220,2.0000,tau_limit
16017,20.0000,2.0000,0.0032,0.0032,-0.0073,-0.0220,2.0000,tau_limit
16022,20.0000,2.0000,0.0032,0.0032,-0.0073,-0.0220,2.0000,tau_limit
16027,20.0000,2.0000,0.0032,0.0032,-0.0073,-0.0269,2.0000,tau_limit
16032,20.0000,2.0000,0.0032,0.0032,-0.0073,-0.0220,2.0000,tau_limit
16037,20.0000,2.0000,0.0032,0.0032,-0.0073,-0.0220,2.0000,tau_limit
16042,20.0000,2.0000,0.0032,0.0032,-0.0073,-0.0269,2.0000,tau_limit
16047,20.0000,2.0000,0.0032,0.0032,-0.0073,-0.0269,2.0000,tau_limit
16052,20.0000,2.0000,0.0032,0.0032,-0.0073,-0.0269,2.0000,tau_limit
16058,20.0000,2.0000,0.0032,0.0032,-0.0073,-0.0269,2.0000,tau_limit
16063,20.0000,2.0000,0.0032,0.0032,-0.0073,-0.0269,2.0000,tau_limit
16068,20.0000,2.0000,0.0032,0.0032,-0.0073,-0.0269,2.0000,tau_limit
16073,20.0000,2.0000,0.0032,0.0032,-0.0073,-0.0220,2.0000,tau_limit
16078,20.0000,2.0000,0.0032,0.0032,-0.0073,-0.0220,2.0000,tau_limit
16083,20.0000,2.0000,0.0032,0.0032,-0.0073,-0.0220,2.0000,tau_limit
16088,20.0000,2.0000,0.0032,0.0032,-0.0073,-0.0220,2.0000,tau_limit
16093,20.0000,2.0000,0.0032,0.0032,-0.0073,-0.0220,2.0000,tau_limit
16098,20.0000,2.0000,0.0032,0.0032,-0.0073,-0.0269,2.0000,tau_limit
16103,20.0000,2.0000,0.0032,0.0032,-0.0073,-0.0220,2.0000,tau_limit
16108,20.0000,2.0000,0.0032,0.0032,-0.0073,-0.0220,2.0000,tau_limit
16113,20.0000,2.0000,0.0032,0.0032,-0.0073,-0.0220,2.0000,tau_limit
16118,20.0000,2.0000,0.0032,0.0032,-0.0073,-0.0220,2.0000,tau_limit
16123,20.0000,2.0000,0.0032,0.0032,-0.0073,-0.0220,2.0000,tau_limit
16128,20.0000,2.0000,0.0032,0.0032,-0.0073,-0.0220,2.0000,tau_limit
16133,20.0000,2.0000,0.0032,0.0032,-0.0073,-0.0220,2.0000,tau_limit
16138,20.0000,2.0000,0.0032,0.0032,-0.0073,-0.0269,2.0000,tau_limit
16143,20.0000,2.0000,0.0032,0.0032,-0.0073,-0.0269,2.0000,tau_limit
16149,20.0000,2.0000,0.0032,0.0032,-0.0073,-0.0269,2.0000,tau_limit
16154,20.0000,2.0000,0.0032,0.0032,-0.0073,-0.0220,2.0000,tau_limit
16159,20.0000,2.0000,0.0032,0.0032,-0.0073,-0.0269,2.0000,tau_limit
16164,20.0000,2.0000,0.0032,0.0032,-0.0073,-0.0220,2.0000,tau_limit
16169,20.0000,2.0000,0.0032,0.0032,-0.0073,-0.0220,2.0000,tau_limit
16174,20.0000,2.0000,0.0032,0.0032,-0.0073,-0.0220,2.0000,tau_limit
16179,20.0000,2.0000,0.0032,0.0032,-0.0073,-0.0220,2.0000,tau_limit
16184,20.0000,2.0000,0.0032,0.0032,-0.0073,-0.0220,2.0000,tau_limit
16189,20.0000,2.0000,0.0032,0.0032,-0.0073,-0.0220,2.0000,tau_limit
16194,20.0000,2.0000,0.0032,0.0032,-0.0073,-0.0269,2.0000,tau_limit
16199,20.0000,2.0000,0.0032,0.0032,-0.0073,-0.0220,2.0000,tau_limit
16204,20.0000,2.0000,0.0032,0.0032,-0.0073,-0.0220,2.0000,tau_limit
16209,20.0000,2.0000,0.0032,0.0032,-0.0073,-0.0269,2.0000,tau_limit
16214,20.0000,2.0000,0.0032,0.0032,-0.0073,-0.0220,2.0000,tau_limit
16219,20.0000,2.0000,0.0032,0.0032,-0.0073,-0.0220,2.0000,tau_limit
16224,20.0000,2.0000,0.0032,0.0032,-0.0073,-0.0220,2.0000,tau_limit
16229,20.0000,2.0000,0.0032,0.0032,-0.0073,-0.0220,2.0000,tau_limit
16234,20.0000,2.0000,0.0032,0.0032,-0.0073,-0.0220,2.0000,tau_limit
16239,20.0000,2.0000,0.0032,0.0032,-0.0073,-0.0269,2.0000,tau_limit
16245,20.0000,2.0000,0.0032,0.0032,-0.0073,-0.0220,2.0000,tau_limit
16250,20.0000,2.0000,0.0032,0.0032,-0.0073,-0.0220,2.0000,tau_limit
16255,20.0000,2.0000,0.0032,0.0032,-0.0073,-0.0220,2.0000,tau_limit
16260,20.0000,2.0000,0.0032,0.0032,-0.0073,-0.0220,2.0000,tau_limit
16265,20.0000,2.0000,0.0032,0.0032,-0.0073,-0.0220,2.0000,tau_limit
16270,20.0000,2.0000,0.0032,0.0032,-0.0073,-0.0269,2.0000,tau_limit
16275,20.0000,2.0000,0.0032,0.0032,-0.0073,-0.0220,2.0000,tau_limit
16280,20.0000,2.0000,0.0032,0.0032,-0.0073,-0.0220,2.0000,tau_limit
16285,20.0000,2.0000,0.0032,0.0032,-0.0073,-0.0269,2.0000,tau_limit
16290,20.0000,2.0000,0.0032,0.0032,-0.0073,-0.0220,2.0000,tau_limit
16295,20.0000,2.0000,0.0032,0.0032,-0.0073,-0.0220,2.0000,tau_limit
16300,20.0000,2.0000,0.0032,0.0032,-0.0073,-0.0220,2.0000,tau_limit
16305,20.0000,2.0000,0.0032,0.0032,-0.0073,-0.0220,2.0000,tau_limit
16310,20.0000,2.0000,0.0032,0.0032,-0.0073,-0.0220,2.0000,tau_limit
16315,20.0000,2.0000,0.0032,0.0032,-0.0073,-0.0220,2.0000,tau_limit
16320,20.0000,2.0000,0.0032,0.0032,-0.0073,-0.0220,2.0000,tau_limit
16325,20.0000,2.0000,0.0032,0.0032,-0.0073,-0.0220,2.0000,tau_limit
16330,20.0000,2.0000,0.0032,0.0032,-0.0073,-0.0220,2.0000,tau_limit
16336,20.0000,2.0000,0.0032,0.0032,-0.0073,-0.0269,2.0000,tau_limit
16341,20.0000,2.0000,0.0032,0.0032,-0.0073,-0.0220,2.0000,tau_limit
16346,20.0000,2.0000,0.0032,0.0032,-0.0073,-0.0269,2.0000,tau_limit
16351,20.0000,2.0000,0.0032,0.0032,-0.0073,-0.0269,2.0000,tau_limit
16356,20.0000,2.0000,0.0032,0.0032,-0.0073,-0.0269,2.0000,tau_limit
16361,20.0000,2.0000,0.0032,0.0032,-0.0073,-0.0269,2.0000,tau_limit
16366,20.0000,2.0000,0.0032,0.0032,-0.0073,-0.0269,2.0000,tau_limit
16371,20.0000,2.0000,0.0032,0.0032,-0.0073,-0.0220,2.0000,tau_limit
16376,20.0000,2.0000,0.0032,0.0032,-0.0073,-0.0220,2.0000,tau_limit
16381,20.0000,2.0000,0.0032,0.0032,-0.0073,-0.0269,2.0000,tau_limit
16386,20.0000,2.0000,0.0032,0.0032,-0.0073,-0.0269,2.0000,tau_limit
16391,20.0000,2.0000,0.0032,0.0032,-0.0073,-0.0269,2.0000,tau_limit
16396,20.0000,2.0000,0.0032,0.0032,-0.0073,-0.0220,2.0000,tau_limit
16401,20.0000,2.0000,0.0032,0.0032,-0.0073,-0.0220,2.0000,tau_limit
16406,20.0000,2.0000,0.0032,0.0032,-0.0073,-0.0220,2.0000,tau_limit
16411,20.0000,2.0000,0.0032,0.0032,-0.0073,-0.0220,2.0000,tau_limit
16416,20.0000,2.0000,0.0032,0.0032,-0.0073,-0.0220,2.0000,tau_limit
16421,20.0000,2.0000,0.0032,0.0032,-0.0073,-0.0269,2.0000,tau_limit
16427,20.0000,2.0000,0.0032,0.0032,-0.0073,-0.0269,2.0000,tau_limit
16432,20.0000,2.0000,0.0032,0.0032,-0.0073,-0.0269,2.0000,tau_limit
16437,20.0000,2.0000,0.0032,0.0032,-0.0073,-0.0269,2.0000,tau_limit
16442,20.0000,2.0000,0.0032,0.0032,-0.0073,-0.0269,2.0000,tau_limit
16447,20.0000,2.0000,0.0032,0.0032,-0.0073,-0.0269,2.0000,tau_limit
16452,20.0000,2.0000,0.0032,0.0032,-0.0073,-0.0269,2.0000,tau_limit
16457,20.0000,2.0000,0.0032,0.0032,-0.0073,-0.0220,2.0000,tau_limit
16462,20.0000,2.0000,0.0032,0.0032,-0.0073,-0.0269,2.0000,tau_limit
16467,20.0000,2.0000,0.0032,0.0032,-0.0073,-0.0269,2.0000,tau_limit
16472,20.0000,2.0000,0.0032,0.0032,-0.0073,-0.0269,2.0000,tau_limit
16477,20.0000,2.0000,0.0032,0.0032,-0.0073,-0.0220,2.0000,tau_limit
16482,20.0000,2.0000,0.0032,0.0032,-0.0073,-0.0269,2.0000,tau_limit
16487,20.0000,2.0000,0.0032,0.0032,-0.0073,-0.0269,2.0000,tau_limit
16492,20.0000,2.0000,0.0032,0.0032,-0.0073,-0.0220,2.0000,tau_limit
16497,20.0000,2.0000,0.0032,0.0032,-0.0073,-0.0269,2.0000,tau_limit
16502,20.0000,2.0000,0.0032,0.0032,-0.0073,-0.0269,2.0000,tau_limit
16507,20.0000,2.0000,0.0032,0.0032,-0.0073,-0.0269,2.0000,tau_limit
16512,20.0000,2.0000,0.0032,0.0032,-0.0073,-0.0220,2.0000,tau_limit
16517,20.0000,2.0000,0.0032,0.0032,-0.0073,-0.0220,2.0000,tau_limit
16523,20.0000,2.0000,0.0032,0.0032,-0.0073,-0.0220,2.0000,tau_limit
16528,20.0000,2.0000,0.0032,0.0032,-0.0073,-0.0220,2.0000,tau_limit
16533,20.0000,2.0000,0.0032,0.0032,-0.0073,-0.0269,2.0000,tau_limit
16538,20.0000,2.0000,0.0032,0.0032,-0.0073,-0.0220,2.0000,tau_limit
16543,20.0000,2.0000,0.0032,0.0032,-0.0073,-0.0220,2.0000,tau_limit
16548,20.0000,2.0000,0.0032,0.0032,-0.0073,-0.0220,2.0000,tau_limit
16553,20.0000,2.0000,0.0032,0.0032,-0.0073,-0.0220,2.0000,tau_limit
16558,20.0000,2.0000,0.0032,0.0032,-0.0073,-0.0220,2.0000,tau_limit
16563,20.0000,2.0000,0.0032,0.0032,-0.0073,-0.0220,2.0000,tau_limit
16568,20.0000,2.0000,0.0032,0.0032,-0.0073,-0.0220,2.0000,tau_limit
16573,20.0000,2.0000,0.0032,0.0032,-0.0073,-0.0220,2.0000,tau_limit
16578,20.0000,2.0000,0.0032,0.0032,-0.0073,-0.0220,2.0000,tau_limit
16583,20.0000,2.0000,0.0032,0.0032,-0.0073,-0.0220,2.0000,tau_limit
16588,20.0000,2.0000,0.0032,0.0032,-0.0073,-0.0220,2.0000,tau_limit
16593,20.0000,2.0000,0.0032,0.0032,-0.0073,-0.0220,2.0000,tau_limit
16598,20.0000,2.0000,0.0032,0.0032,-0.0073,-0.0269,2.0000,tau_limit
16603,20.0000,2.0000,0.0032,0.0032,-0.0073,-0.0220,2.0000,tau_limit
16608,20.0000,2.0000,0.0032,0.0032,-0.0073,-0.0220,2.0000,tau_limit
16614,20.0000,2.0000,0.0032,0.0032,-0.0073,-0.0220,2.0000,tau_limit
16619,20.0000,2.0000,0.0032,0.0032,-0.0073,-0.0269,2.0000,tau_limit
16624,20.0000,2.0000,0.0032,0.0032,-0.0073,-0.0220,2.0000,tau_limit
16629,20.0000,2.0000,0.0032,0.0032,-0.0073,-0.0220,2.0000,tau_limit
16634,20.0000,2.0000,0.0032,0.0032,-0.0073,-0.0220,2.0000,tau_limit
16639,20.0000,2.0000,0.0032,0.0032,-0.0073,-0.0269,2.0000,tau_limit
16644,20.0000,2.0000,0.0032,0.0032,-0.0073,-0.0220,2.0000,tau_limit
16649,20.0000,2.0000,0.0032,0.0032,-0.0073,-0.0269,2.0000,tau_limit
16654,20.0000,2.0000,0.0032,0.0032,-0.0073,-0.0269,2.0000,tau_limit
16659,20.0000,2.0000,0.0032,0.0032,-0.0073,-0.0269,2.0000,tau_limit
16664,20.0000,2.0000,0.0032,0.0032,-0.0073,-0.0269,2.0000,tau_limit
16669,20.0000,2.0000,0.0032,0.0032,-0.0073,-0.0220,2.0000,tau_limit
16674,20.0000,2.0000,0.0032,0.0032,-0.0073,-0.0220,2.0000,tau_limit
16679,20.0000,2.0000,0.0032,0.0032,-0.0073,-0.0269,2.0000,tau_limit
16684,20.0000,2.0000,0.0032,0.0032,-0.0073,-0.0220,2.0000,tau_limit
16689,20.0000,2.0000,0.0032,0.0032,-0.0073,-0.0220,2.0000,tau_limit
16694,20.0000,2.0000,0.0032,0.0032,-0.0073,-0.0220,2.0000,tau_limit
16699,20.0000,2.0000,0.0032,0.0032,-0.0073,-0.0220,2.0000,tau_limit
16705,20.0000,2.0000,0.0032,0.0032,-0.0073,-0.0220,2.0000,tau_limit
16710,20.0000,2.0000,0.0032,0.0032,-0.0073,-0.0220,2.0000,tau_limit
16715,20.0000,2.0000,0.0032,0.0032,-0.0073,-0.0220,2.0000,tau_limit
16720,20.0000,2.0000,0.0032,0.0032,-0.0073,-0.0220,2.0000,tau_limit
16725,20.0000,2.0000,0.0032,0.0032,-0.0073,-0.0220,2.0000,tau_limit
16730,20.0000,2.0000,0.0032,0.0032,-0.0073,-0.0220,2.0000,tau_limit
16735,20.0000,2.0000,0.0032,0.0032,-0.0073,-0.0220,2.0000,tau_limit
16740,20.0000,2.0000,0.0032,0.0032,-0.0073,-0.0220,2.0000,tau_limit
16745,20.0000,2.0000,0.0032,0.0032,-0.0073,-0.0220,2.0000,tau_limit
16750,20.0000,2.0000,0.0032,0.0032,-0.0073,-0.0220,2.0000,tau_limit
16755,20.0000,2.0000,0.0032,0.0032,-0.0073,-0.0220,2.0000,tau_limit
16760,20.0000,2.0000,0.0032,0.0032,-0.0073,-0.0269,2.0000,tau_limit
16765,20.0000,2.0000,0.0032,0.0032,-0.0073,-0.0269,2.0000,tau_limit
16770,20.0000,2.0000,0.0032,0.0032,-0.0073,-0.0220,2.0000,tau_limit
16775,20.0000,2.0000,0.0032,0.0032,-0.0073,-0.0220,2.0000,tau_limit
16780,20.0000,2.0000,0.0032,0.0032,-0.0073,-0.0220,2.0000,tau_limit
16785,20.0000,2.0000,0.0032,0.0032,-0.0073,-0.0220,2.0000,tau_limit
16790,20.0000,2.0000,0.0032,0.0032,-0.0073,-0.0220,2.0000,tau_limit
16796,20.0000,2.0000,0.0032,0.0032,-0.0073,-0.0220,2.0000,tau_limit
16801,20.0000,2.0000,0.0032,0.0032,-0.0073,-0.0220,2.0000,tau_limit
16806,20.0000,2.0000,0.0032,0.0032,-0.0073,-0.0220,2.0000,tau_limit
16811,20.0000,2.0000,0.0032,0.0032,-0.0073,-0.0269,2.0000,tau_limit
16816,20.0000,2.0000,0.0032,0.0032,-0.0073,-0.0220,2.0000,tau_limit
16821,20.0000,2.0000,0.0032,0.0032,-0.0073,-0.0220,2.0000,tau_limit
16826,20.0000,2.0000,0.0032,0.0032,-0.0073,-0.0220,2.0000,tau_limit
16831,20.0000,2.0000,0.0032,0.0032,-0.0073,-0.0220,2.0000,tau_limit
16836,20.0000,2.0000,0.0032,0.0032,-0.0073,-0.0171,2.0000,tau_limit
16841,20.0000,2.0000,0.0032,0.0032,-0.0073,-0.0269,2.0000,tau_limit
16846,20.0000,2.0000,0.0032,0.0032,-0.0073,-0.0220,2.0000,tau_limit
16851,20.0000,2.0000,0.0032,0.0032,-0.0073,-0.0220,2.0000,tau_limit
16856,20.0000,2.0000,0.0032,0.0032,-0.0073,-0.0269,2.0000,tau_limit
16861,20.0000,2.0000,0.0032,0.0032,-0.0073,-0.0269,2.0000,tau_limit
16866,20.0000,2.0000,0.0032,0.0032,-0.0073,-0.0220,2.0000,tau_limit
16871,20.0000,2.0000,0.0032,0.0032,-0.0073,-0.0269,2.0000,tau_limit
16876,20.0000,2.0000,0.0032,0.0032,-0.0073,-0.0269,2.0000,tau_limit
16881,20.0000,2.0000,0.0032,0.0032,-0.0073,-0.0220,2.0000,tau_limit
16887,20.0000,2.0000,0.0032,0.0032,-0.0073,-0.0220,2.0000,tau_limit
16892,20.0000,2.0000,0.0032,0.0032,-0.0073,-0.0269,2.0000,tau_limit
16897,20.0000,2.0000,0.0032,0.0032,-0.0073,-0.0220,2.0000,tau_limit
16902,20.0000,2.0000,0.0032,0.0032,-0.0073,-0.0269,2.0000,tau_limit
16907,20.0000,2.0000,0.0032,0.0032,-0.0073,-0.0269,2.0000,tau_limit
16912,20.0000,2.0000,0.0032,0.0032,-0.0073,-0.0220,2.0000,tau_limit
16917,20.0000,2.0000,0.0032,0.0032,-0.0073,-0.0269,2.0000,tau_limit
16922,20.0000,2.0000,0.0032,0.0032,-0.0073,-0.0220,2.0000,tau_limit
16927,20.0000,2.0000,0.0032,0.0032,-0.0073,-0.0269,2.0000,tau_limit
16932,20.0000,2.0000,0.0032,0.0032,-0.0073,-0.0220,2.0000,tau_limit
16937,20.0000,2.0000,0.0032,0.0032,-0.0073,-0.0220,2.0000,tau_limit
16942,20.0000,2.0000,0.0032,0.0032,-0.0073,-0.0220,2.0000,tau_limit
16947,20.0000,2.0000,0.0032,0.0032,-0.0073,-0.0220,2.0000,tau_limit
16952,20.0000,2.0000,0.0032,0.0032,-0.0073,-0.0220,2.0000,tau_limit
16957,20.0000,2.0000,0.0032,0.0032,-0.0073,-0.0220,2.0000,tau_limit
16962,20.0000,2.0000,0.0032,0.0032,-0.0073,-0.0269,2.0000,tau_limit
16967,20.0000,2.0000,0.0032,0.0032,-0.0073,-0.0269,2.0000,tau_limit
16973,20.0000,2.0000,0.0032,0.0032,-0.0073,-0.0220,2.0000,tau_limit
16978,20.0000,2.0000,0.0032,0.0032,-0.0073,-0.0220,2.0000,tau_limit
16983,20.0000,2.0000,0.0032,0.0032,-0.0073,-0.0269,2.0000,tau_limit
16988,20.0000,2.0000,0.0032,0.0032,-0.0073,-0.0220,2.0000,tau_limit
16993,20.0000,2.0000,0.0032,0.0032,-0.0073,-0.0220,2.0000,tau_limit
16998,20.0000,2.0000,0.0032,0.0032,-0.0073,-0.0220,2.0000,tau_limit
17003,20.0000,2.0000,0.0032,0.0032,-0.0073,-0.0220,2.0000,tau_limit
17008,20.0000,2.0000,0.0032,0.0032,-0.0073,-0.0220,2.0000,tau_limit
17013,20.0000,2.0000,0.0032,0.0032,-0.0073,-0.0220,2.0000,tau_limit
17018,20.0000,2.0000,0.0032,0.0032,-0.0073,-0.0220,2.0000,tau_limit
17023,20.0000,2.0000,0.0032,0.0032,-0.0073,-0.0220,2.0000,tau_limit
17028,20.0000,2.0000,0.0032,0.0032,-0.0073,-0.0220,2.0000,tau_limit
17033,20.0000,2.0000,0.0032,0.0032,-0.0073,-0.0220,2.0000,tau_limit
17038,20.0000,2.0000,0.0032,0.0032,-0.0073,-0.0220,2.0000,tau_limit
17043,20.0000,2.0000,0.0032,0.0032,-0.0073,-0.0220,2.0000,tau_limit
17048,20.0000,2.0000,0.0032,0.0032,-0.0073,-0.0269,2.0000,tau_limit
17053,20.0000,2.0000,0.0032,0.0032,-0.0073,-0.0269,2.0000,tau_limit
17058,20.0000,2.0000,0.0032,0.0032,-0.0073,-0.0220,2.0000,tau_limit
17064,20.0000,2.0000,0.0032,0.0032,-0.0073,-0.0220,2.0000,tau_limit
17069,20.0000,2.0000,0.0032,0.0032,-0.0073,-0.0220,2.0000,tau_limit
17074,20.0000,2.0000,0.0032,0.0032,-0.0073,-0.0269,2.0000,tau_limit
17079,20.0000,2.0000,0.0032,0.0032,-0.0073,-0.0220,2.0000,tau_limit
17084,20.0000,2.0000,0.0032,0.0032,-0.0073,-0.0269,2.0000,tau_limit
17089,20.0000,2.0000,0.0032,0.0032,-0.0073,-0.0220,2.0000,tau_limit
17094,20.0000,2.0000,0.0032,0.0032,-0.0073,-0.0171,2.0000,tau_limit
17099,20.0000,2.0000,0.0032,0.0032,-0.0073,-0.0220,2.0000,tau_limit
17104,20.0000,2.0000,0.0032,0.0032,-0.0073,-0.0220,2.0000,tau_limit
17109,20.0000,2.0000,0.0032,0.0032,-0.0073,-0.0220,2.0000,tau_limit
17114,20.0000,2.0000,0.0032,0.0032,-0.0073,-0.0220,2.0000,tau_limit
17119,20.0000,2.0000,0.0032,0.0032,-0.0073,-0.0220,2.0000,tau_limit
17124,20.0000,2.0000,0.0032,0.0032,-0.0073,-0.0220,2.0000,tau_limit
17129,20.0000,2.0000,0.0032,0.0032,-0.0073,-0.0220,2.0000,tau_limit
17134,20.0000,2.0000,0.0032,0.0032,-0.0073,-0.0269,2.0000,tau_limit
17139,20.0000,2.0000,0.0032,0.0032,-0.0073,-0.0269,2.0000,tau_limit
17144,20.0000,2.0000,0.0032,0.0032,-0.0073,-0.0220,2.0000,tau_limit
17149,20.0000,2.0000,0.0032,0.0032,-0.0073,-0.0220,2.0000,tau_limit
17155,20.0000,2.0000,0.0032,0.0032,-0.0073,-0.0269,2.0000,tau_limit
17160,20.0000,2.0000,0.0032,0.0032,-0.0073,-0.0269,2.0000,tau_limit
17165,20.0000,2.0000,0.0032,0.0032,-0.0073,-0.0269,2.0000,tau_limit
17170,20.0000,2.0000,0.0032,0.0032,-0.0073,-0.0220,2.0000,tau_limit
17175,20.0000,2.0000,0.0032,0.0032,-0.0073,-0.0220,2.0000,tau_limit
17180,20.0000,2.0000,0.0032,0.0032,-0.0073,-0.0220,2.0000,tau_limit
17185,20.0000,2.0000,0.0032,0.0032,-0.0073,-0.0269,2.0000,tau_limit
17190,20.0000,2.0000,0.0032,0.0032,-0.0073,-0.0220,2.0000,tau_limit
17195,20.0000,2.0000,0.0032,0.0032,-0.0073,-0.0269,2.0000,tau_limit
17200,20.0000,2.0000,0.0032,0.0032,-0.0073,-0.0220,2.0000,tau_limit
17205,20.0000,2.0000,0.0032,0.0032,-0.0073,-0.0269,2.0000,tau_limit
17210,20.0000,2.0000,0.0032,0.0032,-0.0073,-0.0220,2.0000,tau_limit
17215,20.0000,2.0000,0.0032,0.0032,-0.0073,-0.0220,2.0000,tau_limit
17220,20.0000,2.0000,0.0032,0.0032,-0.0073,-0.0220,2.0000,tau_limit
17225,20.0000,2.0000,0.0032,0.0032,-0.0073,-0.0220,2.0000,tau_limit
17230,20.0000,2.0000,0.0032,0.0032,-0.0073,-0.0220,2.0000,tau_limit
17235,20.0000,2.0000,0.0032,0.0032,-0.0073,-0.0220,2.0000,tau_limit
17240,20.0000,2.0000,0.0032,0.0032,-0.0073,-0.0220,2.0000,tau_limit
17245,20.0000,2.0000,0.0032,0.0032,-0.0073,-0.0269,2.0000,tau_limit
17251,20.0000,2.0000,0.0032,0.0032,-0.0073,-0.0220,2.0000,tau_limit
17256,20.0000,2.0000,0.0032,0.0032,-0.0073,-0.0269,2.0000,tau_limit
17261,20.0000,2.0000,0.0032,0.0032,-0.0073,-0.0220,2.0000,tau_limit
17266,20.0000,2.0000,0.0032,0.0032,-0.0073,-0.0220,2.0000,tau_limit
17271,20.0000,2.0000,0.0032,0.0032,-0.0073,-0.0220,2.0000,tau_limit
17276,20.0000,2.0000,0.0032,0.0032,-0.0073,-0.0220,2.0000,tau_limit
17281,20.0000,2.0000,0.0032,0.0032,-0.0073,-0.0220,2.0000,tau_limit
17286,20.0000,2.0000,0.0032,0.0032,-0.0073,-0.0220,2.0000,tau_limit
17291,20.0000,2.0000,0.0032,0.0032,-0.0073,-0.0220,2.0000,tau_limit
17296,20.0000,2.0000,0.0032,0.0032,-0.0073,-0.0269,2.0000,tau_limit
17301,20.0000,2.0000,0.0032,0.0032,-0.0073,-0.0220,2.0000,tau_limit
17306,20.0000,2.0000,0.0032,0.0032,-0.0073,-0.0269,2.0000,tau_limit
17311,20.0000,2.0000,0.0032,0.0032,-0.0073,-0.0220,2.0000,tau_limit
17316,20.0000,2.0000,0.0032,0.0032,-0.0073,-0.0220,2.0000,tau_limit
17321,20.0000,2.0000,0.0032,0.0032,-0.0073,-0.0220,2.0000,tau_limit
17326,20.0000,2.0000,0.0032,0.0032,-0.0073,-0.0220,2.0000,tau_limit
17331,20.0000,2.0000,0.0032,0.0032,-0.0073,-0.0220,2.0000,tau_limit
17337,20.0000,2.0000,0.0032,0.0032,-0.0073,-0.0220,2.0000,tau_limit
17342,20.0000,2.0000,0.0032,0.0032,-0.0073,-0.0220,2.0000,tau_limit
17347,20.0000,2.0000,0.0032,0.0032,-0.0073,-0.0269,2.0000,tau_limit
17352,20.0000,2.0000,0.0032,0.0032,-0.0073,-0.0269,2.0000,tau_limit
17357,20.0000,2.0000,0.0032,0.0032,-0.0073,-0.0220,2.0000,tau_limit
17362,20.0000,2.0000,0.0032,0.0032,-0.0073,-0.0269,2.0000,tau_limit
17367,20.0000,2.0000,0.0032,0.0032,-0.0073,-0.0220,2.0000,tau_limit
17372,20.0000,2.0000,0.0032,0.0032,-0.0073,-0.0220,2.0000,tau_limit
17377,20.0000,2.0000,0.0032,0.0032,-0.0073,-0.0220,2.0000,tau_limit
17382,20.0000,2.0000,0.0032,0.0032,-0.0073,-0.0220,2.0000,tau_limit
17387,20.0000,2.0000,0.0032,0.0032,-0.0073,-0.0220,2.0000,tau_limit
17392,20.0000,2.0000,0.0032,0.0032,-0.0073,-0.0220,2.0000,tau_limit
17397,20.0000,2.0000,0.0032,0.0032,-0.0073,-0.0220,2.0000,tau_limit
17402,20.0000,2.0000,0.0032,0.0032,-0.0073,-0.0269,2.0000,tau_limit
17407,20.0000,2.0000,0.0032,0.0032,-0.0073,-0.0269,2.0000,tau_limit
17412,20.0000,2.0000,0.0032,0.0032,-0.0073,-0.0220,2.0000,tau_limit
17417,20.0000,2.0000,0.0032,0.0032,-0.0073,-0.0220,2.0000,tau_limit
17422,20.0000,2.0000,0.0032,0.0032,-0.0073,-0.0220,2.0000,tau_limit
17428,20.0000,2.0000,0.0032,0.0032,-0.0073,-0.0220,2.0000,tau_limit
17433,20.0000,2.0000,0.0032,0.0032,-0.0073,-0.0220,2.0000,tau_limit
17438,20.0000,2.0000,0.0032,0.0032,-0.0073,-0.0269,2.0000,tau_limit
17443,20.0000,2.0000,0.0032,0.0032,-0.0073,-0.0269,2.0000,tau_limit
17448,20.0000,2.0000,0.0032,0.0032,-0.0073,-0.0220,2.0000,tau_limit
17453,20.0000,2.0000,0.0032,0.0032,-0.0073,-0.0269,2.0000,tau_limit
17458,20.0000,2.0000,0.0032,0.0032,-0.0073,-0.0220,2.0000,tau_limit
17463,20.0000,2.0000,0.0032,0.0032,-0.0073,-0.0220,2.0000,tau_limit
17468,20.0000,2.0000,0.0032,0.0032,-0.0073,-0.0220,2.0000,tau_limit
17473,20.0000,2.0000,0.0032,0.0032,-0.0073,-0.0220,2.0000,tau_limit
17478,20.0000,2.0000,0.0032,0.0032,-0.0073,-0.0220,2.0000,tau_limit
17483,20.0000,2.0000,0.0032,0.0032,-0.0073,-0.0220,2.0000,tau_limit
17488,20.0000,2.0000,0.0032,0.0032,-0.0073,-0.0269,2.0000,tau_limit
17493,20.0000,2.0000,0.0032,0.0032,-0.0073,-0.0220,2.0000,tau_limit
17498,20.0000,2.0000,0.0032,0.0032,-0.0073,-0.0220,2.0000,tau_limit
17503,20.0000,2.0000,0.0032,0.0032,-0.0073,-0.0269,2.0000,tau_limit
17508,20.0000,2.0000,0.0032,0.0032,-0.0073,-0.0220,2.0000,tau_limit
17513,20.0000,2.0000,0.0032,0.0032,-0.0073,-0.0220,2.0000,tau_limit
17519,20.0000,2.0000,0.0032,0.0032,-0.0073,-0.0220,2.0000,tau_limit
17524,20.0000,2.0000,0.0032,0.0032,-0.0073,-0.0220,2.0000,tau_limit
17529,20.0000,2.0000,0.0032,0.0032,-0.0073,-0.0269,2.0000,tau_limit
17534,20.0000,2.0000,0.0032,0.0032,-0.0073,-0.0269,2.0000,tau_limit
17539,20.0000,2.0000,0.0032,0.0032,-0.0073,-0.0220,2.0000,tau_limit
17544,20.0000,2.0000,0.0032,0.0032,-0.0073,-0.0220,2.0000,tau_limit
17549,20.0000,2.0000,0.0032,0.0032,-0.0073,-0.0220,2.0000,tau_limit
17554,20.0000,2.0000,0.0032,0.0032,-0.0073,-0.0220,2.0000,tau_limit
17559,20.0000,2.0000,0.0032,0.0032,-0.0073,-0.0220,2.0000,tau_limit
17564,20.0000,2.0000,0.0032,0.0032,-0.0073,-0.0220,2.0000,tau_limit
17569,20.0000,2.0000,0.0032,0.0032,-0.0073,-0.0220,2.0000,tau_limit
17574,20.0000,2.0000,0.0032,0.0032,-0.0073,-0.0220,2.0000,tau_limit
17579,20.0000,2.0000,0.0032,0.0032,-0.0073,-0.0220,2.0000,tau_limit
17584,20.0000,2.0000,0.0032,0.0032,-0.0073,-0.0220,2.0000,tau_limit
17589,20.0000,2.0000,0.0032,0.0032,-0.0073,-0.0220,2.0000,tau_limit
17594,20.0000,2.0000,0.0032,0.0032,-0.0073,-0.0220,2.0000,tau_limit
17599,20.0000,2.0000,0.0032,0.0032,-0.0073,-0.0220,2.0000,tau_limit
17604,20.0000,2.0000,0.0032,0.0032,-0.0073,-0.0220,2.0000,tau_limit
17609,20.0000,2.0000,0.0032,0.0032,-0.0073,-0.0220,2.0000,tau_limit
17615,20.0000,2.0000,0.0032,0.0032,-0.0073,-0.0269,2.0000,tau_limit
17620,20.0000,2.0000,0.0032,0.0032,-0.0073,-0.0269,2.0000,tau_limit
17625,20.0000,2.0000,0.0032,0.0032,-0.0073,-0.0269,2.0000,tau_limit
17630,20.0000,2.0000,0.0032,0.0032,-0.0073,-0.0269,2.0000,tau_limit
17635,20.0000,2.0000,0.0032,0.0032,-0.0073,-0.0269,2.0000,tau_limit
17640,20.0000,2.0000,0.0032,0.0032,-0.0073,-0.0220,2.0000,tau_limit
17645,20.0000,2.0000,0.0032,0.0032,-0.0073,-0.0220,2.0000,tau_limit
17650,20.0000,2.0000,0.0032,0.0032,-0.0073,-0.0269,2.0000,tau_limit
17655,20.0000,2.0000,0.0032,0.0032,-0.0073,-0.0220,2.0000,tau_limit
17660,20.0000,2.0000,0.0032,0.0032,-0.0073,-0.0269,2.0000,tau_limit
17665,20.0000,2.0000,0.0032,0.0032,-0.0073,-0.0220,2.0000,tau_limit
17670,20.0000,2.0000,0.0032,0.0032,-0.0073,-0.0220,2.0000,tau_limit
17675,20.0000,2.0000,0.0032,0.0032,-0.0073,-0.0220,2.0000,tau_limit
17680,20.0000,2.0000,0.0032,0.0032,-0.0073,-0.0220,2.0000,tau_limit
17685,20.0000,2.0000,0.0032,0.0032,-0.0073,-0.0220,2.0000,tau_limit
17690,20.0000,2.0000,0.0032,0.0032,-0.0073,-0.0220,2.0000,tau_limit
17695,20.0000,2.0000,0.0032,0.0032,-0.0073,-0.0220,2.0000,tau_limit
17700,20.0000,2.0000,0.0032,0.0032,-0.0073,-0.0220,2.0000,tau_limit
17706,20.0000,2.0000,0.0032,0.0032,-0.0073,-0.0220,2.0000,tau_limit
17711,20.0000,2.0000,0.0032,0.0032,-0.0073,-0.0220,2.0000,tau_limit
17716,20.0000,2.0000,0.0032,0.0032,-0.0073,-0.0220,2.0000,tau_limit
17721,20.0000,2.0000,0.0032,0.0032,-0.0073,-0.0220,2.0000,tau_limit
17726,20.0000,2.0000,0.0032,0.0032,-0.0073,-0.0220,2.0000,tau_limit
17731,20.0000,2.0000,0.0032,0.0032,-0.0073,-0.0220,2.0000,tau_limit
17736,20.0000,2.0000,0.0032,0.0032,-0.0073,-0.0220,2.0000,tau_limit
17741,20.0000,2.0000,0.0032,0.0032,-0.0073,-0.0269,2.0000,tau_limit
17746,20.0000,2.0000,0.0032,0.0032,-0.0073,-0.0220,2.0000,tau_limit
17751,20.0000,2.0000,0.0032,0.0032,-0.0073,-0.0220,2.0000,tau_limit
17756,20.0000,2.0000,0.0032,0.0032,-0.0073,-0.0269,2.0000,tau_limit
17761,20.0000,2.0000,0.0032,0.0032,-0.0073,-0.0220,2.0000,tau_limit
17766,20.0000,2.0000,0.0032,0.0032,-0.0073,-0.0220,2.0000,tau_limit
17771,20.0000,2.0000,0.0032,0.0032,-0.0073,-0.0220,2.0000,tau_limit
17776,20.0000,2.0000,0.0032,0.0032,-0.0073,-0.0220,2.0000,tau_limit
17781,20.0000,2.0000,0.0032,0.0032,-0.0073,-0.0220,2.0000,tau_limit
17786,20.0000,2.0000,0.0032,0.0032,-0.0073,-0.0220,2.0000,tau_limit
17791,20.0000,2.0000,0.0032,0.0032,-0.0073,-0.0220,2.0000,tau_limit
17797,20.0000,2.0000,0.0032,0.0032,-0.0073,-0.0269,2.0000,tau_limit
17802,20.0000,2.0000,0.0032,0.0032,-0.0073,-0.0220,2.0000,tau_limit
17807,20.0000,2.0000,0.0032,0.0032,-0.0073,-0.0220,2.0000,tau_limit
17812,20.0000,2.0000,0.0032,0.0032,-0.0073,-0.0220,2.0000,tau_limit
17817,20.0000,2.0000,0.0032,0.0032,-0.0073,-0.0269,2.0000,tau_limit
17822,20.0000,2.0000,0.0032,0.0032,-0.0073,-0.0220,2.0000,tau_limit
17827,20.0000,2.0000,0.0032,0.0032,-0.0073,-0.0220,2.0000,tau_limit
17832,20.0000,2.0000,0.0032,0.0032,-0.0073,-0.0220,2.0000,tau_limit
17837,20.0000,2.0000,0.0032,0.0032,-0.0073,-0.0220,2.0000,tau_limit
17842,20.0000,2.0000,0.0032,0.0032,-0.0073,-0.0220,2.0000,tau_limit
17847,20.0000,2.0000,0.0032,0.0032,-0.0073,-0.0220,2.0000,tau_limit
17852,20.0000,2.0000,0.0032,0.0032,-0.0073,-0.0220,2.0000,tau_limit
17857,20.0000,2.0000,0.0032,0.0032,-0.0073,-0.0269,2.0000,tau_limit
17862,20.0000,2.0000,0.0032,0.0032,-0.0073,-0.0269,2.0000,tau_limit
17867,20.0000,2.0000,0.0032,0.0032,-0.0073,-0.0220,2.0000,tau_limit
17872,20.0000,2.0000,0.0032,0.0032,-0.0073,-0.0220,2.0000,tau_limit
17877,20.0000,2.0000,0.0032,0.0032,-0.0073,-0.0220,2.0000,tau_limit
17883,20.0000,2.0000,0.0032,0.0032,-0.0073,-0.0269,2.0000,tau_limit
17888,20.0000,2.0000,0.0032,0.0032,-0.0073,-0.0269,2.0000,tau_limit
17893,20.0000,2.0000,0.0032,0.0032,-0.0073,-0.0220,2.0000,tau_limit
17898,20.0000,2.0000,0.0032,0.0032,-0.0073,-0.0220,2.0000,tau_limit
17903,20.0000,2.0000,0.0032,0.0032,-0.0073,-0.0220,2.0000,tau_limit
17908,20.0000,2.0000,0.0032,0.0032,-0.0073,-0.0269,2.0000,tau_limit
17913,20.0000,2.0000,0.0032,0.0032,-0.0073,-0.0269,2.0000,tau_limit
17918,20.0000,2.0000,0.0032,0.0032,-0.0073,-0.0220,2.0000,tau_limit
17923,20.0000,2.0000,0.0032,0.0032,-0.0073,-0.0220,2.0000,tau_limit
17928,20.0000,2.0000,0.0032,0.0032,-0.0073,-0.0269,2.0000,tau_limit
17933,20.0000,2.0000,0.0032,0.0032,-0.0073,-0.0220,2.0000,tau_limit
17938,20.0000,2.0000,0.0032,0.0032,-0.0073,-0.0220,2.0000,tau_limit
17943,20.0000,2.0000,0.0032,0.0032,-0.0073,-0.0269,2.0000,tau_limit
17948,20.0000,2.0000,0.0032,0.0032,-0.0073,-0.0220,2.0000,tau_limit
17953,20.0000,2.0000,0.0032,0.0032,-0.0073,-0.0220,2.0000,tau_limit
17958,20.0000,2.0000,0.0032,0.0032,-0.0073,-0.0220,2.0000,tau_limit
17963,20.0000,2.0000,0.0032,0.0032,-0.0073,-0.0220,2.0000,tau_limit
17968,20.0000,2.0000,0.0032,0.0032,-0.0073,-0.0220,2.0000,tau_limit
17974,20.0000,2.0000,0.0032,0.0032,-0.0073,-0.0220,2.0000,tau_limit
17979,20.0000,2.0000,0.0032,0.0032,-0.0073,-0.0220,2.0000,tau_limit
17984,20.0000,2.0000,0.0032,0.0032,-0.0073,-0.0269,2.0000,tau_limit
17989,20.0000,2.0000,0.0032,0.0032,-0.0073,-0.0269,2.0000,tau_limit
17994,20.0000,2.0000,0.0032,0.0032,-0.0073,-0.0269,2.0000,tau_limit
17999,20.0000,2.0000,0.0032,0.0032,-0.0073,-0.0220,2.0000,tau_limit
18004,20.0000,2.0000,0.0032,0.0032,-0.0073,-0.0220,2.0000,tau_limit
18009,20.0000,2.0000,0.0032,0.0032,-0.0073,-0.0220,2.0000,tau_limit
18014,20.0000,2.0000,0.0032,0.0032,-0.0073,-0.0269,2.0000,tau_limit
18019,20.0000,2.0000,0.0032,0.0032,-0.0073,-0.0220,2.0000,tau_limit
18024,20.0000,2.0000,0.0032,0.0032,-0.0073,-0.0220,2.0000,tau_limit
18029,20.0000,2.0000,0.0032,0.0032,-0.0073,-0.0220,2.0000,tau_limit
18034,20.0000,2.0000,0.0032,0.0032,-0.0073,-0.0220,2.0000,tau_limit
18039,20.0000,2.0000,0.0032,0.0032,-0.0073,-0.0220,2.0000,tau_limit
18044,20.0000,2.0000,0.0032,0.0032,-0.0073,-0.0220,2.0000,tau_limit
18049,20.0000,2.0000,0.0032,0.0032,-0.0073,-0.0220,2.0000,tau_limit
18054,20.0000,2.0000,0.0032,0.0032,-0.0073,-0.0269,2.0000,tau_limit
18059,20.0000,2.0000,0.0032,0.0032,-0.0073,-0.0220,2.0000,tau_limit
18064,20.0000,2.0000,0.0032,0.0032,-0.0073,-0.0269,2.0000,tau_limit
18070,20.0000,2.0000,0.0032,0.0032,-0.0073,-0.0220,2.0000,tau_limit
18075,20.0000,2.0000,0.0032,0.0032,-0.0073,-0.0220,2.0000,tau_limit
18080,20.0000,2.0000,0.0032,0.0032,-0.0073,-0.0220,2.0000,tau_limit
18085,20.0000,2.0000,0.0032,0.0032,-0.0073,-0.0220,2.0000,tau_limit
18090,20.0000,2.0000,0.0032,0.0032,-0.0073,-0.0269,2.0000,tau_limit
18095,20.0000,2.0000,0.0032,0.0032,-0.0073,-0.0269,2.0000,tau_limit
18100,20.0000,2.0000,0.0032,0.0032,-0.0073,-0.0220,2.0000,tau_limit
18105,20.0000,2.0000,0.0032,0.0032,-0.0073,-0.0220,2.0000,tau_limit
18110,20.0000,2.0000,0.0032,0.0032,-0.0073,-0.0220,2.0000,tau_limit
18115,20.0000,2.0000,0.0032,0.0032,-0.0073,-0.0220,2.0000,tau_limit
18120,20.0000,2.0000,0.0032,0.0032,-0.0073,-0.0220,2.0000,tau_limit
18125,20.0000,2.0000,0.0032,0.0032,-0.0073,-0.0269,2.0000,tau_limit
18130,20.0000,2.0000,0.0032,0.0032,-0.0073,-0.0220,2.0000,tau_limit
18135,20.0000,2.0000,0.0032,0.0032,-0.0073,-0.0220,2.0000,tau_limit
18140,20.0000,2.0000,0.0032,0.0032,-0.0073,-0.0220,2.0000,tau_limit
18145,20.0000,2.0000,0.0032,0.0032,-0.0073,-0.0269,2.0000,tau_limit
18150,20.0000,2.0000,0.0032,0.0032,-0.0073,-0.0269,2.0000,tau_limit
18156,20.0000,2.0000,0.0032,0.0032,-0.0073,-0.0220,2.0000,tau_limit
18161,20.0000,2.0000,0.0032,0.0032,-0.0073,-0.0220,2.0000,tau_limit
18166,20.0000,2.0000,0.0032,0.0032,-0.0073,-0.0220,2.0000,tau_limit
18171,20.0000,2.0000,0.0032,0.0032,-0.0073,-0.0269,2.0000,tau_limit
18176,20.0000,2.0000,0.0032,0.0032,-0.0073,-0.0317,2.0000,tau_limit
18181,20.0000,2.0000,0.0032,0.0032,-0.0073,-0.0269,2.0000,tau_limit
18186,20.0000,2.0000,0.0032,0.0032,-0.0073,-0.0220,2.0000,tau_limit
18191,20.0000,2.0000,0.0032,0.0032,-0.0073,-0.0220,2.0000,tau_limit
18196,20.0000,2.0000,0.0032,0.0032,-0.0073,-0.0220,2.0000,tau_limit
18201,20.0000,2.0000,0.0032,0.0032,-0.0073,-0.0220,2.0000,tau_limit
18206,20.0000,2.0000,0.0032,0.0032,-0.0073,-0.0220,2.0000,tau_limit
18211,20.0000,2.0000,0.0032,0.0032,-0.0073,-0.0220,2.0000,tau_limit
18216,20.0000,2.0000,0.0032,0.0032,-0.0073,-0.0220,2.0000,tau_limit
18221,20.0000,2.0000,0.0032,0.0032,-0.0073,-0.0220,2.0000,tau_limit
18226,20.0000,2.0000,0.0032,0.0032,-0.0073,-0.0220,2.0000,tau_limit
18231,20.0000,2.0000,0.0032,0.0032,-0.0073,-0.0269,2.0000,tau_limit
18236,20.0000,2.0000,0.0032,0.0032,-0.0073,-0.0269,2.0000,tau_limit
18241,20.0000,2.0000,0.0032,0.0032,-0.0073,-0.0220,2.0000,tau_limit
18246,20.0000,2.0000,0.0032,0.0032,-0.0073,-0.0269,2.0000,tau_limit
18252,20.0000,2.0000,0.0032,0.0032,-0.0073,-0.0220,2.0000,tau_limit
18257,20.0000,2.0000,0.0032,0.0032,-0.0073,-0.0220,2.0000,tau_limit
18262,20.0000,2.0000,0.0032,0.0032,-0.0073,-0.0220,2.0000,tau_limit
18267,20.0000,2.0000,0.0032,0.0032,-0.0073,-0.0269,2.0000,tau_limit
18272,20.0000,2.0000,0.0032,0.0032,-0.0073,-0.0220,2.0000,tau_limit
18277,20.0000,2.0000,0.0032,0.0032,-0.0073,-0.0220,2.0000,tau_limit
18282,20.0000,2.0000,0.0032,0.0032,-0.0073,-0.0220,2.0000,tau_limit
18287,20.0000,2.0000,0.0032,0.0032,-0.0073,-0.0220,2.0000,tau_limit
18292,20.0000,2.0000,0.0032,0.0032,-0.0073,-0.0220,2.0000,tau_limit
18297,20.0000,2.0000,0.0032,0.0032,-0.0073,-0.0220,2.0000,tau_limit
18302,20.0000,2.0000,0.0032,0.0032,-0.0073,-0.0171,2.0000,tau_limit
18307,20.0000,2.0000,0.0032,0.0032,-0.0073,-0.0220,2.0000,tau_limit
18312,20.0000,2.0000,0.0032,0.0032,-0.0073,-0.0220,2.0000,tau_limit
18317,20.0000,2.0000,0.0032,0.0032,-0.0073,-0.0269,2.0000,tau_limit
18322,20.0000,2.0000,0.0032,0.0032,-0.0073,-0.0269,2.0000,tau_limit
18327,20.0000,2.0000,0.0032,0.0032,-0.0073,-0.0269,2.0000,tau_limit
18332,20.0000,2.0000,0.0032,0.0032,-0.0073,-0.0220,2.0000,tau_limit
18338,20.0000,2.0000,0.0032,0.0032,-0.0073,-0.0269,2.0000,tau_limit
18343,20.0000,2.0000,0.0032,0.0032,-0.0073,-0.0220,2.0000,tau_limit
18348,20.0000,2.0000,0.0032,0.0032,-0.0073,-0.0269,2.0000,tau_limit
18353,20.0000,2.0000,0.0032,0.0032,-0.0073,-0.0269,2.0000,tau_limit
18358,20.0000,2.0000,0.0032,0.0032,-0.0073,-0.0269,2.0000,tau_limit
18363,20.0000,2.0000,0.0032,0.0032,-0.0073,-0.0269,2.0000,tau_limit
18368,20.0000,2.0000,0.0032,0.0032,-0.0073,-0.0269,2.0000,tau_limit
18373,20.0000,2.0000,0.0032,0.0032,-0.0073,-0.0220,2.0000,tau_limit
18378,20.0000,2.0000,0.0032,0.0032,-0.0073,-0.0220,2.0000,tau_limit
18383,20.0000,2.0000,0.0032,0.0032,-0.0073,-0.0220,2.0000,tau_limit
18388,20.0000,2.0000,0.0032,0.0032,-0.0073,-0.0220,2.0000,tau_limit
18393,20.0000,2.0000,0.0032,0.0032,-0.0073,-0.0220,2.0000,tau_limit
18398,20.0000,2.0000,0.0032,0.0032,-0.0073,-0.0220,2.0000,tau_limit
18403,20.0000,2.0000,0.0032,0.0032,-0.0073,-0.0269,2.0000,tau_limit
18408,20.0000,2.0000,0.0032,0.0032,-0.0073,-0.0220,2.0000,tau_limit
18413,20.0000,2.0000,0.0032,0.0032,-0.0073,-0.0220,2.0000,tau_limit
18418,20.0000,2.0000,0.0032,0.0032,-0.0073,-0.0220,2.0000,tau_limit
18423,20.0000,2.0000,0.0032,0.0032,-0.0073,-0.0220,2.0000,tau_limit
18429,20.0000,2.0000,0.0032,0.0032,-0.0073,-0.0269,2.0000,tau_limit
18434,20.0000,2.0000,0.0032,0.0032,-0.0073,-0.0269,2.0000,tau_limit
18439,20.0000,2.0000,0.0032,0.0032,-0.0073,-0.0220,2.0000,tau_limit
18444,20.0000,2.0000,0.0032,0.0032,-0.0073,-0.0269,2.0000,tau_limit
18449,20.0000,2.0000,0.0032,0.0032,-0.0073,-0.0220,2.0000,tau_limit
18454,20.0000,2.0000,0.0032,0.0032,-0.0073,-0.0220,2.0000,tau_limit
18459,20.0000,2.0000,0.0032,0.0032,-0.0073,-0.0269,2.0000,tau_limit
18464,20.0000,2.0000,0.0032,0.0032,-0.0073,-0.0220,2.0000,tau_limit
18469,20.0000,2.0000,0.0032,0.0032,-0.0073,-0.0220,2.0000,tau_limit
18474,20.0000,2.0000,0.0032,0.0032,-0.0073,-0.0220,2.0000,tau_limit
18479,20.0000,2.0000,0.0032,0.0032,-0.0073,-0.0269,2.0000,tau_limit
18484,20.0000,2.0000,0.0032,0.0032,-0.0073,-0.0220,2.0000,tau_limit
18489,20.0000,2.0000,0.0032,0.0032,-0.0073,-0.0220,2.0000,tau_limit
18494,20.0000,2.0000,0.0032,0.0032,-0.0073,-0.0269,2.0000,tau_limit
18499,20.0000,2.0000,0.0032,0.0032,-0.0073,-0.0220,2.0000,tau_limit
18504,20.0000,2.0000,0.0032,0.0032,-0.0073,-0.0269,2.0000,tau_limit
18509,20.0000,2.0000,0.0032,0.0032,-0.0073,-0.0220,2.0000,tau_limit
18515,20.0000,2.0000,0.0032,0.0032,-0.0073,-0.0220,2.0000,tau_limit
18520,20.0000,2.0000,0.0032,0.0032,-0.0073,-0.0220,2.0000,tau_limit
18525,20.0000,2.0000,0.0032,0.0032,-0.0073,-0.0220,2.0000,tau_limit
18530,20.0000,2.0000,0.0032,0.0032,-0.0073,-0.0220,2.0000,tau_limit
18535,20.0000,2.0000,0.0032,0.0032,-0.0073,-0.0220,2.0000,tau_limit
18540,20.0000,2.0000,0.0032,0.0032,-0.0073,-0.0220,2.0000,tau_limit
18545,20.0000,2.0000,0.0032,0.0032,-0.0073,-0.0220,2.0000,tau_limit
18550,20.0000,2.0000,0.0032,0.0032,-0.0073,-0.0269,2.0000,tau_limit
18555,20.0000,2.0000,0.0032,0.0032,-0.0073,-0.0269,2.0000,tau_limit
18560,20.0000,2.0000,0.0032,0.0032,-0.0073,-0.0269,2.0000,tau_limit
18565,20.0000,2.0000,0.0032,0.0032,-0.0073,-0.0220,2.0000,tau_limit
18570,20.0000,2.0000,0.0032,0.0032,-0.0073,-0.0220,2.0000,tau_limit
18575,20.0000,2.0000,0.0032,0.0032,-0.0073,-0.0220,2.0000,tau_limit
18580,20.0000,2.0000,0.0032,0.0032,-0.0073,-0.0220,2.0000,tau_limit
18585,20.0000,2.0000,0.0032,0.0032,-0.0073,-0.0220,2.0000,tau_limit
18590,20.0000,2.0000,0.0032,0.0032,-0.0073,-0.0220,2.0000,tau_limit
18595,20.0000,2.0000,0.0032,0.0032,-0.0073,-0.0269,2.0000,tau_limit
18601,20.0000,2.0000,0.0032,0.0032,-0.0073,-0.0269,2.0000,tau_limit
18606,20.0000,2.0000,0.0032,0.0032,-0.0073,-0.0220,2.0000,tau_limit
18611,20.0000,2.0000,0.0032,0.0032,-0.0073,-0.0269,2.0000,tau_limit
18616,20.0000,2.0000,0.0032,0.0032,-0.0073,-0.0220,2.0000,tau_limit
18621,20.0000,2.0000,0.0032,0.0032,-0.0073,-0.0269,2.0000,tau_limit
18626,20.0000,2.0000,0.0032,0.0032,-0.0073,-0.0220,2.0000,tau_limit
18631,20.0000,2.0000,0.0032,0.0032,-0.0073,-0.0220,2.0000,tau_limit
18636,20.0000,2.0000,0.0032,0.0032,-0.0073,-0.0269,2.0000,tau_limit
18641,20.0000,2.0000,0.0032,0.0032,-0.0073,-0.0220,2.0000,tau_limit
18646,20.0000,2.0000,0.0032,0.0032,-0.0073,-0.0220,2.0000,tau_limit
18651,20.0000,2.0000,0.0032,0.0032,-0.0073,-0.0220,2.0000,tau_limit
18656,20.0000,2.0000,0.0032,0.0032,-0.0073,-0.0220,2.0000,tau_limit
18661,20.0000,2.0000,0.0032,0.0032,-0.0073,-0.0220,2.0000,tau_limit
18666,20.0000,2.0000,0.0032,0.0032,-0.0073,-0.0220,2.0000,tau_limit
18671,20.0000,2.0000,0.0032,0.0032,-0.0073,-0.0269,2.0000,tau_limit
18676,20.0000,2.0000,0.0032,0.0032,-0.0073,-0.0220,2.0000,tau_limit
18681,20.0000,2.0000,0.0032,0.0032,-0.0073,-0.0220,2.0000,tau_limit
18686,20.0000,2.0000,0.0032,0.0032,-0.0073,-0.0220,2.0000,tau_limit
18692,20.0000,2.0000,0.0032,0.0032,-0.0073,-0.0269,2.0000,tau_limit
18697,20.0000,2.0000,0.0032,0.0032,-0.0073,-0.0269,2.0000,tau_limit
18702,20.0000,2.0000,0.0032,0.0032,-0.0073,-0.0269,2.0000,tau_limit
18707,20.0000,2.0000,0.0032,0.0032,-0.0073,-0.0269,2.0000,tau_limit
18712,20.0000,2.0000,0.0032,0.0032,-0.0073,-0.0269,2.0000,tau_limit
18717,20.0000,2.0000,0.0032,0.0032,-0.0073,-0.0220,2.0000,tau_limit
18722,20.0000,2.0000,0.0032,0.0032,-0.0073,-0.0269,2.0000,tau_limit
18727,20.0000,2.0000,0.0032,0.0032,-0.0073,-0.0220,2.0000,tau_limit
18732,20.0000,2.0000,0.0032,0.0032,-0.0073,-0.0220,2.0000,tau_limit
18737,20.0000,2.0000,0.0032,0.0032,-0.0073,-0.0269,2.0000,tau_limit
18742,20.0000,2.0000,0.0032,0.0032,-0.0073,-0.0220,2.0000,tau_limit
18747,20.0000,2.0000,0.0032,0.0032,-0.0073,-0.0269,2.0000,tau_limit
18752,20.0000,2.0000,0.0032,0.0032,-0.0073,-0.0220,2.0000,tau_limit
18757,20.0000,2.0000,0.0032,0.0032,-0.0073,-0.0220,2.0000,tau_limit
18762,20.0000,2.0000,0.0032,0.0032,-0.0073,-0.0220,2.0000,tau_limit
18767,20.0000,2.0000,0.0032,0.0032,-0.0073,-0.0269,2.0000,tau_limit
18772,20.0000,2.0000,0.0032,0.0032,-0.0073,-0.0220,2.0000,tau_limit
18777,20.0000,2.0000,0.0032,0.0032,-0.0073,-0.0220,2.0000,tau_limit
18783,20.0000,2.0000,0.0032,0.0032,-0.0073,-0.0269,2.0000,tau_limit
18788,20.0000,2.0000,0.0032,0.0032,-0.0073,-0.0220,2.0000,tau_limit
18793,20.0000,2.0000,0.0032,0.0032,-0.0073,-0.0269,2.0000,tau_limit
18798,20.0000,2.0000,0.0032,0.0032,-0.0073,-0.0269,2.0000,tau_limit
18803,20.0000,2.0000,0.0032,0.0032,-0.0073,-0.0220,2.0000,tau_limit
18808,20.0000,2.0000,0.0032,0.0032,-0.0073,-0.0220,2.0000,tau_limit
18813,20.0000,2.0000,0.0032,0.0032,-0.0073,-0.0220,2.0000,tau_limit
18818,20.0000,2.0000,0.0032,0.0032,-0.0073,-0.0220,2.0000,tau_limit
18823,20.0000,2.0000,0.0032,0.0032,-0.0073,-0.0220,2.0000,tau_limit
18828,20.0000,2.0000,0.0032,0.0032,-0.0073,-0.0220,2.0000,tau_limit
18833,20.0000,2.0000,0.0032,0.0032,-0.0073,-0.0269,2.0000,tau_limit
18838,20.0000,2.0000,0.0032,0.0032,-0.0073,-0.0269,2.0000,tau_limit
18843,20.0000,2.0000,0.0032,0.0032,-0.0073,-0.0220,2.0000,tau_limit
18848,20.0000,2.0000,0.0032,0.0032,-0.0073,-0.0269,2.0000,tau_limit
18853,20.0000,2.0000,0.0032,0.0032,-0.0073,-0.0220,2.0000,tau_limit
18858,20.0000,2.0000,0.0032,0.0032,-0.0073,-0.0220,2.0000,tau_limit
18863,20.0000,2.0000,0.0032,0.0032,-0.0073,-0.0220,2.0000,tau_limit
18868,20.0000,2.0000,0.0032,0.0032,-0.0073,-0.0220,2.0000,tau_limit
18873,20.0000,2.0000,0.0032,0.0032,-0.0073,-0.0220,2.0000,tau_limit
18879,20.0000,2.0000,0.0032,0.0032,-0.0073,-0.0220,2.0000,tau_limit
18884,20.0000,2.0000,0.0032,0.0032,-0.0073,-0.0220,2.0000,tau_limit
18889,20.0000,2.0000,0.0032,0.0032,-0.0073,-0.0220,2.0000,tau_limit
18894,20.0000,2.0000,0.0032,0.0032,-0.0073,-0.0269,2.0000,tau_limit
18899,20.0000,2.0000,0.0032,0.0032,-0.0073,-0.0220,2.0000,tau_limit
18904,20.0000,2.0000,0.0032,0.0032,-0.0073,-0.0220,2.0000,tau_limit
18909,20.0000,2.0000,0.0032,0.0032,-0.0073,-0.0220,2.0000,tau_limit
18914,20.0000,2.0000,0.0032,0.0032,-0.0073,-0.0220,2.0000,tau_limit
18919,20.0000,2.0000,0.0032,0.0032,-0.0073,-0.0269,2.0000,tau_limit
18924,20.0000,2.0000,0.0032,0.0032,-0.0073,-0.0220,2.0000,tau_limit
18929,20.0000,2.0000,0.0032,0.0032,-0.0073,-0.0269,2.0000,tau_limit
18934,20.0000,2.0000,0.0032,0.0032,-0.0073,-0.0269,2.0000,tau_limit
18939,20.0000,2.0000,0.0032,0.0032,-0.0073,-0.0269,2.0000,tau_limit
18944,20.0000,2.0000,0.0032,0.0032,-0.0073,-0.0220,2.0000,tau_limit
18949,20.0000,2.0000,0.0032,0.0032,-0.0073,-0.0220,2.0000,tau_limit
18954,20.0000,2.0000,0.0032,0.0032,-0.0073,-0.0220,2.0000,tau_limit
18959,20.0000,2.0000,0.0032,0.0032,-0.0073,-0.0269,2.0000,tau_limit
18964,20.0000,2.0000,0.0032,0.0032,-0.0073,-0.0269,2.0000,tau_limit
18970,20.0000,2.0000,0.0032,0.0032,-0.0073,-0.0220,2.0000,tau_limit
18975,20.0000,2.0000,0.0032,0.0032,-0.0073,-0.0220,2.0000,tau_limit
18980,20.0000,2.0000,0.0032,0.0032,-0.0073,-0.0220,2.0000,tau_limit
18985,20.0000,2.0000,0.0032,0.0032,-0.0073,-0.0220,2.0000,tau_limit
18990,20.0000,2.0000,0.0032,0.0032,-0.0073,-0.0269,2.0000,tau_limit
18995,20.0000,2.0000,0.0032,0.0032,-0.0073,-0.0317,2.0000,tau_limit
19000,20.0000,2.0000,0.0032,0.0032,-0.0073,-0.0269,2.0000,tau_limit
19005,20.0000,2.0000,0.0032,0.0032,-0.0073,-0.0269,2.0000,tau_limit
19010,20.0000,2.0000,0.0032,0.0032,-0.0073,-0.0269,2.0000,tau_limit
19015,20.0000,2.0000,0.0032,0.0032,-0.0073,-0.0269,2.0000,tau_limit
19020,20.0000,2.0000,0.0032,0.0032,-0.0073,-0.0220,2.0000,tau_limit
19025,20.0000,2.0000,0.0032,0.0032,-0.0073,-0.0269,2.0000,tau_limit
19030,20.0000,2.0000,0.0032,0.0032,-0.0073,-0.0269,2.0000,tau_limit
19035,20.0000,2.0000,0.0032,0.0032,-0.0073,-0.0269,2.0000,tau_limit
19040,20.0000,2.0000,0.0032,0.0032,-0.0073,-0.0269,2.0000,tau_limit
19045,20.0000,2.0000,0.0032,0.0032,-0.0073,-0.0220,2.0000,tau_limit
19050,20.0000,2.0000,0.0032,0.0032,-0.0073,-0.0220,2.0000,tau_limit
19056,20.0000,2.0000,0.0032,0.0032,-0.0073,-0.0220,2.0000,tau_limit
19061,20.0000,2.0000,0.0032,0.0032,-0.0073,-0.0269,2.0000,tau_limit
19066,20.0000,2.0000,0.0032,0.0032,-0.0073,-0.0269,2.0000,tau_limit
19071,20.0000,2.0000,0.0032,0.0032,-0.0073,-0.0220,2.0000,tau_limit
19076,20.0000,2.0000,0.0032,0.0032,-0.0073,-0.0269,2.0000,tau_limit
19081,20.0000,2.0000,0.0032,0.0032,-0.0073,-0.0269,2.0000,tau_limit
19086,20.0000,2.0000,0.0032,0.0032,-0.0073,-0.0220,2.0000,tau_limit
19091,20.0000,2.0000,0.0032,0.0032,-0.0073,-0.0220,2.0000,tau_limit
19096,20.0000,2.0000,0.0032,0.0032,-0.0073,-0.0220,2.0000,tau_limit
19101,20.0000,2.0000,0.0032,0.0032,-0.0073,-0.0269,2.0000,tau_limit
19106,20.0000,2.0000,0.0032,0.0032,-0.0073,-0.0269,2.0000,tau_limit
19111,20.0000,2.0000,0.0032,0.0032,-0.0073,-0.0220,2.0000,tau_limit
19116,20.0000,2.0000,0.0032,0.0032,-0.0073,-0.0220,2.0000,tau_limit
19121,20.0000,2.0000,0.0032,0.0032,-0.0073,-0.0220,2.0000,tau_limit
19126,20.0000,2.0000,0.0032,0.0032,-0.0073,-0.0220,2.0000,tau_limit
19131,20.0000,2.0000,0.0032,0.0032,-0.0073,-0.0220,2.0000,tau_limit
19136,20.0000,2.0000,0.0032,0.0032,-0.0073,-0.0269,2.0000,tau_limit
19141,20.0000,2.0000,0.0032,0.0032,-0.0073,-0.0220,2.0000,tau_limit
19147,20.0000,2.0000,0.0032,0.0032,-0.0073,-0.0220,2.0000,tau_limit
19152,20.0000,2.0000,0.0032,0.0032,-0.0073,-0.0220,2.0000,tau_limit
19157,20.0000,2.0000,0.0032,0.0032,-0.0073,-0.0220,2.0000,tau_limit
19162,20.0000,2.0000,0.0032,0.0032,-0.0073,-0.0220,2.0000,tau_limit
19167,20.0000,2.0000,0.0032,0.0032,-0.0073,-0.0220,2.0000,tau_limit
19172,20.0000,2.0000,0.0032,0.0032,-0.0073,-0.0220,2.0000,tau_limit
19177,20.0000,2.0000,0.0032,0.0032,-0.0073,-0.0220,2.0000,tau_limit
19182,20.0000,2.0000,0.0032,0.0032,-0.0073,-0.0220,2.0000,tau_limit
19187,20.0000,2.0000,0.0032,0.0032,-0.0073,-0.0220,2.0000,tau_limit
19192,20.0000,2.0000,0.0032,0.0032,-0.0073,-0.0220,2.0000,tau_limit
19197,20.0000,2.0000,0.0032,0.0032,-0.0073,-0.0220,2.0000,tau_limit
19202,20.0000,2.0000,0.0032,0.0032,-0.0073,-0.0220,2.0000,tau_limit
19207,20.0000,2.0000,0.0032,0.0032,-0.0073,-0.0220,2.0000,tau_limit
19212,20.0000,2.0000,0.0032,0.0032,-0.0073,-0.0220,2.0000,tau_limit
19217,20.0000,2.0000,0.0032,0.0032,-0.0073,-0.0220,2.0000,tau_limit
19222,20.0000,2.0000,0.0032,0.0032,-0.0073,-0.0220,2.0000,tau_limit
19227,20.0000,2.0000,0.0032,0.0032,-0.0073,-0.0269,2.0000,tau_limit
19233,20.0000,2.0000,0.0032,0.0032,-0.0073,-0.0269,2.0000,tau_limit
19238,20.0000,2.0000,0.0032,0.0032,-0.0073,-0.0269,2.0000,tau_limit
19243,20.0000,2.0000,0.0032,0.0032,-0.0073,-0.0269,2.0000,tau_limit
19248,20.0000,2.0000,0.0032,0.0032,-0.0073,-0.0269,2.0000,tau_limit
19253,20.0000,2.0000,0.0032,0.0032,-0.0073,-0.0220,2.0000,tau_limit
19258,20.0000,2.0000,0.0032,0.0032,-0.0073,-0.0220,2.0000,tau_limit
19263,20.0000,2.0000,0.0032,0.0032,-0.0073,-0.0171,2.0000,tau_limit
19268,20.0000,2.0000,0.0032,0.0032,-0.0073,-0.0220,2.0000,tau_limit
19273,20.0000,2.0000,0.0032,0.0032,-0.0073,-0.0269,2.0000,tau_limit
19278,20.0000,2.0000,0.0032,0.0032,-0.0073,-0.0269,2.0000,tau_limit
19283,20.0000,2.0000,0.0032,0.0032,-0.0073,-0.0220,2.0000,tau_limit
19288,20.0000,2.0000,0.0032,0.0032,-0.0073,-0.0269,2.0000,tau_limit
19293,20.0000,2.0000,0.0032,0.0032,-0.0073,-0.0220,2.0000,tau_limit
19298,20.0000,2.0000,0.0032,0.0032,-0.0073,-0.0269,2.0000,tau_limit
19303,20.0000,2.0000,0.0032,0.0032,-0.0073,-0.0220,2.0000,tau_limit
19308,20.0000,2.0000,0.0032,0.0032,-0.0073,-0.0220,2.0000,tau_limit
19313,20.0000,2.0000,0.0032,0.0032,-0.0073,-0.0220,2.0000,tau_limit
19318,20.0000,2.0000,0.0032,0.0032,-0.0073,-0.0220,2.0000,tau_limit
19324,20.0000,2.0000,0.0032,0.0032,-0.0073,-0.0220,2.0000,tau_limit
19329,20.0000,2.0000,0.0032,0.0032,-0.0073,-0.0220,2.0000,tau_limit
19334,20.0000,2.0000,0.0032,0.0032,-0.0073,-0.0220,2.0000,tau_limit
19339,20.0000,2.0000,0.0032,0.0032,-0.0073,-0.0220,2.0000,tau_limit
19344,20.0000,2.0000,0.0032,0.0032,-0.0073,-0.0220,2.0000,tau_limit
19349,20.0000,2.0000,0.0032,0.0032,-0.0073,-0.0220,2.0000,tau_limit
19354,20.0000,2.0000,0.0032,0.0032,-0.0073,-0.0269,2.0000,tau_limit
19359,20.0000,2.0000,0.0032,0.0032,-0.0073,-0.0220,2.0000,tau_limit
19364,20.0000,2.0000,0.0032,0.0032,-0.0073,-0.0220,2.0000,tau_limit
19369,20.0000,2.0000,0.0032,0.0032,-0.0073,-0.0269,2.0000,tau_limit
19374,20.0000,2.0000,0.0032,0.0032,-0.0073,-0.0269,2.0000,tau_limit
19379,20.0000,2.0000,0.0032,0.0032,-0.0073,-0.0220,2.0000,tau_limit
19384,20.0000,2.0000,0.0032,0.0032,-0.0073,-0.0220,2.0000,tau_limit
19389,20.0000,2.0000,0.0032,0.0032,-0.0073,-0.0220,2.0000,tau_limit
19394,20.0000,2.0000,0.0032,0.0032,-0.0073,-0.0269,2.0000,tau_limit
19399,20.0000,2.0000,0.0032,0.0032,-0.0073,-0.0220,2.0000,tau_limit
19404,20.0000,2.0000,0.0032,0.0032,-0.0073,-0.0269,2.0000,tau_limit
19409,20.0000,2.0000,0.0032,0.0032,-0.0073,-0.0269,2.0000,tau_limit
19415,20.0000,2.0000,0.0032,0.0032,-0.0073,-0.0220,2.0000,tau_limit
19420,20.0000,2.0000,0.0032,0.0032,-0.0073,-0.0269,2.0000,tau_limit
19425,20.0000,2.0000,0.0032,0.0032,-0.0073,-0.0220,2.0000,tau_limit
19430,20.0000,2.0000,0.0032,0.0032,-0.0073,-0.0220,2.0000,tau_limit
19435,20.0000,2.0000,0.0032,0.0032,-0.0073,-0.0269,2.0000,tau_limit
19440,20.0000,2.0000,0.0032,0.0032,-0.0073,-0.0220,2.0000,tau_limit
19445,20.0000,2.0000,0.0032,0.0032,-0.0073,-0.0220,2.0000,tau_limit
19450,20.0000,2.0000,0.0032,0.0032,-0.0073,-0.0171,2.0000,tau_limit
19455,20.0000,2.0000,0.0032,0.0032,-0.0073,-0.0220,2.0000,tau_limit
19460,20.0000,2.0000,0.0032,0.0032,-0.0073,-0.0220,2.0000,tau_limit
19465,20.0000,2.0000,0.0032,0.0032,-0.0073,-0.0220,2.0000,tau_limit
19470,20.0000,2.0000,0.0032,0.0032,-0.0073,-0.0269,2.0000,tau_limit
19475,20.0000,2.0000,0.0032,0.0032,-0.0073,-0.0220,2.0000,tau_limit
19480,20.0000,2.0000,0.0032,0.0032,-0.0073,-0.0220,2.0000,tau_limit
19485,20.0000,2.0000,0.0032,0.0032,-0.0073,-0.0220,2.0000,tau_limit
19490,20.0000,2.0000,0.0032,0.0032,-0.0073,-0.0220,2.0000,tau_limit
19495,20.0000,2.0000,0.0032,0.0032,-0.0073,-0.0220,2.0000,tau_limit
19500,20.0000,2.0000,0.0032,0.0032,-0.0073,-0.0220,2.0000,tau_limit
19505,20.0000,2.0000,0.0032,0.0032,-0.0073,-0.0220,2.0000,tau_limit
19510,20.0000,2.0000,0.0032,0.0032,-0.0073,-0.0220,2.0000,tau_limit
19516,20.0000,2.0000,0.0032,0.0032,-0.0073,-0.0220,2.0000,tau_limit
19521,20.0000,2.0000,0.0032,0.0032,-0.0073,-0.0220,2.0000,tau_limit
19526,20.0000,2.0000,0.0032,0.0032,-0.0073,-0.0269,2.0000,tau_limit
19531,20.0000,2.0000,0.0032,0.0032,-0.0073,-0.0220,2.0000,tau_limit
19536,20.0000,2.0000,0.0032,0.0032,-0.0073,-0.0269,2.0000,tau_limit
19541,20.0000,2.0000,0.0032,0.0032,-0.0073,-0.0269,2.0000,tau_limit
19546,20.0000,2.0000,0.0032,0.0032,-0.0073,-0.0269,2.0000,tau_limit
19551,20.0000,2.0000,0.0032,0.0032,-0.0073,-0.0269,2.0000,tau_limit
19556,20.0000,2.0000,0.0032,0.0032,-0.0073,-0.0269,2.0000,tau_limit
19561,20.0000,2.0000,0.0032,0.0032,-0.0073,-0.0269,2.0000,tau_limit
19566,20.0000,2.0000,0.0032,0.0032,-0.0073,-0.0269,2.0000,tau_limit
19571,20.0000,2.0000,0.0032,0.0032,-0.0073,-0.0269,2.0000,tau_limit
19576,20.0000,2.0000,0.0032,0.0032,-0.0073,-0.0269,2.0000,tau_limit
19581,20.0000,2.0000,0.0032,0.0032,-0.0073,-0.0220,2.0000,tau_limit
19586,20.0000,2.0000,0.0032,0.0032,-0.0073,-0.0171,2.0000,tau_limit
19591,20.0000,2.0000,0.0032,0.0032,-0.0073,-0.0171,2.0000,tau_limit
19596,20.0000,2.0000,0.0032,0.0032,-0.0073,-0.0220,2.0000,tau_limit
19601,20.0000,2.0000,0.0032,0.0032,-0.0073,-0.0220,2.0000,tau_limit
19607,20.0000,2.0000,0.0032,0.0032,-0.0073,-0.0220,2.0000,tau_limit
19612,20.0000,2.0000,0.0032,0.0032,-0.0073,-0.0220,2.0000,tau_limit
19617,20.0000,2.0000,0.0032,0.0032,-0.0073,-0.0220,2.0000,tau_limit
19622,20.0000,2.0000,0.0032,0.0032,-0.0073,-0.0220,2.0000,tau_limit
19627,20.0000,2.0000,0.0032,0.0032,-0.0073,-0.0220,2.0000,tau_limit
19632,20.0000,2.0000,0.0032,0.0032,-0.0073,-0.0220,2.0000,tau_limit
19637,20.0000,2.0000,0.0032,0.0032,-0.0073,-0.0220,2.0000,tau_limit
19642,20.0000,2.0000,0.0032,0.0032,-0.0073,-0.0220,2.0000,tau_limit
19647,20.0000,2.0000,0.0032,0.0032,-0.0073,-0.0220,2.0000,tau_limit
19652,20.0000,2.0000,0.0032,0.0032,-0.0073,-0.0220,2.0000,tau_limit
19657,20.0000,2.0000,0.0032,0.0032,-0.0073,-0.0269,2.0000,tau_limit
19662,20.0000,2.0000,0.0032,0.0032,-0.0073,-0.0220,2.0000,tau_limit
19667,20.0000,2.0000,0.0032,0.0032,-0.0073,-0.0220,2.0000,tau_limit
19672,20.0000,2.0000,0.0032,0.0032,-0.0073,-0.0220,2.0000,tau_limit
19677,20.0000,2.0000,0.0032,0.0032,-0.0073,-0.0220,2.0000,tau_limit
19682,20.0000,2.0000,0.0032,0.0032,-0.0073,-0.0220,2.0000,tau_limit
19687,20.0000,2.0000,0.0032,0.0032,-0.0073,-0.0220,2.0000,tau_limit
19693,20.0000,2.0000,0.0032,0.0032,-0.0073,-0.0220,2.0000,tau_limit
19698,20.0000,2.0000,0.0032,0.0032,-0.0073,-0.0220,2.0000,tau_limit
19703,20.0000,2.0000,0.0032,0.0032,-0.0073,-0.0220,2.0000,tau_limit
19708,20.0000,2.0000,0.0032,0.0032,-0.0073,-0.0220,2.0000,tau_limit
19713,20.0000,2.0000,0.0032,0.0032,-0.0073,-0.0220,2.0000,tau_limit
19718,20.0000,2.0000,0.0032,0.0032,-0.0073,-0.0220,2.0000,tau_limit
19723,20.0000,2.0000,0.0032,0.0032,-0.0073,-0.0220,2.0000,tau_limit
19728,20.0000,2.0000,0.0032,0.0032,-0.0073,-0.0220,2.0000,tau_limit
19733,20.0000,2.0000,0.0032,0.0032,-0.0073,-0.0220,2.0000,tau_limit
19738,20.0000,2.0000,0.0032,0.0032,-0.0073,-0.0171,2.0000,tau_limit
19743,20.0000,2.0000,0.0032,0.0032,-0.0073,-0.0220,2.0000,tau_limit
19748,20.0000,2.0000,0.0032,0.0032,-0.0073,-0.0220,2.0000,tau_limit
19753,20.0000,2.0000,0.0032,0.0032,-0.0073,-0.0220,2.0000,tau_limit
19758,20.0000,2.0000,0.0032,0.0032,-0.0073,-0.0220,2.0000,tau_limit
19763,20.0000,2.0000,0.0032,0.0032,-0.0073,-0.0171,2.0000,tau_limit
19768,20.0000,2.0000,0.0032,0.0032,-0.0073,-0.0220,2.0000,tau_limit
19773,20.0000,2.0000,0.0032,0.0032,-0.0073,-0.0220,2.0000,tau_limit
19779,20.0000,2.0000,0.0032,0.0032,-0.0073,-0.0220,2.0000,tau_limit
19784,20.0000,2.0000,0.0032,0.0032,-0.0073,-0.0220,2.0000,tau_limit
19789,20.0000,2.0000,0.0032,0.0032,-0.0073,-0.0220,2.0000,tau_limit
19794,20.0000,2.0000,0.0032,0.0032,-0.0073,-0.0220,2.0000,tau_limit
19799,20.0000,2.0000,0.0032,0.0032,-0.0073,-0.0220,2.0000,tau_limit
19804,20.0000,2.0000,0.0032,0.0032,-0.0073,-0.0220,2.0000,tau_limit
19809,20.0000,2.0000,0.0032,0.0032,-0.0073,-0.0220,2.0000,tau_limit
19814,20.0000,2.0000,0.0032,0.0032,-0.0073,-0.0171,2.0000,tau_limit
19819,20.0000,2.0000,0.0032,0.0032,-0.0073,-0.0171,2.0000,tau_limit
19824,20.0000,2.0000,0.0032,0.0032,-0.0073,-0.0171,2.0000,tau_limit
19829,20.0000,2.0000,0.0032,0.0032,-0.0073,-0.0220,2.0000,tau_limit
19834,20.0000,2.0000,0.0032,0.0032,-0.0073,-0.0220,2.0000,tau_limit
19839,20.0000,2.0000,0.0032,0.0032,-0.0073,-0.0171,2.0000,tau_limit
19844,20.0000,2.0000,0.0032,0.0032,-0.0073,-0.0171,2.0000,tau_limit
19849,20.0000,2.0000,0.0032,0.0032,-0.0073,-0.0171,2.0000,tau_limit
19854,20.0000,2.0000,0.0032,0.0032,-0.0073,-0.0220,2.0000,tau_limit
19859,20.0000,2.0000,0.0032,0.0032,-0.0073,-0.0220,2.0000,tau_limit
19864,20.0000,2.0000,0.0032,0.0029,-0.0073,-0.0171,2.0000,tau_limit
19870,20.0000,2.0000,0.0032,0.0029,-0.0073,-0.0220,2.0000,tau_limit
19875,20.0000,2.0000,0.0032,0.0029,-0.0073,-0.0220,2.0000,tau_limit
19880,20.0000,2.0000,0.0032,0.0029,-0.0073,-0.0220,2.0000,tau_limit
19885,20.0000,2.0000,0.0032,0.0029,-0.0073,-0.0220,2.0000,tau_limit
19890,20.0000,2.0000,0.0032,0.0029,-0.0073,-0.0171,2.0000,tau_limit
19895,20.0000,2.0000,0.0032,0.0029,-0.0073,-0.0171,2.0000,tau_limit
19900,20.0000,2.0000,0.0032,0.0029,-0.0073,-0.0220,2.0000,tau_limit
19905,20.0000,2.0000,0.0032,0.0029,-0.0073,-0.0220,2.0000,tau_limit
19910,20.0000,2.0000,0.0032,0.0029,-0.0073,-0.0171,2.0000,tau_limit
19915,20.0000,2.0000,0.0032,0.0029,-0.0073,-0.0171,2.0000,tau_limit
19920,20.0000,2.0000,0.0032,0.0029,-0.0073,-0.0220,2.0000,tau_limit
19925,20.0000,2.0000,0.0032,0.0029,-0.0073,-0.0171,2.0000,tau_limit
19930,20.0000,2.0000,0.0032,0.0029,-0.0073,-0.0171,2.0000,tau_limit
19935,20.0000,2.0000,0.0032,0.0029,-0.0073,-0.0171,2.0000,tau_limit
19940,20.0000,2.0000,0.0032,0.0029,-0.0073,-0.0171,2.0000,tau_limit
19945,20.0000,2.0000,0.0032,0.0029,-0.0073,-0.0220,2.0000,tau_limit
19950,20.0000,2.0000,0.0032,0.0029,-0.0073,-0.0171,2.0000,tau_limit
19956,20.0000,2.0000,0.0032,0.0029,-0.0073,-0.0171,2.0000,tau_limit
19961,20.0000,2.0000,0.0032,0.0029,-0.0073,-0.0220,2.0000,tau_limit
19966,20.0000,2.0000,0.0032,0.0029,-0.0073,-0.0171,2.0000,tau_limit
19971,20.0000,2.0000,0.0032,0.0029,-0.0073,-0.0171,2.0000,tau_limit
19976,20.0000,2.0000,0.0032,0.0029,-0.0073,-0.0171,2.0000,tau_limit
19981,20.0000,2.0000,0.0032,0.0029,-0.0073,-0.0220,2.0000,tau_limit
19986,20.0000,2.0000,0.0032,0.0029,-0.0073,-0.0171,2.0000,tau_limit
19991,20.0000,2.0000,0.0032,0.0029,-0.0073,-0.0171,2.0000,tau_limit
19996,20.0000,2.0000,0.0032,0.0029,-0.0073,-0.0220,2.0000,tau_limit
20001,20.0000,2.0000,0.0032,0.0029,-0.0073,-0.0171,2.0000,tau_limit
20006,20.0000,2.0000,0.0032,0.0029,-0.0073,-0.0171,2.0000,tau_limit
20011,20.0000,2.0000,0.0032,0.0029,-0.0073,-0.0220,2.0000,tau_limit
20016,20.0000,2.0000,0.0032,0.0029,-0.0073,-0.0171,2.0000,tau_limit
20021,20.0000,2.0000,0.0032,0.0029,-0.0073,-0.0220,2.0000,tau_limit
20026,20.0000,2.0000,0.0032,0.0029,-0.0073,-0.0220,2.0000,tau_limit
20031,20.0000,2.0000,0.0032,0.0029,-0.0073,-0.0171,2.0000,tau_limit
20036,20.0000,2.0000,0.0032,0.0029,-0.0073,-0.0171,2.0000,tau_limit
20041,20.0000,2.0000,0.0032,0.0029,-0.0073,-0.0171,2.0000,tau_limit
20046,20.0000,2.0000,0.0032,0.0029,-0.0073,-0.0171,2.0000,tau_limit
20052,20.0000,2.0000,0.0032,0.0029,-0.0073,-0.0171,2.0000,tau_limit
20057,20.0000,2.0000,0.0032,0.0029,-0.0073,-0.0171,2.0000,tau_limit
20062,20.0000,2.0000,0.0032,0.0029,-0.0073,-0.0171,2.0000,tau_limit
20067,20.0000,2.0000,0.0032,0.0029,-0.0073,-0.0171,2.0000,tau_limit
20072,20.0000,2.0000,0.0032,0.0029,-0.0073,-0.0171,2.0000,tau_limit
20077,20.0000,2.0000,0.0032,0.0029,-0.0073,-0.0171,2.0000,tau_limit
20082,20.0000,2.0000,0.0032,0.0029,-0.0073,-0.0171,2.0000,tau_limit
20087,20.0000,2.0000,0.0032,0.0029,-0.0073,-0.0220,2.0000,tau_limit
20092,20.0000,2.0000,0.0032,0.0029,-0.0073,-0.0220,2.0000,tau_limit
20097,20.0000,2.0000,0.0032,0.0029,-0.0073,-0.0171,2.0000,tau_limit
20102,20.0000,2.0000,0.0032,0.0029,-0.0073,-0.0220,2.0000,tau_limit
20107,20.0000,2.0000,0.0032,0.0029,-0.0073,-0.0220,2.0000,tau_limit
20112,20.0000,2.0000,0.0032,0.0029,-0.0073,-0.0220,2.0000,tau_limit
20117,20.0000,2.0000,0.0032,0.0032,-0.0073,-0.0220,2.0000,tau_limit
20122,20.0000,2.0000,0.0032,0.0032,-0.0073,-0.0220,2.0000,tau_limit
20127,20.0000,2.0000,0.0032,0.0032,-0.0073,-0.0220,2.0000,tau_limit
20132,20.0000,2.0000,0.0032,0.0032,-0.0073,-0.0171,2.0000,tau_limit
20137,20.0000,2.0000,0.0032,0.0032,-0.0073,-0.0220,2.0000,tau_limit
20142,20.0000,2.0000,0.0032,0.0032,-0.0073,-0.0220,2.0000,tau_limit
20148,20.0000,2.0000,0.0032,0.0032,-0.0073,-0.0220,2.0000,tau_limit
20153,20.0000,2.0000,0.0032,0.0032,-0.0073,-0.0220,2.0000,tau_limit
20158,20.0000,2.0000,0.0032,0.0032,-0.0073,-0.0220,2.0000,tau_limit
20163,20.0000,2.0000,0.0032,0.0032,-0.0073,-0.0220,2.0000,tau_limit
20168,20.0000,2.0000,0.0032,0.0032,-0.0073,-0.0220,2.0000,tau_limit
20173,20.0000,2.0000,0.0032,0.0032,-0.0073,-0.0220,2.0000,tau_limit
20178,20.0000,2.0000,0.0032,0.0032,-0.0073,-0.0220,2.0000,tau_limit
20183,20.0000,2.0000,0.0032,0.0032,-0.0073,-0.0220,2.0000,tau_limit
20188,20.0000,2.0000,0.0032,0.0032,-0.0073,-0.0220,2.0000,tau_limit
20193,20.0000,2.0000,0.0032,0.0032,-0.0073,-0.0220,2.0000,tau_limit
20198,20.0000,2.0000,0.0032,0.0032,-0.0073,-0.0220,2.0000,tau_limit
20203,20.0000,2.0000,0.0032,0.0032,-0.0073,-0.0269,2.0000,tau_limit
20208,20.0000,2.0000,0.0032,0.0032,-0.0073,-0.0220,2.0000,tau_limit
20213,20.0000,2.0000,0.0032,0.0032,-0.0073,-0.0220,2.0000,tau_limit
20218,20.0000,2.0000,0.0032,0.0032,-0.0073,-0.0220,2.0000,tau_limit
20223,20.0000,2.0000,0.0032,0.0032,-0.0073,-0.0220,2.0000,tau_limit
20228,20.0000,2.0000,0.0032,0.0032,-0.0073,-0.0220,2.0000,tau_limit
20234,20.0000,2.0000,0.0032,0.0032,-0.0073,-0.0220,2.0000,tau_limit
20239,20.0000,2.0000,0.0032,0.0032,-0.0073,-0.0220,2.0000,tau_limit
20244,20.0000,2.0000,0.0032,0.0032,-0.0073,-0.0171,2.0000,tau_limit
20249,20.0000,2.0000,0.0032,0.0032,-0.0073,-0.0220,2.0000,tau_limit
20254,20.0000,2.0000,0.0032,0.0032,-0.0073,-0.0220,2.0000,tau_limit
20259,20.0000,2.0000,0.0032,0.0032,-0.0073,-0.0220,2.0000,tau_limit
20264,20.0000,2.0000,0.0032,0.0032,-0.0073,-0.0220,2.0000,tau_limit
20269,20.0000,2.0000,0.0032,0.0032,-0.0073,-0.0220,2.0000,tau_limit
20274,20.0000,2.0000,0.0032,0.0032,-0.0073,-0.0220,2.0000,tau_limit
20279,20.0000,2.0000,0.0032,0.0032,-0.0073,-0.0220,2.0000,tau_limit
20284,20.0000,2.0000,0.0032,0.0032,-0.0073,-0.0220,2.0000,tau_limit
20289,20.0000,2.0000,0.0032,0.0032,-0.0073,-0.0220,2.0000,tau_limit
20294,20.0000,2.0000,0.0032,0.0032,-0.0073,-0.0220,2.0000,tau_limit
20299,20.0000,2.0000,0.0032,0.0032,-0.0073,-0.0171,2.0000,tau_limit
20304,20.0000,2.0000,0.0032,0.0032,-0.0073,-0.0220,2.0000,tau_limit
20309,20.0000,2.0000,0.0032,0.0032,-0.0073,-0.0171,2.0000,tau_limit
20314,20.0000,2.0000,0.0032,0.0032,-0.0073,-0.0220,2.0000,tau_limit
20319,20.0000,2.0000,0.0032,0.0032,-0.0073,-0.0220,2.0000,tau_limit
20325,20.0000,2.0000,0.0032,0.0032,-0.0073,-0.0220,2.0000,tau_limit
20330,20.0000,2.0000,0.0032,0.0032,-0.0073,-0.0171,2.0000,tau_limit
20335,20.0000,2.0000,0.0032,0.0032,-0.0073,-0.0220,2.0000,tau_limit
20340,20.0000,2.0000,0.0032,0.0032,-0.0073,-0.0220,2.0000,tau_limit
20345,20.0000,2.0000,0.0032,0.0032,-0.0073,-0.0220,2.0000,tau_limit
20350,20.0000,2.0000,0.0032,0.0032,-0.0073,-0.0220,2.0000,tau_limit
20355,20.0000,2.0000,0.0032,0.0032,-0.0073,-0.0220,2.0000,tau_limit
20360,20.0000,2.0000,0.0032,0.0032,-0.0073,-0.0220,2.0000,tau_limit
20365,20.0000,2.0000,0.0032,0.0032,-0.0073,-0.0220,2.0000,tau_limit
20370,20.0000,2.0000,0.0032,0.0032,-0.0073,-0.0220,2.0000,tau_limit
20375,20.0000,2.0000,0.0032,0.0032,-0.0073,-0.0220,2.0000,tau_limit
20380,20.0000,2.0000,0.0032,0.0032,-0.0073,-0.0171,2.0000,tau_limit
20385,20.0000,2.0000,0.0032,0.0032,-0.0073,-0.0171,2.0000,tau_limit
20390,20.0000,2.0000,0.0032,0.0032,-0.0073,-0.0220,2.0000,tau_limit
20395,20.0000,2.0000,0.0032,0.0032,-0.0073,-0.0171,2.0000,tau_limit
20400,20.0000,2.0000,0.0032,0.0032,-0.0073,-0.0220,2.0000,tau_limit
20405,20.0000,2.0000,0.0032,0.0032,-0.0073,-0.0220,2.0000,tau_limit
20411,20.0000,2.0000,0.0032,0.0032,-0.0073,-0.0220,2.0000,tau_limit
20416,20.0000,2.0000,0.0032,0.0032,-0.0073,-0.0171,2.0000,tau_limit
20421,20.0000,2.0000,0.0032,0.0032,-0.0073,-0.0220,2.0000,tau_limit
20426,20.0000,2.0000,0.0032,0.0032,-0.0073,-0.0220,2.0000,tau_limit
20431,20.0000,2.0000,0.0032,0.0032,-0.0073,-0.0220,2.0000,tau_limit
20436,20.0000,2.0000,0.0032,0.0032,-0.0073,-0.0220,2.0000,tau_limit
20441,20.0000,2.0000,0.0032,0.0032,-0.0073,-0.0171,2.0000,tau_limit
20446,20.0000,2.0000,0.0032,0.0032,-0.0073,-0.0220,2.0000,tau_limit
20451,20.0000,2.0000,0.0032,0.0032,-0.0073,-0.0220,2.0000,tau_limit
20456,20.0000,2.0000,0.0032,0.0032,-0.0073,-0.0220,2.0000,tau_limit
20461,20.0000,2.0000,0.0032,0.0032,-0.0073,-0.0220,2.0000,tau_limit
20466,20.0000,2.0000,0.0032,0.0032,-0.0073,-0.0269,2.0000,tau_limit
20471,20.0000,2.0000,0.0032,0.0032,-0.0073,-0.0220,2.0000,tau_limit
20476,20.0000,2.0000,0.0032,0.0032,-0.0073,-0.0220,2.0000,tau_limit
20481,20.0000,2.0000,0.0032,0.0032,-0.0073,-0.0220,2.0000,tau_limit
20486,20.0000,2.0000,0.0032,0.0032,-0.0073,-0.0220,2.0000,tau_limit
20491,20.0000,2.0000,0.0032,0.0032,-0.0073,-0.0171,2.0000,tau_limit
20496,20.0000,2.0000,0.0032,0.0032,-0.0073,-0.0171,2.0000,tau_limit
20501,20.0000,2.0000,0.0032,0.0032,-0.0073,-0.0220,2.0000,tau_limit
20507,20.0000,2.0000,0.0032,0.0032,-0.0073,-0.0220,2.0000,tau_limit
20512,20.0000,2.0000,0.0032,0.0032,-0.0073,-0.0220,2.0000,tau_limit
20517,20.0000,2.0000,0.0032,0.0032,-0.0073,-0.0269,2.0000,tau_limit
20522,20.0000,2.0000,0.0032,0.0032,-0.0073,-0.0171,2.0000,tau_limit
20527,20.0000,2.0000,0.0032,0.0032,-0.0073,-0.0220,2.0000,tau_limit
20532,20.0000,2.0000,0.0032,0.0032,-0.0073,-0.0171,2.0000,tau_limit
20537,20.0000,2.0000,0.0032,0.0032,-0.0073,-0.0171,2.0000,tau_limit
20542,20.0000,2.0000,0.0032,0.0032,-0.0073,-0.0220,2.0000,tau_limit
20547,20.0000,2.0000,0.0032,0.0032,-0.0073,-0.0220,2.0000,tau_limit
20552,20.0000,2.0000,0.0032,0.0032,-0.0073,-0.0171,2.0000,tau_limit
20557,20.0000,2.0000,0.0032,0.0032,-0.0073,-0.0220,2.0000,tau_limit
20562,20.0000,2.0000,0.0032,0.0032,-0.0073,-0.0220,2.0000,tau_limit
20567,20.0000,2.0000,0.0032,0.0032,-0.0073,-0.0220,2.0000,tau_limit
20572,20.0000,2.0000,0.0032,0.0032,-0.0073,-0.0171,2.0000,tau_limit
20577,20.0000,2.0000,0.0032,0.0032,-0.0073,-0.0220,2.0000,tau_limit
20582,20.0000,2.0000,0.0032,0.0032,-0.0073,-0.0220,2.0000,tau_limit
20587,20.0000,2.0000,0.0032,0.0032,-0.0073,-0.0220,2.0000,tau_limit
20592,20.0000,2.0000,0.0032,0.0032,-0.0073,-0.0220,2.0000,tau_limit
20597,20.0000,2.0000,0.0032,0.0032,-0.0073,-0.0220,2.0000,tau_limit
20603,20.0000,2.0000,0.0032,0.0032,-0.0073,-0.0220,2.0000,tau_limit
20608,20.0000,2.0000,0.0032,0.0032,-0.0073,-0.0220,2.0000,tau_limit
20613,20.0000,2.0000,0.0032,0.0032,-0.0073,-0.0220,2.0000,tau_limit
20618,20.0000,2.0000,0.0032,0.0032,-0.0073,-0.0171,2.0000,tau_limit
20623,20.0000,2.0000,0.0032,0.0032,-0.0073,-0.0171,2.0000,tau_limit
20628,20.0000,2.0000,0.0032,0.0032,-0.0073,-0.0220,2.0000,tau_limit
20633,20.0000,2.0000,0.0032,0.0032,-0.0073,-0.0220,2.0000,tau_limit
20638,20.0000,2.0000,0.0032,0.0032,-0.0073,-0.0220,2.0000,tau_limit
20643,20.0000,2.0000,0.0032,0.0032,-0.0073,-0.0220,2.0000,tau_limit
20648,20.0000,2.0000,0.0032,0.0032,-0.0073,-0.0171,2.0000,tau_limit
20653,20.0000,2.0000,0.0032,0.0032,-0.0073,-0.0220,2.0000,tau_limit
20658,20.0000,2.0000,0.0032,0.0032,-0.0073,-0.0220,2.0000,tau_limit
20663,20.0000,2.0000,0.0032,0.0032,-0.0073,-0.0171,2.0000,tau_limit
20668,20.0000,2.0000,0.0032,0.0032,-0.0073,-0.0171,2.0000,tau_limit
20673,20.0000,2.0000,0.0032,0.0032,-0.0073,-0.0171,2.0000,tau_limit
20678,20.0000,2.0000,0.0032,0.0029,-0.0073,-0.0171,2.0000,tau_limit
20683,20.0000,2.0000,0.0032,0.0029,-0.0073,-0.0171,2.0000,tau_limit
20688,20.0000,2.0000,0.0032,0.0029,-0.0073,-0.0171,2.0000,tau_limit
20694,20.0000,2.0000,0.0032,0.0029,-0.0073,-0.0171,2.0000,tau_limit
20699,20.0000,2.0000,0.0032,0.0029,-0.0073,-0.0171,2.0000,tau_limit
20704,20.0000,2.0000,0.0032,0.0029,-0.0073,-0.0171,2.0000,tau_limit
20709,20.0000,2.0000,0.0032,0.0029,-0.0073,-0.0122,2.0000,tau_limit
20714,20.0000,2.0000,0.0032,0.0029,-0.0073,-0.0122,2.0000,tau_limit
20719,20.0000,2.0000,0.0032,0.0029,-0.0073,-0.0171,2.0000,tau_limit
20724,20.0000,2.0000,0.0032,0.0029,-0.0073,-0.0171,2.0000,tau_limit
20729,20.0000,2.0000,0.0032,0.0029,-0.0073,-0.0171,2.0000,tau_limit
20734,20.0000,2.0000,0.0032,0.0029,-0.0073,-0.0171,2.0000,tau_limit
20739,20.0000,2.0000,0.0032,0.0029,-0.0073,-0.0171,2.0000,tau_limit
20744,20.0000,2.0000,0.0032,0.0029,-0.0073,-0.0171,2.0000,tau_limit
20749,20.0000,2.0000,0.0032,0.0029,-0.0073,-0.0171,2.0000,tau_limit
20754,20.0000,2.0000,0.0032,0.0029,-0.0073,-0.0171,2.0000,tau_limit
20759,20.0000,2.0000,0.0032,0.0029,-0.0073,-0.0171,2.0000,tau_limit
20764,20.0000,2.0000,0.0032,0.0029,-0.0073,-0.0171,2.0000,tau_limit
20769,20.0000,2.0000,0.0032,0.0029,-0.0073,-0.0171,2.0000,tau_limit
20774,20.0000,2.0000,0.0032,0.0029,-0.0073,-0.0171,2.0000,tau_limit
20780,20.0000,2.0000,0.0032,0.0029,-0.0073,-0.0171,2.0000,tau_limit
20785,20.0000,2.0000,0.0032,0.0029,-0.0073,-0.0122,2.0000,tau_limit
20790,20.0000,2.0000,0.0032,0.0029,-0.0073,-0.0122,2.0000,tau_limit
20795,20.0000,2.0000,0.0032,0.0029,-0.0073,-0.0122,2.0000,tau_limit
20800,20.0000,2.0000,0.0032,0.0029,-0.0073,-0.0122,2.0000,tau_limit
20805,20.0000,2.0000,0.0032,0.0029,-0.0073,-0.0122,2.0000,tau_limit
20810,20.0000,2.0000,0.0032,0.0029,-0.0073,-0.0171,2.0000,tau_limit
20815,20.0000,2.0000,0.0032,0.0029,-0.0073,-0.0171,2.0000,tau_limit
20820,20.0000,2.0000,0.0032,0.0029,-0.0073,-0.0171,2.0000,tau_limit
20825,20.0000,2.0000,0.0032,0.0029,-0.0073,-0.0171,2.0000,tau_limit
20830,20.0000,2.0000,0.0032,0.0029,-0.0073,-0.0171,2.0000,tau_limit
20835,20.0000,2.0000,0.0032,0.0029,-0.0073,-0.0122,2.0000,tau_limit
20840,20.0000,2.0000,0.0032,0.0029,-0.0073,-0.0171,2.0000,tau_limit
20845,20.0000,2.0000,0.0032,0.0029,-0.0073,-0.0171,2.0000,tau_limit
20850,20.0000,2.0000,0.0032,0.0029,-0.0073,-0.0171,2.0000,tau_limit
20855,20.0000,2.0000,0.0032,0.0029,-0.0073,-0.0171,2.0000,tau_limit
20860,20.0000,2.0000,0.0032,0.0029,-0.0073,-0.0171,2.0000,tau_limit
20865,20.0000,2.0000,0.0032,0.0029,-0.0073,-0.0171,2.0000,tau_limit
20871,20.0000,2.0000,0.0032,0.0029,-0.0073,-0.0171,2.0000,tau_limit
20876,20.0000,2.0000,0.0032,0.0029,-0.0073,-0.0171,2.0000,tau_limit
20881,20.0000,2.0000,0.0032,0.0029,-0.0073,-0.0171,2.0000,tau_limit
20886,20.0000,2.0000,0.0032,0.0029,-0.0073,-0.0171,2.0000,tau_limit
20891,20.0000,2.0000,0.0032,0.0029,-0.0073,-0.0122,2.0000,tau_limit
20896,20.0000,2.0000,0.0032,0.0029,-0.0073,-0.0171,2.0000,tau_limit
20901,20.0000,2.0000,0.0032,0.0029,-0.0073,-0.0171,2.0000,tau_limit
20906,20.0000,2.0000,0.0032,0.0029,-0.0073,-0.0171,2.0000,tau_limit
20911,20.0000,2.0000,0.0032,0.0029,-0.0073,-0.0171,2.0000,tau_limit
20916,20.0000,2.0000,0.0032,0.0029,-0.0073,-0.0171,2.0000,tau_limit
20921,20.0000,2.0000,0.0032,0.0029,-0.0073,-0.0171,2.0000,tau_limit
20926,20.0000,2.0000,0.0032,0.0029,-0.0073,-0.0171,2.0000,tau_limit
20931,20.0000,2.0000,0.0032,0.0029,-0.0073,-0.0171,2.0000,tau_limit
20936,20.0000,2.0000,0.0032,0.0029,-0.0073,-0.0171,2.0000,tau_limit
20941,20.0000,2.0000,0.0032,0.0029,-0.0073,-0.0171,2.0000,tau_limit
20946,20.0000,2.0000,0.0032,0.0029,-0.0073,-0.0171,2.0000,tau_limit
20951,20.0000,2.0000,0.0032,0.0029,-0.0073,-0.0122,2.0000,tau_limit
20957,20.0000,2.0000,0.0032,0.0029,-0.0073,-0.0171,2.0000,tau_limit
20962,20.0000,2.0000,0.0032,0.0029,-0.0073,-0.0171,2.0000,tau_limit
20967,20.0000,2.0000,0.0032,0.0029,-0.0073,-0.0171,2.0000,tau_limit
20972,20.0000,2.0000,0.0032,0.0029,-0.0073,-0.0171,2.0000,tau_limit
20977,20.0000,2.0000,0.0032,0.0029,-0.0073,-0.0171,2.0000,tau_limit
20982,20.0000,2.0000,0.0032,0.0029,-0.0073,-0.0171,2.0000,tau_limit
20987,20.0000,2.0000,0.0032,0.0029,-0.0073,-0.0171,2.0000,tau_limit
20992,20.0000,2.0000,0.0032,0.0029,-0.0073,-0.0171,2.0000,tau_limit
20997,20.0000,2.0000,0.0032,0.0029,-0.0073,-0.0171,2.0000,tau_limit
21002,20.0000,2.0000,0.0032,0.0029,-0.0073,-0.0171,2.0000,tau_limit
21007,20.0000,2.0000,0.0032,0.0029,-0.0073,-0.0171,2.0000,tau_limit
21012,20.0000,2.0000,0.0032,0.0029,-0.0073,-0.0171,2.0000,tau_limit
21017,20.0000,2.0000,0.0032,0.0029,-0.0073,-0.0171,2.0000,tau_limit
21022,20.0000,2.0000,0.0032,0.0029,-0.0073,-0.0171,2.0000,tau_limit
21027,20.0000,2.0000,0.0032,0.0029,-0.0073,-0.0220,2.0000,tau_limit
21032,20.0000,2.0000,0.0032,0.0029,-0.0073,-0.0171,2.0000,tau_limit
21037,20.0000,2.0000,0.0032,0.0029,-0.0073,-0.0171,2.0000,tau_limit
21042,20.0000,2.0000,0.0032,0.0029,-0.0073,-0.0171,2.0000,tau_limit
21048,20.0000,2.0000,0.0032,0.0029,-0.0073,-0.0171,2.0000,tau_limit
21053,20.0000,2.0000,0.0032,0.0029,-0.0073,-0.0220,2.0000,tau_limit
21058,20.0000,2.0000,0.0032,0.0029,-0.0073,-0.0171,2.0000,tau_limit
21063,20.0000,2.0000,0.0032,0.0029,-0.0073,-0.0171,2.0000,tau_limit
21068,20.0000,2.0000,0.0032,0.0029,-0.0073,-0.0171,2.0000,tau_limit
21073,20.0000,2.0000,0.0032,0.0029,-0.0073,-0.0171,2.0000,tau_limit
21078,20.0000,2.0000,0.0032,0.0029,-0.0073,-0.0171,2.0000,tau_limit
21083,20.0000,2.0000,0.0032,0.0029,-0.0073,-0.0171,2.0000,tau_limit
21088,20.0000,2.0000,0.0032,0.0029,-0.0073,-0.0171,2.0000,tau_limit
21093,20.0000,2.0000,0.0032,0.0029,-0.0073,-0.0171,2.0000,tau_limit
21098,20.0000,2.0000,0.0032,0.0029,-0.0073,-0.0122,2.0000,tau_limit
21103,20.0000,2.0000,0.0032,0.0029,-0.0073,-0.0171,2.0000,tau_limit
21108,20.0000,2.0000,0.0032,0.0029,-0.0073,-0.0171,2.0000,tau_limit
21113,20.0000,2.0000,0.0032,0.0029,-0.0073,-0.0171,2.0000,tau_limit
21118,20.0000,2.0000,0.0032,0.0029,-0.0073,-0.0171,2.0000,tau_limit
21123,20.0000,2.0000,0.0032,0.0029,-0.0073,-0.0171,2.0000,tau_limit
21128,20.0000,2.0000,0.0032,0.0029,-0.0073,-0.0171,2.0000,tau_limit
21133,20.0000,2.0000,0.0032,0.0029,-0.0073,-0.0122,2.0000,tau_limit
21139,20.0000,2.0000,0.0032,0.0029,-0.0073,-0.0171,2.0000,tau_limit
21144,20.0000,2.0000,0.0032,0.0029,-0.0073,-0.0171,2.0000,tau_limit
21149,20.0000,2.0000,0.0032,0.0029,-0.0073,-0.0171,2.0000,tau_limit
21154,20.0000,2.0000,0.0032,0.0029,-0.0073,-0.0171,2.0000,tau_limit
21159,20.0000,2.0000,0.0032,0.0029,-0.0073,-0.0171,2.0000,tau_limit
21164,20.0000,2.0000,0.0032,0.0029,-0.0073,-0.0171,2.0000,tau_limit
21169,20.0000,2.0000,0.0032,0.0029,-0.0073,-0.0171,2.0000,tau_limit
21174,20.0000,2.0000,0.0032,0.0029,-0.0073,-0.0171,2.0000,tau_limit
21179,20.0000,2.0000,0.0032,0.0029,-0.0073,-0.0171,2.0000,tau_limit
21184,20.0000,2.0000,0.0032,0.0029,-0.0073,-0.0122,2.0000,tau_limit
21189,20.0000,2.0000,0.0032,0.0029,-0.0073,-0.0171,2.0000,tau_limit
21194,20.0000,2.0000,0.0032,0.0029,-0.0073,-0.0171,2.0000,tau_limit
21199,20.0000,2.0000,0.0032,0.0029,-0.0073,-0.0171,2.0000,tau_limit
21204,20.0000,2.0000,0.0032,0.0029,-0.0073,-0.0171,2.0000,tau_limit
21209,20.0000,2.0000,0.0032,0.0029,-0.0073,-0.0171,2.0000,tau_limit
21214,20.0000,2.0000,0.0032,0.0029,-0.0073,-0.0171,2.0000,tau_limit
21219,20.0000,2.0000,0.0032,0.0029,-0.0073,-0.0171,2.0000,tau_limit
21225,20.0000,2.0000,0.0032,0.0029,-0.0073,-0.0171,2.0000,tau_limit
21230,20.0000,2.0000,0.0032,0.0029,-0.0073,-0.0171,2.0000,tau_limit
21235,20.0000,2.0000,0.0032,0.0029,-0.0073,-0.0171,2.0000,tau_limit
21240,20.0000,2.0000,0.0032,0.0029,-0.0073,-0.0171,2.0000,tau_limit
21245,20.0000,2.0000,0.0032,0.0029,-0.0073,-0.0171,2.0000,tau_limit
21250,20.0000,2.0000,0.0032,0.0029,-0.0073,-0.0171,2.0000,tau_limit
21255,20.0000,2.0000,0.0032,0.0029,-0.0073,-0.0171,2.0000,tau_limit
21260,20.0000,2.0000,0.0032,0.0029,-0.0073,-0.0220,2.0000,tau_limit
21265,20.0000,2.0000,0.0032,0.0029,-0.0073,-0.0171,2.0000,tau_limit
21270,20.0000,2.0000,0.0032,0.0029,-0.0073,-0.0171,2.0000,tau_limit
21275,20.0000,2.0000,0.0032,0.0029,-0.0073,-0.0171,2.0000,tau_limit
21280,20.0000,2.0000,0.0032,0.0029,-0.0073,-0.0171,2.0000,tau_limit
21285,20.0000,2.0000,0.0032,0.0029,-0.0073,-0.0220,2.0000,tau_limit
21290,20.0000,2.0000,0.0032,0.0029,-0.0073,-0.0171,2.0000,tau_limit
21295,20.0000,2.0000,0.0032,0.0029,-0.0073,-0.0171,2.0000,tau_limit
21300,20.0000,2.0000,0.0032,0.0029,-0.0073,-0.0171,2.0000,tau_limit
21305,20.0000,2.0000,0.0032,0.0029,-0.0073,-0.0171,2.0000,tau_limit
21311,20.0000,2.0000,0.0032,0.0029,-0.0073,-0.0171,2.0000,tau_limit
21316,20.0000,2.0000,0.0032,0.0029,-0.0073,-0.0171,2.0000,tau_limit
21321,20.0000,2.0000,0.0032,0.0029,-0.0073,-0.0171,2.0000,tau_limit
21326,20.0000,2.0000,0.0032,0.0029,-0.0073,-0.0171,2.0000,tau_limit
21331,20.0000,2.0000,0.0032,0.0029,-0.0073,-0.0171,2.0000,tau_limit
21336,20.0000,2.0000,0.0032,0.0029,-0.0073,-0.0171,2.0000,tau_limit
21341,20.0000,2.0000,0.0032,0.0029,-0.0073,-0.0220,2.0000,tau_limit
21346,20.0000,2.0000,0.0032,0.0029,-0.0073,-0.0171,2.0000,tau_limit
21351,20.0000,2.0000,0.0032,0.0029,-0.0073,-0.0171,2.0000,tau_limit
21356,20.0000,2.0000,0.0032,0.0029,-0.0073,-0.0122,2.0000,tau_limit
21361,20.0000,2.0000,0.0032,0.0029,-0.0073,-0.0171,2.0000,tau_limit
21366,20.0000,2.0000,0.0032,0.0029,-0.0073,-0.0171,2.0000,tau_limit
21371,20.0000,2.0000,0.0032,0.0029,-0.0073,-0.0171,2.0000,tau_limit
21376,20.0000,2.0000,0.0032,0.0029,-0.0073,-0.0220,2.0000,tau_limit
21381,20.0000,2.0000,0.0032,0.0029,-0.0073,-0.0171,2.0000,tau_limit
21386,20.0000,2.0000,0.0032,0.0029,-0.0073,-0.0220,2.0000,tau_limit
21391,20.0000,2.0000,0.0032,0.0029,-0.0073,-0.0220,2.0000,tau_limit
21396,20.0000,2.0000,0.0032,0.0029,-0.0073,-0.0220,2.0000,tau_limit
21402,20.0000,2.0000,0.0032,0.0029,-0.0073,-0.0171,2.0000,tau_limit
21407,20.0000,2.0000,0.0032,0.0029,-0.0073,-0.0220,2.0000,tau_limit
21412,20.0000,2.0000,0.0032,0.0029,-0.0073,-0.0220,2.0000,tau_limit
21417,20.0000,2.0000,0.0032,0.0029,-0.0073,-0.0171,2.0000,tau_limit
21422,20.0000,2.0000,0.0032,0.0029,-0.0073,-0.0171,2.0000,tau_limit
21427,20.0000,2.0000,0.0032,0.0029,-0.0073,-0.0171,2.0000,tau_limit
21432,20.0000,2.0000,0.0032,0.0029,-0.0073,-0.0171,2.0000,tau_limit
21437,20.0000,2.0000,0.0032,0.0029,-0.0073,-0.0122,2.0000,tau_limit
21442,20.0000,2.0000,0.0032,0.0029,-0.0073,-0.0171,2.0000,tau_limit
21447,20.0000,2.0000,0.0032,0.0029,-0.0073,-0.0171,2.0000,tau_limit
21452,20.0000,2.0000,0.0032,0.0029,-0.0073,-0.0171,2.0000,tau_limit
21457,20.0000,2.0000,0.0032,0.0029,-0.0073,-0.0122,2.0000,tau_limit
21462,20.0000,2.0000,0.0032,0.0029,-0.0073,-0.0171,2.0000,tau_limit
21467,20.0000,2.0000,0.0032,0.0029,-0.0073,-0.0171,2.0000,tau_limit
21472,20.0000,2.0000,0.0032,0.0029,-0.0073,-0.0171,2.0000,tau_limit
21477,20.0000,2.0000,0.0032,0.0029,-0.0073,-0.0171,2.0000,tau_limit
21482,20.0000,2.0000,0.0032,0.0029,-0.0073,-0.0171,2.0000,tau_limit
21487,20.0000,2.0000,0.0032,0.0029,-0.0073,-0.0220,2.0000,tau_limit
21493,20.0000,2.0000,0.0032,0.0029,-0.0073,-0.0171,2.0000,tau_limit
21498,20.0000,2.0000,0.0032,0.0029,-0.0073,-0.0171,2.0000,tau_limit
21503,20.0000,2.0000,0.0032,0.0029,-0.0073,-0.0171,2.0000,tau_limit
21508,20.0000,2.0000,0.0032,0.0029,-0.0073,-0.0220,2.0000,tau_limit
21513,20.0000,2.0000,0.0032,0.0029,-0.0073,-0.0171,2.0000,tau_limit
21518,20.0000,2.0000,0.0032,0.0029,-0.0073,-0.0171,2.0000,tau_limit
21523,20.0000,2.0000,0.0032,0.0029,-0.0073,-0.0171,2.0000,tau_limit
21528,20.0000,2.0000,0.0032,0.0029,-0.0073,-0.0171,2.0000,tau_limit
21533,20.0000,2.0000,0.0032,0.0029,-0.0073,-0.0171,2.0000,tau_limit
21538,20.0000,2.0000,0.0032,0.0029,-0.0073,-0.0171,2.0000,tau_limit
21543,20.0000,2.0000,0.0032,0.0029,-0.0073,-0.0220,2.0000,tau_limit
21548,20.0000,2.0000,0.0032,0.0029,-0.0073,-0.0220,2.0000,tau_limit
21553,20.0000,2.0000,0.0032,0.0029,-0.0073,-0.0171,2.0000,tau_limit
21558,20.0000,2.0000,0.0032,0.0029,-0.0073,-0.0220,2.0000,tau_limit
21563,20.0000,2.0000,0.0032,0.0029,-0.0073,-0.0220,2.0000,tau_limit
21568,20.0000,2.0000,0.0032,0.0029,-0.0073,-0.0220,2.0000,tau_limit
21573,20.0000,2.0000,0.0032,0.0029,-0.0073,-0.0171,2.0000,tau_limit
21579,20.0000,2.0000,0.0032,0.0029,-0.0073,-0.0171,2.0000,tau_limit
21584,20.0000,2.0000,0.0032,0.0029,-0.0073,-0.0171,2.0000,tau_limit
21589,20.0000,2.0000,0.0032,0.0029,-0.0073,-0.0171,2.0000,tau_limit
21594,20.0000,2.0000,0.0032,0.0029,-0.0073,-0.0171,2.0000,tau_limit
21599,20.0000,2.0000,0.0032,0.0029,-0.0073,-0.0171,2.0000,tau_limit
21604,20.0000,2.0000,0.0032,0.0029,-0.0073,-0.0171,2.0000,tau_limit
21609,20.0000,2.0000,0.0032,0.0029,-0.0073,-0.0220,2.0000,tau_limit
21614,20.0000,2.0000,0.0032,0.0029,-0.0073,-0.0220,2.0000,tau_limit
21619,20.0000,2.0000,0.0032,0.0029,-0.0073,-0.0171,2.0000,tau_limit
21624,20.0000,2.0000,0.0032,0.0029,-0.0073,-0.0171,2.0000,tau_limit
21629,20.0000,2.0000,0.0032,0.0029,-0.0073,-0.0220,2.0000,tau_limit
21634,20.0000,2.0000,0.0032,0.0029,-0.0073,-0.0171,2.0000,tau_limit
21639,20.0000,2.0000,0.0032,0.0029,-0.0073,-0.0220,2.0000,tau_limit
21644,20.0000,2.0000,0.0032,0.0029,-0.0073,-0.0220,2.0000,tau_limit
21649,20.0000,2.0000,0.0032,0.0029,-0.0073,-0.0220,2.0000,tau_limit
21654,20.0000,2.0000,0.0032,0.0029,-0.0073,-0.0220,2.0000,tau_limit
21659,20.0000,2.0000,0.0032,0.0029,-0.0073,-0.0171,2.0000,tau_limit
21664,20.0000,2.0000,0.0032,0.0029,-0.0073,-0.0171,2.0000,tau_limit
21670,20.0000,2.0000,0.0032,0.0029,-0.0073,-0.0171,2.0000,tau_limit
21675,20.0000,2.0000,0.0032,0.0029,-0.0073,-0.0171,2.0000,tau_limit
21680,20.0000,2.0000,0.0032,0.0029,-0.0073,-0.0171,2.0000,tau_limit
21685,20.0000,2.0000,0.0032,0.0029,-0.0073,-0.0171,2.0000,tau_limit
21690,20.0000,2.0000,0.0032,0.0029,-0.0073,-0.0171,2.0000,tau_limit
21695,20.0000,2.0000,0.0032,0.0029,-0.0073,-0.0171,2.0000,tau_limit
21700,20.0000,2.0000,0.0032,0.0029,-0.0073,-0.0220,2.0000,tau_limit
21705,20.0000,2.0000,0.0032,0.0029,-0.0073,-0.0171,2.0000,tau_limit
21710,20.0000,2.0000,0.0032,0.0029,-0.0073,-0.0171,2.0000,tau_limit
21715,20.0000,2.0000,0.0032,0.0029,-0.0073,-0.0171,2.0000,tau_limit
21720,20.0000,2.0000,0.0032,0.0029,-0.0073,-0.0220,2.0000,tau_limit
21725,20.0000,2.0000,0.0032,0.0029,-0.0073,-0.0171,2.0000,tau_limit
21730,20.0000,2.0000,0.0032,0.0029,-0.0073,-0.0220,2.0000,tau_limit
21735,20.0000,2.0000,0.0032,0.0029,-0.0073,-0.0220,2.0000,tau_limit
21740,20.0000,2.0000,0.0032,0.0029,-0.0073,-0.0171,2.0000,tau_limit
21745,20.0000,2.0000,0.0032,0.0029,-0.0073,-0.0171,2.0000,tau_limit
21750,20.0000,2.0000,0.0032,0.0029,-0.0073,-0.0220,2.0000,tau_limit
21756,20.0000,2.0000,0.0032,0.0029,-0.0073,-0.0171,2.0000,tau_limit
21761,20.0000,2.0000,0.0032,0.0029,-0.0073,-0.0220,2.0000,tau_limit
21766,20.0000,2.0000,0.0032,0.0029,-0.0073,-0.0171,2.0000,tau_limit
21771,20.0000,2.0000,0.0032,0.0029,-0.0073,-0.0220,2.0000,tau_limit
21776,20.0000,2.0000,0.0032,0.0029,-0.0073,-0.0220,2.0000,tau_limit
21781,20.0000,2.0000,0.0032,0.0029,-0.0073,-0.0220,2.0000,tau_limit
21786,20.0000,2.0000,0.0032,0.0029,-0.0073,-0.0171,2.0000,tau_limit
21791,20.0000,2.0000,0.0032,0.0029,-0.0073,-0.0171,2.0000,tau_limit
21796,20.0000,2.0000,0.0032,0.0029,-0.0073,-0.0220,2.0000,tau_limit
21801,20.0000,2.0000,0.0032,0.0029,-0.0073,-0.0171,2.0000,tau_limit
21806,20.0000,2.0000,0.0032,0.0029,-0.0073,-0.0171,2.0000,tau_limit
21811,20.0000,2.0000,0.0032,0.0029,-0.0073,-0.0220,2.0000,tau_limit
21816,20.0000,2.0000,0.0032,0.0029,-0.0073,-0.0220,2.0000,tau_limit
21821,20.0000,2.0000,0.0032,0.0029,-0.0073,-0.0220,2.0000,tau_limit
21826,20.0000,2.0000,0.0032,0.0029,-0.0073,-0.0171,2.0000,tau_limit
21831,20.0000,2.0000,0.0032,0.0032,-0.0073,-0.0171,2.0000,tau_limit
21836,20.0000,2.0000,0.0032,0.0032,-0.0073,-0.0220,2.0000,tau_limit
21841,20.0000,2.0000,0.0032,0.0032,-0.0073,-0.0171,2.0000,tau_limit
21847,20.0000,2.0000,0.0032,0.0032,-0.0073,-0.0171,2.0000,tau_limit
21852,20.0000,2.0000,0.0032,0.0032,-0.0073,-0.0171,2.0000,tau_limit
21857,20.0000,2.0000,0.0032,0.0032,-0.0073,-0.0171,2.0000,tau_limit
21862,20.0000,2.0000,0.0032,0.0032,-0.0073,-0.0220,2.0000,tau_limit
21867,20.0000,2.0000,0.0032,0.0032,-0.0073,-0.0220,2.0000,tau_limit
21872,20.0000,2.0000,0.0032,0.0032,-0.0073,-0.0220,2.0000,tau_limit
21877,20.0000,2.0000,0.0032,0.0032,-0.0073,-0.0220,2.0000,tau_limit
21882,20.0000,2.0000,0.0032,0.0032,-0.0073,-0.0220,2.0000,tau_limit
21887,20.0000,2.0000,0.0032,0.0032,-0.0073,-0.0220,2.0000,tau_limit
21892,20.0000,2.0000,0.0032,0.0032,-0.0073,-0.0220,2.0000,tau_limit
21897,20.0000,2.0000,0.0032,0.0032,-0.0073,-0.0171,2.0000,tau_limit
21902,20.0000,2.0000,0.0032,0.0032,-0.0073,-0.0171,2.0000,tau_limit
21907,20.0000,2.0000,0.0032,0.0032,-0.0073,-0.0171,2.0000,tau_limit
21912,20.0000,2.0000,0.0032,0.0032,-0.0073,-0.0220,2.0000,tau_limit
21917,20.0000,2.0000,0.0032,0.0032,-0.0073,-0.0171,2.0000,tau_limit
21922,20.0000,2.0000,0.0032,0.0032,-0.0073,-0.0220,2.0000,tau_limit
21927,20.0000,2.0000,0.0032,0.0032,-0.0073,-0.0220,2.0000,tau_limit
21932,20.0000,2.0000,0.0032,0.0032,-0.0073,-0.0220,2.0000,tau_limit
21938,20.0000,2.0000,0.0032,0.0032,-0.0073,-0.0220,2.0000,tau_limit
21943,20.0000,2.0000,0.0032,0.0032,-0.0073,-0.0171,2.0000,tau_limit
21948,20.0000,2.0000,0.0032,0.0032,-0.0073,-0.0220,2.0000,tau_limit
21953,20.0000,2.0000,0.0032,0.0032,-0.0073,-0.0220,2.0000,tau_limit
21958,20.0000,2.0000,0.0032,0.0032,-0.0073,-0.0220,2.0000,tau_limit
21963,20.0000,2.0000,0.0032,0.0032,-0.0073,-0.0269,2.0000,tau_limit
21968,20.0000,2.0000,0.0032,0.0032,-0.0073,-0.0220,2.0000,tau_limit
21973,20.0000,2.0000,0.0032,0.0032,-0.0073,-0.0220,2.0000,tau_limit
21978,20.0000,2.0000,0.0032,0.0032,-0.0073,-0.0220,2.0000,tau_limit
21983,20.0000,2.0000,0.0032,0.0032,-0.0073,-0.0220,2.0000,tau_limit
21988,20.0000,2.0000,0.0032,0.0032,-0.0073,-0.0220,2.0000,tau_limit
21993,20.0000,2.0000,0.0032,0.0032,-0.0073,-0.0220,2.0000,tau_limit
21998,20.0000,2.0000,0.0032,0.0032,-0.0073,-0.0220,2.0000,tau_limit
22003,20.0000,2.0000,0.0032,0.0032,-0.0073,-0.0220,2.0000,tau_limit
22008,20.0000,2.0000,0.0032,0.0032,-0.0073,-0.0220,2.0000,tau_limit
22013,20.0000,2.0000,0.0032,0.0032,-0.0073,-0.0171,2.0000,tau_limit
22018,20.0000,2.0000,0.0032,0.0032,-0.0073,-0.0220,2.0000,tau_limit
22024,20.0000,2.0000,0.0032,0.0032,-0.0073,-0.0220,2.0000,tau_limit
22029,20.0000,2.0000,0.0032,0.0032,-0.0073,-0.0220,2.0000,tau_limit
22034,20.0000,2.0000,0.0032,0.0032,-0.0073,-0.0220,2.0000,tau_limit
22039,20.0000,2.0000,0.0032,0.0032,-0.0073,-0.0171,2.0000,tau_limit
22044,20.0000,2.0000,0.0032,0.0032,-0.0073,-0.0220,2.0000,tau_limit
22049,20.0000,2.0000,0.0032,0.0032,-0.0073,-0.0220,2.0000,tau_limit
22054,20.0000,2.0000,0.0032,0.0032,-0.0073,-0.0220,2.0000,tau_limit
22059,20.0000,2.0000,0.0032,0.0032,-0.0073,-0.0269,2.0000,tau_limit
22064,20.0000,2.0000,0.0032,0.0032,-0.0073,-0.0220,2.0000,tau_limit
22069,20.0000,2.0000,0.0032,0.0032,-0.0073,-0.0220,2.0000,tau_limit
22074,20.0000,2.0000,0.0032,0.0032,-0.0073,-0.0220,2.0000,tau_limit
22079,20.0000,2.0000,0.0032,0.0032,-0.0073,-0.0220,2.0000,tau_limit
22084,20.0000,2.0000,0.0032,0.0032,-0.0073,-0.0220,2.0000,tau_limit
22089,20.0000,2.0000,0.0032,0.0032,-0.0073,-0.0220,2.0000,tau_limit
22094,20.0000,2.0000,0.0032,0.0032,-0.0073,-0.0171,2.0000,tau_limit
22099,20.0000,2.0000,0.0032,0.0032,-0.0073,-0.0171,2.0000,tau_limit
22104,20.0000,2.0000,0.0032,0.0032,-0.0073,-0.0220,2.0000,tau_limit
22109,20.0000,2.0000,0.0032,0.0032,-0.0073,-0.0220,2.0000,tau_limit
22115,20.0000,2.0000,0.0032,0.0032,-0.0073,-0.0220,2.0000,tau_limit
22120,20.0000,2.0000,0.0032,0.0032,-0.0073,-0.0171,2.0000,tau_limit
22125,20.0000,2.0000,0.0032,0.0032,-0.0073,-0.0171,2.0000,tau_limit
22130,20.0000,2.0000,0.0032,0.0032,-0.0073,-0.0220,2.0000,tau_limit
22135,20.0000,2.0000,0.0032,0.0032,-0.0073,-0.0220,2.0000,tau_limit
22140,20.0000,2.0000,0.0032,0.0032,-0.0073,-0.0220,2.0000,tau_limit
22145,20.0000,2.0000,0.0032,0.0032,-0.0073,-0.0220,2.0000,tau_limit
22150,20.0000,2.0000,0.0032,0.0032,-0.0073,-0.0171,2.0000,tau_limit
22155,20.0000,2.0000,0.0032,0.0032,-0.0073,-0.0220,2.0000,tau_limit
22160,20.0000,2.0000,0.0032,0.0032,-0.0073,-0.0220,2.0000,tau_limit
22165,20.0000,2.0000,0.0032,0.0032,-0.0073,-0.0220,2.0000,tau_limit
22170,20.0000,2.0000,0.0032,0.0032,-0.0073,-0.0171,2.0000,tau_limit
22175,20.0000,2.0000,0.0032,0.0032,-0.0073,-0.0171,2.0000,tau_limit
22180,20.0000,2.0000,0.0032,0.0032,-0.0073,-0.0220,2.0000,tau_limit
22185,20.0000,2.0000,0.0032,0.0032,-0.0073,-0.0220,2.0000,tau_limit
22190,20.0000,2.0000,0.0032,0.0032,-0.0073,-0.0220,2.0000,tau_limit
22195,20.0000,2.0000,0.0032,0.0032,-0.0073,-0.0220,2.0000,tau_limit
22200,20.0000,2.0000,0.0032,0.0032,-0.0073,-0.0220,2.0000,tau_limit
22205,20.0000,2.0000,0.0032,0.0032,-0.0073,-0.0220,2.0000,tau_limit
22211,20.0000,2.0000,0.0032,0.0032,-0.0073,-0.0220,2.0000,tau_limit
22216,20.0000,2.0000,0.0032,0.0032,-0.0073,-0.0220,2.0000,tau_limit
22221,20.0000,2.0000,0.0032,0.0032,-0.0073,-0.0220,2.0000,tau_limit
22226,20.0000,2.0000,0.0032,0.0032,-0.0073,-0.0171,2.0000,tau_limit
22231,20.0000,2.0000,0.0032,0.0032,-0.0073,-0.0220,2.0000,tau_limit
22236,20.0000,2.0000,0.0032,0.0032,-0.0073,-0.0220,2.0000,tau_limit
22241,20.0000,2.0000,0.0032,0.0032,-0.0073,-0.0171,2.0000,tau_limit
22246,20.0000,2.0000,0.0032,0.0032,-0.0073,-0.0171,2.0000,tau_limit
22251,20.0000,2.0000,0.0032,0.0032,-0.0073,-0.0220,2.0000,tau_limit
22256,20.0000,2.0000,0.0032,0.0032,-0.0073,-0.0220,2.0000,tau_limit
22261,20.0000,2.0000,0.0032,0.0032,-0.0073,-0.0220,2.0000,tau_limit
22266,20.0000,2.0000,0.0032,0.0032,-0.0073,-0.0171,2.0000,tau_limit
22271,20.0000,2.0000,0.0032,0.0032,-0.0073,-0.0220,2.0000,tau_limit
22276,20.0000,2.0000,0.0032,0.0032,-0.0073,-0.0220,2.0000,tau_limit
22281,20.0000,2.0000,0.0032,0.0032,-0.0073,-0.0171,2.0000,tau_limit
22286,20.0000,2.0000,0.0032,0.0032,-0.0073,-0.0220,2.0000,tau_limit
22291,20.0000,2.0000,0.0032,0.0032,-0.0073,-0.0220,2.0000,tau_limit
22296,20.0000,2.0000,0.0032,0.0032,-0.0073,-0.0220,2.0000,tau_limit
22302,20.0000,2.0000,0.0032,0.0032,-0.0073,-0.0220,2.0000,tau_limit
22307,20.0000,2.0000,0.0032,0.0032,-0.0073,-0.0220,2.0000,tau_limit
22312,20.0000,2.0000,0.0032,0.0032,-0.0073,-0.0220,2.0000,tau_limit
22317,20.0000,2.0000,0.0032,0.0032,-0.0073,-0.0171,2.0000,tau_limit
22322,20.0000,2.0000,0.0032,0.0032,-0.0073,-0.0220,2.0000,tau_limit
22327,20.0000,2.0000,0.0032,0.0032,-0.0073,-0.0171,2.0000,tau_limit
22332,20.0000,2.0000,0.0032,0.0032,-0.0073,-0.0171,2.0000,tau_limit
22337,20.0000,2.0000,0.0032,0.0032,-0.0073,-0.0220,2.0000,tau_limit
22342,20.0000,2.0000,0.0032,0.0032,-0.0073,-0.0220,2.0000,tau_limit
22347,20.0000,2.0000,0.0032,0.0032,-0.0073,-0.0220,2.0000,tau_limit
22352,20.0000,2.0000,0.0032,0.0032,-0.0073,-0.0220,2.0000,tau_limit
22357,20.0000,2.0000,0.0032,0.0032,-0.0073,-0.0220,2.0000,tau_limit
22362,20.0000,2.0000,0.0032,0.0032,-0.0073,-0.0220,2.0000,tau_limit
22367,20.0000,2.0000,0.0032,0.0032,-0.0073,-0.0220,2.0000,tau_limit
22372,20.0000,2.0000,0.0032,0.0032,-0.0073,-0.0171,2.0000,tau_limit
22377,20.0000,2.0000,0.0032,0.0032,-0.0073,-0.0171,2.0000,tau_limit
22382,20.0000,2.0000,0.0032,0.0032,-0.0073,-0.0171,2.0000,tau_limit
22388,20.0000,2.0000,0.0032,0.0032,-0.0073,-0.0220,2.0000,tau_limit
22393,20.0000,2.0000,0.0032,0.0032,-0.0073,-0.0220,2.0000,tau_limit
22398,20.0000,2.0000,0.0032,0.0032,-0.0073,-0.0269,2.0000,tau_limit
22403,20.0000,2.0000,0.0032,0.0032,-0.0073,-0.0220,2.0000,tau_limit
22408,20.0000,2.0000,0.0032,0.0032,-0.0073,-0.0220,2.0000,tau_limit
22413,20.0000,2.0000,0.0032,0.0032,-0.0073,-0.0171,2.0000,tau_limit
22418,20.0000,2.0000,0.0032,0.0032,-0.0073,-0.0220,2.0000,tau_limit
22423,20.0000,2.0000,0.0032,0.0032,-0.0073,-0.0220,2.0000,tau_limit
22428,20.0000,2.0000,0.0032,0.0032,-0.0073,-0.0220,2.0000,tau_limit
22433,20.0000,2.0000,0.0032,0.0032,-0.0073,-0.0220,2.0000,tau_limit
22438,20.0000,2.0000,0.0032,0.0032,-0.0073,-0.0220,2.0000,tau_limit
22443,20.0000,2.0000,0.0032,0.0032,-0.0073,-0.0171,2.0000,tau_limit
22448,20.0000,2.0000,0.0032,0.0032,-0.0073,-0.0171,2.0000,tau_limit
22453,20.0000,2.0000,0.0032,0.0032,-0.0073,-0.0171,2.0000,tau_limit
22458,20.0000,2.0000,0.0032,0.0032,-0.0073,-0.0220,2.0000,tau_limit
22463,20.0000,2.0000,0.0032,0.0032,-0.0073,-0.0220,2.0000,tau_limit
22468,20.0000,2.0000,0.0032,0.0032,-0.0073,-0.0171,2.0000,tau_limit
22473,20.0000,2.0000,0.0032,0.0032,-0.0073,-0.0220,2.0000,tau_limit
22479,20.0000,2.0000,0.0032,0.0032,-0.0073,-0.0220,2.0000,tau_limit
22484,20.0000,2.0000,0.0032,0.0032,-0.0073,-0.0171,2.0000,tau_limit
22489,20.0000,2.0000,0.0032,0.0032,-0.0073,-0.0220,2.0000,tau_limit
22494,20.0000,2.0000,0.0032,0.0032,-0.0073,-0.0220,2.0000,tau_limit
22499,20.0000,2.0000,0.0032,0.0032,-0.0073,-0.0220,2.0000,tau_limit
22504,20.0000,2.0000,0.0032,0.0032,-0.0073,-0.0220,2.0000,tau_limit
22509,20.0000,2.0000,0.0032,0.0032,-0.0073,-0.0220,2.0000,tau_limit
22514,20.0000,2.0000,0.0032,0.0032,-0.0073,-0.0220,2.0000,tau_limit
22519,20.0000,2.0000,0.0032,0.0032,-0.0073,-0.0220,2.0000,tau_limit
22524,20.0000,2.0000,0.0032,0.0032,-0.0073,-0.0220,2.0000,tau_limit
22529,20.0000,2.0000,0.0032,0.0032,-0.0073,-0.0220,2.0000,tau_limit
22534,20.0000,2.0000,0.0032,0.0032,-0.0073,-0.0220,2.0000,tau_limit
22539,20.0000,2.0000,0.0032,0.0032,-0.0073,-0.0171,2.0000,tau_limit
22544,20.0000,2.0000,0.0032,0.0032,-0.0073,-0.0220,2.0000,tau_limit
22549,20.0000,2.0000,0.0032,0.0032,-0.0073,-0.0220,2.0000,tau_limit
22554,20.0000,2.0000,0.0032,0.0032,-0.0073,-0.0171,2.0000,tau_limit
22559,20.0000,2.0000,0.0032,0.0032,-0.0073,-0.0220,2.0000,tau_limit
22565,20.0000,2.0000,0.0032,0.0032,-0.0073,-0.0171,2.0000,tau_limit
22570,20.0000,2.0000,0.0032,0.0032,-0.0073,-0.0220,2.0000,tau_limit
22575,20.0000,2.0000,0.0032,0.0032,-0.0073,-0.0171,2.0000,tau_limit
22580,20.0000,2.0000,0.0032,0.0032,-0.0073,-0.0220,2.0000,tau_limit
22585,20.0000,2.0000,0.0032,0.0032,-0.0073,-0.0220,2.0000,tau_limit
22590,20.0000,2.0000,0.0032,0.0032,-0.0073,-0.0220,2.0000,tau_limit
22595,20.0000,2.0000,0.0032,0.0032,-0.0073,-0.0220,2.0000,tau_limit
22600,20.0000,2.0000,0.0032,0.0032,-0.0073,-0.0220,2.0000,tau_limit
22605,20.0000,2.0000,0.0032,0.0032,-0.0073,-0.0171,2.0000,tau_limit
22610,20.0000,2.0000,0.0032,0.0032,-0.0073,-0.0220,2.0000,tau_limit
22615,20.0000,2.0000,0.0032,0.0032,-0.0073,-0.0171,2.0000,tau_limit
22620,20.0000,2.0000,0.0032,0.0032,-0.0073,-0.0220,2.0000,tau_limit
22625,20.0000,2.0000,0.0032,0.0032,-0.0073,-0.0220,2.0000,tau_limit
22630,20.0000,2.0000,0.0032,0.0032,-0.0073,-0.0220,2.0000,tau_limit
22635,20.0000,2.0000,0.0032,0.0032,-0.0073,-0.0171,2.0000,tau_limit
22640,20.0000,2.0000,0.0032,0.0032,-0.0073,-0.0220,2.0000,tau_limit
22645,20.0000,2.0000,0.0032,0.0032,-0.0073,-0.0220,2.0000,tau_limit
22650,20.0000,2.0000,0.0032,0.0032,-0.0073,-0.0220,2.0000,tau_limit
22656,20.0000,2.0000,0.0032,0.0032,-0.0073,-0.0220,2.0000,tau_limit
22661,20.0000,2.0000,0.0032,0.0032,-0.0073,-0.0220,2.0000,tau_limit
22666,20.0000,2.0000,0.0032,0.0032,-0.0073,-0.0220,2.0000,tau_limit
22671,20.0000,2.0000,0.0032,0.0032,-0.0073,-0.0220,2.0000,tau_limit
22676,20.0000,2.0000,0.0032,0.0032,-0.0073,-0.0220,2.0000,tau_limit
22681,20.0000,2.0000,0.0032,0.0032,-0.0073,-0.0220,2.0000,tau_limit
22686,20.0000,2.0000,0.0032,0.0032,-0.0073,-0.0220,2.0000,tau_limit
22691,20.0000,2.0000,0.0032,0.0032,-0.0073,-0.0220,2.0000,tau_limit
22696,20.0000,2.0000,0.0032,0.0032,-0.0073,-0.0171,2.0000,tau_limit
22701,20.0000,2.0000,0.0032,0.0032,-0.0073,-0.0220,2.0000,tau_limit
22706,20.0000,2.0000,0.0032,0.0032,-0.0073,-0.0220,2.0000,tau_limit
22711,20.0000,2.0000,0.0032,0.0032,-0.0073,-0.0220,2.0000,tau_limit
22716,20.0000,2.0000,0.0032,0.0032,-0.0073,-0.0220,2.0000,tau_limit
22721,20.0000,2.0000,0.0032,0.0032,-0.0073,-0.0220,2.0000,tau_limit
22726,20.0000,2.0000,0.0032,0.0032,-0.0073,-0.0220,2.0000,tau_limit
22731,20.0000,2.0000,0.0032,0.0032,-0.0073,-0.0220,2.0000,tau_limit
22736,20.0000,2.0000,0.0032,0.0032,-0.0073,-0.0220,2.0000,tau_limit
22742,20.0000,2.0000,0.0032,0.0032,-0.0073,-0.0220,2.0000,tau_limit
22747,20.0000,2.0000,0.0032,0.0032,-0.0073,-0.0220,2.0000,tau_limit
22752,20.0000,2.0000,0.0032,0.0032,-0.0073,-0.0220,2.0000,tau_limit
22757,20.0000,2.0000,0.0032,0.0032,-0.0073,-0.0171,2.0000,tau_limit
22762,20.0000,2.0000,0.0032,0.0032,-0.0073,-0.0171,2.0000,tau_limit
22767,20.0000,2.0000,0.0032,0.0032,-0.0073,-0.0171,2.0000,tau_limit
22772,20.0000,2.0000,0.0032,0.0032,-0.0073,-0.0171,2.0000,tau_limit
22777,20.0000,2.0000,0.0032,0.0032,-0.0073,-0.0171,2.0000,tau_limit
22782,20.0000,2.0000,0.0032,0.0032,-0.0073,-0.0220,2.0000,tau_limit
22787,20.0000,2.0000,0.0032,0.0032,-0.0073,-0.0220,2.0000,tau_limit
22792,20.0000,2.0000,0.0032,0.0032,-0.0073,-0.0220,2.0000,tau_limit
22797,20.0000,2.0000,0.0032,0.0032,-0.0073,-0.0220,2.0000,tau_limit
22802,20.0000,2.0000,0.0032,0.0032,-0.0073,-0.0220,2.0000,tau_limit
22807,20.0000,2.0000,0.0032,0.0032,-0.0073,-0.0220,2.0000,tau_limit
22812,20.0000,2.0000,0.0032,0.0032,-0.0073,-0.0220,2.0000,tau_limit
22817,20.0000,2.0000,0.0032,0.0032,-0.0073,-0.0220,2.0000,tau_limit
22822,20.0000,2.0000,0.0032,0.0032,-0.0073,-0.0220,2.0000,tau_limit
22828,20.0000,2.0000,0.0032,0.0032,-0.0073,-0.0220,2.0000,tau_limit
22833,20.0000,2.0000,0.0032,0.0032,-0.0073,-0.0171,2.0000,tau_limit
22838,20.0000,2.0000,0.0032,0.0032,-0.0073,-0.0220,2.0000,tau_limit
22843,20.0000,2.0000,0.0032,0.0032,-0.0073,-0.0220,2.0000,tau_limit
22848,20.0000,2.0000,0.0032,0.0032,-0.0073,-0.0220,2.0000,tau_limit
22853,20.0000,2.0000,0.0032,0.0032,-0.0073,-0.0220,2.0000,tau_limit
22858,20.0000,2.0000,0.0032,0.0032,-0.0073,-0.0220,2.0000,tau_limit
22863,20.0000,2.0000,0.0032,0.0032,-0.0073,-0.0220,2.0000,tau_limit
22868,20.0000,2.0000,0.0032,0.0032,-0.0073,-0.0171,2.0000,tau_limit
22873,20.0000,2.0000,0.0032,0.0032,-0.0073,-0.0220,2.0000,tau_limit
22878,20.0000,2.0000,0.0032,0.0032,-0.0073,-0.0220,2.0000,tau_limit
22883,20.0000,2.0000,0.0032,0.0032,-0.0073,-0.0220,2.0000,tau_limit
22888,20.0000,2.0000,0.0032,0.0032,-0.0073,-0.0220,2.0000,tau_limit
22893,20.0000,2.0000,0.0032,0.0032,-0.0073,-0.0220,2.0000,tau_limit
22898,20.0000,2.0000,0.0032,0.0032,-0.0073,-0.0220,2.0000,tau_limit
22903,20.0000,2.0000,0.0032,0.0032,-0.0073,-0.0220,2.0000,tau_limit
22908,20.0000,2.0000,0.0032,0.0032,-0.0073,-0.0220,2.0000,tau_limit
22913,20.0000,2.0000,0.0032,0.0032,-0.0073,-0.0220,2.0000,tau_limit
22919,20.0000,2.0000,0.0032,0.0032,-0.0073,-0.0171,2.0000,tau_limit
22924,20.0000,2.0000,0.0032,0.0032,-0.0073,-0.0220,2.0000,tau_limit
22929,20.0000,2.0000,0.0032,0.0032,-0.0073,-0.0220,2.0000,tau_limit
22934,20.0000,2.0000,0.0032,0.0032,-0.0073,-0.0220,2.0000,tau_limit
22939,20.0000,2.0000,0.0032,0.0032,-0.0073,-0.0220,2.0000,tau_limit
22944,20.0000,2.0000,0.0032,0.0032,-0.0073,-0.0220,2.0000,tau_limit
22949,20.0000,2.0000,0.0032,0.0032,-0.0073,-0.0171,2.0000,tau_limit
22954,20.0000,2.0000,0.0032,0.0032,-0.0073,-0.0220,2.0000,tau_limit
22959,20.0000,2.0000,0.0032,0.0032,-0.0073,-0.0171,2.0000,tau_limit
22964,20.0000,2.0000,0.0032,0.0032,-0.0073,-0.0171,2.0000,tau_limit
22969,20.0000,2.0000,0.0032,0.0032,-0.0073,-0.0220,2.0000,tau_limit
22974,20.0000,2.0000,0.0032,0.0032,-0.0073,-0.0171,2.0000,tau_limit
22979,20.0000,2.0000,0.0032,0.0032,-0.0073,-0.0220,2.0000,tau_limit
22984,20.0000,2.0000,0.0032,0.0032,-0.0073,-0.0220,2.0000,tau_limit
22989,20.0000,2.0000,0.0032,0.0032,-0.0073,-0.0220,2.0000,tau_limit
22994,20.0000,2.0000,0.0032,0.0032,-0.0073,-0.0220,2.0000,tau_limit
22999,20.0000,2.0000,0.0032,0.0032,-0.0073,-0.0220,2.0000,tau_limit
23004,20.0000,2.0000,0.0032,0.0032,-0.0073,-0.0220,2.0000,tau_limit
23010,20.0000,2.0000,0.0032,0.0032,-0.0073,-0.0220,2.0000,tau_limit
23015,20.0000,2.0000,0.0032,0.0032,-0.0073,-0.0171,2.0000,tau_limit
23020,20.0000,2.0000,0.0032,0.0032,-0.0073,-0.0220,2.0000,tau_limit
23025,20.0000,2.0000,0.0032,0.0032,-0.0073,-0.0220,2.0000,tau_limit
23030,20.0000,2.0000,0.0032,0.0032,-0.0073,-0.0220,2.0000,tau_limit
23035,20.0000,2.0000,0.0032,0.0032,-0.0073,-0.0171,2.0000,tau_limit
23040,20.0000,2.0000,0.0032,0.0032,-0.0073,-0.0220,2.0000,tau_limit
23045,20.0000,2.0000,0.0032,0.0032,-0.0073,-0.0220,2.0000,tau_limit
23050,20.0000,2.0000,0.0032,0.0032,-0.0073,-0.0220,2.0000,tau_limit
23055,20.0000,2.0000,0.0032,0.0032,-0.0073,-0.0171,2.0000,tau_limit
23060,20.0000,2.0000,0.0032,0.0032,-0.0073,-0.0171,2.0000,tau_limit
23065,20.0000,2.0000,0.0032,0.0032,-0.0073,-0.0220,2.0000,tau_limit
23070,20.0000,2.0000,0.0032,0.0032,-0.0073,-0.0220,2.0000,tau_limit
23075,20.0000,2.0000,0.0032,0.0032,-0.0073,-0.0220,2.0000,tau_limit
23080,20.0000,2.0000,0.0032,0.0032,-0.0073,-0.0171,2.0000,tau_limit
23085,20.0000,2.0000,0.0032,0.0029,-0.0073,-0.0171,2.0000,tau_limit
23090,20.0000,2.0000,0.0032,0.0029,-0.0073,-0.0171,2.0000,tau_limit
23095,20.0000,2.0000,0.0032,0.0029,-0.0073,-0.0171,2.0000,tau_limit
23101,20.0000,2.0000,0.0032,0.0029,-0.0073,-0.0171,2.0000,tau_limit
23106,20.0000,2.0000,0.0032,0.0029,-0.0073,-0.0171,2.0000,tau_limit
23111,20.0000,2.0000,0.0032,0.0029,-0.0073,-0.0171,2.0000,tau_limit
23116,20.0000,2.0000,0.0032,0.0029,-0.0073,-0.0220,2.0000,tau_limit
23121,20.0000,2.0000,0.0032,0.0029,-0.0073,-0.0171,2.0000,tau_limit
23126,20.0000,2.0000,0.0032,0.0029,-0.0073,-0.0171,2.0000,tau_limit
23131,20.0000,2.0000,0.0032,0.0029,-0.0073,-0.0171,2.0000,tau_limit
23136,20.0000,2.0000,0.0032,0.0029,-0.0073,-0.0171,2.0000,tau_limit
23141,20.0000,2.0000,0.0032,0.0029,-0.0073,-0.0171,2.0000,tau_limit
23146,20.0000,2.0000,0.0032,0.0029,-0.0073,-0.0171,2.0000,tau_limit
23151,20.0000,2.0000,0.0032,0.0029,-0.0073,-0.0171,2.0000,tau_limit
23156,20.0000,2.0000,0.0032,0.0029,-0.0073,-0.0122,2.0000,tau_limit
23161,20.0000,2.0000,0.0032,0.0029,-0.0073,-0.0171,2.0000,tau_limit
23166,20.0000,2.0000,0.0032,0.0029,-0.0073,-0.0171,2.0000,tau_limit
23171,20.0000,2.0000,0.0032,0.0029,-0.0073,-0.0171,2.0000,tau_limit
23176,20.0000,2.0000,0.0032,0.0029,-0.0073,-0.0171,2.0000,tau_limit
23181,20.0000,2.0000,0.0032,0.0029,-0.0073,-0.0122,2.0000,tau_limit
23187,20.0000,2.0000,0.0032,0.0029,-0.0073,-0.0171,2.0000,tau_limit
23192,20.0000,2.0000,0.0032,0.0029,-0.0073,-0.0171,2.0000,tau_limit
23197,20.0000,2.0000,0.0032,0.0029,-0.0073,-0.0171,2.0000,tau_limit
23202,20.0000,2.0000,0.0032,0.0029,-0.0073,-0.0171,2.0000,tau_limit
23207,20.0000,2.0000,0.0032,0.0029,-0.0073,-0.0122,2.0000,tau_limit
23212,20.0000,2.0000,0.0032,0.0029,-0.0073,-0.0122,2.0000,tau_limit
23217,20.0000,2.0000,0.0032,0.0029,-0.0073,-0.0171,2.0000,tau_limit
23222,20.0000,2.0000,0.0032,0.0029,-0.0073,-0.0122,2.0000,tau_limit
23227,20.0000,2.0000,0.0032,0.0029,-0.0073,-0.0122,2.0000,tau_limit
23232,20.0000,2.0000,0.0032,0.0029,-0.0073,-0.0122,2.0000,tau_limit
23237,20.0000,2.0000,0.0032,0.0029,-0.0073,-0.0171,2.0000,tau_limit
23242,20.0000,2.0000,0.0032,0.0029,-0.0073,-0.0171,2.0000,tau_limit
23247,20.0000,2.0000,0.0032,0.0029,-0.0073,-0.0171,2.0000,tau_limit
23252,20.0000,2.0000,0.0032,0.0029,-0.0073,-0.0171,2.0000,tau_limit
23257,20.0000,2.0000,0.0032,0.0029,-0.0073,-0.0122,2.0000,tau_limit
23262,20.0000,2.0000,0.0032,0.0029,-0.0073,-0.0171,2.0000,tau_limit
23267,20.0000,2.0000,0.0032,0.0029,-0.0073,-0.0122,2.0000,tau_limit
23272,20.0000,2.0000,0.0032,0.0029,-0.0073,-0.0171,2.0000,tau_limit
23278,20.0000,2.0000,0.0032,0.0029,-0.0073,-0.0171,2.0000,tau_limit
23283,20.0000,2.0000,0.0032,0.0029,-0.0073,-0.0171,2.0000,tau_limit
23288,20.0000,2.0000,0.0032,0.0029,-0.0073,-0.0171,2.0000,tau_limit
23293,20.0000,2.0000,0.0032,0.0029,-0.0073,-0.0171,2.0000,tau_limit
23298,20.0000,2.0000,0.0032,0.0029,-0.0073,-0.0171,2.0000,tau_limit
23303,20.0000,2.0000,0.0032,0.0029,-0.0073,-0.0171,2.0000,tau_limit
23308,20.0000,2.0000,0.0032,0.0029,-0.0073,-0.0122,2.0000,tau_limit
23313,20.0000,2.0000,0.0032,0.0029,-0.0073,-0.0171,2.0000,tau_limit
23318,20.0000,2.0000,0.0032,0.0029,-0.0073,-0.0171,2.0000,tau_limit
23323,20.0000,2.0000,0.0032,0.0029,-0.0073,-0.0171,2.0000,tau_limit
23328,20.0000,2.0000,0.0032,0.0029,-0.0073,-0.0122,2.0000,tau_limit
23333,20.0000,2.0000,0.0032,0.0029,-0.0073,-0.0122,2.0000,tau_limit
23338,20.0000,2.0000,0.0032,0.0029,-0.0073,-0.0122,2.0000,tau_limit
23343,20.0000,2.0000,0.0032,0.0029,-0.0073,-0.0122,2.0000,tau_limit
23348,20.0000,2.0000,0.0032,0.0029,-0.0073,-0.0122,2.0000,tau_limit
23353,20.0000,2.0000,0.0032,0.0029,-0.0073,-0.0122,2.0000,tau_limit
23358,20.0000,2.0000,0.0032,0.0029,-0.0073,-0.0171,2.0000,tau_limit
23364,20.0000,2.0000,0.0032,0.0029,-0.0073,-0.0122,2.0000,tau_limit
23369,20.0000,2.0000,0.0032,0.0029,-0.0073,-0.0122,2.0000,tau_limit
23374,20.0000,2.0000,0.0032,0.0029,-0.0073,-0.0122,2.0000,tau_limit
23379,20.0000,2.0000,0.0032,0.0029,-0.0073,-0.0122,2.0000,tau_limit
23384,20.0000,2.0000,0.0032,0.0029,-0.0073,-0.0122,2.0000,tau_limit
23389,20.0000,2.0000,0.0032,0.0029,-0.0073,-0.0122,2.0000,tau_limit
23394,20.0000,2.0000,0.0032,0.0029,-0.0073,-0.0122,2.0000,tau_limit
23399,20.0000,2.0000,0.0032,0.0029,-0.0073,-0.0122,2.0000,tau_limit
23404,20.0000,2.0000,0.0032,0.0029,-0.0073,-0.0171,2.0000,tau_limit
23409,20.0000,2.0000,0.0032,0.0029,-0.0073,-0.0171,2.0000,tau_limit
23414,20.0000,2.0000,0.0032,0.0029,-0.0073,-0.0171,2.0000,tau_limit
23419,20.0000,2.0000,0.0032,0.0029,-0.0073,-0.0171,2.0000,tau_limit
23424,20.0000,2.0000,0.0032,0.0029,-0.0073,-0.0122,2.0000,tau_limit
23429,20.0000,2.0000,0.0032,0.0029,-0.0073,-0.0171,2.0000,tau_limit
23434,20.0000,2.0000,0.0032,0.0029,-0.0073,-0.0122,2.0000,tau_limit
23439,20.0000,2.0000,0.0032,0.0029,-0.0073,-0.0122,2.0000,tau_limit
23444,20.0000,2.0000,0.0032,0.0029,-0.0073,-0.0073,2.0000,tau_limit
23449,20.0000,2.0000,0.0032,0.0029,-0.0073,-0.0122,2.0000,tau_limit
23455,20.0000,2.0000,0.0032,0.0029,-0.0073,-0.0171,2.0000,tau_limit
23460,20.0000,2.0000,0.0032,0.0029,-0.0073,-0.0171,2.0000,tau_limit
23465,20.0000,2.0000,0.0032,0.0029,-0.0073,-0.0171,2.0000,tau_limit
23470,20.0000,2.0000,0.0032,0.0029,-0.0073,-0.0171,2.0000,tau_limit
23475,20.0000,2.0000,0.0032,0.0029,-0.0073,-0.0171,2.0000,tau_limit
23480,20.0000,2.0000,0.0032,0.0029,-0.0073,-0.0122,2.0000,tau_limit
23485,20.0000,2.0000,0.0032,0.0029,-0.0073,-0.0171,2.0000,tau_limit
23490,20.0000,2.0000,0.0032,0.0029,-0.0073,-0.0122,2.0000,tau_limit
23495,20.0000,2.0000,0.0032,0.0029,-0.0073,-0.0122,2.0000,tau_limit
23500,20.0000,2.0000,0.0032,0.0029,-0.0073,-0.0122,2.0000,tau_limit
23505,20.0000,2.0000,0.0032,0.0029,-0.0073,-0.0122,2.0000,tau_limit
23510,20.0000,2.0000,0.0032,0.0029,-0.0073,-0.0122,2.0000,tau_limit
23515,20.0000,2.0000,0.0032,0.0029,-0.0073,-0.0171,2.0000,tau_limit
23520,20.0000,2.0000,0.0032,0.0029,-0.0073,-0.0171,2.0000,tau_limit
23525,20.0000,2.0000,0.0032,0.0029,-0.0073,-0.0122,2.0000,tau_limit
23530,20.0000,2.0000,0.0032,0.0029,-0.0073,-0.0122,2.0000,tau_limit
23535,20.0000,2.0000,0.0032,0.0029,-0.0073,-0.0122,2.0000,tau_limit
23540,20.0000,2.0000,0.0032,0.0029,-0.0073,-0.0122,2.0000,tau_limit
23546,20.0000,2.0000,0.0032,0.0029,-0.0073,-0.0122,2.0000,tau_limit
23551,20.0000,2.0000,0.0032,0.0029,-0.0073,-0.0122,2.0000,tau_limit
23556,20.0000,2.0000,0.0032,0.0029,-0.0073,-0.0122,2.0000,tau_limit
23561,20.0000,2.0000,0.0032,0.0029,-0.0073,-0.0122,2.0000,tau_limit
23566,20.0000,2.0000,0.0032,0.0029,-0.0073,-0.0122,2.0000,tau_limit
23571,20.0000,2.0000,0.0032,0.0029,-0.0073,-0.0122,2.0000,tau_limit
23576,20.0000,2.0000,0.0032,0.0029,-0.0073,-0.0122,2.0000,tau_limit
23581,20.0000,2.0000,0.0032,0.0029,-0.0073,-0.0073,2.0000,tau_limit
23586,20.0000,2.0000,0.0032,0.0029,-0.0073,-0.0073,2.0000,tau_limit
23591,20.0000,2.0000,0.0032,0.0029,-0.0073,-0.0122,2.0000,tau_limit
23596,20.0000,2.0000,0.0032,0.0029,-0.0073,-0.0073,2.0000,tau_limit
23601,20.0000,2.0000,0.0032,0.0029,-0.0073,-0.0122,2.0000,tau_limit
23606,20.0000,2.0000,0.0032,0.0029,-0.0073,-0.0073,2.0000,tau_limit
23611,20.0000,2.0000,0.0032,0.0029,-0.0073,-0.0073,2.0000,tau_limit
23616,20.0000,2.0000,0.0032,0.0029,-0.0073,-0.0073,2.0000,tau_limit
23621,20.0000,2.0000,0.0032,0.0025,-0.0073,-0.0073,2.0000,tau_limit
23626,20.0000,2.0000,0.0032,0.0025,-0.0073,-0.0122,2.0000,tau_limit
23631,20.0000,2.0000,0.0032,0.0025,-0.0073,-0.0122,2.0000,tau_limit
23637,20.0000,2.0000,0.0032,0.0025,-0.0073,-0.0073,2.0000,tau_limit
23642,20.0000,2.0000,0.0032,0.0025,-0.0073,-0.0073,2.0000,tau_limit
23647,20.0000,2.0000,0.0032,0.0025,-0.0073,-0.0122,2.0000,tau_limit
23652,20.0000,2.0000,0.0032,0.0025,-0.0073,-0.0073,2.0000,tau_limit
23657,20.0000,2.0000,0.0032,0.0025,-0.0073,-0.0122,2.0000,tau_limit
23662,20.0000,2.0000,0.0032,0.0025,-0.0073,-0.0073,2.0000,tau_limit
23667,20.0000,2.0000,0.0032,0.0025,-0.0073,-0.0073,2.0000,tau_limit
23672,20.0000,2.0000,0.0032,0.0025,-0.0073,-0.0073,2.0000,tau_limit
23677,20.0000,2.0000,0.0032,0.0025,-0.0073,-0.0073,2.0000,tau_limit
23682,20.0000,2.0000,0.0032,0.0025,-0.0073,-0.0073,2.0000,tau_limit
23687,20.0000,2.0000,0.0032,0.0025,-0.0073,-0.0073,2.0000,tau_limit
23692,20.0000,2.0000,0.0032,0.0025,-0.0073,-0.0073,2.0000,tau_limit
23697,20.0000,2.0000,0.0032,0.0025,-0.0073,-0.0073,2.0000,tau_limit
23702,20.0000,2.0000,0.0032,0.0025,-0.0073,-0.0024,2.0000,tau_limit
23707,20.0000,2.0000,0.0032,0.0025,-0.0073,-0.0024,2.0000,tau_limit
23712,20.0000,2.0000,0.0032,0.0025,-0.0073,-0.0073,2.0000,tau_limit
23717,20.0000,2.0000,0.0032,0.0025,-0.0073,-0.0073,2.0000,tau_limit
23723,20.0000,2.0000,0.0032,0.0025,-0.0073,-0.0073,2.0000,tau_limit
23728,20.0000,2.0000,0.0032,0.0025,-0.0073,-0.0073,2.0000,tau_limit
23733,20.0000,2.0000,0.0032,0.0025,-0.0073,-0.0073,2.0000,tau_limit
23738,20.0000,2.0000,0.0032,0.0025,-0.0073,-0.0024,2.0000,tau_limit
23743,20.0000,2.0000,0.0032,0.0025,-0.0073,-0.0073,2.0000,tau_limit
23748,20.0000,2.0000,0.0032,0.0025,-0.0220,-0.0024,2.0000,tau_limit
23753,20.0000,2.0000,0.0032,0.0025,-0.0073,-0.0024,2.0000,tau_limit
23758,20.0000,2.0000,0.0032,0.0025,-0.0073,-0.0073,2.0000,tau_limit
23763,20.0000,2.0000,0.0032,0.0025,-0.0073,-0.0073,2.0000,tau_limit
23768,20.0000,2.0000,0.0032,0.0025,-0.0220,-0.0024,2.0000,tau_limit
23773,20.0000,2.0000,0.0032,0.0025,-0.0073,-0.0024,2.0000,tau_limit
23778,20.0000,2.0000,0.0032,0.0025,-0.0073,0.0024,2.0000,tau_limit
23783,20.0000,2.0000,0.0032,0.0025,-0.0073,0.0024,2.0000,tau_limit
23788,20.0000,2.0000,0.0032,0.0025,-0.0073,0.0024,2.0000,tau_limit
23793,20.0000,2.0000,0.0032,0.0021,-0.0073,0.0073,2.0000,tau_limit
23798,20.0000,2.0000,0.0032,0.0021,-0.0220,0.0024,2.0000,tau_limit
23803,20.0000,2.0000,0.0032,0.0021,-0.0073,0.0024,2.0000,tau_limit
23808,20.0000,2.0000,0.0032,0.0021,-0.0220,0.0024,2.0000,tau_limit
23814,20.0000,2.0000,0.0032,0.0021,-0.0073,0.0024,2.0000,tau_limit
23819,20.0000,2.0000,0.0032,0.0021,-0.0073,0.0024,2.0000,tau_limit
23824,20.0000,2.0000,0.0032,0.0021,-0.0220,0.0024,2.0000,tau_limit
23829,20.0000,2.0000,0.0032,0.0021,-0.0073,0.0073,2.0000,tau_limit
23834,20.0000,2.0000,0.0032,0.0021,-0.0073,0.0122,2.0000,tau_limit
23839,20.0000,2.0000,0.0032,0.0021,-0.0073,0.0073,2.0000,tau_limit
23844,20.0000,2.0000,0.0032,0.0021,-0.0220,0.0122,2.0000,tau_limit
23849,20.0000,2.0000,0.0032,0.0017,-0.0073,0.0122,2.0000,tau_limit
23854,20.0000,2.0000,0.0032,0.0017,-0.0073,0.0171,2.0000,tau_limit
23859,20.0000,2.0000,0.0032,0.0017,-0.0220,0.0171,2.0000,tau_limit
23864,20.0000,2.0000,0.0032,0.0017,-0.0073,0.0171,2.0000,tau_limit
23869,20.0000,2.0000,0.0032,0.0017,-0.0073,0.0171,2.0000,tau_limit
23874,20.0000,2.0000,0.0032,0.0017,-0.0220,0.0171,2.0000,tau_limit
23879,20.0000,2.0000,0.0032,0.0017,-0.0073,0.0220,2.0000,tau_limit
23884,20.0000,2.0000,0.0032,0.0017,-0.0366,0.0269,2.0000,tau_limit
23889,20.0000,2.0000,0.0032,0.0013,-0.0220,0.0415,2.0000,tau_limit
23894,20.0000,2.0000,0.0032,0.0013,-0.0366,0.0513,2.0000,tau_limit
23900,20.0000,2.0000,0.0032,0.0010,-0.0659,0.0708,2.0000,tau_limit
23905,20.0000,2.0000,0.0032,0.0002,-0.0806,0.1050,2.0000,tau_limit
23910,20.0000,2.0000,0.0032,-0.0002,-0.0806,0.1294,2.0000,tau_limit
23915,20.0000,2.0000,0.0032,-0.0002,-0.0220,0.1294,2.0000,tau_limit
23920,20.0000,2.0000,0.0032,-0.0006,-0.0220,0.1148,2.0000,tau_limit
23925,20.0000,2.0000,0.0032,-0.0006,-0.0366,0.1099,2.0000,tau_limit
23930,20.0000,2.0000,0.0032,-0.0006,-0.0220,0.1050,2.0000,tau_limit
23935,20.0000,2.0000,0.0032,-0.0006,-0.0220,0.0952,2.0000,tau_limit
23940,20.0000,2.0000,0.0032,-0.0006,-0.0220,0.0904,2.0000,tau_limit
23945,20.0000,2.0000,0.0032,-0.0006,-0.0073,0.0855,2.0000,tau_limit
23950,20.0000,2.0000,0.0032,-0.0006,-0.0220,0.0757,2.0000,tau_limit
23955,20.0000,2.0000,0.0032,-0.0006,-0.0220,0.0757,2.0000,tau_limit
23960,20.0000,2.0000,0.0032,-0.0006,-0.0073,0.0757,2.0000,tau_limit
23965,20.0000,2.0000,0.0032,-0.0006,-0.0073,0.0708,2.0000,tau_limit
23970,20.0000,2.0000,0.0032,-0.0006,-0.0220,0.0708,2.0000,tau_limit
23975,20.0000,2.0000,0.0032,-0.0006,-0.0073,0.0708,2.0000,tau_limit
23980,20.0000,2.0000,0.0032,-0.0010,-0.0220,0.0708,2.0000,tau_limit
23985,20.0000,2.0000,0.0032,-0.0010,-0.0073,0.0659,2.0000,tau_limit
23991,20.0000,2.0000,0.0032,-0.0010,-0.0073,0.0659,2.0000,tau_limit
23996,20.0000,2.0000,0.0032,-0.0010,-0.0073,0.0659,2.0000,tau_limit
24001,20.0000,2.0000,0.0032,-0.0010,-0.0073,0.0659,2.0000,tau_limit
24006,20.0000,2.0000,0.0032,-0.0010,-0.0073,0.0659,2.0000,tau_limit
24011,20.0000,2.0000,0.0032,-0.0010,-0.0073,0.0659,2.0000,tau_limit
24016,20.0000,2.0000,0.0032,-0.0010,-0.0073,0.0659,2.0000,tau_limit
24021,20.0000,2.0000,0.0032,-0.0010,-0.0073,0.0611,2.0000,tau_limit
24026,20.0000,2.0000,0.0032,-0.0010,-0.0073,0.0659,2.0000,tau_limit
24031,20.0000,2.0000,0.0032,-0.0010,-0.0073,0.0659,2.0000,tau_limit
24036,20.0000,2.0000,0.0032,-0.0010,-0.0073,0.0611,2.0000,tau_limit
24041,20.0000,2.0000,0.0032,-0.0010,-0.0073,0.0611,2.0000,tau_limit
24046,20.0000,2.0000,0.0032,-0.0010,-0.0073,0.0659,2.0000,tau_limit
24051,20.0000,2.0000,0.0032,-0.0010,-0.0073,0.0611,2.0000,tau_limit
24056,20.0000,2.0000,0.0032,-0.0010,-0.0073,0.0611,2.0000,tau_limit
24061,20.0000,2.0000,0.0032,-0.0010,-0.0073,0.0562,2.0000,tau_limit
24066,20.0000,2.0000,0.0032,-0.0010,-0.0073,0.0611,2.0000,tau_limit
24071,20.0000,2.0000,0.0032,-0.0010,-0.0073,0.0611,2.0000,tau_limit
24076,20.0000,2.0000,0.0032,-0.0010,-0.0073,0.0611,2.0000,tau_limit
24082,20.0000,2.0000,0.0032,-0.0010,-0.0073,0.0611,2.0000,tau_limit
24087,20.0000,2.0000,0.0032,-0.0010,-0.0073,0.0611,2.0000,tau_limit
24092,20.0000,2.0000,0.0032,-0.0010,-0.0073,0.0611,2.0000,tau_limit
24097,20.0000,2.0000,0.0032,-0.0010,-0.0073,0.0611,2.0000,tau_limit
24102,20.0000,2.0000,0.0032,-0.0010,-0.0073,0.0611,2.0000,tau_limit
24107,20.0000,2.0000,0.0032,-0.0010,-0.0073,0.0611,2.0000,tau_limit
24112,20.0000,2.0000,0.0032,-0.0010,-0.0073,0.0611,2.0000,tau_limit
24117,20.0000,2.0000,0.0032,-0.0010,-0.0073,0.0611,2.0000,tau_limit
24122,20.0000,2.0000,0.0032,-0.0010,-0.0073,0.0611,2.0000,tau_limit
24127,20.0000,2.0000,0.0032,-0.0010,-0.0073,0.0562,2.0000,tau_limit
24132,20.0000,2.0000,0.0032,-0.0010,-0.0073,0.0562,2.0000,tau_limit
24137,20.0000,2.0000,0.0032,-0.0010,-0.0073,0.0562,2.0000,tau_limit
24142,20.0000,2.0000,0.0032,-0.0010,-0.0073,0.0562,2.0000,tau_limit
24147,20.0000,2.0000,0.0032,-0.0010,-0.0073,0.0562,2.0000,tau_limit
24152,20.0000,2.0000,0.0032,-0.0010,-0.0073,0.0513,2.0000,tau_limit
24157,20.0000,2.0000,0.0032,-0.0010,-0.0073,0.0513,2.0000,tau_limit
24162,20.0000,2.0000,0.0032,-0.0010,-0.0073,0.0513,2.0000,tau_limit
24167,20.0000,2.0000,0.0032,-0.0006,-0.0073,0.0513,2.0000,tau_limit
24173,20.0000,2.0000,0.0032,-0.0006,-0.0073,0.0464,2.0000,tau_limit
24178,20.0000,2.0000,0.0032,-0.0006,-0.0073,0.0464,2.0000,tau_limit
24183,20.0000,2.0000,0.0032,-0.0006,-0.0073,0.0513,2.0000,tau_limit
24188,20.0000,2.0000,0.0032,-0.0006,-0.0073,0.0513,2.0000,tau_limit
24193,20.0000,2.0000,0.0032,-0.0006,-0.0073,0.0513,2.0000,tau_limit
24198,20.0000,2.0000,0.0032,-0.0006,-0.0073,0.0513,2.0000,tau_limit
24203,20.0000,2.0000,0.0032,-0.0006,-0.0073,0.0513,2.0000,tau_limit
24208,20.0000,2.0000,0.0032,-0.0006,-0.0073,0.0513,2.0000,tau_limit
24213,20.0000,2.0000,0.0032,-0.0006,-0.0073,0.0513,2.0000,tau_limit
24218,20.0000,2.0000,0.0032,-0.0006,-0.0073,0.0513,2.0000,tau_limit
24223,20.0000,2.0000,0.0032,-0.0006,-0.0073,0.0513,2.0000,tau_limit
24228,20.0000,2.0000,0.0032,-0.0006,-0.0073,0.0464,2.0000,tau_limit
24233,20.0000,2.0000,0.0032,-0.0006,-0.0073,0.0464,2.0000,tau_limit
24238,20.0000,2.0000,0.0032,-0.0006,-0.0073,0.0464,2.0000,tau_limit
24243,20.0000,2.0000,0.0032,-0.0006,-0.0073,0.0464,2.0000,tau_limit
24248,20.0000,2.0000,0.0032,-0.0006,-0.0073,0.0513,2.0000,tau_limit
24253,20.0000,2.0000,0.0032,-0.0006,-0.0073,0.0513,2.0000,tau_limit
24258,20.0000,2.0000,0.0032,-0.0006,-0.0073,0.0464,2.0000,tau_limit
24264,20.0000,2.0000,0.0032,-0.0006,-0.0073,0.0464,2.0000,tau_limit
24269,20.0000,2.0000,0.0032,-0.0006,-0.0073,0.0464,2.0000,tau_limit
24274,20.0000,2.0000,0.0032,-0.0006,-0.0073,0.0513,2.0000,tau_limit
24279,20.0000,2.0000,0.0032,-0.0006,-0.0073,0.0513,2.0000,tau_limit
24284,20.0000,2.0000,0.0032,-0.0006,-0.0073,0.0513,2.0000,tau_limit
24289,20.0000,2.0000,0.0032,-0.0006,-0.0073,0.0513,2.0000,tau_limit
24294,20.0000,2.0000,0.0032,-0.0006,-0.0073,0.0513,2.0000,tau_limit
24299,20.0000,2.0000,0.0032,-0.0006,-0.0073,0.0513,2.0000,tau_limit
24304,20.0000,2.0000,0.0032,-0.0006,-0.0073,0.0513,2.0000,tau_limit
24309,20.0000,2.0000,0.0032,-0.0006,-0.0073,0.0513,2.0000,tau_limit
24314,20.0000,2.0000,0.0032,-0.0006,-0.0073,0.0513,2.0000,tau_limit
24319,20.0000,2.0000,0.0032,-0.0006,-0.0073,0.0513,2.0000,tau_limit
24324,20.0000,2.0000,0.0032,-0.0006,-0.0073,0.0513,2.0000,tau_limit
24329,20.0000,2.0000,0.0032,-0.0006,-0.0073,0.0513,2.0000,tau_limit
24334,20.0000,2.0000,0.0032,-0.0006,-0.0073,0.0513,2.0000,tau_limit
24339,20.0000,2.0000,0.0032,-0.0006,-0.0073,0.0513,2.0000,tau_limit
24344,20.0000,2.0000,0.0032,-0.0006,-0.0073,0.0513,2.0000,tau_limit
24350,20.0000,2.0000,0.0032,-0.0006,-0.0073,0.0513,2.0000,tau_limit
24355,20.0000,2.0000,0.0032,-0.0006,-0.0073,0.0513,2.0000,tau_limit
24360,20.0000,2.0000,0.0032,-0.0006,-0.0073,0.0513,2.0000,tau_limit
24365,20.0000,2.0000,0.0032,-0.0006,-0.0073,0.0464,2.0000,tau_limit
24370,20.0000,2.0000,0.0032,-0.0006,-0.0073,0.0513,2.0000,tau_limit
24375,20.0000,2.0000,0.0032,-0.0006,-0.0073,0.0513,2.0000,tau_limit
24380,20.0000,2.0000,0.0032,-0.0006,-0.0073,0.0513,2.0000,tau_limit
24385,20.0000,2.0000,0.0032,-0.0006,-0.0073,0.0513,2.0000,tau_limit
24390,20.0000,2.0000,0.0032,-0.0006,-0.0073,0.0513,2.0000,tau_limit
24395,20.0000,2.0000,0.0032,-0.0006,-0.0073,0.0562,2.0000,tau_limit
24400,20.0000,2.0000,0.0032,-0.0006,-0.0073,0.0513,2.0000,tau_limit
24405,20.0000,2.0000,0.0032,-0.0006,-0.0073,0.0513,2.0000,tau_limit
24410,20.0000,2.0000,0.0032,-0.0006,-0.0073,0.0513,2.0000,tau_limit
24415,20.0000,2.0000,0.0032,-0.0006,-0.0073,0.0513,2.0000,tau_limit
24420,20.0000,2.0000,0.0032,-0.0006,-0.0073,0.0513,2.0000,tau_limit
24425,20.0000,2.0000,0.0032,-0.0006,-0.0073,0.0513,2.0000,tau_limit
24430,20.0000,2.0000,0.0032,-0.0006,-0.0073,0.0513,2.0000,tau_limit
24435,20.0000,2.0000,0.0032,-0.0006,-0.0073,0.0513,2.0000,tau_limit
24441,20.0000,2.0000,0.0032,-0.0006,-0.0073,0.0513,2.0000,tau_limit
24446,20.0000,2.0000,0.0032,-0.0006,-0.0073,0.0513,2.0000,tau_limit
24451,20.0000,2.0000,0.0032,-0.0006,-0.0073,0.0513,2.0000,tau_limit
24456,20.0000,2.0000,0.0032,-0.0006,-0.0073,0.0513,2.0000,tau_limit
24461,20.0000,2.0000,0.0032,-0.0006,-0.0073,0.0513,2.0000,tau_limit
24466,20.0000,2.0000,0.0032,-0.0006,-0.0073,0.0513,2.0000,tau_limit
24471,20.0000,2.0000,0.0032,-0.0006,-0.0073,0.0513,2.0000,tau_limit
24476,20.0000,2.0000,0.0032,-0.0006,-0.0073,0.0513,2.0000,tau_limit
24481,20.0000,2.0000,0.0032,-0.0006,-0.0073,0.0513,2.0000,tau_limit
24486,20.0000,2.0000,0.0032,-0.0006,-0.0073,0.0513,2.0000,tau_limit
24491,20.0000,2.0000,0.0032,-0.0006,-0.0073,0.0513,2.0000,tau_limit
24496,20.0000,2.0000,0.0032,-0.0006,-0.0073,0.0513,2.0000,tau_limit
24501,20.0000,2.0000,0.0032,-0.0006,-0.0073,0.0513,2.0000,tau_limit
24506,20.0000,2.0000,0.0032,-0.0006,-0.0073,0.0562,2.0000,tau_limit
24511,20.0000,2.0000,0.0032,-0.0006,-0.0073,0.0513,2.0000,tau_limit
24516,20.0000,2.0000,0.0032,-0.0006,-0.0073,0.0513,2.0000,tau_limit
24521,20.0000,2.0000,0.0032,-0.0006,-0.0073,0.0513,2.0000,tau_limit
24526,20.0000,2.0000,0.0032,-0.0006,-0.0073,0.0513,2.0000,tau_limit
24532,20.0000,2.0000,0.0032,-0.0006,-0.0073,0.0513,2.0000,tau_limit
24537,20.0000,2.0000,0.0032,-0.0006,-0.0073,0.0513,2.0000,tau_limit
24542,20.0000,2.0000,0.0032,-0.0006,-0.0073,0.0513,2.0000,tau_limit
24547,20.0000,2.0000,0.0032,-0.0006,-0.0073,0.0513,2.0000,tau_limit
24552,20.0000,2.0000,0.0032,-0.0006,-0.0073,0.0513,2.0000,tau_limit
24557,20.0000,2.0000,0.0032,-0.0006,-0.0073,0.0513,2.0000,tau_limit
24562,20.0000,2.0000,0.0032,-0.0006,-0.0073,0.0513,2.0000,tau_limit
24567,20.0000,2.0000,0.0032,-0.0006,-0.0073,0.0513,2.0000,tau_limit
24572,20.0000,2.0000,0.0032,-0.0006,-0.0073,0.0513,2.0000,tau_limit
24577,20.0000,2.0000,0.0032,-0.0006,-0.0073,0.0513,2.0000,tau_limit
24582,20.0000,2.0000,0.0032,-0.0006,-0.0073,0.0513,2.0000,tau_limit
24587,20.0000,2.0000,0.0032,-0.0006,-0.0073,0.0513,2.0000,tau_limit
24592,20.0000,2.0000,0.0032,-0.0006,-0.0073,0.0513,2.0000,tau_limit
24597,20.0000,2.0000,0.0032,-0.0006,-0.0073,0.0513,2.0000,tau_limit
24602,20.0000,2.0000,0.0032,-0.0006,-0.0073,0.0513,2.0000,tau_limit
24607,20.0000,2.0000,0.0032,-0.0006,-0.0073,0.0513,2.0000,tau_limit
24612,20.0000,2.0000,0.0032,-0.0006,-0.0073,0.0513,2.0000,tau_limit
24618,20.0000,2.0000,0.0032,-0.0006,-0.0073,0.0513,2.0000,tau_limit
24623,20.0000,2.0000,0.0032,-0.0006,-0.0073,0.0513,2.0000,tau_limit
24628,20.0000,2.0000,0.0032,-0.0006,-0.0073,0.0513,2.0000,tau_limit
24633,20.0000,2.0000,0.0032,-0.0006,-0.0073,0.0513,2.0000,tau_limit
24638,20.0000,2.0000,0.0032,-0.0006,-0.0073,0.0513,2.0000,tau_limit
24643,20.0000,2.0000,0.0032,-0.0006,-0.0073,0.0513,2.0000,tau_limit
24648,20.0000,2.0000,0.0032,-0.0006,-0.0073,0.0513,2.0000,tau_limit
24653,20.0000,2.0000,0.0032,-0.0006,-0.0073,0.0513,2.0000,tau_limit
24658,20.0000,2.0000,0.0032,-0.0006,-0.0073,0.0513,2.0000,tau_limit
24663,20.0000,2.0000,0.0032,-0.0006,-0.0073,0.0513,2.0000,tau_limit
24668,20.0000,2.0000,0.0032,-0.0006,-0.0073,0.0513,2.0000,tau_limit
24673,20.0000,2.0000,0.0032,-0.0006,-0.0073,0.0513,2.0000,tau_limit
24678,20.0000,2.0000,0.0032,-0.0006,-0.0073,0.0513,2.0000,tau_limit
24683,20.0000,2.0000,0.0032,-0.0006,-0.0073,0.0513,2.0000,tau_limit
24688,20.0000,2.0000,0.0032,-0.0006,-0.0073,0.0513,2.0000,tau_limit
24693,20.0000,2.0000,0.0032,-0.0006,-0.0073,0.0513,2.0000,tau_limit
24698,20.0000,2.0000,0.0032,-0.0006,-0.0073,0.0513,2.0000,tau_limit
24703,20.0000,2.0000,0.0032,-0.0006,-0.0073,0.0513,2.0000,tau_limit
24709,20.0000,2.0000,0.0032,-0.0006,-0.0073,0.0513,2.0000,tau_limit
24714,20.0000,2.0000,0.0032,-0.0006,-0.0073,0.0513,2.0000,tau_limit
24719,20.0000,2.0000,0.0032,-0.0006,-0.0073,0.0464,2.0000,tau_limit
24724,20.0000,2.0000,0.0032,-0.0006,-0.0073,0.0513,2.0000,tau_limit
24729,20.0000,2.0000,0.0032,-0.0006,-0.0073,0.0513,2.0000,tau_limit
24734,20.0000,2.0000,0.0032,-0.0006,-0.0073,0.0513,2.0000,tau_limit
24739,20.0000,2.0000,0.0032,-0.0006,-0.0073,0.0513,2.0000,tau_limit
24744,20.0000,2.0000,0.0032,-0.0006,-0.0073,0.0513,2.0000,tau_limit
24749,20.0000,2.0000,0.0032,-0.0006,-0.0073,0.0513,2.0000,tau_limit
24754,20.0000,2.0000,0.0032,-0.0006,-0.0073,0.0513,2.0000,tau_limit
24759,20.0000,2.0000,0.0032,-0.0006,-0.0073,0.0513,2.0000,tau_limit
24764,20.0000,2.0000,0.0032,-0.0006,-0.0073,0.0513,2.0000,tau_limit
24769,20.0000,2.0000,0.0032,-0.0006,-0.0073,0.0513,2.0000,tau_limit
24774,20.0000,2.0000,0.0032,-0.0006,-0.0073,0.0513,2.0000,tau_limit
24779,20.0000,2.0000,0.0032,-0.0006,-0.0073,0.0513,2.0000,tau_limit
24784,20.0000,2.0000,0.0032,-0.0006,-0.0073,0.0513,2.0000,tau_limit
24789,20.0000,2.0000,0.0032,-0.0006,-0.0073,0.0513,2.0000,tau_limit
24795,20.0000,2.0000,0.0032,-0.0006,-0.0073,0.0513,2.0000,tau_limit
24800,20.0000,2.0000,0.0032,-0.0006,-0.0073,0.0513,2.0000,tau_limit
24805,20.0000,2.0000,0.0032,-0.0006,-0.0073,0.0513,2.0000,tau_limit
24810,20.0000,2.0000,0.0032,-0.0006,-0.0073,0.0513,2.0000,tau_limit
24815,20.0000,2.0000,0.0032,-0.0006,-0.0073,0.0513,2.0000,tau_limit
24820,20.0000,2.0000,0.0032,-0.0006,-0.0073,0.0513,2.0000,tau_limit
24825,20.0000,2.0000,0.0032,-0.0006,-0.0073,0.0513,2.0000,tau_limit
24830,20.0000,2.0000,0.0032,-0.0006,-0.0073,0.0513,2.0000,tau_limit
24835,20.0000,2.0000,0.0032,-0.0006,-0.0073,0.0513,2.0000,tau_limit
24840,20.0000,2.0000,0.0032,-0.0006,-0.0073,0.0513,2.0000,tau_limit
24845,20.0000,2.0000,0.0032,-0.0006,-0.0073,0.0513,2.0000,tau_limit
24850,20.0000,2.0000,0.0032,-0.0006,-0.0073,0.0513,2.0000,tau_limit
24855,20.0000,2.0000,0.0032,-0.0006,-0.0073,0.0513,2.0000,tau_limit
24860,20.0000,2.0000,0.0032,-0.0006,-0.0073,0.0562,2.0000,tau_limit
24865,20.0000,2.0000,0.0032,-0.0006,-0.0073,0.0513,2.0000,tau_limit
24870,20.0000,2.0000,0.0032,-0.0006,-0.0073,0.0513,2.0000,tau_limit
24875,20.0000,2.0000,0.0032,-0.0006,-0.0073,0.0513,2.0000,tau_limit
24880,20.0000,2.0000,0.0032,-0.0006,-0.0073,0.0513,2.0000,tau_limit
24886,20.0000,2.0000,0.0032,-0.0006,-0.0073,0.0513,2.0000,tau_limit
24891,20.0000,2.0000,0.0032,-0.0006,-0.0073,0.0513,2.0000,tau_limit
24896,20.0000,2.0000,0.0032,-0.0006,-0.0073,0.0513,2.0000,tau_limit
24901,20.0000,2.0000,0.0032,-0.0006,-0.0073,0.0513,2.0000,tau_limit
24906,20.0000,2.0000,0.0032,-0.0006,-0.0073,0.0513,2.0000,tau_limit
24911,20.0000,2.0000,0.0032,-0.0006,-0.0073,0.0513,2.0000,tau_limit
24916,20.0000,2.0000,0.0032,-0.0006,-0.0073,0.0513,2.0000,tau_limit
24921,20.0000,2.0000,0.0032,-0.0006,-0.0073,0.0513,2.0000,tau_limit
24926,20.0000,2.0000,0.0032,-0.0006,-0.0073,0.0513,2.0000,tau_limit
24931,20.0000,2.0000,0.0032,-0.0006,-0.0073,0.0513,2.0000,tau_limit
24936,20.0000,2.0000,0.0032,-0.0006,-0.0073,0.0513,2.0000,tau_limit
24941,20.0000,2.0000,0.0032,-0.0006,-0.0073,0.0513,2.0000,tau_limit
24946,20.0000,2.0000,0.0032,-0.0006,-0.0073,0.0513,2.0000,tau_limit
24951,20.0000,2.0000,0.0032,-0.0006,-0.0073,0.0513,2.0000,tau_limit
24956,20.0000,2.0000,0.0032,-0.0006,-0.0073,0.0464,2.0000,tau_limit
24961,20.0000,2.0000,0.0032,-0.0006,-0.0073,0.0513,2.0000,tau_limit
24966,20.0000,2.0000,0.0032,-0.0006,-0.0073,0.0513,2.0000,tau_limit
24972,20.0000,2.0000,0.0032,-0.0006,-0.0073,0.0513,2.0000,tau_limit
24977,20.0000,2.0000,0.0032,-0.0006,-0.0073,0.0513,2.0000,tau_limit
24982,20.0000,2.0000,0.0032,-0.0006,-0.0073,0.0513,2.0000,tau_limit
24987,20.0000,2.0000,0.0032,-0.0006,-0.0073,0.0513,2.0000,tau_limit
24992,20.0000,2.0000,0.0032,-0.0006,-0.0073,0.0513,2.0000,tau_limit
24997,20.0000,2.0000,0.0032,-0.0006,-0.0073,0.0513,2.0000,tau_limit
25002,20.0000,2.0000,0.0032,-0.0006,-0.0073,0.0513,2.0000,tau_limit
25007,20.0000,2.0000,0.0032,-0.0006,-0.0073,0.0513,2.0000,tau_limit
25012,20.0000,2.0000,0.0032,-0.0006,-0.0073,0.0513,2.0000,tau_limit
25017,20.0000,2.0000,0.0032,-0.0006,-0.0073,0.0562,2.0000,tau_limit
25022,20.0000,2.0000,0.0032,-0.0006,-0.0073,0.0562,2.0000,tau_limit
25027,20.0000,2.0000,0.0032,-0.0006,-0.0073,0.0464,2.0000,tau_limit
25032,20.0000,2.0000,0.0032,-0.0006,-0.0073,0.0464,2.0000,tau_limit
25037,20.0000,2.0000,0.0032,-0.0006,-0.0073,0.0513,2.0000,tau_limit
25042,20.0000,2.0000,0.0032,-0.0006,-0.0073,0.0513,2.0000,tau_limit
25047,20.0000,2.0000,0.0032,-0.0006,-0.0073,0.0513,2.0000,tau_limit
25052,20.0000,2.0000,0.0032,-0.0006,-0.0073,0.0513,2.0000,tau_limit
25057,20.0000,2.0000,0.0032,-0.0006,-0.0073,0.0513,2.0000,tau_limit
25062,20.0000,2.0000,0.0032,-0.0006,-0.0073,0.0513,2.0000,tau_limit
25068,20.0000,2.0000,0.0032,-0.0006,-0.0073,0.0513,2.0000,tau_limit
25073,20.0000,2.0000,0.0032,-0.0006,-0.0073,0.0513,2.0000,tau_limit
25078,20.0000,2.0000,0.0032,-0.0006,-0.0073,0.0513,2.0000,tau_limit
25083,20.0000,2.0000,0.0032,-0.0006,-0.0073,0.0513,2.0000,tau_limit
25088,20.0000,2.0000,0.0032,-0.0006,-0.0073,0.0513,2.0000,tau_limit
25093,20.0000,2.0000,0.0032,-0.0006,-0.0073,0.0513,2.0000,tau_limit
25098,20.0000,2.0000,0.0032,-0.0006,-0.0073,0.0513,2.0000,tau_limit
25103,20.0000,2.0000,0.0032,-0.0006,-0.0073,0.0513,2.0000,tau_limit
25108,20.0000,2.0000,0.0032,-0.0006,-0.0073,0.0513,2.0000,tau_limit
25113,20.0000,2.0000,0.0032,-0.0006,-0.0073,0.0513,2.0000,tau_limit
25118,20.0000,2.0000,0.0032,-0.0006,-0.0073,0.0464,2.0000,tau_limit
25123,20.0000,2.0000,0.0032,-0.0006,-0.0073,0.0513,2.0000,tau_limit
25128,20.0000,2.0000,0.0032,-0.0006,-0.0073,0.0513,2.0000,tau_limit
25133,20.0000,2.0000,0.0032,-0.0006,-0.0073,0.0513,2.0000,tau_limit
25138,20.0000,2.0000,0.0032,-0.0006,-0.0073,0.0513,2.0000,tau_limit
25143,20.0000,2.0000,0.0032,-0.0006,-0.0073,0.0513,2.0000,tau_limit
25148,20.0000,2.0000,0.0032,-0.0006,-0.0073,0.0513,2.0000,tau_limit
25153,20.0000,2.0000,0.0032,-0.0006,-0.0073,0.0513,2.0000,tau_limit
25159,20.0000,2.0000,0.0032,-0.0006,-0.0073,0.0513,2.0000,tau_limit
25164,20.0000,2.0000,0.0032,-0.0006,-0.0073,0.0513,2.0000,tau_limit
25169,20.0000,2.0000,0.0032,-0.0006,-0.0073,0.0513,2.0000,tau_limit
25174,20.0000,2.0000,0.0032,-0.0006,-0.0073,0.0513,2.0000,tau_limit
25179,20.0000,2.0000,0.0032,-0.0006,-0.0073,0.0513,2.0000,tau_limit
25184,20.0000,2.0000,0.0032,-0.0006,-0.0073,0.0513,2.0000,tau_limit
25189,20.0000,2.0000,0.0032,-0.0006,-0.0073,0.0513,2.0000,tau_limit
25194,20.0000,2.0000,0.0032,-0.0006,-0.0073,0.0562,2.0000,tau_limit
25199,20.0000,2.0000,0.0032,-0.0006,-0.0073,0.0513,2.0000,tau_limit
25204,20.0000,2.0000,0.0032,-0.0006,-0.0073,0.0513,2.0000,tau_limit
25209,20.0000,2.0000,0.0032,-0.0006,-0.0073,0.0513,2.0000,tau_limit
25214,20.0000,2.0000,0.0032,-0.0006,-0.0073,0.0464,2.0000,tau_limit
25219,20.0000,2.0000,0.0032,-0.0006,-0.0073,0.0464,2.0000,tau_limit
25224,20.0000,2.0000,0.0032,-0.0006,-0.0073,0.0513,2.0000,tau_limit
25229,20.0000,2.0000,0.0032,-0.0006,-0.0073,0.0513,2.0000,tau_limit
25234,20.0000,2.0000,0.0032,-0.0006,-0.0073,0.0513,2.0000,tau_limit
25239,20.0000,2.0000,0.0032,-0.0006,-0.0073,0.0513,2.0000,tau_limit
25245,20.0000,2.0000,0.0032,-0.0006,-0.0073,0.0513,2.0000,tau_limit
25250,20.0000,2.0000,0.0032,-0.0006,-0.0073,0.0513,2.0000,tau_limit
25255,20.0000,2.0000,0.0032,-0.0006,-0.0073,0.0513,2.0000,tau_limit
25260,20.0000,2.0000,0.0032,-0.0006,-0.0073,0.0513,2.0000,tau_limit
25265,20.0000,2.0000,0.0032,-0.0006,-0.0073,0.0513,2.0000,tau_limit
25270,20.0000,2.0000,0.0032,-0.0006,-0.0073,0.0513,2.0000,tau_limit
25275,20.0000,2.0000,0.0032,-0.0006,-0.0073,0.0513,2.0000,tau_limit
25280,20.0000,2.0000,0.0032,-0.0006,-0.0073,0.0513,2.0000,tau_limit
25285,20.0000,2.0000,0.0032,-0.0006,-0.0073,0.0513,2.0000,tau_limit
25290,20.0000,2.0000,0.0032,-0.0006,-0.0073,0.0513,2.0000,tau_limit
25295,20.0000,2.0000,0.0032,-0.0006,-0.0073,0.0513,2.0000,tau_limit
25300,20.0000,2.0000,0.0032,-0.0006,-0.0073,0.0513,2.0000,tau_limit
25305,20.0000,2.0000,0.0032,-0.0006,-0.0073,0.0513,2.0000,tau_limit
25310,20.0000,2.0000,0.0032,-0.0006,-0.0073,0.0513,2.0000,tau_limit
25315,20.0000,2.0000,0.0032,-0.0006,-0.0073,0.0513,2.0000,tau_limit
25320,20.0000,2.0000,0.0032,-0.0006,-0.0073,0.0464,2.0000,tau_limit
25325,20.0000,2.0000,0.0032,-0.0006,-0.0073,0.0464,2.0000,tau_limit
25331,20.0000,2.0000,0.0032,-0.0006,-0.0073,0.0513,2.0000,tau_limit
25336,20.0000,2.0000,0.0032,-0.0006,-0.0073,0.0464,2.0000,tau_limit
25341,20.0000,2.0000,0.0032,-0.0006,-0.0073,0.0513,2.0000,tau_limit
25346,20.0000,2.0000,0.0032,-0.0006,-0.0073,0.0464,2.0000,tau_limit
25351,20.0000,2.0000,0.0032,-0.0006,-0.0073,0.0513,2.0000,tau_limit
25356,20.0000,2.0000,0.0032,-0.0006,-0.0073,0.0464,2.0000,tau_limit
25361,20.0000,2.0000,0.0032,-0.0006,-0.0073,0.0464,2.0000,tau_limit
25366,20.0000,2.0000,0.0032,-0.0006,-0.0073,0.0464,2.0000,tau_limit
25371,20.0000,2.0000,0.0032,-0.0006,-0.0073,0.0464,2.0000,tau_limit
25376,20.0000,2.0000,0.0032,-0.0006,-0.0073,0.0464,2.0000,tau_limit
25381,20.0000,2.0000,0.0032,-0.0006,-0.0073,0.0464,2.0000,tau_limit
25386,20.0000,2.0000,0.0032,-0.0002,-0.0073,0.0464,2.0000,tau_limit
25391,20.0000,2.0000,0.0032,-0.0002,-0.0073,0.0464,2.0000,tau_limit
25396,20.0000,2.0000,0.0032,-0.0002,-0.0073,0.0464,2.0000,tau_limit
25401,20.0000,2.0000,0.0032,-0.0002,-0.0073,0.0415,2.0000,tau_limit
25406,20.0000,2.0000,0.0032,-0.0002,-0.0073,0.0464,2.0000,tau_limit
25411,20.0000,2.0000,0.0032,-0.0002,-0.0073,0.0464,2.0000,tau_limit
25416,20.0000,2.0000,0.0032,-0.0002,-0.0073,0.0464,2.0000,tau_limit
25422,20.0000,2.0000,0.0032,-0.0002,-0.0073,0.0464,2.0000,tau_limit
25427,20.0000,2.0000,0.0032,-0.0002,-0.0073,0.0464,2.0000,tau_limit
25432,20.0000,2.0000,0.0032,-0.0002,-0.0073,0.0464,2.0000,tau_limit
25437,20.0000,2.0000,0.0032,-0.0002,-0.0073,0.0464,2.0000,tau_limit
25442,20.0000,2.0000,0.0032,-0.0002,-0.0073,0.0415,2.0000,tau_limit
25447,20.0000,2.0000,0.0032,-0.0002,-0.0073,0.0415,2.0000,tau_limit
25452,20.0000,2.0000,0.0032,-0.0002,-0.0073,0.0415,2.0000,tau_limit
25457,20.0000,2.0000,0.0032,-0.0002,-0.0073,0.0464,2.0000,tau_limit
25462,20.0000,2.0000,0.0032,-0.0002,-0.0073,0.0464,2.0000,tau_limit
25467,20.0000,2.0000,0.0032,-0.0002,-0.0073,0.0415,2.0000,tau_limit
25472,20.0000,2.0000,0.0032,-0.0002,-0.0073,0.0464,2.0000,tau_limit
25477,20.0000,2.0000,0.0032,-0.0002,-0.0073,0.0415,2.0000,tau_limit
25482,20.0000,2.0000,0.0032,-0.0002,-0.0073,0.0415,2.0000,tau_limit
25487,20.0000,2.0000,0.0032,-0.0002,-0.0073,0.0415,2.0000,tau_limit
25492,20.0000,2.0000,0.0032,-0.0002,-0.0073,0.0415,2.0000,tau_limit
25497,20.0000,2.0000,0.0032,-0.0002,-0.0073,0.0415,2.0000,tau_limit
25502,20.0000,2.0000,0.0032,-0.0002,-0.0073,0.0415,2.0000,tau_limit
25507,20.0000,2.0000,0.0032,-0.0002,-0.0073,0.0415,2.0000,tau_limit
25513,20.0000,2.0000,0.0032,-0.0002,-0.0073,0.0415,2.0000,tau_limit
25518,20.0000,2.0000,0.0032,-0.0002,-0.0073,0.0415,2.0000,tau_limit
25523,20.0000,2.0000,0.0032,-0.0002,-0.0073,0.0415,2.0000,tau_limit
25528,20.0000,2.0000,0.0032,-0.0002,-0.0073,0.0415,2.0000,tau_limit
25533,20.0000,2.0000,0.0032,-0.0002,-0.0073,0.0415,2.0000,tau_limit
25538,20.0000,2.0000,0.0032,-0.0002,-0.0073,0.0415,2.0000,tau_limit
25543,20.0000,2.0000,0.0032,-0.0002,-0.0073,0.0415,2.0000,tau_limit
25548,20.0000,2.0000,0.0032,-0.0002,-0.0073,0.0415,2.0000,tau_limit
25553,20.0000,2.0000,0.0032,-0.0002,-0.0073,0.0415,2.0000,tau_limit
25558,20.0000,2.0000,0.0032,-0.0002,-0.0073,0.0464,2.0000,tau_limit
25563,20.0000,2.0000,0.0032,-0.0002,-0.0073,0.0415,2.0000,tau_limit
25568,20.0000,2.0000,0.0032,-0.0002,-0.0073,0.0415,2.0000,tau_limit
25573,20.0000,2.0000,0.0032,-0.0002,-0.0073,0.0415,2.0000,tau_limit
25578,20.0000,2.0000,0.0032,-0.0002,-0.0073,0.0366,2.0000,tau_limit
25583,20.0000,2.0000,0.0032,-0.0002,-0.0073,0.0366,2.0000,tau_limit
25588,20.0000,2.0000,0.0032,-0.0002,-0.0073,0.0415,2.0000,tau_limit
25593,20.0000,2.0000,0.0032,-0.0002,-0.0073,0.0415,2.0000,tau_limit
25599,20.0000,2.0000,0.0032,-0.0002,-0.0073,0.0415,2.0000,tau_limit
25604,20.0000,2.0000,0.0032,-0.0002,-0.0073,0.0415,2.0000,tau_limit
25609,20.0000,2.0000,0.0032,-0.0002,-0.0073,0.0415,2.0000,tau_limit
25614,20.0000,2.0000,0.0032,-0.0002,-0.0073,0.0464,2.0000,tau_limit
25619,20.0000,2.0000,0.0032,-0.0002,-0.0073,0.0464,2.0000,tau_limit
25624,20.0000,2.0000,0.0032,-0.0002,-0.0073,0.0464,2.0000,tau_limit
25629,20.0000,2.0000,0.0032,-0.0002,-0.0073,0.0415,2.0000,tau_limit
25634,20.0000,2.0000,0.0032,-0.0002,-0.0073,0.0415,2.0000,tau_limit
25639,20.0000,2.0000,0.0032,-0.0002,-0.0073,0.0415,2.0000,tau_limit
25644,20.0000,2.0000,0.0032,-0.0002,-0.0073,0.0415,2.0000,tau_limit
25649,20.0000,2.0000,0.0032,-0.0002,-0.0073,0.0464,2.0000,tau_limit
25654,20.0000,2.0000,0.0032,-0.0002,-0.0073,0.0415,2.0000,tau_limit
25659,20.0000,2.0000,0.0032,-0.0002,-0.0073,0.0415,2.0000,tau_limit
25664,20.0000,2.0000,0.0032,-0.0002,-0.0073,0.0415,2.0000,tau_limit
25669,20.0000,2.0000,0.0032,-0.0002,-0.0073,0.0415,2.0000,tau_limit
25674,20.0000,2.0000,0.0032,-0.0002,-0.0073,0.0415,2.0000,tau_limit
25679,20.0000,2.0000,0.0032,-0.0002,-0.0073,0.0415,2.0000,tau_limit
25684,20.0000,2.0000,0.0032,-0.0002,-0.0073,0.0464,2.0000,tau_limit
25690,20.0000,2.0000,0.0032,-0.0002,-0.0073,0.0415,2.0000,tau_limit
25695,20.0000,2.0000,0.0032,-0.0002,-0.0073,0.0415,2.0000,tau_limit
25700,20.0000,2.0000,0.0032,-0.0002,-0.0073,0.0464,2.0000,tau_limit
25705,20.0000,2.0000,0.0032,-0.0002,-0.0073,0.0415,2.0000,tau_limit
25710,20.0000,2.0000,0.0032,-0.0002,-0.0073,0.0415,2.0000,tau_limit
25715,20.0000,2.0000,0.0032,-0.0002,-0.0073,0.0415,2.0000,tau_limit
25720,20.0000,2.0000,0.0032,-0.0002,-0.0073,0.0415,2.0000,tau_limit
25725,20.0000,2.0000,0.0032,-0.0002,-0.0073,0.0415,2.0000,tau_limit
25730,20.0000,2.0000,0.0032,-0.0002,-0.0073,0.0415,2.0000,tau_limit
25735,20.0000,2.0000,0.0032,-0.0002,-0.0073,0.0464,2.0000,tau_limit
25740,20.0000,2.0000,0.0032,-0.0002,-0.0073,0.0415,2.0000,tau_limit
25745,20.0000,2.0000,0.0032,-0.0002,-0.0073,0.0415,2.0000,tau_limit
25750,20.0000,2.0000,0.0032,-0.0002,-0.0073,0.0464,2.0000,tau_limit
25755,20.0000,2.0000,0.0032,-0.0002,-0.0073,0.0415,2.0000,tau_limit
25760,20.0000,2.0000,0.0032,-0.0002,-0.0073,0.0415,2.0000,tau_limit
25765,20.0000,2.0000,0.0032,-0.0002,-0.0073,0.0464,2.0000,tau_limit
25770,20.0000,2.0000,0.0032,-0.0002,-0.0073,0.0464,2.0000,tau_limit
25775,20.0000,2.0000,0.0032,-0.0002,-0.0073,0.0464,2.0000,tau_limit
25781,20.0000,2.0000,0.0032,-0.0002,-0.0073,0.0464,2.0000,tau_limit
25786,20.0000,2.0000,0.0032,-0.0002,-0.0220,0.0464,2.0000,tau_limit
25791,20.0000,2.0000,0.0032,-0.0002,-0.0073,0.0464,2.0000,tau_limit
25796,20.0000,2.0000,0.0032,-0.0002,-0.0073,0.0464,2.0000,tau_limit
25801,20.0000,2.0000,0.0032,-0.0002,-0.0073,0.0464,2.0000,tau_limit
25806,20.0000,2.0000,0.0032,-0.0002,-0.0073,0.0464,2.0000,tau_limit
25811,20.0000,2.0000,0.0032,-0.0002,-0.0073,0.0464,2.0000,tau_limit
25816,20.0000,2.0000,0.0032,-0.0002,-0.0073,0.0464,2.0000,tau_limit
25821,20.0000,2.0000,0.0032,-0.0002,-0.0073,0.0464,2.0000,tau_limit
25826,20.0000,2.0000,0.0032,-0.0002,-0.0073,0.0464,2.0000,tau_limit
25831,20.0000,2.0000,0.0032,-0.0002,-0.0073,0.0464,2.0000,tau_limit
25836,20.0000,2.0000,0.0032,-0.0002,-0.0073,0.0415,2.0000,tau_limit
25841,20.0000,2.0000,0.0032,-0.0002,-0.0073,0.0464,2.0000,tau_limit
25846,20.0000,2.0000,0.0032,-0.0002,-0.0073,0.0464,2.0000,tau_limit
25851,20.0000,2.0000,0.0032,-0.0002,-0.0073,0.0464,2.0000,tau_limit
25856,20.0000,2.0000,0.0032,-0.0002,-0.0073,0.0464,2.0000,tau_limit
25861,20.0000,2.0000,0.0032,-0.0002,-0.0073,0.0464,2.0000,tau_limit
25866,20.0000,2.0000,0.0032,-0.0002,-0.0073,0.0464,2.0000,tau_limit
25871,20.0000,2.0000,0.0032,-0.0002,-0.0073,0.0464,2.0000,tau_limit
25877,20.0000,2.0000,0.0032,-0.0002,-0.0073,0.0464,2.0000,tau_limit
25882,20.0000,2.0000,0.0032,-0.0002,-0.0073,0.0464,2.0000,tau_limit
25887,20.0000,2.0000,0.0032,-0.0002,-0.0073,0.0464,2.0000,tau_limit
25892,20.0000,2.0000,0.0032,-0.0002,-0.0073,0.0464,2.0000,tau_limit
25897,20.0000,2.0000,0.0032,-0.0002,-0.0073,0.0464,2.0000,tau_limit
25902,20.0000,2.0000,0.0032,-0.0002,-0.0073,0.0464,2.0000,tau_limit
25907,20.0000,2.0000,0.0032,-0.0002,-0.0073,0.0464,2.0000,tau_limit
25912,20.0000,2.0000,0.0032,-0.0002,-0.0073,0.0464,2.0000,tau_limit
25917,20.0000,2.0000,0.0032,-0.0002,-0.0073,0.0513,2.0000,tau_limit
25922,20.0000,2.0000,0.0032,-0.0002,-0.0073,0.0464,2.0000,tau_limit
25927,20.0000,2.0000,0.0032,-0.0002,-0.0073,0.0464,2.0000,tau_limit
25932,20.0000,2.0000,0.0032,-0.0002,-0.0073,0.0464,2.0000,tau_limit
25937,20.0000,2.0000,0.0032,-0.0002,-0.0073,0.0464,2.0000,tau_limit
25942,20.0000,2.0000,0.0032,-0.0002,-0.0073,0.0464,2.0000,tau_limit
25947,20.0000,2.0000,0.0032,-0.0002,-0.0073,0.0464,2.0000,tau_limit
25952,20.0000,2.0000,0.0032,-0.0002,-0.0073,0.0464,2.0000,tau_limit
25957,20.0000,2.0000,0.0032,-0.0002,-0.0073,0.0464,2.0000,tau_limit
25963,20.0000,2.0000,0.0032,-0.0002,-0.0073,0.0464,2.0000,tau_limit
25968,20.0000,2.0000,0.0032,-0.0002,-0.0073,0.0464,2.0000,tau_limit
25973,20.0000,2.0000,0.0032,-0.0002,-0.0073,0.0464,2.0000,tau_limit
25978,20.0000,2.0000,0.0032,-0.0002,-0.0073,0.0464,2.0000,tau_limit
25983,20.0000,2.0000,0.0032,-0.0002,-0.0073,0.0464,2.0000,tau_limit
25988,20.0000,2.0000,0.0032,-0.0002,-0.0073,0.0464,2.0000,tau_limit
25993,20.0000,2.0000,0.0032,-0.0002,-0.0073,0.0464,2.0000,tau_limit
25998,20.0000,2.0000,0.0032,-0.0002,-0.0073,0.0464,2.0000,tau_limit
26003,20.0000,2.0000,0.0032,-0.0002,-0.0073,0.0513,2.0000,tau_limit
26008,20.0000,2.0000,0.0032,-0.0002,-0.0073,0.0464,2.0000,tau_limit
26013,20.0000,2.0000,0.0032,-0.0002,-0.0073,0.0464,2.0000,tau_limit
26018,20.0000,2.0000,0.0032,-0.0002,-0.0073,0.0464,2.0000,tau_limit
26023,20.0000,2.0000,0.0032,-0.0002,-0.0073,0.0464,2.0000,tau_limit
26028,20.0000,2.0000,0.0032,-0.0002,-0.0073,0.0464,2.0000,tau_limit
26033,20.0000,2.0000,0.0032,-0.0002,-0.0073,0.0464,2.0000,tau_limit
26038,20.0000,2.0000,0.0032,-0.0002,-0.0073,0.0464,2.0000,tau_limit
26043,20.0000,2.0000,0.0032,-0.0002,-0.0073,0.0464,2.0000,tau_limit
26048,20.0000,2.0000,0.0032,-0.0002,-0.0073,0.0464,2.0000,tau_limit
26054,20.0000,2.0000,0.0032,-0.0002,-0.0073,0.0464,2.0000,tau_limit
26059,20.0000,2.0000,0.0032,-0.0002,-0.0073,0.0464,2.0000,tau_limit
26064,20.0000,2.0000,0.0032,-0.0002,-0.0073,0.0464,2.0000,tau_limit
26069,20.0000,2.0000,0.0032,-0.0002,-0.0073,0.0464,2.0000,tau_limit
26074,20.0000,2.0000,0.0032,-0.0002,-0.0073,0.0464,2.0000,tau_limit
26079,20.0000,2.0000,0.0032,-0.0002,-0.0073,0.0464,2.0000,tau_limit
26084,20.0000,2.0000,0.0032,-0.0002,-0.0073,0.0464,2.0000,tau_limit
26089,20.0000,2.0000,0.0032,-0.0002,-0.0073,0.0464,2.0000,tau_limit
26094,20.0000,2.0000,0.0032,-0.0002,-0.0073,0.0464,2.0000,tau_limit
26099,20.0000,2.0000,0.0032,-0.0002,-0.0073,0.0464,2.0000,tau_limit
26104,20.0000,2.0000,0.0032,-0.0002,-0.0073,0.0464,2.0000,tau_limit
26109,20.0000,2.0000,0.0032,-0.0002,-0.0073,0.0464,2.0000,tau_limit
26114,20.0000,2.0000,0.0032,-0.0002,-0.0073,0.0464,2.0000,tau_limit
26119,20.0000,2.0000,0.0032,-0.0002,-0.0073,0.0464,2.0000,tau_limit
26124,20.0000,2.0000,0.0032,-0.0002,-0.0073,0.0464,2.0000,tau_limit
26129,20.0000,2.0000,0.0032,-0.0002,-0.0073,0.0464,2.0000,tau_limit
26134,20.0000,2.0000,0.0032,-0.0002,-0.0073,0.0464,2.0000,tau_limit
26140,20.0000,2.0000,0.0032,-0.0002,-0.0073,0.0464,2.0000,tau_limit
26145,20.0000,2.0000,0.0032,-0.0002,-0.0073,0.0464,2.0000,tau_limit
26150,20.0000,2.0000,0.0032,-0.0002,-0.0073,0.0464,2.0000,tau_limit
26155,20.0000,2.0000,0.0032,-0.0002,-0.0073,0.0464,2.0000,tau_limit
26160,20.0000,2.0000,0.0032,-0.0002,-0.0073,0.0464,2.0000,tau_limit
26165,20.0000,2.0000,0.0032,-0.0002,-0.0073,0.0464,2.0000,tau_limit
26170,20.0000,2.0000,0.0032,-0.0002,-0.0073,0.0464,2.0000,tau_limit
26175,20.0000,2.0000,0.0032,-0.0002,-0.0073,0.0464,2.0000,tau_limit
26180,20.0000,2.0000,0.0032,-0.0002,-0.0073,0.0464,2.0000,tau_limit
26185,20.0000,2.0000,0.0032,-0.0002,-0.0073,0.0464,2.0000,tau_limit
26190,20.0000,2.0000,0.0032,-0.0002,-0.0073,0.0464,2.0000,tau_limit
26195,20.0000,2.0000,0.0032,-0.0002,-0.0073,0.0464,2.0000,tau_limit
26200,20.0000,2.0000,0.0032,-0.0002,-0.0073,0.0464,2.0000,tau_limit
26205,20.0000,2.0000,0.0032,-0.0002,-0.0073,0.0415,2.0000,tau_limit
26210,20.0000,2.0000,0.0032,-0.0002,-0.0073,0.0415,2.0000,tau_limit
26215,20.0000,2.0000,0.0032,-0.0002,-0.0073,0.0464,2.0000,tau_limit
26220,20.0000,2.0000,0.0032,-0.0002,-0.0073,0.0464,2.0000,tau_limit
26226,20.0000,2.0000,0.0032,-0.0002,-0.0073,0.0464,2.0000,tau_limit
26231,20.0000,2.0000,0.0032,-0.0002,-0.0073,0.0464,2.0000,tau_limit
26236,20.0000,2.0000,0.0032,-0.0002,-0.0073,0.0464,2.0000,tau_limit
26241,20.0000,2.0000,0.0032,-0.0002,-0.0073,0.0464,2.0000,tau_limit
26246,20.0000,2.0000,0.0032,-0.0002,-0.0073,0.0464,2.0000,tau_limit
26251,20.0000,2.0000,0.0032,-0.0002,-0.0073,0.0464,2.0000,tau_limit
26256,20.0000,2.0000,0.0032,-0.0002,-0.0073,0.0415,2.0000,tau_limit
26261,20.0000,2.0000,0.0032,-0.0002,-0.0073,0.0415,2.0000,tau_limit
26266,20.0000,2.0000,0.0032,-0.0002,-0.0073,0.0415,2.0000,tau_limit
26271,20.0000,2.0000,0.0032,-0.0002,-0.0073,0.0464,2.0000,tau_limit
26276,20.0000,2.0000,0.0032,-0.0002,-0.0073,0.0464,2.0000,tau_limit
26281,20.0000,2.0000,0.0032,-0.0002,-0.0073,0.0415,2.0000,tau_limit
26286,20.0000,2.0000,0.0032,-0.0002,-0.0073,0.0415,2.0000,tau_limit
26291,20.0000,2.0000,0.0032,-0.0002,-0.0073,0.0464,2.0000,tau_limit
26296,20.0000,2.0000,0.0032,-0.0002,-0.0073,0.0415,2.0000,tau_limit
26301,20.0000,2.0000,0.0032,-0.0002,-0.0073,0.0415,2.0000,tau_limit
26306,20.0000,2.0000,0.0032,-0.0002,-0.0073,0.0415,2.0000,tau_limit
26311,20.0000,2.0000,0.0032,-0.0002,-0.0073,0.0415,2.0000,tau_limit
26316,20.0000,2.0000,0.0032,-0.0002,-0.0073,0.0415,2.0000,tau_limit
26322,20.0000,2.0000,0.0032,-0.0002,-0.0073,0.0415,2.0000,tau_limit
26327,20.0000,2.0000,0.0032,-0.0002,-0.0073,0.0464,2.0000,tau_limit
26332,20.0000,2.0000,0.0032,-0.0002,-0.0073,0.0464,2.0000,tau_limit
26337,20.0000,2.0000,0.0032,-0.0002,-0.0073,0.0415,2.0000,tau_limit
26342,20.0000,2.0000,0.0032,-0.0002,-0.0073,0.0415,2.0000,tau_limit
26347,20.0000,2.0000,0.0032,-0.0002,-0.0073,0.0415,2.0000,tau_limit
26352,20.0000,2.0000,0.0032,-0.0002,-0.0073,0.0415,2.0000,tau_limit
26357,20.0000,2.0000,0.0032,-0.0002,-0.0073,0.0464,2.0000,tau_limit
26362,20.0000,2.0000,0.0032,-0.0002,-0.0073,0.0415,2.0000,tau_limit
26367,20.0000,2.0000,0.0032,-0.0002,-0.0073,0.0464,2.0000,tau_limit
26372,20.0000,2.0000,0.0032,-0.0002,-0.0073,0.0464,2.0000,tau_limit
26377,20.0000,2.0000,0.0032,-0.0002,-0.0073,0.0464,2.0000,tau_limit
26382,20.0000,2.0000,0.0032,-0.0002,-0.0073,0.0415,2.0000,tau_limit
26387,20.0000,2.0000,0.0032,-0.0002,-0.0073,0.0464,2.0000,tau_limit
26392,20.0000,2.0000,0.0032,-0.0002,-0.0073,0.0464,2.0000,tau_limit
26397,20.0000,2.0000,0.0032,-0.0002,-0.0073,0.0415,2.0000,tau_limit
26402,20.0000,2.0000,0.0032,-0.0002,-0.0073,0.0464,2.0000,tau_limit
26407,20.0000,2.0000,0.0032,-0.0002,-0.0073,0.0415,2.0000,tau_limit
26413,20.0000,2.0000,0.0032,-0.0002,-0.0073,0.0415,2.0000,tau_limit
26418,20.0000,2.0000,0.0032,-0.0002,-0.0073,0.0464,2.0000,tau_limit
26423,20.0000,2.0000,0.0032,-0.0002,-0.0073,0.0415,2.0000,tau_limit
26428,20.0000,2.0000,0.0032,-0.0002,-0.0073,0.0464,2.0000,tau_limit
26433,20.0000,2.0000,0.0032,-0.0002,-0.0073,0.0464,2.0000,tau_limit
26438,20.0000,2.0000,0.0032,-0.0002,-0.0073,0.0415,2.0000,tau_limit
26443,20.0000,2.0000,0.0032,-0.0002,-0.0073,0.0464,2.0000,tau_limit
26448,20.0000,2.0000,0.0032,-0.0002,-0.0073,0.0464,2.0000,tau_limit
26453,20.0000,2.0000,0.0032,-0.0002,-0.0073,0.0464,2.0000,tau_limit
26458,20.0000,2.0000,0.0032,-0.0002,-0.0073,0.0415,2.0000,tau_limit
26463,20.0000,2.0000,0.0032,-0.0002,-0.0073,0.0415,2.0000,tau_limit
26468,20.0000,2.0000,0.0032,-0.0002,-0.0073,0.0464,2.0000,tau_limit
26473,20.0000,2.0000,0.0032,-0.0002,-0.0073,0.0464,2.0000,tau_limit
26478,20.0000,2.0000,0.0032,-0.0002,-0.0073,0.0464,2.0000,tau_limit
26483,20.0000,2.0000,0.0032,-0.0002,-0.0073,0.0464,2.0000,tau_limit
26488,20.0000,2.0000,0.0032,-0.0002,-0.0073,0.0415,2.0000,tau_limit
26493,20.0000,2.0000,0.0032,-0.0002,-0.0073,0.0464,2.0000,tau_limit
26499,20.0000,2.0000,0.0032,-0.0002,-0.0073,0.0464,2.0000,tau_limit
26504,20.0000,2.0000,0.0032,-0.0002,-0.0073,0.0415,2.0000,tau_limit
26509,20.0000,2.0000,0.0032,-0.0002,-0.0073,0.0464,2.0000,tau_limit
26514,20.0000,2.0000,0.0032,-0.0002,-0.0073,0.0464,2.0000,tau_limit
26519,20.0000,2.0000,0.0032,-0.0002,-0.0073,0.0415,2.0000,tau_limit
26524,20.0000,2.0000,0.0032,-0.0002,-0.0073,0.0415,2.0000,tau_limit
26529,20.0000,2.0000,0.0032,-0.0002,-0.0073,0.0464,2.0000,tau_limit
26534,20.0000,2.0000,0.0032,-0.0002,-0.0073,0.0464,2.0000,tau_limit
26539,20.0000,2.0000,0.0032,-0.0002,-0.0073,0.0464,2.0000,tau_limit
26544,20.0000,2.0000,0.0032,-0.0002,-0.0073,0.0415,2.0000,tau_limit
26549,20.0000,2.0000,0.0032,-0.0002,-0.0073,0.0415,2.0000,tau_limit
26554,20.0000,2.0000,0.0032,-0.0002,-0.0073,0.0415,2.0000,tau_limit
26559,20.0000,2.0000,0.0032,-0.0002,-0.0073,0.0464,2.0000,tau_limit
26564,20.0000,2.0000,0.0032,-0.0002,-0.0073,0.0464,2.0000,tau_limit
26569,20.0000,2.0000,0.0032,-0.0002,-0.0073,0.0464,2.0000,tau_limit
26574,20.0000,2.0000,0.0032,-0.0002,-0.0073,0.0464,2.0000,tau_limit
26579,20.0000,2.0000,0.0032,-0.0002,-0.0073,0.0415,2.0000,tau_limit
26584,20.0000,2.0000,0.0032,-0.0002,-0.0073,0.0464,2.0000,tau_limit
26590,20.0000,2.0000,0.0032,-0.0002,-0.0073,0.0464,2.0000,tau_limit
26595,20.0000,2.0000,0.0032,-0.0002,-0.0073,0.0464,2.0000,tau_limit
26600,20.0000,2.0000,0.0032,-0.0002,-0.0073,0.0464,2.0000,tau_limit
26605,20.0000,2.0000,0.0032,-0.0002,-0.0073,0.0464,2.0000,tau_limit
26610,20.0000,2.0000,0.0032,-0.0002,-0.0073,0.0464,2.0000,tau_limit
26615,20.0000,2.0000,0.0032,-0.0002,-0.0073,0.0464,2.0000,tau_limit
26620,20.0000,2.0000,0.0032,-0.0002,-0.0073,0.0464,2.0000,tau_limit
26625,20.0000,2.0000,0.0032,-0.0002,-0.0073,0.0464,2.0000,tau_limit
26630,20.0000,2.0000,0.0032,-0.0002,-0.0073,0.0464,2.0000,tau_limit
26635,20.0000,2.0000,0.0032,-0.0002,-0.0073,0.0464,2.0000,tau_limit
26640,20.0000,2.0000,0.0032,-0.0002,-0.0073,0.0415,2.0000,tau_limit
26645,20.0000,2.0000,0.0032,-0.0002,-0.0073,0.0464,2.0000,tau_limit
26650,20.0000,2.0000,0.0032,-0.0002,-0.0073,0.0464,2.0000,tau_limit
26655,20.0000,2.0000,0.0032,-0.0002,-0.0073,0.0415,2.0000,tau_limit
26660,20.0000,2.0000,0.0032,-0.0002,-0.0073,0.0464,2.0000,tau_limit
26665,20.0000,2.0000,0.0032,-0.0002,-0.0073,0.0464,2.0000,tau_limit
26670,20.0000,2.0000,0.0032,-0.0002,-0.0073,0.0464,2.0000,tau_limit
26676,20.0000,2.0000,0.0032,-0.0002,-0.0073,0.0415,2.0000,tau_limit
26681,20.0000,2.0000,0.0032,-0.0002,-0.0073,0.0415,2.0000,tau_limit
26686,20.0000,2.0000,0.0032,-0.0002,-0.0073,0.0415,2.0000,tau_limit
26691,20.0000,2.0000,0.0032,-0.0002,-0.0073,0.0464,2.0000,tau_limit
26696,20.0000,2.0000,0.0032,-0.0002,-0.0073,0.0464,2.0000,tau_limit
26701,20.0000,2.0000,0.0032,-0.0002,-0.0073,0.0464,2.0000,tau_limit
26706,20.0000,2.0000,0.0032,-0.0002,-0.0073,0.0464,2.0000,tau_limit
26711,20.0000,2.0000,0.0032,-0.0002,-0.0073,0.0464,2.0000,tau_limit
26716,20.0000,2.0000,0.0032,-0.0002,-0.0073,0.0464,2.0000,tau_limit
26721,20.0000,2.0000,0.0032,-0.0002,-0.0073,0.0415,2.0000,tau_limit
26726,20.0000,2.0000,0.0032,-0.0002,-0.0073,0.0415,2.0000,tau_limit
26731,20.0000,2.0000,0.0032,-0.0002,-0.0073,0.0464,2.0000,tau_limit
26736,20.0000,2.0000,0.0032,-0.0002,-0.0073,0.0464,2.0000,tau_limit
26741,20.0000,2.0000,0.0032,-0.0002,-0.0073,0.0464,2.0000,tau_limit
26746,20.0000,2.0000,0.0032,-0.0002,-0.0073,0.0464,2.0000,tau_limit
26751,20.0000,2.0000,0.0032,-0.0002,-0.0073,0.0464,2.0000,tau_limit
26756,20.0000,2.0000,0.0032,-0.0002,-0.0073,0.0464,2.0000,tau_limit
26761,20.0000,2.0000,0.0032,-0.0002,-0.0073,0.0464,2.0000,tau_limit
26767,20.0000,2.0000,0.0032,-0.0002,-0.0073,0.0464,2.0000,tau_limit
26772,20.0000,2.0000,0.0032,-0.0002,-0.0073,0.0464,2.0000,tau_limit
26777,20.0000,2.0000,0.0032,-0.0002,-0.0073,0.0464,2.0000,tau_limit
26782,20.0000,2.0000,0.0032,-0.0002,-0.0073,0.0464,2.0000,tau_limit
26787,20.0000,2.0000,0.0032,-0.0002,-0.0073,0.0464,2.0000,tau_limit
26792,20.0000,2.0000,0.0032,-0.0002,-0.0073,0.0464,2.0000,tau_limit
26797,20.0000,2.0000,0.0032,-0.0002,-0.0073,0.0464,2.0000,tau_limit
26802,20.0000,2.0000,0.0032,-0.0002,-0.0073,0.0464,2.0000,tau_limit
26807,20.0000,2.0000,0.0032,-0.0002,-0.0073,0.0464,2.0000,tau_limit
26812,20.0000,2.0000,0.0032,-0.0002,-0.0073,0.0464,2.0000,tau_limit
26817,20.0000,2.0000,0.0032,-0.0002,-0.0073,0.0464,2.0000,tau_limit
26822,20.0000,2.0000,0.0032,-0.0002,-0.0073,0.0464,2.0000,tau_limit
26827,20.0000,2.0000,0.0032,-0.0002,-0.0073,0.0464,2.0000,tau_limit
26832,20.0000,2.0000,0.0032,-0.0002,-0.0073,0.0464,2.0000,tau_limit
26837,20.0000,2.0000,0.0032,-0.0002,-0.0073,0.0464,2.0000,tau_limit
26842,20.0000,2.0000,0.0032,-0.0002,-0.0073,0.0464,2.0000,tau_limit
26847,20.0000,2.0000,0.0032,-0.0002,-0.0073,0.0464,2.0000,tau_limit
26852,20.0000,2.0000,0.0032,-0.0002,-0.0073,0.0464,2.0000,tau_limit
26858,20.0000,2.0000,0.0032,-0.0002,-0.0073,0.0464,2.0000,tau_limit
26863,20.0000,2.0000,0.0032,-0.0002,-0.0073,0.0464,2.0000,tau_limit
26868,20.0000,2.0000,0.0032,-0.0002,-0.0073,0.0464,2.0000,tau_limit
26873,20.0000,2.0000,0.0032,-0.0002,-0.0073,0.0464,2.0000,tau_limit
26878,20.0000,2.0000,0.0032,-0.0002,-0.0073,0.0464,2.0000,tau_limit
26883,20.0000,2.0000,0.0032,-0.0002,-0.0073,0.0464,2.0000,tau_limit
26888,20.0000,2.0000,0.0032,-0.0002,-0.0073,0.0464,2.0000,tau_limit
26893,20.0000,2.0000,0.0032,-0.0002,-0.0073,0.0464,2.0000,tau_limit
26898,20.0000,2.0000,0.0032,-0.0002,-0.0073,0.0464,2.0000,tau_limit
26903,20.0000,2.0000,0.0032,-0.0002,-0.0073,0.0415,2.0000,tau_limit
26908,20.0000,2.0000,0.0032,-0.0002,-0.0073,0.0415,2.0000,tau_limit
26913,20.0000,2.0000,0.0032,-0.0002,-0.0073,0.0464,2.0000,tau_limit
26918,20.0000,2.0000,0.0032,-0.0002,-0.0073,0.0464,2.0000,tau_limit
26923,20.0000,2.0000,0.0032,-0.0002,-0.0073,0.0415,2.0000,tau_limit
26928,20.0000,2.0000,0.0032,-0.0002,-0.0073,0.0464,2.0000,tau_limit
26933,20.0000,2.0000,0.0032,-0.0002,-0.0073,0.0464,2.0000,tau_limit
26938,20.0000,2.0000,0.0032,-0.0002,-0.0073,0.0464,2.0000,tau_limit
26943,20.0000,2.0000,0.0032,-0.0002,-0.0073,0.0464,2.0000,tau_limit
26949,20.0000,2.0000,0.0032,-0.0002,-0.0073,0.0415,2.0000,tau_limit
26954,20.0000,2.0000,0.0032,-0.0002,-0.0073,0.0464,2.0000,tau_limit
26959,20.0000,2.0000,0.0032,-0.0002,-0.0073,0.0415,2.0000,tau_limit
26964,20.0000,2.0000,0.0032,-0.0002,-0.0073,0.0464,2.0000,tau_limit
26969,20.0000,2.0000,0.0032,-0.0002,-0.0073,0.0464,2.0000,tau_limit
26974,20.0000,2.0000,0.0032,-0.0002,-0.0073,0.0464,2.0000,tau_limit
26979,20.0000,2.0000,0.0032,-0.0002,-0.0073,0.0464,2.0000,tau_limit
26984,20.0000,2.0000,0.0032,-0.0002,-0.0073,0.0464,2.0000,tau_limit
26989,20.0000,2.0000,0.0032,-0.0002,-0.0073,0.0464,2.0000,tau_limit
26994,20.0000,2.0000,0.0032,-0.0002,-0.0073,0.0464,2.0000,tau_limit
26999,20.0000,2.0000,0.0032,-0.0002,-0.0073,0.0464,2.0000,tau_limit
27004,20.0000,2.0000,0.0032,-0.0002,-0.0073,0.0464,2.0000,tau_limit
27009,20.0000,2.0000,0.0032,-0.0002,-0.0073,0.0415,2.0000,tau_limit
27014,20.0000,2.0000,0.0032,-0.0002,-0.0073,0.0464,2.0000,tau_limit
27019,20.0000,2.0000,0.0032,-0.0002,-0.0073,0.0464,2.0000,tau_limit
27024,20.0000,2.0000,0.0032,-0.0002,-0.0073,0.0513,2.0000,tau_limit
27029,20.0000,2.0000,0.0032,-0.0002,-0.0073,0.0464,2.0000,tau_limit
27035,20.0000,2.0000,0.0032,-0.0002,-0.0073,0.0464,2.0000,tau_limit
27040,20.0000,2.0000,0.0032,-0.0002,-0.0073,0.0513,2.0000,tau_limit
27045,20.0000,2.0000,0.0032,-0.0002,-0.0073,0.0513,2.0000,tau_limit
27050,20.0000,2.0000,0.0032,-0.0002,-0.0073,0.0513,2.0000,tau_limit
27055,20.0000,2.0000,0.0032,-0.0002,-0.0073,0.0464,2.0000,tau_limit
27060,20.0000,2.0000,0.0032,-0.0002,-0.0073,0.0513,2.0000,tau_limit
27065,20.0000,2.0000,0.0032,-0.0002,-0.0073,0.0513,2.0000,tau_limit
27070,20.0000,2.0000,0.0032,-0.0002,-0.0073,0.0513,2.0000,tau_limit
27075,20.0000,2.0000,0.0032,-0.0002,-0.0220,0.0513,2.0000,tau_limit
27080,20.0000,2.0000,0.0032,-0.0002,-0.0073,0.0562,2.0000,tau_limit
27085,20.0000,2.0000,0.0032,-0.0006,-0.0073,0.0513,2.0000,tau_limit
27090,20.0000,2.0000,0.0032,-0.0006,-0.0073,0.0513,2.0000,tau_limit
27095,20.0000,2.0000,0.0032,-0.0006,-0.0073,0.0513,2.0000,tau_limit
27100,20.0000,2.0000,0.0032,-0.0006,-0.0073,0.0513,2.0000,tau_limit
27105,20.0000,2.0000,0.0032,-0.0006,-0.0073,0.0513,2.0000,tau_limit
27110,20.0000,2.0000,0.0032,-0.0006,-0.0073,0.0513,2.0000,tau_limit
27115,20.0000,2.0000,0.0032,-0.0006,-0.0073,0.0513,2.0000,tau_limit
27120,20.0000,2.0000,0.0032,-0.0006,-0.0073,0.0513,2.0000,tau_limit
27126,20.0000,2.0000,0.0032,-0.0006,-0.0073,0.0562,2.0000,tau_limit
27131,20.0000,2.0000,0.0032,-0.0006,-0.0073,0.0562,2.0000,tau_limit
27136,20.0000,2.0000,0.0032,-0.0006,-0.0073,0.0562,2.0000,tau_limit
27141,20.0000,2.0000,0.0032,-0.0006,-0.0073,0.0562,2.0000,tau_limit
27146,20.0000,2.0000,0.0032,-0.0006,-0.0073,0.0562,2.0000,tau_limit
27151,20.0000,2.0000,0.0032,-0.0006,-0.0073,0.0562,2.0000,tau_limit
27156,20.0000,2.0000,0.0032,-0.0006,-0.0073,0.0562,2.0000,tau_limit
27161,20.0000,2.0000,0.0032,-0.0006,-0.0073,0.0513,2.0000,tau_limit
27166,20.0000,2.0000,0.0032,-0.0006,-0.0073,0.0562,2.0000,tau_limit
27171,20.0000,2.0000,0.0032,-0.0006,-0.0073,0.0562,2.0000,tau_limit
27176,20.0000,2.0000,0.0032,-0.0006,-0.0073,0.0562,2.0000,tau_limit
27181,20.0000,2.0000,0.0032,-0.0006,-0.0073,0.0611,2.0000,tau_limit
27186,20.0000,2.0000,0.0032,-0.0006,-0.0073,0.0562,2.0000,tau_limit
27191,20.0000,2.0000,0.0032,-0.0006,-0.0073,0.0562,2.0000,tau_limit
27196,20.0000,2.0000,0.0032,-0.0006,-0.0073,0.0562,2.0000,tau_limit
27201,20.0000,2.0000,0.0032,-0.0006,-0.0073,0.0562,2.0000,tau_limit
27206,20.0000,2.0000,0.0032,-0.0006,-0.0220,0.0562,2.0000,tau_limit
27211,20.0000,2.0000,0.0032,-0.0006,-0.0073,0.0611,2.0000,tau_limit
27217,20.0000,2.0000,0.0032,-0.0006,-0.0073,0.0562,2.0000,tau_limit
27222,20.0000,2.0000,0.0032,-0.0006,-0.0073,0.0562,2.0000,tau_limit
27227,20.0000,2.0000,0.0032,-0.0006,-0.0073,0.0562,2.0000,tau_limit
27232,20.0000,2.0000,0.0032,-0.0006,-0.0073,0.0562,2.0000,tau_limit
27237,20.0000,2.0000,0.0032,-0.0006,-0.0073,0.0562,2.0000,tau_limit
27242,20.0000,2.0000,0.0032,-0.0006,-0.0073,0.0562,2.0000,tau_limit
27247,20.0000,2.0000,0.0032,-0.0006,-0.0073,0.0562,2.0000,tau_limit
27252,20.0000,2.0000,0.0032,-0.0006,-0.0073,0.0562,2.0000,tau_limit
27257,20.0000,2.0000,0.0032,-0.0006,-0.0073,0.0562,2.0000,tau_limit
27262,20.0000,2.0000,0.0032,-0.0006,-0.0073,0.0562,2.0000,tau_limit
27267,20.0000,2.0000,0.0032,-0.0006,-0.0073,0.0562,2.0000,tau_limit
27272,20.0000,2.0000,0.0032,-0.0006,-0.0073,0.0562,2.0000,tau_limit
27277,20.0000,2.0000,0.0032,-0.0006,-0.0073,0.0562,2.0000,tau_limit
27282,20.0000,2.0000,0.0032,-0.0006,-0.0073,0.0611,2.0000,tau_limit
27287,20.0000,2.0000,0.0032,-0.0006,-0.0073,0.0562,2.0000,tau_limit
27292,20.0000,2.0000,0.0032,-0.0006,-0.0073,0.0562,2.0000,tau_limit
27297,20.0000,2.0000,0.0032,-0.0006,-0.0073,0.0562,2.0000,tau_limit
27303,20.0000,2.0000,0.0032,-0.0006,-0.0073,0.0562,2.0000,tau_limit
27308,20.0000,2.0000,0.0032,-0.0006,-0.0073,0.0562,2.0000,tau_limit
27313,20.0000,2.0000,0.0032,-0.0006,-0.0073,0.0562,2.0000,tau_limit
27318,20.0000,2.0000,0.0032,-0.0006,-0.0073,0.0611,2.0000,tau_limit
27323,20.0000,2.0000,0.0032,-0.0010,-0.0073,0.0562,2.0000,tau_limit
27328,20.0000,2.0000,0.0032,-0.0010,-0.0073,0.0611,2.0000,tau_limit
27333,20.0000,2.0000,0.0032,-0.0010,-0.0073,0.0611,2.0000,tau_limit
27338,20.0000,2.0000,0.0032,-0.0010,-0.0220,0.0611,2.0000,tau_limit
27343,20.0000,2.0000,0.0032,-0.0010,-0.0073,0.0611,2.0000,tau_limit
27348,20.0000,2.0000,0.0032,-0.0010,-0.0073,0.0611,2.0000,tau_limit
27353,20.0000,2.0000,0.0032,-0.0010,-0.0073,0.0562,2.0000,tau_limit
27358,20.0000,2.0000,0.0032,-0.0010,-0.0073,0.0611,2.0000,tau_limit
27363,20.0000,2.0000,0.0032,-0.0010,-0.0073,0.0562,2.0000,tau_limit
27368,20.0000,2.0000,0.0032,-0.0010,-0.0073,0.0611,2.0000,tau_limit
27373,20.0000,2.0000,0.0032,-0.0010,-0.0073,0.0611,2.0000,tau_limit
27378,20.0000,2.0000,0.0032,-0.0010,-0.0073,0.0562,2.0000,tau_limit
27383,20.0000,2.0000,0.0032,-0.0010,-0.0073,0.0611,2.0000,tau_limit
27388,20.0000,2.0000,0.0032,-0.0010,-0.0073,0.0611,2.0000,tau_limit
27394,20.0000,2.0000,0.0032,-0.0010,-0.0073,0.0562,2.0000,tau_limit
27399,20.0000,2.0000,0.0032,-0.0010,-0.0073,0.0562,2.0000,tau_limit
27404,20.0000,2.0000,0.0032,-0.0010,-0.0073,0.0562,2.0000,tau_limit
27409,20.0000,2.0000,0.0032,-0.0010,-0.0073,0.0611,2.0000,tau_limit
27414,20.0000,2.0000,0.0032,-0.0010,-0.0073,0.0611,2.0000,tau_limit
27419,20.0000,2.0000,0.0032,-0.0010,-0.0073,0.0562,2.0000,tau_limit
27424,20.0000,2.0000,0.0032,-0.0010,-0.0073,0.0562,2.0000,tau_limit
27429,20.0000,2.0000,0.0032,-0.0010,-0.0073,0.0562,2.0000,tau_limit
27434,20.0000,2.0000,0.0032,-0.0010,-0.0073,0.0611,2.0000,tau_limit
27439,20.0000,2.0000,0.0032,-0.0010,-0.0073,0.0562,2.0000,tau_limit
27444,20.0000,2.0000,0.0032,-0.0010,-0.0073,0.0611,2.0000,tau_limit
27449,20.0000,2.0000,0.0032,-0.0010,-0.0073,0.0611,2.0000,tau_limit
27454,20.0000,2.0000,0.0032,-0.0010,-0.0073,0.0611,2.0000,tau_limit
27459,20.0000,2.0000,0.0032,-0.0010,-0.0073,0.0611,2.0000,tau_limit
27464,20.0000,2.0000,0.0032,-0.0010,-0.0073,0.0611,2.0000,tau_limit
27469,20.0000,2.0000,0.0032,-0.0010,-0.0073,0.0611,2.0000,tau_limit
27474,20.0000,2.0000,0.0032,-0.0010,-0.0073,0.0562,2.0000,tau_limit
27480,20.0000,2.0000,0.0032,-0.0010,-0.0073,0.0562,2.0000,tau_limit
27485,20.0000,2.0000,0.0032,-0.0010,-0.0073,0.0562,2.0000,tau_limit
27490,20.0000,2.0000,0.0032,-0.0010,-0.0073,0.0562,2.0000,tau_limit
27495,20.0000,2.0000,0.0032,-0.0010,-0.0073,0.0562,2.0000,tau_limit
27500,20.0000,2.0000,0.0032,-0.0010,-0.0073,0.0562,2.0000,tau_limit
27505,20.0000,2.0000,0.0032,-0.0010,-0.0073,0.0562,2.0000,tau_limit
27510,20.0000,2.0000,0.0032,-0.0010,-0.0073,0.0562,2.0000,tau_limit
27515,20.0000,2.0000,0.0032,-0.0010,-0.0073,0.0611,2.0000,tau_limit
27520,20.0000,2.0000,0.0032,-0.0010,-0.0073,0.0611,2.0000,tau_limit
27525,20.0000,2.0000,0.0032,-0.0010,-0.0073,0.0611,2.0000,tau_limit
27530,20.0000,2.0000,0.0032,-0.0010,-0.0073,0.0562,2.0000,tau_limit
27535,20.0000,2.0000,0.0032,-0.0010,-0.0073,0.0611,2.0000,tau_limit
27540,20.0000,2.0000,0.0032,-0.0010,-0.0073,0.0611,2.0000,tau_limit
27545,20.0000,2.0000,0.0032,-0.0010,-0.0073,0.0611,2.0000,tau_limit
27550,20.0000,2.0000,0.0032,-0.0010,-0.0073,0.0562,2.0000,tau_limit
27555,20.0000,2.0000,0.0032,-0.0010,-0.0073,0.0562,2.0000,tau_limit
27560,20.0000,2.0000,0.0032,-0.0010,-0.0073,0.0562,2.0000,tau_limit
27565,20.0000,2.0000,0.0032,-0.0010,-0.0073,0.0611,2.0000,tau_limit
27571,20.0000,2.0000,0.0032,-0.0010,-0.0073,0.0611,2.0000,tau_limit
27576,20.0000,2.0000,0.0032,-0.0010,-0.0073,0.0611,2.0000,tau_limit
27581,20.0000,2.0000,0.0032,-0.0010,-0.0073,0.0611,2.0000,tau_limit
27586,20.0000,2.0000,0.0032,-0.0010,-0.0073,0.0562,2.0000,tau_limit
27591,20.0000,2.0000,0.0032,-0.0010,-0.0073,0.0611,2.0000,tau_limit
27596,20.0000,2.0000,0.0032,-0.0010,-0.0073,0.0611,2.0000,tau_limit
27601,20.0000,2.0000,0.0032,-0.0010,-0.0073,0.0611,2.0000,tau_limit
27606,20.0000,2.0000,0.0032,-0.0010,-0.0073,0.0611,2.0000,tau_limit
27611,20.0000,2.0000,0.0032,-0.0010,-0.0073,0.0611,2.0000,tau_limit
27616,20.0000,2.0000,0.0032,-0.0010,-0.0073,0.0611,2.0000,tau_limit
27621,20.0000,2.0000,0.0032,-0.0010,-0.0073,0.0562,2.0000,tau_limit
27626,20.0000,2.0000,0.0032,-0.0010,-0.0073,0.0562,2.0000,tau_limit
27631,20.0000,2.0000,0.0032,-0.0010,-0.0073,0.0562,2.0000,tau_limit
27636,20.0000,2.0000,0.0032,-0.0010,-0.0073,0.0562,2.0000,tau_limit
27641,20.0000,2.0000,0.0032,-0.0010,-0.0073,0.0562,2.0000,tau_limit
27646,20.0000,2.0000,0.0032,-0.0010,-0.0073,0.0562,2.0000,tau_limit
27651,20.0000,2.0000,0.0032,-0.0010,-0.0073,0.0611,2.0000,tau_limit
27657,20.0000,2.0000,0.0032,-0.0010,-0.0073,0.0562,2.0000,tau_limit
27662,20.0000,2.0000,0.0032,-0.0010,-0.0073,0.0611,2.0000,tau_limit
27667,20.0000,2.0000,0.0032,-0.0010,-0.0073,0.0611,2.0000,tau_limit
27672,20.0000,2.0000,0.0032,-0.0010,-0.0073,0.0562,2.0000,tau_limit
27677,20.0000,2.0000,0.0032,-0.0010,-0.0073,0.0611,2.0000,tau_limit
27682,20.0000,2.0000,0.0032,-0.0010,-0.0073,0.0611,2.0000,tau_limit
27687,20.0000,2.0000,0.0032,-0.0010,-0.0073,0.0611,2.0000,tau_limit
27692,20.0000,2.0000,0.0032,-0.0010,-0.0073,0.0611,2.0000,tau_limit
27697,20.0000,2.0000,0.0032,-0.0010,-0.0073,0.0611,2.0000,tau_limit
27702,20.0000,2.0000,0.0032,-0.0010,-0.0073,0.0562,2.0000,tau_limit
27707,20.0000,2.0000,0.0032,-0.0010,-0.0073,0.0611,2.0000,tau_limit
27712,20.0000,2.0000,0.0032,-0.0010,-0.0073,0.0562,2.0000,tau_limit
27717,20.0000,2.0000,0.0032,-0.0010,-0.0073,0.0562,2.0000,tau_limit
27722,20.0000,2.0000,0.0032,-0.0010,-0.0073,0.0562,2.0000,tau_limit
27727,20.0000,2.0000,0.0032,-0.0010,-0.0073,0.0611,2.0000,tau_limit
27732,20.0000,2.0000,0.0032,-0.0010,-0.0073,0.0562,2.0000,tau_limit
27737,20.0000,2.0000,0.0032,-0.0010,-0.0073,0.0611,2.0000,tau_limit
27742,20.0000,2.0000,0.0032,-0.0010,-0.0073,0.0562,2.0000,tau_limit
27747,20.0000,2.0000,0.0032,-0.0010,-0.0073,0.0611,2.0000,tau_limit
27752,20.0000,2.0000,0.0032,-0.0010,-0.0073,0.0611,2.0000,tau_limit
27758,20.0000,2.0000,0.0032,-0.0010,-0.0073,0.0611,2.0000,tau_limit
27763,20.0000,2.0000,0.0032,-0.0010,-0.0073,0.0562,2.0000,tau_limit
27768,20.0000,2.0000,0.0032,-0.0010,-0.0073,0.0611,2.0000,tau_limit
27773,20.0000,2.0000,0.0032,-0.0010,-0.0073,0.0611,2.0000,tau_limit
27778,20.0000,2.0000,0.0032,-0.0010,-0.0073,0.0611,2.0000,tau_limit
27783,20.0000,2.0000,0.0032,-0.0010,-0.0073,0.0611,2.0000,tau_limit
27788,20.0000,2.0000,0.0032,-0.0010,-0.0073,0.0611,2.0000,tau_limit
27793,20.0000,2.0000,0.0032,-0.0010,-0.0073,0.0659,2.0000,tau_limit
27798,20.0000,2.0000,0.0032,-0.0010,-0.0073,0.0611,2.0000,tau_limit
27803,20.0000,2.0000,0.0032,-0.0010,-0.0073,0.0611,2.0000,tau_limit
27808,20.0000,2.0000,0.0032,-0.0010,-0.0073,0.0611,2.0000,tau_limit
27813,20.0000,2.0000,0.0032,-0.0010,-0.0073,0.0611,2.0000,tau_limit
27818,20.0000,2.0000,0.0032,-0.0010,-0.0073,0.0611,2.0000,tau_limit
27823,20.0000,2.0000,0.0032,-0.0010,-0.0073,0.0611,2.0000,tau_limit
27828,20.0000,2.0000,0.0032,-0.0010,-0.0073,0.0611,2.0000,tau_limit
27833,20.0000,2.0000,0.0032,-0.0010,-0.0073,0.0659,2.0000,tau_limit
27838,20.0000,2.0000,0.0032,-0.0010,-0.0073,0.0611,2.0000,tau_limit
27843,20.0000,2.0000,0.0032,-0.0010,-0.0073,0.0659,2.0000,tau_limit
27849,20.0000,2.0000,0.0032,-0.0010,-0.0073,0.0611,2.0000,tau_limit
27854,20.0000,2.0000,0.0032,-0.0010,-0.0073,0.0611,2.0000,tau_limit
27859,20.0000,2.0000,0.0032,-0.0010,-0.0073,0.0611,2.0000,tau_limit
27864,20.0000,2.0000,0.0032,-0.0010,-0.0073,0.0611,2.0000,tau_limit
27869,20.0000,2.0000,0.0032,-0.0010,-0.0073,0.0611,2.0000,tau_limit
27874,20.0000,2.0000,0.0032,-0.0010,-0.0073,0.0611,2.0000,tau_limit
27879,20.0000,2.0000,0.0032,-0.0010,-0.0073,0.0611,2.0000,tau_limit
27884,20.0000,2.0000,0.0032,-0.0010,-0.0073,0.0611,2.0000,tau_limit
27889,20.0000,2.0000,0.0032,-0.0010,-0.0073,0.0611,2.0000,tau_limit
27894,20.0000,2.0000,0.0032,-0.0010,-0.0073,0.0611,2.0000,tau_limit
27899,20.0000,2.0000,0.0032,-0.0010,-0.0073,0.0611,2.0000,tau_limit
27904,20.0000,2.0000,0.0032,-0.0010,-0.0073,0.0611,2.0000,tau_limit
27909,20.0000,2.0000,0.0032,-0.0010,-0.0073,0.0611,2.0000,tau_limit
27914,20.0000,2.0000,0.0032,-0.0010,-0.0073,0.0611,2.0000,tau_limit
27919,20.0000,2.0000,0.0032,-0.0010,-0.0073,0.0611,2.0000,tau_limit
27924,20.0000,2.0000,0.0032,-0.0010,-0.0073,0.0611,2.0000,tau_limit
27929,20.0000,2.0000,0.0032,-0.0010,-0.0073,0.0611,2.0000,tau_limit
27934,20.0000,2.0000,0.0032,-0.0010,-0.0073,0.0611,2.0000,tau_limit
27940,20.0000,2.0000,0.0032,-0.0010,-0.0073,0.0611,2.0000,tau_limit
27945,20.0000,2.0000,0.0032,-0.0010,-0.0073,0.0562,2.0000,tau_limit
27950,20.0000,2.0000,0.0032,-0.0010,-0.0073,0.0562,2.0000,tau_limit
27955,20.0000,2.0000,0.0032,-0.0010,-0.0073,0.0513,2.0000,tau_limit
27960,20.0000,2.0000,0.0032,-0.0010,-0.0073,0.0562,2.0000,tau_limit
27965,20.0000,2.0000,0.0032,-0.0010,0.0073,0.0562,2.0000,tau_limit
27970,20.0000,2.0000,0.0032,-0.0010,-0.0073,0.0513,2.0000,tau_limit
27975,20.0000,2.0000,0.0032,-0.0010,-0.0073,0.0513,2.0000,tau_limit
27980,20.0000,2.0000,0.0032,-0.0010,0.0073,0.0513,2.0000,tau_limit
27985,20.0000,2.0000,0.0032,-0.0010,-0.0073,0.0562,2.0000,tau_limit
27990,20.0000,2.0000,0.0032,-0.0006,0.0073,0.0513,2.0000,tau_limit
27995,20.0000,2.0000,0.0032,-0.0006,-0.0073,0.0464,2.0000,tau_limit
28000,20.0000,2.0000,0.0032,-0.0006,-0.0073,0.0513,2.0000,tau_limit
28005,20.0000,2.0000,0.0032,-0.0006,-0.0073,0.0464,2.0000,tau_limit
28010,20.0000,2.0000,0.0032,-0.0006,-0.0073,0.0513,2.0000,tau_limit
28015,20.0000,2.0000,0.0032,-0.0006,0.0073,0.0513,2.0000,tau_limit
28020,20.0000,2.0000,0.0032,-0.0006,-0.0073,0.0513,2.0000,tau_limit
28025,20.0000,2.0000,0.0032,-0.0006,-0.0073,0.0513,2.0000,tau_limit
28031,20.0000,2.0000,0.0032,-0.0006,-0.0073,0.0464,2.0000,tau_limit
28036,20.0000,2.0000,0.0032,-0.0006,-0.0073,0.0464,2.0000,tau_limit
28041,20.0000,2.0000,0.0032,-0.0006,-0.0073,0.0513,2.0000,tau_limit
28046,20.0000,2.0000,0.0032,-0.0006,-0.0073,0.0513,2.0000,tau_limit
28051,20.0000,2.0000,0.0032,-0.0006,-0.0073,0.0513,2.0000,tau_limit
28056,20.0000,2.0000,0.0032,-0.0006,-0.0073,0.0513,2.0000,tau_limit
28061,20.0000,2.0000,0.0032,-0.0006,-0.0073,0.0513,2.0000,tau_limit
28066,20.0000,2.0000,0.0032,-0.0006,-0.0073,0.0513,2.0000,tau_limit
28071,20.0000,2.0000,0.0032,-0.0006,-0.0073,0.0513,2.0000,tau_limit
28076,20.0000,2.0000,0.0032,-0.0006,-0.0073,0.0513,2.0000,tau_limit
28081,20.0000,2.0000,0.0032,-0.0006,-0.0073,0.0513,2.0000,tau_limit
28086,20.0000,2.0000,0.0032,-0.0006,-0.0073,0.0513,2.0000,tau_limit
28091,20.0000,2.0000,0.0032,-0.0006,-0.0073,0.0513,2.0000,tau_limit
28096,20.0000,2.0000,0.0032,-0.0006,-0.0073,0.0513,2.0000,tau_limit
28101,20.0000,2.0000,0.0032,-0.0006,-0.0073,0.0513,2.0000,tau_limit
28106,20.0000,2.0000,0.0032,-0.0006,-0.0073,0.0513,2.0000,tau_limit
28111,20.0000,2.0000,0.0032,-0.0006,-0.0073,0.0513,2.0000,tau_limit
28117,20.0000,2.0000,0.0032,-0.0006,-0.0073,0.0513,2.0000,tau_limit
28122,20.0000,2.0000,0.0032,-0.0006,-0.0073,0.0513,2.0000,tau_limit
28127,20.0000,2.0000,0.0032,-0.0006,-0.0073,0.0513,2.0000,tau_limit
28132,20.0000,2.0000,0.0032,-0.0006,-0.0073,0.0513,2.0000,tau_limit
28137,20.0000,2.0000,0.0032,-0.0006,-0.0073,0.0513,2.0000,tau_limit
28142,20.0000,2.0000,0.0032,-0.0006,-0.0073,0.0513,2.0000,tau_limit
28147,20.0000,2.0000,0.0032,-0.0006,-0.0073,0.0513,2.0000,tau_limit
28152,20.0000,2.0000,0.0032,-0.0006,-0.0073,0.0513,2.0000,tau_limit
28157,20.0000,2.0000,0.0032,-0.0006,-0.0073,0.0513,2.0000,tau_limit
28162,20.0000,2.0000,0.0032,-0.0006,-0.0073,0.0513,2.0000,tau_limit
28167,20.0000,2.0000,0.0032,-0.0006,-0.0073,0.0513,2.0000,tau_limit
28172,20.0000,2.0000,0.0032,-0.0006,-0.0073,0.0513,2.0000,tau_limit
28177,20.0000,2.0000,0.0032,-0.0006,-0.0073,0.0513,2.0000,tau_limit
28182,20.0000,2.0000,0.0032,-0.0006,-0.0073,0.0513,2.0000,tau_limit
28187,20.0000,2.0000,0.0032,-0.0006,-0.0073,0.0513,2.0000,tau_limit
28192,20.0000,2.0000,0.0032,-0.0006,-0.0073,0.0513,2.0000,tau_limit
28197,20.0000,2.0000,0.0032,-0.0006,-0.0073,0.0513,2.0000,tau_limit
28203,20.0000,2.0000,0.0032,-0.0006,-0.0073,0.0513,2.0000,tau_limit
28208,20.0000,2.0000,0.0032,-0.0006,-0.0073,0.0513,2.0000,tau_limit
28213,20.0000,2.0000,0.0032,-0.0006,-0.0073,0.0513,2.0000,tau_limit
28218,20.0000,2.0000,0.0032,-0.0006,-0.0073,0.0513,2.0000,tau_limit
28223,20.0000,2.0000,0.0032,-0.0006,-0.0073,0.0513,2.0000,tau_limit
28228,20.0000,2.0000,0.0032,-0.0006,-0.0073,0.0562,2.0000,tau_limit
28233,20.0000,2.0000,0.0032,-0.0006,-0.0073,0.0513,2.0000,tau_limit
28238,20.0000,2.0000,0.0032,-0.0006,-0.0073,0.0562,2.0000,tau_limit
28243,20.0000,2.0000,0.0032,-0.0006,-0.0073,0.0513,2.0000,tau_limit
28248,20.0000,2.0000,0.0032,-0.0006,-0.0073,0.0513,2.0000,tau_limit
28253,20.0000,2.0000,0.0032,-0.0006,-0.0073,0.0513,2.0000,tau_limit
28258,20.0000,2.0000,0.0032,-0.0006,-0.0073,0.0513,2.0000,tau_limit
28263,20.0000,2.0000,0.0032,-0.0006,-0.0073,0.0513,2.0000,tau_limit
28268,20.0000,2.0000,0.0032,-0.0006,-0.0073,0.0513,2.0000,tau_limit
28273,20.0000,2.0000,0.0032,-0.0006,-0.0073,0.0513,2.0000,tau_limit
28278,20.0000,2.0000,0.0032,-0.0006,-0.0073,0.0513,2.0000,tau_limit
28283,20.0000,2.0000,0.0032,-0.0006,-0.0073,0.0513,2.0000,tau_limit
28288,20.0000,2.0000,0.0032,-0.0006,-0.0073,0.0513,2.0000,tau_limit
28294,20.0000,2.0000,0.0032,-0.0006,-0.0073,0.0513,2.0000,tau_limit
28299,20.0000,2.0000,0.0032,-0.0006,-0.0073,0.0513,2.0000,tau_limit
28304,20.0000,2.0000,0.0032,-0.0006,-0.0073,0.0513,2.0000,tau_limit
28309,20.0000,2.0000,0.0032,-0.0006,-0.0073,0.0513,2.0000,tau_limit
28314,20.0000,2.0000,0.0032,-0.0006,-0.0073,0.0513,2.0000,tau_limit
28319,20.0000,2.0000,0.0032,-0.0006,-0.0073,0.0513,2.0000,tau_limit
28324,20.0000,2.0000,0.0032,-0.0006,-0.0073,0.0513,2.0000,tau_limit
28329,20.0000,2.0000,0.0032,-0.0006,-0.0073,0.0513,2.0000,tau_limit
28334,20.0000,2.0000,0.0032,-0.0006,-0.0073,0.0513,2.0000,tau_limit
28339,20.0000,2.0000,0.0032,-0.0006,-0.0073,0.0513,2.0000,tau_limit
28344,20.0000,2.0000,0.0032,-0.0006,-0.0073,0.0513,2.0000,tau_limit
28349,20.0000,2.0000,0.0032,-0.0006,-0.0073,0.0513,2.0000,tau_limit
28354,20.0000,2.0000,0.0032,-0.0006,-0.0073,0.0513,2.0000,tau_limit
28359,20.0000,2.0000,0.0032,-0.0006,-0.0073,0.0513,2.0000,tau_limit
28364,20.0000,2.0000,0.0032,-0.0006,-0.0073,0.0513,2.0000,tau_limit
28369,20.0000,2.0000,0.0032,-0.0006,-0.0073,0.0513,2.0000,tau_limit
28374,20.0000,2.0000,0.0032,-0.0006,-0.0073,0.0513,2.0000,tau_limit
28379,20.0000,2.0000,0.0032,-0.0006,-0.0073,0.0513,2.0000,tau_limit
28385,20.0000,2.0000,0.0032,-0.0006,-0.0073,0.0513,2.0000,tau_limit
28390,20.0000,2.0000,0.0032,-0.0006,-0.0073,0.0513,2.0000,tau_limit
28395,20.0000,2.0000,0.0032,-0.0006,-0.0073,0.0513,2.0000,tau_limit
28400,20.0000,2.0000,0.0032,-0.0006,-0.0073,0.0513,2.0000,tau_limit
28405,20.0000,2.0000,0.0032,-0.0006,-0.0073,0.0513,2.0000,tau_limit
28410,20.0000,2.0000,0.0032,-0.0006,-0.0073,0.0513,2.0000,tau_limit
28415,20.0000,2.0000,0.0032,-0.0006,-0.0073,0.0513,2.0000,tau_limit
28420,20.0000,2.0000,0.0032,-0.0006,-0.0073,0.0513,2.0000,tau_limit
28425,20.0000,2.0000,0.0032,-0.0006,-0.0073,0.0513,2.0000,tau_limit
28430,20.0000,2.0000,0.0032,-0.0006,-0.0073,0.0513,2.0000,tau_limit
28435,20.0000,2.0000,0.0032,-0.0006,-0.0073,0.0513,2.0000,tau_limit
28440,20.0000,2.0000,0.0032,-0.0006,-0.0073,0.0513,2.0000,tau_limit
28445,20.0000,2.0000,0.0032,-0.0006,-0.0073,0.0513,2.0000,tau_limit
28450,20.0000,2.0000,0.0032,-0.0006,-0.0073,0.0513,2.0000,tau_limit
28455,20.0000,2.0000,0.0032,-0.0006,-0.0073,0.0513,2.0000,tau_limit
28460,20.0000,2.0000,0.0032,-0.0006,-0.0073,0.0513,2.0000,tau_limit
28465,20.0000,2.0000,0.0032,-0.0006,-0.0073,0.0513,2.0000,tau_limit
28471,20.0000,2.0000,0.0032,-0.0006,-0.0073,0.0513,2.0000,tau_limit
28476,20.0000,2.0000,0.0032,-0.0006,-0.0073,0.0513,2.0000,tau_limit
28481,20.0000,2.0000,0.0032,-0.0006,-0.0073,0.0513,2.0000,tau_limit
28486,20.0000,2.0000,0.0032,-0.0006,-0.0073,0.0513,2.0000,tau_limit
28491,20.0000,2.0000,0.0032,-0.0006,-0.0073,0.0513,2.0000,tau_limit
28496,20.0000,2.0000,0.0032,-0.0006,-0.0073,0.0513,2.0000,tau_limit
28501,20.0000,2.0000,0.0032,-0.0006,-0.0073,0.0513,2.0000,tau_limit
28506,20.0000,2.0000,0.0032,-0.0006,-0.0073,0.0562,2.0000,tau_limit
28511,20.0000,2.0000,0.0032,-0.0006,-0.0073,0.0513,2.0000,tau_limit
28516,20.0000,2.0000,0.0032,-0.0006,-0.0073,0.0513,2.0000,tau_limit
28521,20.0000,2.0000,0.0032,-0.0006,-0.0073,0.0513,2.0000,tau_limit
28526,20.0000,2.0000,0.0032,-0.0006,-0.0073,0.0513,2.0000,tau_limit
28531,20.0000,2.0000,0.0032,-0.0006,-0.0073,0.0513,2.0000,tau_limit
28536,20.0000,2.0000,0.0032,-0.0006,-0.0073,0.0562,2.0000,tau_limit
28541,20.0000,2.0000,0.0032,-0.0006,-0.0073,0.0562,2.0000,tau_limit
28546,20.0000,2.0000,0.0032,-0.0006,-0.0073,0.0513,2.0000,tau_limit
28551,20.0000,2.0000,0.0032,-0.0006,-0.0073,0.0513,2.0000,tau_limit
28556,20.0000,2.0000,0.0032,-0.0006,-0.0073,0.0513,2.0000,tau_limit
28561,20.0000,2.0000,0.0032,-0.0006,-0.0073,0.0513,2.0000,tau_limit
28567,20.0000,2.0000,0.0032,-0.0006,-0.0073,0.0513,2.0000,tau_limit
28572,20.0000,2.0000,0.0032,-0.0006,-0.0073,0.0513,2.0000,tau_limit
28577,20.0000,2.0000,0.0032,-0.0006,-0.0073,0.0513,2.0000,tau_limit
28582,20.0000,2.0000,0.0032,-0.0006,-0.0073,0.0513,2.0000,tau_limit
28587,20.0000,2.0000,0.0032,-0.0006,-0.0073,0.0513,2.0000,tau_limit
28592,20.0000,2.0000,0.0032,-0.0006,-0.0073,0.0513,2.0000,tau_limit
28597,20.0000,2.0000,0.0032,-0.0006,-0.0073,0.0513,2.0000,tau_limit
28602,20.0000,2.0000,0.0032,-0.0006,-0.0073,0.0513,2.0000,tau_limit
28607,20.0000,2.0000,0.0032,-0.0006,-0.0073,0.0562,2.0000,tau_limit
28612,20.0000,2.0000,0.0032,-0.0006,-0.0073,0.0513,2.0000,tau_limit
28617,20.0000,2.0000,0.0032,-0.0006,-0.0073,0.0513,2.0000,tau_limit
28622,20.0000,2.0000,0.0032,-0.0006,-0.0073,0.0513,2.0000,tau_limit
28627,20.0000,2.0000,0.0032,-0.0006,-0.0073,0.0513,2.0000,tau_limit
28632,20.0000,2.0000,0.0032,-0.0006,-0.0073,0.0562,2.0000,tau_limit
28637,20.0000,2.0000,0.0032,-0.0006,-0.0073,0.0513,2.0000,tau_limit
28642,20.0000,2.0000,0.0032,-0.0006,-0.0073,0.0513,2.0000,tau_limit
28647,20.0000,2.0000,0.0032,-0.0006,-0.0073,0.0513,2.0000,tau_limit
28653,20.0000,2.0000,0.0032,-0.0006,-0.0073,0.0513,2.0000,tau_limit
28658,20.0000,2.0000,0.0032,-0.0006,-0.0073,0.0513,2.0000,tau_limit
28663,20.0000,2.0000,0.0032,-0.0006,-0.0073,0.0513,2.0000,tau_limit
28668,20.0000,2.0000,0.0032,-0.0006,-0.0073,0.0513,2.0000,tau_limit
28673,20.0000,2.0000,0.0032,-0.0006,-0.0073,0.0513,2.0000,tau_limit
28678,20.0000,2.0000,0.0032,-0.0006,-0.0073,0.0513,2.0000,tau_limit
28683,20.0000,2.0000,0.0032,-0.0006,-0.0073,0.0513,2.0000,tau_limit
28688,20.0000,2.0000,0.0032,-0.0006,-0.0073,0.0513,2.0000,tau_limit
28693,20.0000,2.0000,0.0032,-0.0006,-0.0073,0.0513,2.0000,tau_limit
28698,20.0000,2.0000,0.0032,-0.0006,-0.0073,0.0513,2.0000,tau_limit
28703,20.0000,2.0000,0.0032,-0.0006,-0.0073,0.0513,2.0000,tau_limit
28708,20.0000,2.0000,0.0032,-0.0006,-0.0073,0.0513,2.0000,tau_limit
28713,20.0000,2.0000,0.0032,-0.0006,-0.0073,0.0562,2.0000,tau_limit
28718,20.0000,2.0000,0.0032,-0.0006,-0.0073,0.0513,2.0000,tau_limit
28723,20.0000,2.0000,0.0032,-0.0006,-0.0073,0.0513,2.0000,tau_limit
28728,20.0000,2.0000,0.0032,-0.0006,-0.0073,0.0513,2.0000,tau_limit
28733,20.0000,2.0000,0.0032,-0.0006,-0.0073,0.0513,2.0000,tau_limit
28738,20.0000,2.0000,0.0032,-0.0006,-0.0073,0.0513,2.0000,tau_limit
28744,20.0000,2.0000,0.0032,-0.0006,-0.0073,0.0513,2.0000,tau_limit
28749,20.0000,2.0000,0.0032,-0.0006,-0.0073,0.0562,2.0000,tau_limit
28754,20.0000,2.0000,0.0032,-0.0006,-0.0073,0.0513,2.0000,tau_limit
28759,20.0000,2.0000,0.0032,-0.0006,-0.0073,0.0513,2.0000,tau_limit
28764,20.0000,2.0000,0.0032,-0.0006,-0.0073,0.0513,2.0000,tau_limit
28769,20.0000,2.0000,0.0032,-0.0006,-0.0073,0.0513,2.0000,tau_limit
28774,20.0000,2.0000,0.0032,-0.0006,-0.0073,0.0513,2.0000,tau_limit
28779,20.0000,2.0000,0.0032,-0.0006,-0.0073,0.0513,2.0000,tau_limit
28784,20.0000,2.0000,0.0032,-0.0006,-0.0073,0.0513,2.0000,tau_limit
28789,20.0000,2.0000,0.0032,-0.0006,-0.0073,0.0513,2.0000,tau_limit
28794,20.0000,2.0000,0.0032,-0.0006,-0.0073,0.0513,2.0000,tau_limit
28799,20.0000,2.0000,0.0032,-0.0006,-0.0073,0.0513,2.0000,tau_limit
28804,20.0000,2.0000,0.0032,-0.0006,-0.0073,0.0513,2.0000,tau_limit
28809,20.0000,2.0000,0.0032,-0.0006,-0.0073,0.0513,2.0000,tau_limit
28814,20.0000,2.0000,0.0032,-0.0006,-0.0073,0.0513,2.0000,tau_limit
28819,20.0000,2.0000,0.0032,-0.0006,-0.0073,0.0513,2.0000,tau_limit
28824,20.0000,2.0000,0.0032,-0.0006,-0.0073,0.0513,2.0000,tau_limit
28829,20.0000,2.0000,0.0032,-0.0006,-0.0073,0.0513,2.0000,tau_limit
28835,20.0000,2.0000,0.0032,-0.0006,-0.0073,0.0513,2.0000,tau_limit
28840,20.0000,2.0000,0.0032,-0.0006,-0.0073,0.0513,2.0000,tau_limit
28845,20.0000,2.0000,0.0032,-0.0006,-0.0073,0.0513,2.0000,tau_limit
28850,20.0000,2.0000,0.0032,-0.0006,-0.0073,0.0562,2.0000,tau_limit
28855,20.0000,2.0000,0.0032,-0.0006,-0.0073,0.0562,2.0000,tau_limit
28860,20.0000,2.0000,0.0032,-0.0006,-0.0073,0.0513,2.0000,tau_limit
28865,20.0000,2.0000,0.0032,-0.0006,-0.0073,0.0513,2.0000,tau_limit
28870,20.0000,2.0000,0.0032,-0.0006,-0.0073,0.0513,2.0000,tau_limit
28875,20.0000,2.0000,0.0032,-0.0006,-0.0073,0.0513,2.0000,tau_limit
28880,20.0000,2.0000,0.0032,-0.0006,-0.0073,0.0513,2.0000,tau_limit
28885,20.0000,2.0000,0.0032,-0.0006,-0.0073,0.0562,2.0000,tau_limit
28890,20.0000,2.0000,0.0032,-0.0006,-0.0073,0.0562,2.0000,tau_limit
28895,20.0000,2.0000,0.0032,-0.0006,-0.0073,0.0513,2.0000,tau_limit
28900,20.0000,2.0000,0.0032,-0.0006,-0.0073,0.0513,2.0000,tau_limit
28905,20.0000,2.0000,0.0032,-0.0006,-0.0073,0.0513,2.0000,tau_limit
28910,20.0000,2.0000,0.0032,-0.0006,-0.0073,0.0513,2.0000,tau_limit
28915,20.0000,2.0000,0.0032,-0.0006,-0.0073,0.0513,2.0000,tau_limit
28920,20.0000,2.0000,0.0032,-0.0006,-0.0073,0.0513,2.0000,tau_limit
28926,20.0000,2.0000,0.0032,-0.0006,-0.0073,0.0513,2.0000,tau_limit
28931,20.0000,2.0000,0.0032,-0.0006,-0.0073,0.0513,2.0000,tau_limit
28936,20.0000,2.0000,0.0032,-0.0006,-0.0073,0.0513,2.0000,tau_limit
28941,20.0000,2.0000,0.0032,-0.0006,-0.0073,0.0513,2.0000,tau_limit
28946,20.0000,2.0000,0.0032,-0.0006,-0.0073,0.0513,2.0000,tau_limit
28951,20.0000,2.0000,0.0032,-0.0006,-0.0073,0.0513,2.0000,tau_limit
28956,20.0000,2.0000,0.0032,-0.0006,-0.0073,0.0513,2.0000,tau_limit
28961,20.0000,2.0000,0.0032,-0.0006,-0.0073,0.0513,2.0000,tau_limit
28966,20.0000,2.0000,0.0032,-0.0006,-0.0073,0.0513,2.0000,tau_limit
28971,20.0000,2.0000,0.0032,-0.0006,-0.0073,0.0513,2.0000,tau_limit
28976,20.0000,2.0000,0.0032,-0.0006,-0.0073,0.0562,2.0000,tau_limit
28981,20.0000,2.0000,0.0032,-0.0006,-0.0073,0.0513,2.0000,tau_limit
28986,20.0000,2.0000,0.0032,-0.0006,-0.0073,0.0513,2.0000,tau_limit
28991,20.0000,2.0000,0.0032,-0.0006,-0.0073,0.0562,2.0000,tau_limit
28996,20.0000,2.0000,0.0032,-0.0006,-0.0073,0.0513,2.0000,tau_limit
29001,20.0000,2.0000,0.0032,-0.0006,-0.0073,0.0513,2.0000,tau_limit
29006,20.0000,2.0000,0.0032,-0.0006,-0.0073,0.0513,2.0000,tau_limit
29012,20.0000,2.0000,0.0032,-0.0006,-0.0073,0.0513,2.0000,tau_limit
29017,20.0000,2.0000,0.0032,-0.0006,-0.0073,0.0513,2.0000,tau_limit
29022,20.0000,2.0000,0.0032,-0.0006,-0.0073,0.0513,2.0000,tau_limit
29027,20.0000,2.0000,0.0032,-0.0006,-0.0073,0.0513,2.0000,tau_limit
29032,20.0000,2.0000,0.0032,-0.0006,-0.0073,0.0513,2.0000,tau_limit
29037,20.0000,2.0000,0.0032,-0.0006,-0.0073,0.0513,2.0000,tau_limit
29042,20.0000,2.0000,0.0032,-0.0006,-0.0073,0.0562,2.0000,tau_limit
29047,20.0000,2.0000,0.0032,-0.0006,-0.0073,0.0513,2.0000,tau_limit
29052,20.0000,2.0000,0.0032,-0.0006,-0.0073,0.0513,2.0000,tau_limit
29057,20.0000,2.0000,0.0032,-0.0006,-0.0073,0.0513,2.0000,tau_limit
29062,20.0000,2.0000,0.0032,-0.0006,-0.0073,0.0513,2.0000,tau_limit
29067,20.0000,2.0000,0.0032,-0.0006,-0.0073,0.0513,2.0000,tau_limit
29072,20.0000,2.0000,0.0032,-0.0006,-0.0073,0.0513,2.0000,tau_limit
29077,20.0000,2.0000,0.0032,-0.0006,-0.0073,0.0513,2.0000,tau_limit
29082,20.0000,2.0000,0.0032,-0.0006,-0.0073,0.0513,2.0000,tau_limit
29087,20.0000,2.0000,0.0032,-0.0006,-0.0073,0.0513,2.0000,tau_limit
29092,20.0000,2.0000,0.0032,-0.0006,-0.0073,0.0513,2.0000,tau_limit
29097,20.0000,2.0000,0.0032,-0.0006,-0.0073,0.0513,2.0000,tau_limit
29103,20.0000,2.0000,0.0032,-0.0006,-0.0073,0.0513,2.0000,tau_limit
29108,20.0000,2.0000,0.0032,-0.0006,-0.0073,0.0513,2.0000,tau_limit
29113,20.0000,2.0000,0.0032,-0.0006,-0.0073,0.0464,2.0000,tau_limit
29118,20.0000,2.0000,0.0032,-0.0006,-0.0073,0.0513,2.0000,tau_limit
29123,20.0000,2.0000,0.0032,-0.0006,-0.0073,0.0513,2.0000,tau_limit
29128,20.0000,2.0000,0.0032,-0.0006,-0.0073,0.0513,2.0000,tau_limit
29133,20.0000,2.0000,0.0032,-0.0006,-0.0073,0.0513,2.0000,tau_limit
29138,20.0000,2.0000,0.0032,-0.0006,-0.0073,0.0513,2.0000,tau_limit
29143,20.0000,2.0000,0.0032,-0.0006,-0.0073,0.0513,2.0000,tau_limit
29148,20.0000,2.0000,0.0032,-0.0006,-0.0073,0.0562,2.0000,tau_limit
29153,20.0000,2.0000,0.0032,-0.0006,-0.0073,0.0513,2.0000,tau_limit
29158,20.0000,2.0000,0.0032,-0.0006,-0.0073,0.0513,2.0000,tau_limit
29163,20.0000,2.0000,0.0032,-0.0006,-0.0073,0.0513,2.0000,tau_limit
29168,20.0000,2.0000,0.0032,-0.0006,-0.0073,0.0513,2.0000,tau_limit
29173,20.0000,2.0000,0.0032,-0.0006,-0.0073,0.0513,2.0000,tau_limit
29178,20.0000,2.0000,0.0032,-0.0006,-0.0073,0.0513,2.0000,tau_limit
29183,20.0000,2.0000,0.0032,-0.0006,-0.0073,0.0513,2.0000,tau_limit
29189,20.0000,2.0000,0.0032,-0.0006,-0.0073,0.0513,2.0000,tau_limit
29194,20.0000,2.0000,0.0032,-0.0006,-0.0073,0.0513,2.0000,tau_limit
29199,20.0000,2.0000,0.0032,-0.0006,-0.0073,0.0513,2.0000,tau_limit
29204,20.0000,2.0000,0.0032,-0.0006,-0.0073,0.0513,2.0000,tau_limit
29209,20.0000,2.0000,0.0032,-0.0006,-0.0073,0.0513,2.0000,tau_limit
29214,20.0000,2.0000,0.0032,-0.0006,-0.0073,0.0513,2.0000,tau_limit
29219,20.0000,2.0000,0.0032,-0.0006,-0.0073,0.0562,2.0000,tau_limit
29224,20.0000,2.0000,0.0032,-0.0006,-0.0073,0.0513,2.0000,tau_limit
29229,20.0000,2.0000,0.0032,-0.0006,-0.0073,0.0513,2.0000,tau_limit
29234,20.0000,2.0000,0.0032,-0.0006,-0.0073,0.0513,2.0000,tau_limit
29239,20.0000,2.0000,0.0032,-0.0006,-0.0073,0.0513,2.0000,tau_limit
29244,20.0000,2.0000,0.0032,-0.0006,-0.0073,0.0562,2.0000,tau_limit
29249,20.0000,2.0000,0.0032,-0.0006,-0.0073,0.0513,2.0000,tau_limit
29254,20.0000,2.0000,0.0032,-0.0006,-0.0073,0.0513,2.0000,tau_limit
29259,20.0000,2.0000,0.0032,-0.0006,-0.0073,0.0562,2.0000,tau_limit
29264,20.0000,2.0000,0.0032,-0.0006,-0.0073,0.0513,2.0000,tau_limit
29269,20.0000,2.0000,0.0032,-0.0006,-0.0073,0.0513,2.0000,tau_limit
29275,20.0000,2.0000,0.0032,-0.0006,-0.0073,0.0513,2.0000,tau_limit
29280,20.0000,2.0000,0.0032,-0.0006,-0.0073,0.0513,2.0000,tau_limit
29285,20.0000,2.0000,0.0032,-0.0006,-0.0073,0.0513,2.0000,tau_limit
29290,20.0000,2.0000,0.0032,-0.0006,-0.0073,0.0513,2.0000,tau_limit
29295,20.0000,2.0000,0.0032,-0.0006,-0.0073,0.0513,2.0000,tau_limit
29300,20.0000,2.0000,0.0032,-0.0006,-0.0073,0.0513,2.0000,tau_limit
29305,20.0000,2.0000,0.0032,-0.0006,-0.0073,0.0513,2.0000,tau_limit
29310,20.0000,2.0000,0.0032,-0.0006,-0.0073,0.0513,2.0000,tau_limit
29315,20.0000,2.0000,0.0032,-0.0006,-0.0073,0.0513,2.0000,tau_limit
29320,20.0000,2.0000,0.0032,-0.0006,-0.0073,0.0513,2.0000,tau_limit
29325,20.0000,2.0000,0.0032,-0.0006,-0.0073,0.0513,2.0000,tau_limit
29330,20.0000,2.0000,0.0032,-0.0006,-0.0073,0.0513,2.0000,tau_limit
29335,20.0000,2.0000,0.0032,-0.0006,-0.0073,0.0513,2.0000,tau_limit
29340,20.0000,2.0000,0.0032,-0.0006,-0.0073,0.0513,2.0000,tau_limit
29345,20.0000,2.0000,0.0032,-0.0006,-0.0073,0.0513,2.0000,tau_limit
29350,20.0000,2.0000,0.0032,-0.0006,-0.0073,0.0513,2.0000,tau_limit
29355,20.0000,2.0000,0.0032,-0.0006,-0.0073,0.0513,2.0000,tau_limit
29360,20.0000,2.0000,0.0032,-0.0006,-0.0073,0.0513,2.0000,tau_limit
29366,20.0000,2.0000,0.0032,-0.0006,-0.0073,0.0513,2.0000,tau_limit
29371,20.0000,2.0000,0.0032,-0.0006,-0.0073,0.0513,2.0000,tau_limit
29376,20.0000,2.0000,0.0032,-0.0006,-0.0073,0.0513,2.0000,tau_limit
29381,20.0000,2.0000,0.0032,-0.0006,-0.0073,0.0513,2.0000,tau_limit
29386,20.0000,2.0000,0.0032,-0.0006,-0.0073,0.0562,2.0000,tau_limit
29391,20.0000,2.0000,0.0032,-0.0006,-0.0073,0.0513,2.0000,tau_limit
29396,20.0000,2.0000,0.0032,-0.0006,-0.0073,0.0513,2.0000,tau_limit
29401,20.0000,2.0000,0.0032,-0.0006,-0.0073,0.0562,2.0000,tau_limit
29406,20.0000,2.0000,0.0032,-0.0006,-0.0073,0.0513,2.0000,tau_limit
29411,20.0000,2.0000,0.0032,-0.0006,-0.0073,0.0513,2.0000,tau_limit
29416,20.0000,2.0000,0.0032,-0.0006,-0.0073,0.0513,2.0000,tau_limit
29421,20.0000,2.0000,0.0032,-0.0006,-0.0073,0.0513,2.0000,tau_limit
29426,20.0000,2.0000,0.0032,-0.0006,-0.0073,0.0513,2.0000,tau_limit
29431,20.0000,2.0000,0.0032,-0.0006,-0.0073,0.0513,2.0000,tau_limit
29436,20.0000,2.0000,0.0032,-0.0006,-0.0073,0.0513,2.0000,tau_limit
29441,20.0000,2.0000,0.0032,-0.0006,-0.0073,0.0513,2.0000,tau_limit
29446,20.0000,2.0000,0.0032,-0.0006,-0.0073,0.0513,2.0000,tau_limit
29451,20.0000,2.0000,0.0032,-0.0006,-0.0073,0.0513,2.0000,tau_limit
29457,20.0000,2.0000,0.0032,-0.0006,-0.0073,0.0513,2.0000,tau_limit
29462,20.0000,2.0000,0.0032,-0.0006,-0.0073,0.0513,2.0000,tau_limit
29467,20.0000,2.0000,0.0032,-0.0006,-0.0073,0.0513,2.0000,tau_limit
29472,20.0000,2.0000,0.0032,-0.0006,-0.0073,0.0513,2.0000,tau_limit
29477,20.0000,2.0000,0.0032,-0.0006,-0.0073,0.0513,2.0000,tau_limit
29482,20.0000,2.0000,0.0032,-0.0006,-0.0073,0.0513,2.0000,tau_limit
29487,20.0000,2.0000,0.0032,-0.0006,-0.0073,0.0513,2.0000,tau_limit
29492,20.0000,2.0000,0.0032,-0.0006,-0.0073,0.0513,2.0000,tau_limit
29497,20.0000,2.0000,0.0032,-0.0006,-0.0073,0.0513,2.0000,tau_limit
29502,20.0000,2.0000,0.0032,-0.0006,-0.0073,0.0513,2.0000,tau_limit
29507,20.0000,2.0000,0.0032,-0.0006,-0.0073,0.0513,2.0000,tau_limit
29512,20.0000,2.0000,0.0032,-0.0006,-0.0073,0.0513,2.0000,tau_limit
29517,20.0000,2.0000,0.0032,-0.0006,-0.0073,0.0513,2.0000,tau_limit
29522,20.0000,2.0000,0.0032,-0.0006,-0.0073,0.0513,2.0000,tau_limit
29527,20.0000,2.0000,0.0032,-0.0006,-0.0073,0.0513,2.0000,tau_limit
29532,20.0000,2.0000,0.0032,-0.0006,-0.0073,0.0513,2.0000,tau_limit
29537,20.0000,2.0000,0.0032,-0.0006,-0.0073,0.0513,2.0000,tau_limit
29543,20.0000,2.0000,0.0032,-0.0006,-0.0073,0.0513,2.0000,tau_limit
29548,20.0000,2.0000,0.0032,-0.0006,-0.0073,0.0513,2.0000,tau_limit
29553,20.0000,2.0000,0.0032,-0.0006,-0.0073,0.0513,2.0000,tau_limit
29558,20.0000,2.0000,0.0032,-0.0006,-0.0073,0.0513,2.0000,tau_limit
29563,20.0000,2.0000,0.0032,-0.0006,-0.0073,0.0562,2.0000,tau_limit
29568,20.0000,2.0000,0.0032,-0.0006,-0.0073,0.0513,2.0000,tau_limit
29573,20.0000,2.0000,0.0032,-0.0006,-0.0073,0.0513,2.0000,tau_limit
29578,20.0000,2.0000,0.0032,-0.0006,-0.0073,0.0513,2.0000,tau_limit
29583,20.0000,2.0000,0.0032,-0.0006,-0.0073,0.0513,2.0000,tau_limit
29588,20.0000,2.0000,0.0032,-0.0006,-0.0073,0.0513,2.0000,tau_limit
29593,20.0000,2.0000,0.0032,-0.0006,-0.0073,0.0513,2.0000,tau_limit
29598,20.0000,2.0000,0.0032,-0.0006,-0.0073,0.0513,2.0000,tau_limit
29603,20.0000,2.0000,0.0032,-0.0006,-0.0073,0.0513,2.0000,tau_limit
29608,20.0000,2.0000,0.0032,-0.0006,-0.0073,0.0562,2.0000,tau_limit
29613,20.0000,2.0000,0.0032,-0.0006,-0.0073,0.0562,2.0000,tau_limit
29618,20.0000,2.0000,0.0032,-0.0006,-0.0073,0.0513,2.0000,tau_limit
29623,20.0000,2.0000,0.0032,-0.0006,-0.0073,0.0513,2.0000,tau_limit
29629,20.0000,2.0000,0.0032,-0.0006,-0.0073,0.0513,2.0000,tau_limit
29634,20.0000,2.0000,0.0032,-0.0006,-0.0073,0.0513,2.0000,tau_limit
29639,20.0000,2.0000,0.0032,-0.0006,-0.0073,0.0513,2.0000,tau_limit
29644,20.0000,2.0000,0.0032,-0.0006,-0.0073,0.0513,2.0000,tau_limit
29649,20.0000,2.0000,0.0032,-0.0006,-0.0073,0.0513,2.0000,tau_limit
29654,20.0000,2.0000,0.0032,-0.0006,-0.0073,0.0562,2.0000,tau_limit
29659,20.0000,2.0000,0.0032,-0.0006,-0.0073,0.0513,2.0000,tau_limit
29664,20.0000,2.0000,0.0032,-0.0006,-0.0073,0.0513,2.0000,tau_limit
29669,20.0000,2.0000,0.0032,-0.0006,-0.0073,0.0513,2.0000,tau_limit
29674,20.0000,2.0000,0.0032,-0.0006,-0.0073,0.0513,2.0000,tau_limit
29679,20.0000,2.0000,0.0032,-0.0006,-0.0073,0.0513,2.0000,tau_limit
29684,20.0000,2.0000,0.0032,-0.0006,-0.0073,0.0513,2.0000,tau_limit
29689,20.0000,2.0000,0.0032,-0.0006,-0.0073,0.0513,2.0000,tau_limit
29694,20.0000,2.0000,0.0032,-0.0006,-0.0073,0.0513,2.0000,tau_limit
29699,20.0000,2.0000,0.0032,-0.0006,-0.0073,0.0513,2.0000,tau_limit
29704,20.0000,2.0000,0.0032,-0.0006,-0.0073,0.0513,2.0000,tau_limit
29709,20.0000,2.0000,0.0032,-0.0006,-0.0073,0.0513,2.0000,tau_limit
29714,20.0000,2.0000,0.0032,-0.0006,-0.0073,0.0513,2.0000,tau_limit
29720,20.0000,2.0000,0.0032,-0.0006,-0.0073,0.0513,2.0000,tau_limit
29725,20.0000,2.0000,0.0032,-0.0006,-0.0073,0.0513,2.0000,tau_limit
29730,20.0000,2.0000,0.0032,-0.0006,-0.0073,0.0464,2.0000,tau_limit
29735,20.0000,2.0000,0.0032,-0.0006,-0.0073,0.0513,2.0000,tau_limit
29740,20.0000,2.0000,0.0032,-0.0006,-0.0073,0.0513,2.0000,tau_limit
29745,20.0000,2.0000,0.0032,-0.0006,-0.0073,0.0513,2.0000,tau_limit
29750,20.0000,2.0000,0.0032,-0.0006,-0.0073,0.0513,2.0000,tau_limit
29755,20.0000,2.0000,0.0032,-0.0006,-0.0073,0.0513,2.0000,tau_limit
29760,20.0000,2.0000,0.0032,-0.0006,-0.0073,0.0513,2.0000,tau_limit
29765,20.0000,2.0000,0.0032,-0.0006,-0.0073,0.0513,2.0000,tau_limit
29770,20.0000,2.0000,0.0032,-0.0006,-0.0073,0.0513,2.0000,tau_limit
29775,20.0000,2.0000,0.0032,-0.0006,-0.0073,0.0513,2.0000,tau_limit
29780,20.0000,2.0000,0.0032,-0.0006,-0.0073,0.0513,2.0000,tau_limit
29785,20.0000,2.0000,0.0032,-0.0006,-0.0073,0.0513,2.0000,tau_limit
29790,20.0000,2.0000,0.0032,-0.0006,-0.0073,0.0513,2.0000,tau_limit
29795,20.0000,2.0000,0.0032,-0.0006,-0.0073,0.0513,2.0000,tau_limit
29800,20.0000,2.0000,0.0032,-0.0006,-0.0073,0.0513,2.0000,tau_limit
29806,20.0000,2.0000,0.0032,-0.0006,-0.0073,0.0513,2.0000,tau_limit
29811,20.0000,2.0000,0.0032,-0.0006,-0.0073,0.0513,2.0000,tau_limit
29816,20.0000,2.0000,0.0032,-0.0006,-0.0073,0.0513,2.0000,tau_limit
29821,20.0000,2.0000,0.0032,-0.0006,-0.0073,0.0513,2.0000,tau_limit
29826,20.0000,2.0000,0.0032,-0.0006,-0.0073,0.0513,2.0000,tau_limit
29831,20.0000,2.0000,0.0032,-0.0006,-0.0073,0.0513,2.0000,tau_limit
29836,20.0000,2.0000,0.0032,-0.0006,-0.0073,0.0513,2.0000,tau_limit
29841,20.0000,2.0000,0.0032,-0.0006,-0.0073,0.0513,2.0000,tau_limit
29846,20.0000,2.0000,0.0032,-0.0006,-0.0073,0.0513,2.0000,tau_limit
29851,20.0000,2.0000,0.0032,-0.0006,-0.0073,0.0513,2.0000,tau_limit
29856,20.0000,2.0000,0.0032,-0.0006,-0.0073,0.0513,2.0000,tau_limit
29861,20.0000,2.0000,0.0032,-0.0006,-0.0073,0.0513,2.0000,tau_limit
29866,20.0000,2.0000,0.0032,-0.0006,-0.0073,0.0513,2.0000,tau_limit
29871,20.0000,2.0000,0.0032,-0.0006,-0.0073,0.0513,2.0000,tau_limit
29876,20.0000,2.0000,0.0032,-0.0006,-0.0073,0.0513,2.0000,tau_limit
29881,20.0000,2.0000,0.0032,-0.0006,-0.0073,0.0513,2.0000,tau_limit
29886,20.0000,2.0000,0.0032,-0.0006,-0.0073,0.0513,2.0000,tau_limit
29891,20.0000,2.0000,0.0032,-0.0006,-0.0073,0.0513,2.0000,tau_limit
29897,20.0000,2.0000,0.0032,-0.0006,-0.0073,0.0513,2.0000,tau_limit
29902,20.0000,2.0000,0.0032,-0.0006,-0.0073,0.0513,2.0000,tau_limit
29907,20.0000,2.0000,0.0032,-0.0006,-0.0073,0.0513,2.0000,tau_limit
29912,20.0000,2.0000,0.0032,-0.0006,-0.0073,0.0562,2.0000,tau_limit
29917,20.0000,2.0000,0.0032,-0.0006,-0.0073,0.0562,2.0000,tau_limit
29922,20.0000,2.0000,0.0032,-0.0006,-0.0073,0.0562,2.0000,tau_limit
29927,20.0000,2.0000,0.0032,-0.0006,-0.0073,0.0513,2.0000,tau_limit
29932,20.0000,2.0000,0.0032,-0.0006,-0.0073,0.0513,2.0000,tau_limit
29937,20.0000,2.0000,0.0032,-0.0006,-0.0073,0.0513,2.0000,tau_limit
29942,20.0000,2.0000,0.0032,-0.0006,-0.0073,0.0513,2.0000,tau_limit
29947,20.0000,2.0000,0.0032,-0.0006,-0.0073,0.0513,2.0000,tau_limit
29952,20.0000,2.0000,0.0032,-0.0006,-0.0073,0.0513,2.0000,tau_limit
29957,20.0000,2.0000,0.0032,-0.0006,-0.0073,0.0513,2.0000,tau_limit
29962,20.0000,2.0000,0.0032,-0.0006,-0.0073,0.0513,2.0000,tau_limit
29967,20.0000,2.0000,0.0032,-0.0006,-0.0073,0.0513,2.0000,tau_limit
29972,20.0000,2.0000,0.0032,-0.0006,-0.0073,0.0513,2.0000,tau_limit
29977,20.0000,2.0000,0.0032,-0.0006,-0.0073,0.0513,2.0000,tau_limit
29983,20.0000,2.0000,0.0032,-0.0006,-0.0073,0.0513,2.0000,tau_limit
29988,20.0000,2.0000,0.0032,-0.0006,-0.0073,0.0513,2.0000,tau_limit
29993,20.0000,2.0000,0.0032,-0.0006,-0.0073,0.0513,2.0000,tau_limit
29998,20.0000,2.0000,0.0032,-0.0006,-0.0073,0.0513,2.0000,tau_limit
30003,20.0000,2.0000,0.0032,-0.0006,-0.0073,0.0513,2.0000,tau_limit
30008,20.0000,2.0000,0.0032,-0.0006,-0.0073,0.0513,2.0000,tau_limit
30013,20.0000,2.0000,0.0032,-0.0006,-0.0073,0.0513,2.0000,tau_limit
30018,20.0000,2.0000,0.0032,-0.0006,-0.0073,0.0513,2.0000,tau_limit
30023,20.0000,2.0000,0.0032,-0.0006,-0.0073,0.0562,2.0000,tau_limit
30028,20.0000,2.0000,0.0032,-0.0006,-0.0073,0.0513,2.0000,tau_limit
30033,20.0000,2.0000,0.0032,-0.0006,-0.0073,0.0513,2.0000,tau_limit
30038,20.0000,2.0000,0.0032,-0.0006,-0.0073,0.0513,2.0000,tau_limit
30043,20.0000,2.0000,0.0032,-0.0006,-0.0073,0.0464,2.0000,tau_limit
30048,20.0000,2.0000,0.0032,-0.0006,-0.0073,0.0513,2.0000,tau_limit
30053,20.0000,2.0000,0.0032,-0.0006,-0.0073,0.0513,2.0000,tau_limit
30058,20.0000,2.0000,0.0032,-0.0006,-0.0073,0.0562,2.0000,tau_limit
30063,20.0000,2.0000,0.0032,-0.0006,-0.0073,0.0513,2.0000,tau_limit
30068,20.0000,2.0000,0.0032,-0.0006,-0.0073,0.0513,2.0000,tau_limit
30074,20.0000,2.0000,0.0032,-0.0006,-0.0073,0.0513,2.0000,tau_limit
30079,20.0000,2.0000,0.0032,-0.0006,-0.0073,0.0513,2.0000,tau_limit
30084,20.0000,2.0000,0.0032,-0.0006,-0.0073,0.0513,2.0000,tau_limit
30089,20.0000,2.0000,0.0032,-0.0006,-0.0073,0.0513,2.0000,tau_limit
30094,20.0000,2.0000,0.0032,-0.0006,-0.0073,0.0513,2.0000,tau_limit
30099,20.0000,2.0000,0.0032,-0.0006,-0.0073,0.0513,2.0000,tau_limit
30104,20.0000,2.0000,0.0032,-0.0006,-0.0073,0.0513,2.0000,tau_limit
30109,20.0000,2.0000,0.0032,-0.0006,-0.0073,0.0562,2.0000,tau_limit
30114,20.0000,2.0000,0.0032,-0.0006,-0.0073,0.0513,2.0000,tau_limit
30119,20.0000,2.0000,0.0032,-0.0006,-0.0073,0.0513,2.0000,tau_limit
30124,20.0000,2.0000,0.0032,-0.0006,-0.0073,0.0513,2.0000,tau_limit
30129,20.0000,2.0000,0.0032,-0.0006,-0.0073,0.0513,2.0000,tau_limit
30134,20.0000,2.0000,0.0032,-0.0006,-0.0073,0.0513,2.0000,tau_limit
30139,20.0000,2.0000,0.0032,-0.0006,-0.0073,0.0513,2.0000,tau_limit
30144,20.0000,2.0000,0.0032,-0.0006,-0.0073,0.0513,2.0000,tau_limit
30149,20.0000,2.0000,0.0032,-0.0006,-0.0073,0.0513,2.0000,tau_limit
30154,20.0000,2.0000,0.0032,-0.0006,-0.0073,0.0513,2.0000,tau_limit
30159,20.0000,2.0000,0.0032,-0.0006,-0.0073,0.0513,2.0000,tau_limit
30164,20.0000,2.0000,0.0032,-0.0006,-0.0073,0.0513,2.0000,tau_limit
30170,20.0000,2.0000,0.0032,-0.0006,-0.0073,0.0513,2.0000,tau_limit
30175,20.0000,2.0000,0.0032,-0.0006,-0.0073,0.0464,2.0000,tau_limit
30180,20.0000,2.0000,0.0032,-0.0006,-0.0073,0.0513,2.0000,tau_limit
30185,20.0000,2.0000,0.0032,-0.0006,-0.0073,0.0513,2.0000,tau_limit
30190,20.0000,2.0000,0.0032,-0.0006,-0.0073,0.0513,2.0000,tau_limit
30195,20.0000,2.0000,0.0032,-0.0006,-0.0073,0.0513,2.0000,tau_limit
30200,20.0000,2.0000,0.0032,-0.0006,-0.0073,0.0513,2.0000,tau_limit
30205,20.0000,2.0000,0.0032,-0.0006,-0.0073,0.0513,2.0000,tau_limit
30210,20.0000,2.0000,0.0032,-0.0006,-0.0073,0.0513,2.0000,tau_limit
