timestamp_ms,kp,kd,q_des_rad,q_actual_rad,vel_rad_s,tau_feedback_Nm,tau_cmd_Nm,label
0,20.0000,0.5000,0.0063,0.0063,-0.0073,-0.1490,0.0000,kd5
5,20.0000,0.5000,0.0063,0.0063,-0.0073,-0.1490,0.0000,kd5
10,20.0000,0.5000,0.0063,0.0063,-0.0073,-0.1490,0.0000,kd5
15,20.0000,0.5000,0.0063,0.0063,-0.0073,-0.1538,0.0000,kd5
20,20.0000,0.5000,0.0063,0.0063,-0.0073,-0.1490,0.0000,kd5
25,20.0000,0.5000,0.0063,0.0063,-0.0073,-0.1490,0.0000,kd5
30,20.0000,0.5000,0.0063,0.0063,-0.0073,-0.1490,0.0000,kd5
35,20.0000,0.5000,0.0063,0.0063,0.0220,-0.1245,0.0000,kd5
40,20.0000,0.5000,0.0063,0.0067,0.0659,-0.0952,0.0000,kd5
45,20.0000,0.5000,0.0063,0.0067,0.0220,-0.0659,0.0000,kd5
50,20.0000,0.5000,0.0063,0.0067,0.0073,-0.0562,0.0000,kd5
55,20.0000,0.5000,0.0063,0.0067,0.0220,-0.0464,0.0000,kd5
60,20.0000,0.5000,0.0063,0.0067,0.0073,-0.0415,0.0000,kd5
65,20.0000,0.5000,0.0063,0.0067,-0.0073,-0.0317,0.0000,kd5
70,20.0000,0.5000,0.0063,0.0067,-0.0073,-0.0269,0.0000,kd5
75,20.0000,0.5000,0.0063,0.0067,-0.0073,-0.0269,0.0000,kd5
80,20.0000,0.5000,0.0063,0.0067,-0.0073,-0.0220,0.0000,kd5
85,20.0000,0.5000,0.0063,0.0067,-0.0073,-0.0220,0.0000,kd5
91,20.0000,0.5000,0.0063,0.0067,-0.0073,-0.0220,0.0000,kd5
96,20.0000,0.5000,0.0063,0.0067,-0.0073,-0.0220,0.0000,kd5
101,20.0000,0.5000,0.0063,0.0067,-0.0073,-0.0220,0.0000,kd5
106,20.0000,0.5000,0.0063,0.0067,-0.0073,-0.0220,0.0000,kd5
111,20.0000,0.5000,0.0063,0.0067,-0.0073,-0.0220,0.0000,kd5
116,20.0000,0.5000,0.0063,0.0067,-0.0073,-0.0220,0.0000,kd5
121,20.0000,0.5000,0.0063,0.0067,-0.0073,-0.0220,0.0000,kd5
126,20.0000,0.5000,0.0063,0.0067,-0.0073,-0.0269,0.0000,kd5
131,20.0000,0.5000,0.0063,0.0067,-0.0073,-0.0220,0.0000,kd5
136,20.0000,0.5000,0.0063,0.0067,-0.0073,-0.0220,0.0000,kd5
141,20.0000,0.5000,0.0063,0.0067,-0.0073,-0.0220,0.0000,kd5
146,20.0000,0.5000,0.0063,0.0067,-0.0073,-0.0220,0.0000,kd5
151,20.0000,0.5000,0.0063,0.0067,-0.0073,-0.0220,0.0000,kd5
156,20.0000,0.5000,0.0063,0.0067,-0.0073,-0.0220,0.0000,kd5
161,20.0000,0.5000,0.0063,0.0067,-0.0073,-0.0220,0.0000,kd5
166,20.0000,0.5000,0.0063,0.0067,-0.0073,-0.0220,0.0000,kd5
171,20.0000,0.5000,0.0063,0.0067,-0.0073,-0.0220,0.0000,kd5
176,20.0000,0.5000,0.0063,0.0067,-0.0073,-0.0220,0.0000,kd5
182,20.0000,0.5000,0.0063,0.0067,-0.0073,-0.0220,0.0000,kd5
187,20.0000,0.5000,0.0063,0.0067,-0.0073,-0.0220,0.0000,kd5
192,20.0000,0.5000,0.0063,0.0067,-0.0073,-0.0269,0.0000,kd5
197,20.0000,0.5000,0.0063,0.0067,-0.0073,-0.0220,0.0000,kd5
202,20.0000,0.5000,0.0063,0.0067,-0.0073,-0.0220,0.0000,kd5
207,20.0000,0.5000,0.0063,0.0067,-0.0073,-0.0220,0.0000,kd5
212,20.0000,0.5000,0.0063,0.0067,-0.0073,-0.0220,0.0000,kd5
217,20.0000,0.5000,0.0063,0.0067,-0.0073,-0.0269,0.0000,kd5
222,20.0000,0.5000,0.0063,0.0067,-0.0073,-0.0220,0.0000,kd5
227,20.0000,0.5000,0.0063,0.0067,-0.0073,-0.0220,0.0000,kd5
232,20.0000,0.5000,0.0063,0.0067,-0.0073,-0.0171,0.0000,kd5
237,20.0000,0.5000,0.0063,0.0067,-0.0073,-0.0171,0.0000,kd5
242,20.0000,0.5000,0.0063,0.0067,-0.0073,-0.0220,0.0000,kd5
247,20.0000,0.5000,0.0063,0.0067,-0.0073,-0.0220,0.0000,kd5
252,20.0000,0.5000,0.0063,0.0067,-0.0073,-0.0269,0.0000,kd5
257,20.0000,0.5000,0.0063,0.0067,-0.0073,-0.0269,0.0000,kd5
262,20.0000,0.5000,0.0063,0.0067,-0.0073,-0.0220,0.0000,kd5
267,20.0000,0.5000,0.0063,0.0067,-0.0073,-0.0220,0.0000,kd5
272,20.0000,0.5000,0.0063,0.0067,-0.0073,-0.0171,0.0000,kd5
278,20.0000,0.5000,0.0063,0.0067,-0.0073,-0.0220,0.0000,kd5
283,20.0000,0.5000,0.0063,0.0067,-0.0073,-0.0269,0.0000,kd5
288,20.0000,0.5000,0.0063,0.0067,-0.0073,-0.0220,0.0000,kd5
293,20.0000,0.5000,0.0063,0.0067,-0.0073,-0.0220,0.0000,kd5
298,20.0000,0.5000,0.0063,0.0067,-0.0073,-0.0220,0.0000,kd5
303,20.0000,0.5000,0.0063,0.0067,-0.0073,-0.0220,0.0000,kd5
308,20.0000,0.5000,0.0063,0.0067,-0.0073,-0.0220,0.0000,kd5
313,20.0000,0.5000,0.0063,0.0067,-0.0073,-0.0220,0.0000,kd5
318,20.0000,0.5000,0.0063,0.0067,-0.0073,-0.0220,0.0000,kd5
323,20.0000,0.5000,0.0063,0.0067,-0.0073,-0.0269,0.0000,kd5
328,20.0000,0.5000,0.0063,0.0067,-0.0073,-0.0220,0.0000,kd5
333,20.0000,0.5000,0.0063,0.0067,-0.0073,-0.0220,0.0000,kd5
338,20.0000,0.5000,0.0063,0.0067,-0.0073,-0.0220,0.0000,kd5
343,20.0000,0.5000,0.0063,0.0067,-0.0073,-0.0220,0.0000,kd5
348,20.0000,0.5000,0.0063,0.0067,-0.0073,-0.0220,0.0000,kd5
353,20.0000,0.5000,0.0063,0.0067,-0.0073,-0.0220,0.0000,kd5
358,20.0000,0.5000,0.0063,0.0067,-0.0073,-0.0220,0.0000,kd5
363,20.0000,0.5000,0.0063,0.0067,-0.0073,-0.0220,0.0000,kd5
368,20.0000,0.5000,0.0063,0.0067,-0.0073,-0.0171,0.0000,kd5
374,20.0000,0.5000,0.0063,0.0067,-0.0073,-0.0220,0.0000,kd5
379,20.0000,0.5000,0.0063,0.0067,-0.0073,-0.0220,0.0000,kd5
384,20.0000,0.5000,0.0063,0.0067,-0.0073,-0.0220,0.0000,kd5
389,20.0000,0.5000,0.0063,0.0067,-0.0073,-0.0220,0.0000,kd5
394,20.0000,0.5000,0.0063,0.0067,-0.0073,-0.0220,0.0000,kd5
399,20.0000,0.5000,0.0063,0.0067,-0.0073,-0.0220,0.0000,kd5
404,20.0000,0.5000,0.0063,0.0067,-0.0073,-0.0220,0.0000,kd5
409,20.0000,0.5000,0.0063,0.0067,-0.0073,-0.0171,0.0000,kd5
414,20.0000,0.5000,0.0063,0.0067,-0.0073,-0.0220,0.0000,kd5
419,20.0000,0.5000,0.0063,0.0067,-0.0073,-0.0220,0.0000,kd5
424,20.0000,0.5000,0.0063,0.0067,-0.0073,-0.0220,0.0000,kd5
429,20.0000,0.5000,0.0063,0.0067,-0.0073,-0.0220,0.0000,kd5
434,20.0000,0.5000,0.0063,0.0067,-0.0073,-0.0220,0.0000,kd5
439,20.0000,0.5000,0.0063,0.0067,-0.0073,-0.0269,0.0000,kd5
444,20.0000,0.5000,0.0063,0.0067,-0.0073,-0.0220,0.0000,kd5
449,20.0000,0.5000,0.0063,0.0067,-0.0073,-0.0269,0.0000,kd5
454,20.0000,0.5000,0.0063,0.0067,-0.0073,-0.0269,0.0000,kd5
460,20.0000,0.5000,0.0063,0.0067,-0.0073,-0.0269,0.0000,kd5
465,20.0000,0.5000,0.0063,0.0067,-0.0073,-0.0220,0.0000,kd5
470,20.0000,0.5000,0.0063,0.0067,-0.0073,-0.0220,0.0000,kd5
475,20.0000,0.5000,0.0063,0.0067,-0.0073,-0.0220,0.0000,kd5
480,20.0000,0.5000,0.0063,0.0067,-0.0073,-0.0220,0.0000,kd5
485,20.0000,0.5000,0.0063,0.0067,-0.0073,-0.0220,0.0000,kd5
490,20.0000,0.5000,0.0063,0.0067,-0.0073,-0.0171,0.0000,kd5
495,20.0000,0.5000,0.0063,0.0067,-0.0073,-0.0171,0.0000,kd5
500,20.0000,0.5000,0.0063,0.0067,-0.0073,-0.0220,0.0000,kd5
505,20.0000,0.5000,0.0063,0.0067,-0.0073,-0.0220,0.0000,kd5
510,20.0000,0.5000,0.0063,0.0067,-0.0073,-0.0220,0.0000,kd5
515,20.0000,0.5000,0.0063,0.0067,-0.0073,-0.0220,0.0000,kd5
520,20.0000,0.5000,0.0063,0.0067,-0.0073,-0.0220,0.0000,kd5
525,20.0000,0.5000,0.0063,0.0067,-0.0073,-0.0220,0.0000,kd5
530,20.0000,0.5000,0.0063,0.0067,-0.0073,-0.0220,0.0000,kd5
535,20.0000,0.5000,0.0063,0.0067,-0.0073,-0.0220,0.0000,kd5
540,20.0000,0.5000,0.0063,0.0067,-0.0073,-0.0220,0.0000,kd5
545,20.0000,0.5000,0.0063,0.0067,-0.0073,-0.0171,0.0000,kd5
551,20.0000,0.5000,0.0063,0.0067,-0.0073,-0.0220,0.0000,kd5
556,20.0000,0.5000,0.0063,0.0067,-0.0073,-0.0220,0.0000,kd5
561,20.0000,0.5000,0.0063,0.0067,-0.0073,-0.0220,0.0000,kd5
566,20.0000,0.5000,0.0063,0.0067,-0.0073,-0.0220,0.0000,kd5
571,20.0000,0.5000,0.0063,0.0067,-0.0073,-0.0220,0.0000,kd5
576,20.0000,0.5000,0.0063,0.0067,-0.0073,-0.0220,0.0000,kd5
581,20.0000,0.5000,0.0063,0.0067,-0.0073,-0.0220,0.0000,kd5
586,20.0000,0.5000,0.0063,0.0067,-0.0073,-0.0171,0.0000,kd5
591,20.0000,0.5000,0.0063,0.0067,-0.0073,-0.0220,0.0000,kd5
596,20.0000,0.5000,0.0063,0.0067,-0.0073,-0.0220,0.0000,kd5
601,20.0000,0.5000,0.0063,0.0067,-0.0073,-0.0171,0.0000,kd5
606,20.0000,0.5000,0.0063,0.0067,-0.0073,-0.0220,0.0000,kd5
611,20.0000,0.5000,0.0063,0.0067,-0.0073,-0.0220,0.0000,kd5
616,20.0000,0.5000,0.0063,0.0067,-0.0073,-0.0171,0.0000,kd5
621,20.0000,0.5000,0.0063,0.0067,-0.0073,-0.0220,0.0000,kd5
626,20.0000,0.5000,0.0063,0.0067,-0.0073,-0.0220,0.0000,kd5
631,20.0000,0.5000,0.0063,0.0067,-0.0073,-0.0220,0.0000,kd5
637,20.0000,0.5000,0.0063,0.0067,-0.0073,-0.0171,0.0000,kd5
642,20.0000,0.5000,0.0063,0.0067,-0.0073,-0.0220,0.0000,kd5
647,20.0000,0.5000,0.0063,0.0067,-0.0073,-0.0220,0.0000,kd5
652,20.0000,0.5000,0.0063,0.0067,-0.0073,-0.0220,0.0000,kd5
657,20.0000,0.5000,0.0063,0.0067,-0.0073,-0.0269,0.0000,kd5
662,20.0000,0.5000,0.0063,0.0067,-0.0073,-0.0269,0.0000,kd5
667,20.0000,0.5000,0.0063,0.0067,-0.0073,-0.0269,0.0000,kd5
672,20.0000,0.5000,0.0063,0.0067,-0.0073,-0.0269,0.0000,kd5
677,20.0000,0.5000,0.0063,0.0067,-0.0073,-0.0269,0.0000,kd5
682,20.0000,0.5000,0.0063,0.0067,-0.0073,-0.0269,0.0000,kd5
687,20.0000,0.5000,0.0063,0.0067,-0.0073,-0.0269,0.0000,kd5
692,20.0000,0.5000,0.0063,0.0067,-0.0073,-0.0220,0.0000,kd5
697,20.0000,0.5000,0.0063,0.0067,-0.0073,-0.0269,0.0000,kd5
702,20.0000,0.5000,0.0063,0.0067,-0.0073,-0.0220,0.0000,kd5
707,20.0000,0.5000,0.0063,0.0067,-0.0073,-0.0220,0.0000,kd5
712,20.0000,0.5000,0.0063,0.0067,-0.0073,-0.0220,0.0000,kd5
717,20.0000,0.5000,0.0063,0.0067,-0.0073,-0.0220,0.0000,kd5
722,20.0000,0.5000,0.0063,0.0067,-0.0073,-0.0220,0.0000,kd5
728,20.0000,0.5000,0.0063,0.0067,-0.0073,-0.0220,0.0000,kd5
733,20.0000,0.5000,0.0063,0.0067,-0.0073,-0.0220,0.0000,kd5
738,20.0000,0.5000,0.0063,0.0067,-0.0073,-0.0220,0.0000,kd5
743,20.0000,0.5000,0.0063,0.0067,-0.0073,-0.0220,0.0000,kd5
748,20.0000,0.5000,0.0063,0.0067,-0.0073,-0.0220,0.0000,kd5
753,20.0000,0.5000,0.0063,0.0067,-0.0073,-0.0171,0.0000,kd5
758,20.0000,0.5000,0.0063,0.0067,-0.0073,-0.0220,0.0000,kd5
763,20.0000,0.5000,0.0063,0.0067,-0.0073,-0.0220,0.0000,kd5
768,20.0000,0.5000,0.0063,0.0067,-0.0073,-0.0220,0.0000,kd5
773,20.0000,0.5000,0.0063,0.0067,-0.0073,-0.0220,0.0000,kd5
778,20.0000,0.5000,0.0063,0.0067,-0.0073,-0.0269,0.0000,kd5
783,20.0000,0.5000,0.0063,0.0067,-0.0073,-0.0220,0.0000,kd5
788,20.0000,0.5000,0.0063,0.0067,-0.0073,-0.0269,0.0000,kd5
793,20.0000,0.5000,0.0063,0.0067,-0.0073,-0.0220,0.0000,kd5
798,20.0000,0.5000,0.0063,0.0067,-0.0073,-0.0220,0.0000,kd5
803,20.0000,0.5000,0.0063,0.0067,-0.0073,-0.0269,0.0000,kd5
808,20.0000,0.5000,0.0063,0.0067,-0.0073,-0.0171,0.0000,kd5
814,20.0000,0.5000,0.0063,0.0067,-0.0073,-0.0171,0.0000,kd5
819,20.0000,0.5000,0.0063,0.0067,-0.0073,-0.0220,0.0000,kd5
824,20.0000,0.5000,0.0063,0.0067,-0.0073,-0.0220,0.0000,kd5
829,20.0000,0.5000,0.0063,0.0067,-0.0073,-0.0220,0.0000,kd5
834,20.0000,0.5000,0.0063,0.0067,-0.0073,-0.0220,0.0000,kd5
839,20.0000,0.5000,0.0063,0.0067,-0.0073,-0.0220,0.0000,kd5
844,20.0000,0.5000,0.0063,0.0067,-0.0073,-0.0220,0.0000,kd5
849,20.0000,0.5000,0.0063,0.0067,-0.0073,-0.0220,0.0000,kd5
854,20.0000,0.5000,0.0063,0.0067,-0.0073,-0.0220,0.0000,kd5
859,20.0000,0.5000,0.0063,0.0067,-0.0073,-0.0220,0.0000,kd5
864,20.0000,0.5000,0.0063,0.0067,-0.0073,-0.0220,0.0000,kd5
869,20.0000,0.5000,0.0063,0.0067,-0.0073,-0.0269,0.0000,kd5
874,20.0000,0.5000,0.0063,0.0067,-0.0073,-0.0220,0.0000,kd5
879,20.0000,0.5000,0.0063,0.0067,-0.0073,-0.0220,0.0000,kd5
884,20.0000,0.5000,0.0063,0.0067,-0.0073,-0.0220,0.0000,kd5
889,20.0000,0.5000,0.0063,0.0067,-0.0073,-0.0220,0.0000,kd5
894,20.0000,0.5000,0.0063,0.0067,-0.0073,-0.0171,0.0000,kd5
899,20.0000,0.5000,0.0063,0.0067,-0.0073,-0.0220,0.0000,kd5
904,20.0000,0.5000,0.0063,0.0067,-0.0073,-0.0220,0.0000,kd5
910,20.0000,0.5000,0.0063,0.0067,-0.0073,-0.0220,0.0000,kd5
915,20.0000,0.5000,0.0063,0.0067,-0.0073,-0.0220,0.0000,kd5
920,20.0000,0.5000,0.0063,0.0067,-0.0073,-0.0220,0.0000,kd5
925,20.0000,0.5000,0.0063,0.0067,-0.0073,-0.0171,0.0000,kd5
930,20.0000,0.5000,0.0063,0.0067,-0.0073,-0.0220,0.0000,kd5
935,20.0000,0.5000,0.0063,0.0067,-0.0073,-0.0220,0.0000,kd5
940,20.0000,0.5000,0.0063,0.0067,-0.0073,-0.0220,0.0000,kd5
945,20.0000,0.5000,0.0063,0.0067,-0.0073,-0.0269,0.0000,kd5
950,20.0000,0.5000,0.0063,0.0067,-0.0073,-0.0220,0.0000,kd5
955,20.0000,0.5000,0.0063,0.0067,-0.0073,-0.0220,0.0000,kd5
960,20.0000,0.5000,0.0063,0.0067,-0.0073,-0.0220,0.0000,kd5
965,20.0000,0.5000,0.0063,0.0067,-0.0073,-0.0220,0.0000,kd5
970,20.0000,0.5000,0.0063,0.0067,-0.0073,-0.0220,0.0000,kd5
975,20.0000,0.5000,0.0063,0.0067,-0.0073,-0.0220,0.0000,kd5
980,20.0000,0.5000,0.0063,0.0067,-0.0073,-0.0269,0.0000,kd5
985,20.0000,0.5000,0.0063,0.0067,-0.0073,-0.0220,0.0000,kd5
990,20.0000,0.5000,0.0063,0.0067,-0.0073,-0.0220,0.0000,kd5
996,20.0000,0.5000,0.0063,0.0067,-0.0073,-0.0220,0.0000,kd5
1001,20.0000,0.5000,0.0063,0.0067,-0.0073,-0.0220,0.0000,kd5
1006,20.0000,0.5000,0.0063,0.0067,-0.0073,-0.0220,0.0000,kd5
1011,20.0000,0.5000,0.0063,0.0067,-0.0073,-0.0220,0.0000,kd5
1016,20.0000,0.5000,0.0063,0.0067,-0.0073,-0.0220,0.0000,kd5
1021,20.0000,0.5000,0.0063,0.0067,-0.0073,-0.0220,0.0000,kd5
1026,20.0000,0.5000,0.0063,0.0067,-0.0073,-0.0269,0.0000,kd5
1031,20.0000,0.5000,0.0063,0.0067,-0.0073,-0.0269,0.0000,kd5
1036,20.0000,0.5000,0.0063,0.0067,-0.0073,-0.0220,0.0000,kd5
1041,20.0000,0.5000,0.0063,0.0067,-0.0073,-0.0220,0.0000,kd5
1046,20.0000,0.5000,0.0063,0.0067,-0.0073,-0.0171,0.0000,kd5
1051,20.0000,0.5000,0.0063,0.0067,-0.0073,-0.0220,0.0000,kd5
1057,20.0000,0.5000,0.0063,0.0067,-0.0073,-0.0220,0.0000,kd5
1062,20.0000,0.5000,0.0063,0.0067,-0.0073,-0.0220,0.0000,kd5
1067,20.0000,0.5000,0.0063,0.0067,-0.0073,-0.0220,0.0000,kd5
1072,20.0000,0.5000,0.0063,0.0067,-0.0073,-0.0171,0.0000,kd5
1077,20.0000,0.5000,0.0063,0.0067,-0.0073,-0.0220,0.0000,kd5
1082,20.0000,0.5000,0.0063,0.0067,-0.0073,-0.0269,0.0000,kd5
1087,20.0000,0.5000,0.0063,0.0067,-0.0073,-0.0269,0.0000,kd5
1092,20.0000,0.5000,0.0063,0.0067,-0.0073,-0.0220,0.0000,kd5
1097,20.0000,0.5000,0.0063,0.0067,-0.0073,-0.0269,0.0000,kd5
1102,20.0000,0.5000,0.0063,0.0067,-0.0073,-0.0220,0.0000,kd5
1107,20.0000,0.5000,0.0063,0.0067,-0.0073,-0.0220,0.0000,kd5
1112,20.0000,0.5000,0.0063,0.0067,-0.0073,-0.0220,0.0000,kd5
1117,20.0000,0.5000,0.0063,0.0067,-0.0073,-0.0220,0.0000,kd5
1122,20.0000,0.5000,0.0063,0.0067,-0.0073,-0.0171,0.0000,kd5
1127,20.0000,0.5000,0.0063,0.0067,-0.0073,-0.0220,0.0000,kd5
1132,20.0000,0.5000,0.0063,0.0067,-0.0073,-0.0220,0.0000,kd5
1138,20.0000,0.5000,0.0063,0.0067,-0.0073,-0.0220,0.0000,kd5
1143,20.0000,0.5000,0.0063,0.0067,-0.0073,-0.0220,0.0000,kd5
1148,20.0000,0.5000,0.0063,0.0067,-0.0073,-0.0220,0.0000,kd5
1153,20.0000,0.5000,0.0063,0.0067,-0.0073,-0.0269,0.0000,kd5
1158,20.0000,0.5000,0.0063,0.0067,-0.0073,-0.0269,0.0000,kd5
1163,20.0000,0.5000,0.0063,0.0067,-0.0073,-0.0220,0.0000,kd5
1168,20.0000,0.5000,0.0063,0.0067,-0.0073,-0.0220,0.0000,kd5
1173,20.0000,0.5000,0.0063,0.0067,-0.0073,-0.0269,0.0000,kd5
1178,20.0000,0.5000,0.0063,0.0067,-0.0073,-0.0269,0.0000,kd5
1183,20.0000,0.5000,0.0063,0.0067,-0.0073,-0.0220,0.0000,kd5
1188,20.0000,0.5000,0.0063,0.0067,-0.0073,-0.0220,0.0000,kd5
1193,20.0000,0.5000,0.0063,0.0067,-0.0073,-0.0220,0.0000,kd5
1198,20.0000,0.5000,0.0063,0.0067,-0.0073,-0.0220,0.0000,kd5
1203,20.0000,0.5000,0.0063,0.0067,-0.0073,-0.0171,0.0000,kd5
1208,20.0000,0.5000,0.0063,0.0067,-0.0073,-0.0171,0.0000,kd5
1213,20.0000,0.5000,0.0063,0.0067,-0.0073,-0.0220,0.0000,kd5
1218,20.0000,0.5000,0.0063,0.0067,-0.0073,-0.0220,0.0000,kd5
1223,20.0000,0.5000,0.0063,0.0067,-0.0073,-0.0220,0.0000,kd5
1228,20.0000,0.5000,0.0063,0.0067,-0.0073,-0.0269,0.0000,kd5
1234,20.0000,0.5000,0.0063,0.0067,-0.0073,-0.0269,0.0000,kd5
1239,20.0000,0.5000,0.0063,0.0067,-0.0073,-0.0269,0.0000,kd5
1244,20.0000,0.5000,0.0063,0.0067,-0.0073,-0.0220,0.0000,kd5
1249,20.0000,0.5000,0.0063,0.0067,-0.0073,-0.0220,0.0000,kd5
1254,20.0000,0.5000,0.0063,0.0067,-0.0073,-0.0171,0.0000,kd5
1259,20.0000,0.5000,0.0063,0.0067,-0.0073,-0.0220,0.0000,kd5
1264,20.0000,0.5000,0.0063,0.0067,-0.0073,-0.0220,0.0000,kd5
1269,20.0000,0.5000,0.0063,0.0067,-0.0073,-0.0220,0.0000,kd5
1274,20.0000,0.5000,0.0063,0.0067,-0.0073,-0.0220,0.0000,kd5
1279,20.0000,0.5000,0.0063,0.0067,-0.0073,-0.0269,0.0000,kd5
1284,20.0000,0.5000,0.0063,0.0067,-0.0073,-0.0220,0.0000,kd5
1289,20.0000,0.5000,0.0063,0.0067,-0.0073,-0.0220,0.0000,kd5
1294,20.0000,0.5000,0.0063,0.0067,-0.0073,-0.0220,0.0000,kd5
1299,20.0000,0.5000,0.0063,0.0067,-0.0073,-0.0220,0.0000,kd5
1304,20.0000,0.5000,0.0063,0.0067,-0.0073,-0.0269,0.0000,kd5
1309,20.0000,0.5000,0.0063,0.0067,-0.0073,-0.0269,0.0000,kd5
1314,20.0000,0.5000,0.0063,0.0067,-0.0073,-0.0269,0.0000,kd5
1319,20.0000,0.5000,0.0063,0.0067,-0.0073,-0.0269,0.0000,kd5
1325,20.0000,0.5000,0.0063,0.0067,-0.0073,-0.0220,0.0000,kd5
1330,20.0000,0.5000,0.0063,0.0067,-0.0073,-0.0220,0.0000,kd5
1335,20.0000,0.5000,0.0063,0.0067,-0.0073,-0.0220,0.0000,kd5
1340,20.0000,0.5000,0.0063,0.0067,-0.0073,-0.0220,0.0000,kd5
1345,20.0000,0.5000,0.0063,0.0067,-0.0073,-0.0220,0.0000,kd5
1350,20.0000,0.5000,0.0063,0.0067,-0.0073,-0.0220,0.0000,kd5
1355,20.0000,0.5000,0.0063,0.0067,-0.0073,-0.0220,0.0000,kd5
1360,20.0000,0.5000,0.0063,0.0067,-0.0073,-0.0171,0.0000,kd5
1365,20.0000,0.5000,0.0063,0.0067,-0.0073,-0.0220,0.0000,kd5
1370,20.0000,0.5000,0.0063,0.0067,-0.0073,-0.0220,0.0000,kd5
1375,20.0000,0.5000,0.0063,0.0067,-0.0073,-0.0220,0.0000,kd5
1380,20.0000,0.5000,0.0063,0.0067,-0.0073,-0.0220,0.0000,kd5
1385,20.0000,0.5000,0.0063,0.0067,-0.0073,-0.0220,0.0000,kd5
1390,20.0000,0.5000,0.0063,0.0067,-0.0073,-0.0220,0.0000,kd5
1395,20.0000,0.5000,0.0063,0.0067,-0.0073,-0.0220,0.0000,kd5
1400,20.0000,0.5000,0.0063,0.0067,-0.0073,-0.0220,0.0000,kd5
1405,20.0000,0.5000,0.0063,0.0067,-0.0073,-0.0220,0.0000,kd5
1410,20.0000,0.5000,0.0063,0.0067,-0.0073,-0.0220,0.0000,kd5
1416,20.0000,0.5000,0.0063,0.0067,-0.0073,-0.0220,0.0000,kd5
1421,20.0000,0.5000,0.0063,0.0067,-0.0073,-0.0220,0.0000,kd5
1426,20.0000,0.5000,0.0063,0.0067,-0.0073,-0.0220,0.0000,kd5
1431,20.0000,0.5000,0.0063,0.0067,-0.0073,-0.0220,0.0000,kd5
1436,20.0000,0.5000,0.0063,0.0067,-0.0073,-0.0269,0.0000,kd5
1441,20.0000,0.5000,0.0063,0.0067,-0.0073,-0.0220,0.0000,kd5
1446,20.0000,0.5000,0.0063,0.0067,-0.0073,-0.0171,0.0000,kd5
1451,20.0000,0.5000,0.0063,0.0067,-0.0073,-0.0220,0.0000,kd5
1456,20.0000,0.5000,0.0063,0.0067,-0.0073,-0.0220,0.0000,kd5
1461,20.0000,0.5000,0.0063,0.0067,-0.0073,-0.0220,0.0000,kd5
1466,20.0000,0.5000,0.0063,0.0067,-0.0073,-0.0220,0.0000,kd5
1471,20.0000,0.5000,0.0063,0.0067,-0.0073,-0.0220,0.0000,kd5
1476,20.0000,0.5000,0.0063,0.0067,-0.0073,-0.0220,0.0000,kd5
1481,20.0000,0.5000,0.0063,0.0067,-0.0073,-0.0220,0.0000,kd5
1486,20.0000,0.5000,0.0063,0.0067,-0.0073,-0.0220,0.0000,kd5
1491,20.0000,0.5000,0.0063,0.0067,-0.0073,-0.0220,0.0000,kd5
1496,20.0000,0.5000,0.0063,0.0067,-0.0073,-0.0171,0.0000,kd5
1502,20.0000,0.5000,0.0063,0.0067,-0.0073,-0.0269,0.0000,kd5
1507,20.0000,0.5000,0.0063,0.0067,-0.0073,-0.0220,0.0000,kd5
1512,20.0000,0.5000,0.0063,0.0067,-0.0073,-0.0269,0.0000,kd5
1517,20.0000,0.5000,0.0063,0.0067,-0.0073,-0.0220,0.0000,kd5
1522,20.0000,0.5000,0.0063,0.0067,-0.0073,-0.0220,0.0000,kd5
1527,20.0000,0.5000,0.0063,0.0067,-0.0073,-0.0220,0.0000,kd5
1532,20.0000,0.5000,0.0063,0.0067,-0.0073,-0.0220,0.0000,kd5
1537,20.0000,0.5000,0.0063,0.0067,-0.0073,-0.0269,0.0000,kd5
1542,20.0000,0.5000,0.0063,0.0067,-0.0073,-0.0269,0.0000,kd5
1547,20.0000,0.5000,0.0063,0.0067,-0.0073,-0.0220,0.0000,kd5
1552,20.0000,0.5000,0.0063,0.0067,-0.0073,-0.0269,0.0000,kd5
1557,20.0000,0.5000,0.0063,0.0067,-0.0073,-0.0269,0.0000,kd5
1562,20.0000,0.5000,0.0063,0.0067,-0.0073,-0.0220,0.0000,kd5
1567,20.0000,0.5000,0.0063,0.0067,-0.0073,-0.0269,0.0000,kd5
1572,20.0000,0.5000,0.0063,0.0067,-0.0073,-0.0269,0.0000,kd5
1577,20.0000,0.5000,0.0063,0.0067,-0.0073,-0.0220,0.0000,kd5
1582,20.0000,0.5000,0.0063,0.0067,-0.0073,-0.0269,0.0000,kd5
1587,20.0000,0.5000,0.0063,0.0067,-0.0073,-0.0269,0.0000,kd5
1593,20.0000,0.5000,0.0063,0.0067,-0.0073,-0.0220,0.0000,kd5
1598,20.0000,0.5000,0.0063,0.0067,-0.0073,-0.0220,0.0000,kd5
1603,20.0000,0.5000,0.0063,0.0067,-0.0073,-0.0220,0.0000,kd5
1608,20.0000,0.5000,0.0063,0.0067,-0.0073,-0.0269,0.0000,kd5
1613,20.0000,0.5000,0.0063,0.0067,-0.0073,-0.0220,0.0000,kd5
1618,20.0000,0.5000,0.0063,0.0067,-0.0073,-0.0220,0.0000,kd5
1623,20.0000,0.5000,0.0063,0.0067,-0.0073,-0.0269,0.0000,kd5
1628,20.0000,0.5000,0.0063,0.0067,-0.0073,-0.0269,0.0000,kd5
1633,20.0000,0.5000,0.0063,0.0067,-0.0073,-0.0269,0.0000,kd5
1638,20.0000,0.5000,0.0063,0.0067,-0.0073,-0.0220,0.0000,kd5
1643,20.0000,0.5000,0.0063,0.0067,-0.0073,-0.0220,0.0000,kd5
1648,20.0000,0.5000,0.0063,0.0067,-0.0073,-0.0220,0.0000,kd5
1653,20.0000,0.5000,0.0063,0.0067,-0.0073,-0.0220,0.0000,kd5
1658,20.0000,0.5000,0.0063,0.0067,-0.0073,-0.0220,0.0000,kd5
1663,20.0000,0.5000,0.0063,0.0067,-0.0073,-0.0269,0.0000,kd5
1668,20.0000,0.5000,0.0063,0.0067,-0.0073,-0.0269,0.0000,kd5
1673,20.0000,0.5000,0.0063,0.0067,-0.0073,-0.0220,0.0000,kd5
1679,20.0000,0.5000,0.0063,0.0067,-0.0073,-0.0220,0.0000,kd5
1684,20.0000,0.5000,0.0063,0.0067,-0.0073,-0.0220,0.0000,kd5
1689,20.0000,0.5000,0.0063,0.0067,-0.0073,-0.0220,0.0000,kd5
1694,20.0000,0.5000,0.0063,0.0067,-0.0073,-0.0220,0.0000,kd5
1699,20.0000,0.5000,0.0063,0.0067,-0.0073,-0.0220,0.0000,kd5
1704,20.0000,0.5000,0.0063,0.0067,-0.0073,-0.0220,0.0000,kd5
1709,20.0000,0.5000,0.0063,0.0067,-0.0073,-0.0220,0.0000,kd5
1714,20.0000,0.5000,0.0063,0.0067,-0.0073,-0.0220,0.0000,kd5
1719,20.0000,0.5000,0.0063,0.0067,-0.0073,-0.0269,0.0000,kd5
1724,20.0000,0.5000,0.0063,0.0067,-0.0073,-0.0220,0.0000,kd5
1729,20.0000,0.5000,0.0063,0.0067,-0.0073,-0.0220,0.0000,kd5
1734,20.0000,0.5000,0.0063,0.0067,-0.0073,-0.0269,0.0000,kd5
1739,20.0000,0.5000,0.0063,0.0067,-0.0073,-0.0220,0.0000,kd5
1744,20.0000,0.5000,0.0063,0.0067,-0.0073,-0.0220,0.0000,kd5
1749,20.0000,0.5000,0.0063,0.0067,-0.0073,-0.0171,0.0000,kd5
1754,20.0000,0.5000,0.0063,0.0067,-0.0073,-0.0269,0.0000,kd5
1759,20.0000,0.5000,0.0063,0.0067,-0.0073,-0.0220,0.0000,kd5
1764,20.0000,0.5000,0.0063,0.0067,-0.0073,-0.0220,0.0000,kd5
1769,20.0000,0.5000,0.0063,0.0067,-0.0073,-0.0220,0.0000,kd5
1774,20.0000,0.5000,0.0063,0.0067,-0.0073,-0.0220,0.0000,kd5
1780,20.0000,0.5000,0.0063,0.0067,-0.0073,-0.0220,0.0000,kd5
1785,20.0000,0.5000,0.0063,0.0067,-0.0073,-0.0220,0.0000,kd5
1790,20.0000,0.5000,0.0063,0.0067,-0.0073,-0.0220,0.0000,kd5
1795,20.0000,0.5000,0.0063,0.0067,-0.0073,-0.0220,0.0000,kd5
1800,20.0000,0.5000,0.0063,0.0067,-0.0073,-0.0220,0.0000,kd5
1805,20.0000,0.5000,0.0063,0.0067,-0.0073,-0.0171,0.0000,kd5
1810,20.0000,0.5000,0.0063,0.0067,-0.0073,-0.0220,0.0000,kd5
1815,20.0000,0.5000,0.0063,0.0067,-0.0073,-0.0220,0.0000,kd5
1820,20.0000,0.5000,0.0063,0.0067,-0.0073,-0.0220,0.0000,kd5
1825,20.0000,0.5000,0.0063,0.0067,-0.0073,-0.0269,0.0000,kd5
1830,20.0000,0.5000,0.0063,0.0067,-0.0073,-0.0269,0.0000,kd5
1835,20.0000,0.5000,0.0063,0.0067,-0.0073,-0.0220,0.0000,kd5
1840,20.0000,0.5000,0.0063,0.0067,-0.0073,-0.0220,0.0000,kd5
1845,20.0000,0.5000,0.0063,0.0067,-0.0073,-0.0171,0.0000,kd5
1850,20.0000,0.5000,0.0063,0.0067,-0.0073,-0.0171,0.0000,kd5
1855,20.0000,0.5000,0.0063,0.0067,-0.0073,-0.0220,0.0000,kd5
1860,20.0000,0.5000,0.0063,0.0067,-0.0073,-0.0220,0.0000,kd5
1865,20.0000,0.5000,0.0063,0.0067,-0.0073,-0.0220,0.0000,kd5
1871,20.0000,0.5000,0.0063,0.0067,-0.0073,-0.0220,0.0000,kd5
1876,20.0000,0.5000,0.0063,0.0067,-0.0073,-0.0220,0.0000,kd5
1881,20.0000,0.5000,0.0063,0.0067,-0.0073,-0.0220,0.0000,kd5
1886,20.0000,0.5000,0.0063,0.0067,-0.0073,-0.0220,0.0000,kd5
1891,20.0000,0.5000,0.0063,0.0067,-0.0073,-0.0220,0.0000,kd5
1896,20.0000,0.5000,0.0063,0.0067,-0.0073,-0.0220,0.0000,kd5
1901,20.0000,0.5000,0.0063,0.0067,-0.0073,-0.0171,0.0000,kd5
1906,20.0000,0.5000,0.0063,0.0067,-0.0073,-0.0171,0.0000,kd5
1911,20.0000,0.5000,0.0063,0.0067,-0.0073,-0.0220,0.0000,kd5
1916,20.0000,0.5000,0.0063,0.0067,-0.0073,-0.0220,0.0000,kd5
1921,20.0000,0.5000,0.0063,0.0067,-0.0073,-0.0220,0.0000,kd5
1926,20.0000,0.5000,0.0063,0.0067,-0.0073,-0.0171,0.0000,kd5
1931,20.0000,0.5000,0.0063,0.0067,-0.0073,-0.0220,0.0000,kd5
1936,20.0000,0.5000,0.0063,0.0067,-0.0073,-0.0171,0.0000,kd5
1941,20.0000,0.5000,0.0063,0.0067,-0.0073,-0.0220,0.0000,kd5
1946,20.0000,0.5000,0.0063,0.0067,-0.0073,-0.0220,0.0000,kd5
1951,20.0000,0.5000,0.0063,0.0067,-0.0073,-0.0171,0.0000,kd5
1956,20.0000,0.5000,0.0063,0.0067,-0.0073,-0.0220,0.0000,kd5
1962,20.0000,0.5000,0.0063,0.0067,-0.0073,-0.0220,0.0000,kd5
1967,20.0000,0.5000,0.0063,0.0067,-0.0073,-0.0220,0.0000,kd5
1972,20.0000,0.5000,0.0063,0.0067,-0.0073,-0.0220,0.0000,kd5
1977,20.0000,0.5000,0.0063,0.0067,-0.0073,-0.0220,0.0000,kd5
1982,20.0000,0.5000,0.0063,0.0067,-0.0073,-0.0220,0.0000,kd5
1987,20.0000,0.5000,0.0063,0.0067,-0.0073,-0.0220,0.0000,kd5
1992,20.0000,0.5000,0.0063,0.0067,-0.0073,-0.0220,0.0000,kd5
1997,20.0000,0.5000,0.0063,0.0067,-0.0073,-0.0220,0.0000,kd5
2002,20.0000,0.5000,0.0063,0.0067,-0.0073,-0.0269,0.0000,kd5
2007,20.0000,0.5000,0.0063,0.0067,-0.0073,-0.0220,0.0000,kd5
2012,20.0000,0.5000,0.0063,0.0067,-0.0073,-0.0220,0.0000,kd5
2017,20.0000,0.5000,0.0063,0.0067,-0.0073,-0.0220,0.0000,kd5
2022,20.0000,0.5000,0.0063,0.0067,-0.0073,-0.0269,0.0000,kd5
2027,20.0000,0.5000,0.0063,0.0067,-0.0073,-0.0220,0.0000,kd5
2032,20.0000,0.5000,0.0063,0.0067,-0.0073,-0.0220,0.0000,kd5
2037,20.0000,0.5000,0.0063,0.0067,-0.0073,-0.0220,0.0000,kd5
2042,20.0000,0.5000,0.0063,0.0067,-0.0073,-0.0220,0.0000,kd5
2048,20.0000,0.5000,0.0063,0.0067,-0.0073,-0.0220,0.0000,kd5
2053,20.0000,0.5000,0.0063,0.0067,-0.0073,-0.0220,0.0000,kd5
2058,20.0000,0.5000,0.0063,0.0067,-0.0073,-0.0220,0.0000,kd5
2063,20.0000,0.5000,0.0063,0.0067,-0.0073,-0.0220,0.0000,kd5
2068,20.0000,0.5000,0.0063,0.0067,-0.0073,-0.0269,0.0000,kd5
2073,20.0000,0.5000,0.0063,0.0067,-0.0073,-0.0269,0.0000,kd5
2078,20.0000,0.5000,0.0063,0.0067,-0.0073,-0.0220,0.0000,kd5
2083,20.0000,0.5000,0.0063,0.0067,-0.0073,-0.0171,0.0000,kd5
2088,20.0000,0.5000,0.0063,0.0067,-0.0073,-0.0220,0.0000,kd5
2093,20.0000,0.5000,0.0063,0.0067,-0.0073,-0.0220,0.0000,kd5
2098,20.0000,0.5000,0.0063,0.0067,-0.0073,-0.0220,0.0000,kd5
2103,20.0000,0.5000,0.0063,0.0067,-0.0073,-0.0220,0.0000,kd5
2108,20.0000,0.5000,0.0063,0.0067,-0.0073,-0.0171,0.0000,kd5
2113,20.0000,0.5000,0.0063,0.0067,-0.0073,-0.0220,0.0000,kd5
2118,20.0000,0.5000,0.0063,0.0067,-0.0073,-0.0220,0.0000,kd5
2123,20.0000,0.5000,0.0063,0.0067,-0.0073,-0.0220,0.0000,kd5
2128,20.0000,0.5000,0.0063,0.0067,-0.0073,-0.0220,0.0000,kd5
2133,20.0000,0.5000,0.0063,0.0067,-0.0073,-0.0269,0.0000,kd5
2139,20.0000,0.5000,0.0063,0.0067,-0.0073,-0.0269,0.0000,kd5
2144,20.0000,0.5000,0.0063,0.0067,-0.0073,-0.0269,0.0000,kd5
2149,20.0000,0.5000,0.0063,0.0067,-0.0073,-0.0220,0.0000,kd5
2154,20.0000,0.5000,0.0063,0.0067,-0.0073,-0.0220,0.0000,kd5
2159,20.0000,0.5000,0.0063,0.0067,-0.0073,-0.0220,0.0000,kd5
2164,20.0000,0.5000,0.0063,0.0067,-0.0073,-0.0220,0.0000,kd5
2169,20.0000,0.5000,0.0063,0.0067,-0.0073,-0.0269,0.0000,kd5
2174,20.0000,0.5000,0.0063,0.0067,-0.0073,-0.0269,0.0000,kd5
2179,20.0000,0.5000,0.0063,0.0067,-0.0073,-0.0220,0.0000,kd5
2184,20.0000,0.5000,0.0063,0.0067,-0.0073,-0.0269,0.0000,kd5
2189,20.0000,0.5000,0.0063,0.0067,-0.0073,-0.0220,0.0000,kd5
2194,20.0000,0.5000,0.0063,0.0067,-0.0073,-0.0220,0.0000,kd5
2199,20.0000,0.5000,0.0063,0.0067,-0.0073,-0.0220,0.0000,kd5
2204,20.0000,0.5000,0.0063,0.0067,-0.0073,-0.0220,0.0000,kd5
2209,20.0000,0.5000,0.0063,0.0067,-0.0073,-0.0171,0.0000,kd5
2214,20.0000,0.5000,0.0063,0.0067,-0.0073,-0.0220,0.0000,kd5
2219,20.0000,0.5000,0.0063,0.0067,-0.0073,-0.0220,0.0000,kd5
2224,20.0000,0.5000,0.0063,0.0067,-0.0073,-0.0220,0.0000,kd5
2230,20.0000,0.5000,0.0063,0.0067,-0.0073,-0.0220,0.0000,kd5
2235,20.0000,0.5000,0.0063,0.0067,-0.0073,-0.0220,0.0000,kd5
2240,20.0000,0.5000,0.0063,0.0067,-0.0073,-0.0220,0.0000,kd5
2245,20.0000,0.5000,0.0063,0.0067,-0.0073,-0.0269,0.0000,kd5
2250,20.0000,0.5000,0.0063,0.0067,-0.0073,-0.0220,0.0000,kd5
2255,20.0000,0.5000,0.0063,0.0067,-0.0073,-0.0220,0.0000,kd5
2260,20.0000,0.5000,0.0063,0.0067,-0.0073,-0.0220,0.0000,kd5
2265,20.0000,0.5000,0.0063,0.0067,-0.0073,-0.0220,0.0000,kd5
2270,20.0000,0.5000,0.0063,0.0067,-0.0073,-0.0220,0.0000,kd5
2275,20.0000,0.5000,0.0063,0.0067,-0.0073,-0.0171,0.0000,kd5
2280,20.0000,0.5000,0.0063,0.0067,-0.0073,-0.0220,0.0000,kd5
2285,20.0000,0.5000,0.0063,0.0067,-0.0073,-0.0220,0.0000,kd5
2290,20.0000,0.5000,0.0063,0.0067,-0.0073,-0.0220,0.0000,kd5
2295,20.0000,0.5000,0.0063,0.0067,-0.0073,-0.0220,0.0000,kd5
2300,20.0000,0.5000,0.0063,0.0067,-0.0073,-0.0220,0.0000,kd5
2305,20.0000,0.5000,0.0063,0.0067,-0.0073,-0.0171,0.0000,kd5
2310,20.0000,0.5000,0.0063,0.0067,-0.0073,-0.0171,0.0000,kd5
2315,20.0000,0.5000,0.0063,0.0067,-0.0073,-0.0220,0.0000,kd5
2321,20.0000,0.5000,0.0063,0.0067,-0.0073,-0.0269,0.0000,kd5
2326,20.0000,0.5000,0.0063,0.0067,-0.0073,-0.0220,0.0000,kd5
2331,20.0000,0.5000,0.0063,0.0067,-0.0073,-0.0269,0.0000,kd5
2336,20.0000,0.5000,0.0063,0.0067,-0.0073,-0.0220,0.0000,kd5
2341,20.0000,0.5000,0.0063,0.0067,-0.0073,-0.0220,0.0000,kd5
2346,20.0000,0.5000,0.0063,0.0067,-0.0073,-0.0269,0.0000,kd5
2351,20.0000,0.5000,0.0063,0.0067,-0.0073,-0.0269,0.0000,kd5
2356,20.0000,0.5000,0.0063,0.0067,-0.0073,-0.0269,0.0000,kd5
2361,20.0000,0.5000,0.0063,0.0067,-0.0073,-0.0220,0.0000,kd5
2366,20.0000,0.5000,0.0063,0.0067,-0.0073,-0.0220,0.0000,kd5
2371,20.0000,0.5000,0.0063,0.0067,-0.0073,-0.0220,0.0000,kd5
2376,20.0000,0.5000,0.0063,0.0067,-0.0073,-0.0220,0.0000,kd5
2381,20.0000,0.5000,0.0063,0.0067,-0.0073,-0.0220,0.0000,kd5
2386,20.0000,0.5000,0.0063,0.0067,-0.0073,-0.0220,0.0000,kd5
2391,20.0000,0.5000,0.0063,0.0067,-0.0073,-0.0220,0.0000,kd5
2396,20.0000,0.5000,0.0063,0.0067,-0.0073,-0.0220,0.0000,kd5
2401,20.0000,0.5000,0.0063,0.0067,-0.0073,-0.0220,0.0000,kd5
2407,20.0000,0.5000,0.0063,0.0067,-0.0073,-0.0269,0.0000,kd5
2412,20.0000,0.5000,0.0063,0.0067,-0.0073,-0.0220,0.0000,kd5
2417,20.0000,0.5000,0.0063,0.0067,-0.0073,-0.0220,0.0000,kd5
2422,20.0000,0.5000,0.0063,0.0067,-0.0073,-0.0269,0.0000,kd5
2427,20.0000,0.5000,0.0063,0.0067,-0.0073,-0.0220,0.0000,kd5
2432,20.0000,0.5000,0.0063,0.0067,-0.0073,-0.0269,0.0000,kd5
2437,20.0000,0.5000,0.0063,0.0067,-0.0073,-0.0269,0.0000,kd5
2442,20.0000,0.5000,0.0063,0.0067,-0.0073,-0.0220,0.0000,kd5
2447,20.0000,0.5000,0.0063,0.0067,-0.0073,-0.0220,0.0000,kd5
2452,20.0000,0.5000,0.0063,0.0067,-0.0073,-0.0171,0.0000,kd5
2457,20.0000,0.5000,0.0063,0.0067,-0.0073,-0.0220,0.0000,kd5
2462,20.0000,0.5000,0.0063,0.0067,-0.0073,-0.0171,0.0000,kd5
2467,20.0000,0.5000,0.0063,0.0067,-0.0073,-0.0220,0.0000,kd5
2472,20.0000,0.5000,0.0063,0.0067,-0.0073,-0.0220,0.0000,kd5
2477,20.0000,0.5000,0.0063,0.0067,-0.0073,-0.0220,0.0000,kd5
2482,20.0000,0.5000,0.0063,0.0067,-0.0073,-0.0171,0.0000,kd5
2487,20.0000,0.5000,0.0063,0.0067,-0.0073,-0.0220,0.0000,kd5
2492,20.0000,0.5000,0.0063,0.0067,-0.0073,-0.0220,0.0000,kd5
2498,20.0000,0.5000,0.0063,0.0067,-0.0073,-0.0220,0.0000,kd5
2503,20.0000,0.5000,0.0063,0.0067,-0.0073,-0.0220,0.0000,kd5
2508,20.0000,0.5000,0.0063,0.0067,-0.0073,-0.0269,0.0000,kd5
2513,20.0000,0.5000,0.0063,0.0067,-0.0073,-0.0269,0.0000,kd5
2518,20.0000,0.5000,0.0063,0.0067,-0.0073,-0.0220,0.0000,kd5
2523,20.0000,0.5000,0.0063,0.0067,-0.0073,-0.0171,0.0000,kd5
2528,20.0000,0.5000,0.0063,0.0067,-0.0073,-0.0220,0.0000,kd5
2533,20.0000,0.5000,0.0063,0.0067,-0.0073,-0.0220,0.0000,kd5
2538,20.0000,0.5000,0.0063,0.0067,-0.0073,-0.0220,0.0000,kd5
2543,20.0000,0.5000,0.0063,0.0067,-0.0073,-0.0269,0.0000,kd5
2548,20.0000,0.5000,0.0063,0.0067,-0.0073,-0.0171,0.0000,kd5
2553,20.0000,0.5000,0.0063,0.0067,-0.0073,-0.0171,0.0000,kd5
2558,20.0000,0.5000,0.0063,0.0067,-0.0073,-0.0220,0.0000,kd5
2563,20.0000,0.5000,0.0063,0.0067,-0.0073,-0.0220,0.0000,kd5
2568,20.0000,0.5000,0.0063,0.0067,-0.0073,-0.0220,0.0000,kd5
2573,20.0000,0.5000,0.0063,0.0067,-0.0073,-0.0220,0.0000,kd5
2578,20.0000,0.5000,0.0063,0.0067,-0.0073,-0.0220,0.0000,kd5
2584,20.0000,0.5000,0.0063,0.0067,-0.0073,-0.0220,0.0000,kd5
2589,20.0000,0.5000,0.0063,0.0067,-0.0073,-0.0220,0.0000,kd5
2594,20.0000,0.5000,0.0063,0.0067,-0.0073,-0.0269,0.0000,kd5
2599,20.0000,0.5000,0.0063,0.0067,-0.0073,-0.0220,0.0000,kd5
2604,20.0000,0.5000,0.0063,0.0067,-0.0073,-0.0269,0.0000,kd5
2609,20.0000,0.5000,0.0063,0.0067,-0.0073,-0.0269,0.0000,kd5
2614,20.0000,0.5000,0.0063,0.0067,-0.0073,-0.0220,0.0000,kd5
2619,20.0000,0.5000,0.0063,0.0067,-0.0073,-0.0220,0.0000,kd5
2624,20.0000,0.5000,0.0063,0.0067,-0.0073,-0.0220,0.0000,kd5
2629,20.0000,0.5000,0.0063,0.0067,-0.0073,-0.0220,0.0000,kd5
2634,20.0000,0.5000,0.0063,0.0067,-0.0073,-0.0220,0.0000,kd5
2639,20.0000,0.5000,0.0063,0.0067,-0.0073,-0.0220,0.0000,kd5
2644,20.0000,0.5000,0.0063,0.0067,-0.0073,-0.0220,0.0000,kd5
2649,20.0000,0.5000,0.0063,0.0067,-0.0073,-0.0220,0.0000,kd5
2654,20.0000,0.5000,0.0063,0.0067,-0.0073,-0.0220,0.0000,kd5
2659,20.0000,0.5000,0.0063,0.0067,-0.0073,-0.0220,0.0000,kd5
2664,20.0000,0.5000,0.0063,0.0067,-0.0073,-0.0220,0.0000,kd5
2669,20.0000,0.5000,0.0063,0.0067,-0.0073,-0.0220,0.0000,kd5
2675,20.0000,0.5000,0.0063,0.0067,-0.0073,-0.0220,0.0000,kd5
2680,20.0000,0.5000,0.0063,0.0067,-0.0073,-0.0220,0.0000,kd5
2685,20.0000,0.5000,0.0063,0.0067,-0.0073,-0.0220,0.0000,kd5
2690,20.0000,0.5000,0.0063,0.0067,-0.0073,-0.0220,0.0000,kd5
2695,20.0000,0.5000,0.0063,0.0067,-0.0073,-0.0269,0.0000,kd5
2700,20.0000,0.5000,0.0063,0.0067,-0.0073,-0.0220,0.0000,kd5
2705,20.0000,0.5000,0.0063,0.0067,-0.0073,-0.0269,0.0000,kd5
2710,20.0000,0.5000,0.0063,0.0067,-0.0073,-0.0220,0.0000,kd5
2715,20.0000,0.5000,0.0063,0.0067,-0.0073,-0.0171,0.0000,kd5
2720,20.0000,0.5000,0.0063,0.0067,-0.0073,-0.0220,0.0000,kd5
2725,20.0000,0.5000,0.0063,0.0067,-0.0073,-0.0269,0.0000,kd5
2730,20.0000,0.5000,0.0063,0.0067,-0.0073,-0.0220,0.0000,kd5
2735,20.0000,0.5000,0.0063,0.0067,-0.0073,-0.0220,0.0000,kd5
2740,20.0000,0.5000,0.0063,0.0067,-0.0073,-0.0220,0.0000,kd5
2745,20.0000,0.5000,0.0063,0.0067,-0.0073,-0.0220,0.0000,kd5
2750,20.0000,0.5000,0.0063,0.0067,-0.0073,-0.0220,0.0000,kd5
2755,20.0000,0.5000,0.0063,0.0067,-0.0073,-0.0220,0.0000,kd5
2760,20.0000,0.5000,0.0063,0.0067,-0.0073,-0.0269,0.0000,kd5
2766,20.0000,0.5000,0.0063,0.0067,-0.0073,-0.0220,0.0000,kd5
2771,20.0000,0.5000,0.0063,0.0067,-0.0073,-0.0220,0.0000,kd5
2776,20.0000,0.5000,0.0063,0.0067,-0.0073,-0.0269,0.0000,kd5
2781,20.0000,0.5000,0.0063,0.0067,-0.0073,-0.0220,0.0000,kd5
2786,20.0000,0.5000,0.0063,0.0067,-0.0073,-0.0220,0.0000,kd5
2791,20.0000,0.5000,0.0063,0.0067,-0.0073,-0.0220,0.0000,kd5
2796,20.0000,0.5000,0.0063,0.0067,-0.0073,-0.0220,0.0000,kd5
2801,20.0000,0.5000,0.0063,0.0067,-0.0073,-0.0220,0.0000,kd5
2806,20.0000,0.5000,0.0063,0.0067,-0.0073,-0.0220,0.0000,kd5
2811,20.0000,0.5000,0.0063,0.0067,-0.0073,-0.0220,0.0000,kd5
2816,20.0000,0.5000,0.0063,0.0067,-0.0073,-0.0220,0.0000,kd5
2821,20.0000,0.5000,0.0063,0.0067,-0.0073,-0.0171,0.0000,kd5
2826,20.0000,0.5000,0.0063,0.0067,-0.0073,-0.0220,0.0000,kd5
2831,20.0000,0.5000,0.0063,0.0067,-0.0073,-0.0269,0.0000,kd5
2836,20.0000,0.5000,0.0063,0.0067,-0.0073,-0.0220,0.0000,kd5
2841,20.0000,0.5000,0.0063,0.0067,-0.0073,-0.0220,0.0000,kd5
2846,20.0000,0.5000,0.0063,0.0067,-0.0073,-0.0220,0.0000,kd5
2852,20.0000,0.5000,0.0063,0.0067,-0.0073,-0.0269,0.0000,kd5
2857,20.0000,0.5000,0.0063,0.0067,-0.0073,-0.0220,0.0000,kd5
2862,20.0000,0.5000,0.0063,0.0067,-0.0073,-0.0220,0.0000,kd5
2867,20.0000,0.5000,0.0063,0.0067,-0.0073,-0.0220,0.0000,kd5
2872,20.0000,0.5000,0.0063,0.0067,-0.0073,-0.0269,0.0000,kd5
2877,20.0000,0.5000,0.0063,0.0067,-0.0073,-0.0220,0.0000,kd5
2882,20.0000,0.5000,0.0063,0.0067,-0.0073,-0.0220,0.0000,kd5
2887,20.0000,0.5000,0.0063,0.0067,-0.0073,-0.0269,0.0000,kd5
2892,20.0000,0.5000,0.0063,0.0067,-0.0073,-0.0220,0.0000,kd5
2897,20.0000,0.5000,0.0063,0.0067,-0.0073,-0.0171,0.0000,kd5
2902,20.0000,0.5000,0.0063,0.0067,-0.0073,-0.0220,0.0000,kd5
2907,20.0000,0.5000,0.0063,0.0067,-0.0073,-0.0220,0.0000,kd5
2912,20.0000,0.5000,0.0063,0.0067,-0.0073,-0.0220,0.0000,kd5
2917,20.0000,0.5000,0.0063,0.0067,-0.0073,-0.0220,0.0000,kd5
2922,20.0000,0.5000,0.0063,0.0067,-0.0073,-0.0269,0.0000,kd5
2927,20.0000,0.5000,0.0063,0.0067,-0.0073,-0.0220,0.0000,kd5
2932,20.0000,0.5000,0.0063,0.0067,-0.0073,-0.0220,0.0000,kd5
2937,20.0000,0.5000,0.0063,0.0067,-0.0073,-0.0220,0.0000,kd5
2943,20.0000,0.5000,0.0063,0.0067,-0.0073,-0.0220,0.0000,kd5
2948,20.0000,0.5000,0.0063,0.0067,-0.0073,-0.0171,0.0000,kd5
2953,20.0000,0.5000,0.0063,0.0067,-0.0073,-0.0220,0.0000,kd5
2958,20.0000,0.5000,0.0063,0.0067,-0.0073,-0.0220,0.0000,kd5
2963,20.0000,0.5000,0.0063,0.0067,-0.0073,-0.0220,0.0000,kd5
2968,20.0000,0.5000,0.0063,0.0067,-0.0073,-0.0220,0.0000,kd5
2973,20.0000,0.5000,0.0063,0.0067,-0.0073,-0.0220,0.0000,kd5
2978,20.0000,0.5000,0.0063,0.0067,-0.0073,-0.0269,0.0000,kd5
2983,20.0000,0.5000,0.0063,0.0067,-0.0073,-0.0171,0.0000,kd5
2988,20.0000,0.5000,0.0063,0.0067,-0.0073,-0.0220,0.0000,kd5
2993,20.0000,0.5000,0.0063,0.0067,-0.0073,-0.0171,0.0000,kd5
2998,20.0000,0.5000,0.0063,0.0067,-0.0073,-0.0269,0.0000,kd5
3003,20.0000,0.5000,0.0063,0.0067,-0.0073,-0.0220,0.0000,kd5
3008,20.0000,0.5000,0.0063,0.0067,-0.0073,-0.0220,0.0000,kd5
3013,20.0000,0.5000,0.0063,0.0067,-0.0073,-0.0171,0.0000,kd5
3018,20.0000,0.5000,0.0063,0.0067,-0.0073,-0.0220,0.0000,kd5
3023,20.0000,0.5000,0.0063,0.0067,-0.0073,-0.0220,0.0000,kd5
3028,20.0000,0.5000,0.0063,0.0067,-0.0073,-0.0171,0.0000,kd5
3034,20.0000,0.5000,0.0063,0.0067,-0.0073,-0.0220,0.0000,kd5
3039,20.0000,0.5000,0.0063,0.0067,-0.0073,-0.0220,0.0000,kd5
3044,20.0000,0.5000,0.0063,0.0067,-0.0073,-0.0220,0.0000,kd5
3049,20.0000,0.5000,0.0063,0.0067,-0.0073,-0.0220,0.0000,kd5
3054,20.0000,0.5000,0.0063,0.0067,-0.0073,-0.0220,0.0000,kd5
3059,20.0000,0.5000,0.0063,0.0067,-0.0073,-0.0220,0.0000,kd5
3064,20.0000,0.5000,0.0063,0.0067,-0.0073,-0.0220,0.0000,kd5
3069,20.0000,0.5000,0.0063,0.0067,-0.0073,-0.0220,0.0000,kd5
3074,20.0000,0.5000,0.0063,0.0067,-0.0073,-0.0220,0.0000,kd5
3079,20.0000,0.5000,0.0063,0.0067,-0.0073,-0.0220,0.0000,kd5
3084,20.0000,0.5000,0.0063,0.0067,-0.0073,-0.0220,0.0000,kd5
3089,20.0000,0.5000,0.0063,0.0067,-0.0073,-0.0220,0.0000,kd5
3094,20.0000,0.5000,0.0063,0.0067,-0.0073,-0.0220,0.0000,kd5
3099,20.0000,0.5000,0.0063,0.0067,-0.0073,-0.0220,0.0000,kd5
3104,20.0000,0.5000,0.0063,0.0067,-0.0073,-0.0220,0.0000,kd5
3109,20.0000,0.5000,0.0063,0.0067,-0.0073,-0.0269,0.0000,kd5
3114,20.0000,0.5000,0.0063,0.0067,-0.0073,-0.0171,0.0000,kd5
3119,20.0000,0.5000,0.0063,0.0067,-0.0073,-0.0220,0.0000,kd5
3125,20.0000,0.5000,0.0063,0.0067,-0.0073,-0.0171,0.0000,kd5
3130,20.0000,0.5000,0.0063,0.0067,-0.0073,-0.0220,0.0000,kd5
3135,20.0000,0.5000,0.0063,0.0067,-0.0073,-0.0220,0.0000,kd5
3140,20.0000,0.5000,0.0063,0.0067,-0.0073,-0.0220,0.0000,kd5
3145,20.0000,0.5000,0.0063,0.0067,-0.0073,-0.0220,0.0000,kd5
3150,20.0000,0.5000,0.0063,0.0067,-0.0073,-0.0220,0.0000,kd5
3155,20.0000,0.5000,0.0063,0.0067,-0.0073,-0.0220,0.0000,kd5
3160,20.0000,0.5000,0.0063,0.0067,-0.0073,-0.0220,0.0000,kd5
3165,20.0000,0.5000,0.0063,0.0067,-0.0073,-0.0220,0.0000,kd5
3170,20.0000,0.5000,0.0063,0.0067,-0.0073,-0.0171,0.0000,kd5
3175,20.0000,0.5000,0.0063,0.0067,-0.0073,-0.0220,0.0000,kd5
3180,20.0000,0.5000,0.0063,0.0067,-0.0073,-0.0220,0.0000,kd5
3185,20.0000,0.5000,0.0063,0.0067,-0.0073,-0.0220,0.0000,kd5
3190,20.0000,0.5000,0.0063,0.0067,-0.0073,-0.0220,0.0000,kd5
3195,20.0000,0.5000,0.0063,0.0067,-0.0073,-0.0269,0.0000,kd5
3200,20.0000,0.5000,0.0063,0.0067,-0.0073,-0.0269,0.0000,kd5
3205,20.0000,0.5000,0.0063,0.0067,-0.0073,-0.0220,0.0000,kd5
3210,20.0000,0.5000,0.0063,0.0067,-0.0073,-0.0220,0.0000,kd5
3216,20.0000,0.5000,0.0063,0.0067,-0.0073,-0.0220,0.0000,kd5
3221,20.0000,0.5000,0.0063,0.0067,-0.0073,-0.0220,0.0000,kd5
3226,20.0000,0.5000,0.0063,0.0067,-0.0073,-0.0220,0.0000,kd5
3231,20.0000,0.5000,0.0063,0.0067,-0.0073,-0.0220,0.0000,kd5
3236,20.0000,0.5000,0.0063,0.0067,-0.0073,-0.0269,0.0000,kd5
3241,20.0000,0.5000,0.0063,0.0067,-0.0073,-0.0220,0.0000,kd5
3246,20.0000,0.5000,0.0063,0.0067,-0.0073,-0.0220,0.0000,kd5
3251,20.0000,0.5000,0.0063,0.0067,-0.0073,-0.0220,0.0000,kd5
3256,20.0000,0.5000,0.0063,0.0067,-0.0073,-0.0220,0.0000,kd5
3261,20.0000,0.5000,0.0063,0.0067,-0.0073,-0.0220,0.0000,kd5
3266,20.0000,0.5000,0.0063,0.0067,-0.0073,-0.0220,0.0000,kd5
3271,20.0000,0.5000,0.0063,0.0067,-0.0073,-0.0220,0.0000,kd5
3276,20.0000,0.5000,0.0063,0.0067,-0.0073,-0.0220,0.0000,kd5
3281,20.0000,0.5000,0.0063,0.0067,-0.0073,-0.0220,0.0000,kd5
3286,20.0000,0.5000,0.0063,0.0067,-0.0073,-0.0220,0.0000,kd5
3291,20.0000,0.5000,0.0063,0.0067,-0.0073,-0.0269,0.0000,kd5
3296,20.0000,0.5000,0.0063,0.0067,-0.0073,-0.0220,0.0000,kd5
3302,20.0000,0.5000,0.0063,0.0067,-0.0073,-0.0171,0.0000,kd5
3307,20.0000,0.5000,0.0063,0.0067,-0.0073,-0.0220,0.0000,kd5
3312,20.0000,0.5000,0.0063,0.0067,-0.0073,-0.0171,0.0000,kd5
3317,20.0000,0.5000,0.0063,0.0067,-0.0073,-0.0220,0.0000,kd5
3322,20.0000,0.5000,0.0063,0.0067,-0.0073,-0.0171,0.0000,kd5
3327,20.0000,0.5000,0.0063,0.0067,-0.0073,-0.0171,0.0000,kd5
3332,20.0000,0.5000,0.0063,0.0067,-0.0073,-0.0220,0.0000,kd5
3337,20.0000,0.5000,0.0063,0.0067,-0.0073,-0.0269,0.0000,kd5
3342,20.0000,0.5000,0.0063,0.0067,-0.0073,-0.0269,0.0000,kd5
3347,20.0000,0.5000,0.0063,0.0067,-0.0073,-0.0220,0.0000,kd5
3352,20.0000,0.5000,0.0063,0.0067,-0.0073,-0.0220,0.0000,kd5
3357,20.0000,0.5000,0.0063,0.0067,-0.0073,-0.0220,0.0000,kd5
3362,20.0000,0.5000,0.0063,0.0067,-0.0073,-0.0220,0.0000,kd5
3367,20.0000,0.5000,0.0063,0.0067,-0.0073,-0.0220,0.0000,kd5
3372,20.0000,0.5000,0.0063,0.0067,-0.0073,-0.0220,0.0000,kd5
3377,20.0000,0.5000,0.0063,0.0067,-0.0073,-0.0220,0.0000,kd5
3382,20.0000,0.5000,0.0063,0.0067,-0.0073,-0.0220,0.0000,kd5
3387,20.0000,0.5000,0.0063,0.0067,-0.0073,-0.0220,0.0000,kd5
3393,20.0000,0.5000,0.0063,0.0067,-0.0073,-0.0269,0.0000,kd5
3398,20.0000,0.5000,0.0063,0.0067,-0.0073,-0.0220,0.0000,kd5
3403,20.0000,0.5000,0.0063,0.0067,-0.0073,-0.0220,0.0000,kd5
3408,20.0000,0.5000,0.0063,0.0067,-0.0073,-0.0220,0.0000,kd5
3413,20.0000,0.5000,0.0063,0.0067,-0.0073,-0.0220,0.0000,kd5
3418,20.0000,0.5000,0.0063,0.0067,-0.0073,-0.0269,0.0000,kd5
3423,20.0000,0.5000,0.0063,0.0067,-0.0073,-0.0220,0.0000,kd5
3428,20.0000,0.5000,0.0063,0.0067,-0.0073,-0.0269,0.0000,kd5
3433,20.0000,0.5000,0.0063,0.0067,-0.0073,-0.0220,0.0000,kd5
3438,20.0000,0.5000,0.0063,0.0067,-0.0073,-0.0220,0.0000,kd5
3443,20.0000,0.5000,0.0063,0.0067,-0.0073,-0.0220,0.0000,kd5
3448,20.0000,0.5000,0.0063,0.0067,-0.0073,-0.0269,0.0000,kd5
3453,20.0000,0.5000,0.0063,0.0067,-0.0073,-0.0220,0.0000,kd5
3458,20.0000,0.5000,0.0063,0.0067,-0.0073,-0.0220,0.0000,kd5
3463,20.0000,0.5000,0.0063,0.0067,-0.0073,-0.0220,0.0000,kd5
3468,20.0000,0.5000,0.0063,0.0067,-0.0073,-0.0220,0.0000,kd5
3473,20.0000,0.5000,0.0063,0.0067,-0.0073,-0.0220,0.0000,kd5
3478,20.0000,0.5000,0.0063,0.0067,-0.0073,-0.0269,0.0000,kd5
3483,20.0000,0.5000,0.0063,0.0067,-0.0073,-0.0220,0.0000,kd5
3489,20.0000,0.5000,0.0063,0.0067,-0.0073,-0.0220,0.0000,kd5
3494,20.0000,0.5000,0.0063,0.0067,-0.0073,-0.0220,0.0000,kd5
3499,20.0000,0.5000,0.0063,0.0067,-0.0073,-0.0220,0.0000,kd5
3504,20.0000,0.5000,0.0063,0.0067,-0.0073,-0.0220,0.0000,kd5
3509,20.0000,0.5000,0.0063,0.0067,-0.0073,-0.0220,0.0000,kd5
3514,20.0000,0.5000,0.0063,0.0067,-0.0073,-0.0220,0.0000,kd5
3519,20.0000,0.5000,0.0063,0.0067,-0.0073,-0.0220,0.0000,kd5
3524,20.0000,0.5000,0.0063,0.0067,-0.0073,-0.0220,0.0000,kd5
3529,20.0000,0.5000,0.0063,0.0067,-0.0073,-0.0220,0.0000,kd5
3534,20.0000,0.5000,0.0063,0.0067,-0.0073,-0.0220,0.0000,kd5
3539,20.0000,0.5000,0.0063,0.0067,-0.0073,-0.0220,0.0000,kd5
3544,20.0000,0.5000,0.0063,0.0067,-0.0073,-0.0220,0.0000,kd5
3549,20.0000,0.5000,0.0063,0.0067,-0.0073,-0.0220,0.0000,kd5
3554,20.0000,0.5000,0.0063,0.0067,-0.0073,-0.0220,0.0000,kd5
3559,20.0000,0.5000,0.0063,0.0067,-0.0073,-0.0171,0.0000,kd5
3564,20.0000,0.5000,0.0063,0.0067,-0.0073,-0.0220,0.0000,kd5
3569,20.0000,0.5000,0.0063,0.0067,-0.0073,-0.0220,0.0000,kd5
3574,20.0000,0.5000,0.0063,0.0067,-0.0073,-0.0220,0.0000,kd5
3580,20.0000,0.5000,0.0063,0.0067,-0.0073,-0.0220,0.0000,kd5
3585,20.0000,0.5000,0.0063,0.0067,-0.0073,-0.0220,0.0000,kd5
3590,20.0000,0.5000,0.0063,0.0067,-0.0073,-0.0171,0.0000,kd5
3595,20.0000,0.5000,0.0063,0.0067,-0.0073,-0.0220,0.0000,kd5
3600,20.0000,0.5000,0.0063,0.0067,-0.0073,-0.0220,0.0000,kd5
3605,20.0000,0.5000,0.0063,0.0067,-0.0073,-0.0220,0.0000,kd5
3610,20.0000,0.5000,0.0063,0.0067,-0.0073,-0.0220,0.0000,kd5
3615,20.0000,0.5000,0.0063,0.0067,-0.0073,-0.0269,0.0000,kd5
3620,20.0000,0.5000,0.0063,0.0067,-0.0073,-0.0171,0.0000,kd5
3625,20.0000,0.5000,0.0063,0.0067,-0.0073,-0.0220,0.0000,kd5
3630,20.0000,0.5000,0.0063,0.0067,-0.0073,-0.0220,0.0000,kd5
3635,20.0000,0.5000,0.0063,0.0067,-0.0073,-0.0171,0.0000,kd5
3640,20.0000,0.5000,0.0063,0.0067,-0.0073,-0.0269,0.0000,kd5
3645,20.0000,0.5000,0.0063,0.0067,-0.0073,-0.0220,0.0000,kd5
3650,20.0000,0.5000,0.0063,0.0067,-0.0073,-0.0269,0.0000,kd5
3655,20.0000,0.5000,0.0063,0.0067,-0.0073,-0.0220,0.0000,kd5
3660,20.0000,0.5000,0.0063,0.0067,-0.0073,-0.0220,0.0000,kd5
3665,20.0000,0.5000,0.0063,0.0067,-0.0073,-0.0171,0.0000,kd5
3670,20.0000,0.5000,0.0063,0.0067,-0.0073,-0.0220,0.0000,kd5
3676,20.0000,0.5000,0.0063,0.0067,-0.0073,-0.0269,0.0000,kd5
3681,20.0000,0.5000,0.0063,0.0067,-0.0073,-0.0269,0.0000,kd5
3686,20.0000,0.5000,0.0063,0.0067,-0.0073,-0.0220,0.0000,kd5
3691,20.0000,0.5000,0.0063,0.0067,-0.0073,-0.0220,0.0000,kd5
3696,20.0000,0.5000,0.0063,0.0067,-0.0073,-0.0220,0.0000,kd5
3701,20.0000,0.5000,0.0063,0.0067,-0.0073,-0.0220,0.0000,kd5
3706,20.0000,0.5000,0.0063,0.0067,-0.0073,-0.0171,0.0000,kd5
3711,20.0000,0.5000,0.0063,0.0067,-0.0073,-0.0220,0.0000,kd5
3716,20.0000,0.5000,0.0063,0.0067,-0.0073,-0.0220,0.0000,kd5
3721,20.0000,0.5000,0.0063,0.0067,-0.0073,-0.0220,0.0000,kd5
3726,20.0000,0.5000,0.0063,0.0067,-0.0073,-0.0220,0.0000,kd5
3731,20.0000,0.5000,0.0063,0.0067,-0.0073,-0.0269,0.0000,kd5
3736,20.0000,0.5000,0.0063,0.0067,-0.0073,-0.0220,0.0000,kd5
3741,20.0000,0.5000,0.0063,0.0067,-0.0073,-0.0220,0.0000,kd5
3746,20.0000,0.5000,0.0063,0.0067,-0.0073,-0.0220,0.0000,kd5
3751,20.0000,0.5000,0.0063,0.0067,-0.0073,-0.0220,0.0000,kd5
3756,20.0000,0.5000,0.0063,0.0067,-0.0073,-0.0220,0.0000,kd5
3761,20.0000,0.5000,0.0063,0.0067,-0.0073,-0.0171,0.0000,kd5
3766,20.0000,0.5000,0.0063,0.0067,-0.0073,-0.0269,0.0000,kd5
3772,20.0000,0.5000,0.0063,0.0067,-0.0073,-0.0269,0.0000,kd5
3777,20.0000,0.5000,0.0063,0.0067,-0.0073,-0.0220,0.0000,kd5
3782,20.0000,0.5000,0.0063,0.0067,-0.0073,-0.0220,0.0000,kd5
3787,20.0000,0.5000,0.0063,0.0067,-0.0073,-0.0220,0.0000,kd5
3792,20.0000,0.5000,0.0063,0.0067,-0.0073,-0.0171,0.0000,kd5
3797,20.0000,0.5000,0.0063,0.0067,-0.0073,-0.0220,0.0000,kd5
3802,20.0000,0.5000,0.0063,0.0067,-0.0073,-0.0220,0.0000,kd5
3807,20.0000,0.5000,0.0063,0.0067,-0.0073,-0.0269,0.0000,kd5
3812,20.0000,0.5000,0.0063,0.0067,-0.0073,-0.0220,0.0000,kd5
3817,20.0000,0.5000,0.0063,0.0067,-0.0073,-0.0220,0.0000,kd5
3822,20.0000,0.5000,0.0063,0.0067,-0.0073,-0.0220,0.0000,kd5
3827,20.0000,0.5000,0.0063,0.0067,-0.0073,-0.0220,0.0000,kd5
3832,20.0000,0.5000,0.0063,0.0067,-0.0073,-0.0220,0.0000,kd5
3837,20.0000,0.5000,0.0063,0.0067,-0.0073,-0.0220,0.0000,kd5
3842,20.0000,0.5000,0.0063,0.0067,-0.0073,-0.0220,0.0000,kd5
3847,20.0000,0.5000,0.0063,0.0067,-0.0073,-0.0220,0.0000,kd5
3852,20.0000,0.5000,0.0063,0.0067,-0.0073,-0.0171,0.0000,kd5
3857,20.0000,0.5000,0.0063,0.0067,-0.0073,-0.0220,0.0000,kd5
3863,20.0000,0.5000,0.0063,0.0067,-0.0073,-0.0269,0.0000,kd5
3868,20.0000,0.5000,0.0063,0.0067,-0.0073,-0.0220,0.0000,kd5
3873,20.0000,0.5000,0.0063,0.0067,-0.0073,-0.0220,0.0000,kd5
3878,20.0000,0.5000,0.0063,0.0067,-0.0073,-0.0220,0.0000,kd5
3883,20.0000,0.5000,0.0063,0.0067,-0.0073,-0.0220,0.0000,kd5
3888,20.0000,0.5000,0.0063,0.0067,-0.0073,-0.0220,0.0000,kd5
3893,20.0000,0.5000,0.0063,0.0067,-0.0073,-0.0269,0.0000,kd5
3898,20.0000,0.5000,0.0063,0.0067,-0.0073,-0.0269,0.0000,kd5
3903,20.0000,0.5000,0.0063,0.0067,-0.0073,-0.0220,0.0000,kd5
3908,20.0000,0.5000,0.0063,0.0067,-0.0073,-0.0220,0.0000,kd5
3913,20.0000,0.5000,0.0063,0.0067,-0.0073,-0.0269,0.0000,kd5
3918,20.0000,0.5000,0.0063,0.0067,-0.0073,-0.0220,0.0000,kd5
3923,20.0000,0.5000,0.0063,0.0067,-0.0073,-0.0220,0.0000,kd5
3928,20.0000,0.5000,0.0063,0.0067,-0.0073,-0.0220,0.0000,kd5
3933,20.0000,0.5000,0.0063,0.0067,-0.0073,-0.0220,0.0000,kd5
3938,20.0000,0.5000,0.0063,0.0067,-0.0073,-0.0269,0.0000,kd5
3943,20.0000,0.5000,0.0063,0.0067,-0.0073,-0.0220,0.0000,kd5
3948,20.0000,0.5000,0.0063,0.0067,-0.0073,-0.0220,0.0000,kd5
3953,20.0000,0.5000,0.0063,0.0067,-0.0073,-0.0269,0.0000,kd5
3959,20.0000,0.5000,0.0063,0.0067,-0.0073,-0.0220,0.0000,kd5
3964,20.0000,0.5000,0.0063,0.0067,-0.0073,-0.0220,0.0000,kd5
3969,20.0000,0.5000,0.0063,0.0067,-0.0073,-0.0220,0.0000,kd5
3974,20.0000,0.5000,0.0063,0.0067,-0.0073,-0.0220,0.0000,kd5
3979,20.0000,0.5000,0.0063,0.0067,-0.0073,-0.0269,0.0000,kd5
3984,20.0000,0.5000,0.0063,0.0067,-0.0073,-0.0269,0.0000,kd5
3989,20.0000,0.5000,0.0063,0.0067,-0.0073,-0.0220,0.0000,kd5
3994,20.0000,0.5000,0.0063,0.0067,-0.0073,-0.0220,0.0000,kd5
3999,20.0000,0.5000,0.0063,0.0067,-0.0073,-0.0220,0.0000,kd5
4004,20.0000,0.5000,0.0063,0.0067,-0.0073,-0.0220,0.0000,kd5
4009,20.0000,0.5000,0.0063,0.0067,-0.0073,-0.0220,0.0000,kd5
4014,20.0000,0.5000,0.0063,0.0067,-0.0073,-0.0220,0.0000,kd5
4019,20.0000,0.5000,0.0063,0.0067,-0.0073,-0.0220,0.0000,kd5
4024,20.0000,0.5000,0.0063,0.0067,-0.0073,-0.0220,0.0000,kd5
4029,20.0000,0.5000,0.0063,0.0067,-0.0073,-0.0220,0.0000,kd5
4034,20.0000,0.5000,0.0063,0.0067,-0.0073,-0.0220,0.0000,kd5
4039,20.0000,0.5000,0.0063,0.0067,-0.0073,-0.0220,0.0000,kd5
4044,20.0000,0.5000,0.0063,0.0067,-0.0073,-0.0220,0.0000,kd5
4050,20.0000,0.5000,0.0063,0.0067,-0.0073,-0.0220,0.0000,kd5
4055,20.0000,0.5000,0.0063,0.0067,-0.0073,-0.0171,0.0000,kd5
4060,20.0000,0.5000,0.0063,0.0067,-0.0073,-0.0171,0.0000,kd5
4065,20.0000,0.5000,0.0063,0.0067,-0.0073,-0.0220,0.0000,kd5
4070,20.0000,0.5000,0.0063,0.0067,-0.0073,-0.0171,0.0000,kd5
4075,20.0000,0.5000,0.0063,0.0067,-0.0073,-0.0220,0.0000,kd5
4080,20.0000,0.5000,0.0063,0.0067,-0.0073,-0.0220,0.0000,kd5
4085,20.0000,0.5000,0.0063,0.0067,-0.0073,-0.0269,0.0000,kd5
4090,20.0000,0.5000,0.0063,0.0067,-0.0073,-0.0269,0.0000,kd5
4095,20.0000,0.5000,0.0063,0.0067,-0.0073,-0.0220,0.0000,kd5
4100,20.0000,0.5000,0.0063,0.0067,-0.0073,-0.0220,0.0000,kd5
4105,20.0000,0.5000,0.0063,0.0067,-0.0073,-0.0220,0.0000,kd5
4110,20.0000,0.5000,0.0063,0.0067,-0.0073,-0.0220,0.0000,kd5
4115,20.0000,0.5000,0.0063,0.0067,-0.0073,-0.0269,0.0000,kd5
4120,20.0000,0.5000,0.0063,0.0067,-0.0073,-0.0269,0.0000,kd5
4125,20.0000,0.5000,0.0063,0.0067,-0.0073,-0.0220,0.0000,kd5
4130,20.0000,0.5000,0.0063,0.0067,-0.0073,-0.0220,0.0000,kd5
4135,20.0000,0.5000,0.0063,0.0067,-0.0073,-0.0220,0.0000,kd5
4140,20.0000,0.5000,0.0063,0.0067,-0.0073,-0.0220,0.0000,kd5
4146,20.0000,0.5000,0.0063,0.0067,-0.0073,-0.0220,0.0000,kd5
4151,20.0000,0.5000,0.0063,0.0067,-0.0073,-0.0220,0.0000,kd5
4156,20.0000,0.5000,0.0063,0.0067,-0.0073,-0.0220,0.0000,kd5
4161,20.0000,0.5000,0.0063,0.0067,-0.0073,-0.0269,0.0000,kd5
4166,20.0000,0.5000,0.0063,0.0067,-0.0073,-0.0220,0.0000,kd5
4171,20.0000,0.5000,0.0063,0.0067,-0.0073,-0.0220,0.0000,kd5
4176,20.0000,0.5000,0.0063,0.0067,-0.0073,-0.0171,0.0000,kd5
4181,20.0000,0.5000,0.0063,0.0067,-0.0073,-0.0220,0.0000,kd5
4186,20.0000,0.5000,0.0063,0.0067,-0.0073,-0.0220,0.0000,kd5
4191,20.0000,0.5000,0.0063,0.0067,-0.0073,-0.0220,0.0000,kd5
4196,20.0000,0.5000,0.0063,0.0067,-0.0073,-0.0220,0.0000,kd5
4201,20.0000,0.5000,0.0063,0.0067,-0.0073,-0.0220,0.0000,kd5
4206,20.0000,0.5000,0.0063,0.0067,-0.0073,-0.0269,0.0000,kd5
4211,20.0000,0.5000,0.0063,0.0067,-0.0073,-0.0220,0.0000,kd5
4216,20.0000,0.5000,0.0063,0.0067,-0.0073,-0.0220,0.0000,kd5
4221,20.0000,0.5000,0.0063,0.0067,-0.0073,-0.0220,0.0000,kd5
4226,20.0000,0.5000,0.0063,0.0067,-0.0073,-0.0220,0.0000,kd5
4232,20.0000,0.5000,0.0063,0.0067,-0.0073,-0.0269,0.0000,kd5
4237,20.0000,0.5000,0.0063,0.0067,-0.0073,-0.0220,0.0000,kd5
4242,20.0000,0.5000,0.0063,0.0067,-0.0073,-0.0220,0.0000,kd5
4247,20.0000,0.5000,0.0063,0.0067,-0.0073,-0.0220,0.0000,kd5
4252,20.0000,0.5000,0.0063,0.0067,-0.0073,-0.0269,0.0000,kd5
4257,20.0000,0.5000,0.0063,0.0067,-0.0073,-0.0220,0.0000,kd5
4262,20.0000,0.5000,0.0063,0.0067,-0.0073,-0.0220,0.0000,kd5
4267,20.0000,0.5000,0.0063,0.0067,-0.0073,-0.0220,0.0000,kd5
4272,20.0000,0.5000,0.0063,0.0067,-0.0073,-0.0269,0.0000,kd5
4277,20.0000,0.5000,0.0063,0.0067,-0.0073,-0.0171,0.0000,kd5
4282,20.0000,0.5000,0.0063,0.0067,-0.0073,-0.0220,0.0000,kd5
4287,20.0000,0.5000,0.0063,0.0067,-0.0073,-0.0171,0.0000,kd5
4292,20.0000,0.5000,0.0063,0.0067,-0.0073,-0.0220,0.0000,kd5
4297,20.0000,0.5000,0.0063,0.0067,-0.0073,-0.0220,0.0000,kd5
4302,20.0000,0.5000,0.0063,0.0067,-0.0073,-0.0269,0.0000,kd5
4307,20.0000,0.5000,0.0063,0.0067,-0.0073,-0.0220,0.0000,kd5
4312,20.0000,0.5000,0.0063,0.0067,-0.0073,-0.0220,0.0000,kd5
4317,20.0000,0.5000,0.0063,0.0067,-0.0073,-0.0220,0.0000,kd5
4323,20.0000,0.5000,0.0063,0.0067,-0.0073,-0.0220,0.0000,kd5
4328,20.0000,0.5000,0.0063,0.0067,-0.0073,-0.0220,0.0000,kd5
4333,20.0000,0.5000,0.0063,0.0067,-0.0073,-0.0269,0.0000,kd5
4338,20.0000,0.5000,0.0063,0.0067,-0.0073,-0.0269,0.0000,kd5
4343,20.0000,0.5000,0.0063,0.0067,-0.0073,-0.0269,0.0000,kd5
4348,20.0000,0.5000,0.0063,0.0067,-0.0073,-0.0220,0.0000,kd5
4353,20.0000,0.5000,0.0063,0.0067,-0.0073,-0.0220,0.0000,kd5
4358,20.0000,0.5000,0.0063,0.0067,-0.0073,-0.0220,0.0000,kd5
4363,20.0000,0.5000,0.0063,0.0067,-0.0073,-0.0220,0.0000,kd5
4368,20.0000,0.5000,0.0063,0.0067,-0.0073,-0.0220,0.0000,kd5
4373,20.0000,0.5000,0.0063,0.0067,-0.0073,-0.0220,0.0000,kd5
4378,20.0000,0.5000,0.0063,0.0067,-0.0073,-0.0220,0.0000,kd5
4383,20.0000,0.5000,0.0063,0.0067,-0.0073,-0.0220,0.0000,kd5
4388,20.0000,0.5000,0.0063,0.0067,-0.0073,-0.0220,0.0000,kd5
4393,20.0000,0.5000,0.0063,0.0067,-0.0073,-0.0220,0.0000,kd5
4398,20.0000,0.5000,0.0063,0.0067,-0.0073,-0.0171,0.0000,kd5
4403,20.0000,0.5000,0.0063,0.0067,-0.0073,-0.0220,0.0000,kd5
4408,20.0000,0.5000,0.0063,0.0067,-0.0073,-0.0171,0.0000,kd5
4414,20.0000,0.5000,0.0063,0.0067,-0.0073,-0.0269,0.0000,kd5
4419,20.0000,0.5000,0.0063,0.0067,-0.0073,-0.0269,0.0000,kd5
4424,20.0000,0.5000,0.0063,0.0067,-0.0073,-0.0269,0.0000,kd5
4429,20.0000,0.5000,0.0063,0.0067,-0.0073,-0.0220,0.0000,kd5
4434,20.0000,0.5000,0.0063,0.0067,-0.0073,-0.0269,0.0000,kd5
4439,20.0000,0.5000,0.0063,0.0067,-0.0073,-0.0220,0.0000,kd5
4444,20.0000,0.5000,0.0063,0.0067,-0.0073,-0.0220,0.0000,kd5
4449,20.0000,0.5000,0.0063,0.0067,-0.0073,-0.0269,0.0000,kd5
4454,20.0000,0.5000,0.0063,0.0067,-0.0073,-0.0269,0.0000,kd5
4459,20.0000,0.5000,0.0063,0.0067,-0.0073,-0.0269,0.0000,kd5
4464,20.0000,0.5000,0.0063,0.0067,-0.0073,-0.0269,0.0000,kd5
4469,20.0000,0.5000,0.0063,0.0067,-0.0073,-0.0269,0.0000,kd5
4474,20.0000,0.5000,0.0063,0.0067,-0.0073,-0.0269,0.0000,kd5
4479,20.0000,0.5000,0.0063,0.0067,-0.0073,-0.0220,0.0000,kd5
4484,20.0000,0.5000,0.0063,0.0067,-0.0073,-0.0317,0.0000,kd5
4489,20.0000,0.5000,0.0063,0.0067,-0.0073,-0.0220,0.0000,kd5
4494,20.0000,0.5000,0.0063,0.0067,-0.0073,-0.0269,0.0000,kd5
4499,20.0000,0.5000,0.0063,0.0067,-0.0073,-0.0220,0.0000,kd5
4504,20.0000,0.5000,0.0063,0.0067,-0.0073,-0.0220,0.0000,kd5
4509,20.0000,0.5000,0.0063,0.0067,-0.0073,-0.0220,0.0000,kd5
4515,20.0000,0.5000,0.0063,0.0067,-0.0073,-0.0220,0.0000,kd5
4520,20.0000,0.5000,0.0063,0.0067,-0.0073,-0.0220,0.0000,kd5
4525,20.0000,0.5000,0.0063,0.0067,-0.0073,-0.0220,0.0000,kd5
4530,20.0000,0.5000,0.0063,0.0067,-0.0073,-0.0220,0.0000,kd5
4535,20.0000,0.5000,0.0063,0.0067,-0.0073,-0.0220,0.0000,kd5
4540,20.0000,0.5000,0.0063,0.0067,-0.0073,-0.0220,0.0000,kd5
4545,20.0000,0.5000,0.0063,0.0067,-0.0073,-0.0220,0.0000,kd5
4550,20.0000,0.5000,0.0063,0.0067,-0.0073,-0.0220,0.0000,kd5
4555,20.0000,0.5000,0.0063,0.0067,-0.0073,-0.0220,0.0000,kd5
4560,20.0000,0.5000,0.0063,0.0067,-0.0073,-0.0220,0.0000,kd5
4565,20.0000,0.5000,0.0063,0.0067,-0.0073,-0.0269,0.0000,kd5
4570,20.0000,0.5000,0.0063,0.0067,-0.0073,-0.0220,0.0000,kd5
4575,20.0000,0.5000,0.0063,0.0067,-0.0073,-0.0220,0.0000,kd5
4580,20.0000,0.5000,0.0063,0.0067,-0.0073,-0.0220,0.0000,kd5
4585,20.0000,0.5000,0.0063,0.0067,-0.0073,-0.0269,0.0000,kd5
4590,20.0000,0.5000,0.0063,0.0067,-0.0073,-0.0220,0.0000,kd5
4595,20.0000,0.5000,0.0063,0.0067,-0.0073,-0.0220,0.0000,kd5
4601,20.0000,0.5000,0.0063,0.0067,-0.0073,-0.0269,0.0000,kd5
4606,20.0000,0.5000,0.0063,0.0067,-0.0073,-0.0220,0.0000,kd5
4611,20.0000,0.5000,0.0063,0.0067,-0.0073,-0.0269,0.0000,kd5
4616,20.0000,0.5000,0.0063,0.0067,-0.0073,-0.0269,0.0000,kd5
4621,20.0000,0.5000,0.0063,0.0067,-0.0073,-0.0269,0.0000,kd5
4626,20.0000,0.5000,0.0063,0.0067,-0.0073,-0.0220,0.0000,kd5
4631,20.0000,0.5000,0.0063,0.0067,-0.0073,-0.0220,0.0000,kd5
4636,20.0000,0.5000,0.0063,0.0067,-0.0073,-0.0220,0.0000,kd5
4641,20.0000,0.5000,0.0063,0.0067,-0.0073,-0.0220,0.0000,kd5
4646,20.0000,0.5000,0.0063,0.0067,-0.0073,-0.0220,0.0000,kd5
4651,20.0000,0.5000,0.0063,0.0067,-0.0073,-0.0220,0.0000,kd5
4656,20.0000,0.5000,0.0063,0.0067,-0.0073,-0.0220,0.0000,kd5
4661,20.0000,0.5000,0.0063,0.0067,-0.0073,-0.0220,0.0000,kd5
4666,20.0000,0.5000,0.0063,0.0067,-0.0073,-0.0220,0.0000,kd5
4671,20.0000,0.5000,0.0063,0.0067,-0.0073,-0.0220,0.0000,kd5
4676,20.0000,0.5000,0.0063,0.0067,-0.0073,-0.0269,0.0000,kd5
4681,20.0000,0.5000,0.0063,0.0067,-0.0073,-0.0220,0.0000,kd5
4686,20.0000,0.5000,0.0063,0.0067,-0.0073,-0.0171,0.0000,kd5
4692,20.0000,0.5000,0.0063,0.0067,-0.0073,-0.0220,0.0000,kd5
4697,20.0000,0.5000,0.0063,0.0067,-0.0073,-0.0220,0.0000,kd5
4702,20.0000,0.5000,0.0063,0.0067,-0.0073,-0.0269,0.0000,kd5
4707,20.0000,0.5000,0.0063,0.0067,-0.0073,-0.0220,0.0000,kd5
4712,20.0000,0.5000,0.0063,0.0067,-0.0073,-0.0220,0.0000,kd5
4717,20.0000,0.5000,0.0063,0.0067,-0.0073,-0.0171,0.0000,kd5
4722,20.0000,0.5000,0.0063,0.0067,-0.0073,-0.0220,0.0000,kd5
4727,20.0000,0.5000,0.0063,0.0067,-0.0073,-0.0220,0.0000,kd5
4732,20.0000,0.5000,0.0063,0.0067,-0.0073,-0.0269,0.0000,kd5
4737,20.0000,0.5000,0.0063,0.0067,-0.0073,-0.0220,0.0000,kd5
4742,20.0000,0.5000,0.0063,0.0067,-0.0073,-0.0220,0.0000,kd5
4747,20.0000,0.5000,0.0063,0.0067,-0.0073,-0.0220,0.0000,kd5
4752,20.0000,0.5000,0.0063,0.0067,-0.0073,-0.0269,0.0000,kd5
4757,20.0000,0.5000,0.0063,0.0067,-0.0073,-0.0220,0.0000,kd5
4762,20.0000,0.5000,0.0063,0.0067,-0.0073,-0.0269,0.0000,kd5
4767,20.0000,0.5000,0.0063,0.0067,-0.0073,-0.0220,0.0000,kd5
4772,20.0000,0.5000,0.0063,0.0067,-0.0073,-0.0220,0.0000,kd5
4777,20.0000,0.5000,0.0063,0.0067,-0.0073,-0.0220,0.0000,kd5
4783,20.0000,0.5000,0.0063,0.0067,-0.0073,-0.0269,0.0000,kd5
4788,20.0000,0.5000,0.0063,0.0071,-0.0073,-0.0269,0.0000,kd5
4793,20.0000,0.5000,0.0063,0.0071,-0.0073,-0.0269,0.0000,kd5
4798,20.0000,0.5000,0.0063,0.0071,-0.0073,-0.0269,0.0000,kd5
4803,20.0000,0.5000,0.0063,0.0071,-0.0073,-0.0269,0.0000,kd5
4808,20.0000,0.5000,0.0063,0.0071,-0.0073,-0.0220,0.0000,kd5
4813,20.0000,0.5000,0.0063,0.0071,-0.0073,-0.0220,0.0000,kd5
4818,20.0000,0.5000,0.0063,0.0071,-0.0073,-0.0269,0.0000,kd5
4823,20.0000,0.5000,0.0063,0.0071,0.0073,-0.0269,0.0000,kd5
4828,20.0000,0.5000,0.0063,0.0071,-0.0073,-0.0269,0.0000,kd5
4833,20.0000,0.5000,0.0063,0.0071,-0.0073,-0.0269,0.0000,kd5
4838,20.0000,0.5000,0.0063,0.0071,-0.0073,-0.0269,0.0000,kd5
4843,20.0000,0.5000,0.0063,0.0071,-0.0073,-0.0317,0.0000,kd5
4848,20.0000,0.5000,0.0063,0.0071,-0.0073,-0.0269,0.0000,kd5
4853,20.0000,0.5000,0.0063,0.0071,-0.0073,-0.0269,0.0000,kd5
4858,20.0000,0.5000,0.0063,0.0071,-0.0073,-0.0269,0.0000,kd5
4863,20.0000,0.5000,0.0063,0.0071,-0.0073,-0.0220,0.0000,kd5
4869,20.0000,0.5000,0.0063,0.0071,-0.0073,-0.0269,0.0000,kd5
4874,20.0000,0.5000,0.0063,0.0071,-0.0073,-0.0269,0.0000,kd5
4879,20.0000,0.5000,0.0063,0.0071,-0.0073,-0.0269,0.0000,kd5
4884,20.0000,0.5000,0.0063,0.0071,-0.0073,-0.0269,0.0000,kd5
4889,20.0000,0.5000,0.0063,0.0071,-0.0073,-0.0269,0.0000,kd5
4894,20.0000,0.5000,0.0063,0.0071,-0.0073,-0.0269,0.0000,kd5
4899,20.0000,0.5000,0.0063,0.0071,-0.0073,-0.0269,0.0000,kd5
4904,20.0000,0.5000,0.0063,0.0071,-0.0073,-0.0317,0.0000,kd5
4909,20.0000,0.5000,0.0063,0.0071,-0.0073,-0.0269,0.0000,kd5
4914,20.0000,0.5000,0.0063,0.0071,-0.0073,-0.0317,0.0000,kd5
4919,20.0000,0.5000,0.0063,0.0071,-0.0073,-0.0317,0.0000,kd5
4924,20.0000,0.5000,0.0063,0.0071,-0.0073,-0.0317,0.0000,kd5
4929,20.0000,0.5000,0.0063,0.0071,-0.0073,-0.0317,0.0000,kd5
4934,20.0000,0.5000,0.0063,0.0071,-0.0073,-0.0269,0.0000,kd5
4939,20.0000,0.5000,0.0063,0.0071,-0.0073,-0.0269,0.0000,kd5
4944,20.0000,0.5000,0.0063,0.0071,-0.0073,-0.0269,0.0000,kd5
4949,20.0000,0.5000,0.0063,0.0071,-0.0073,-0.0317,0.0000,kd5
4954,20.0000,0.5000,0.0063,0.0071,-0.0073,-0.0317,0.0000,kd5
4960,20.0000,0.5000,0.0063,0.0071,-0.0073,-0.0317,0.0000,kd5
4965,20.0000,0.5000,0.0063,0.0071,-0.0073,-0.0317,0.0000,kd5
4970,20.0000,0.5000,0.0063,0.0071,-0.0073,-0.0317,0.0000,kd5
4975,20.0000,0.5000,0.0063,0.0071,-0.0073,-0.0317,0.0000,kd5
4980,20.0000,0.5000,0.0063,0.0074,-0.0073,-0.0317,0.0000,kd5
4985,20.0000,0.5000,0.0063,0.0074,-0.0073,-0.0317,0.0000,kd5
4990,20.0000,0.5000,0.0063,0.0074,-0.0073,-0.0317,0.0000,kd5
4995,20.0000,0.5000,0.0063,0.0074,-0.0073,-0.0317,0.0000,kd5
0,20.0000,1.0000,0.0063,0.0074,-0.0073,-0.0366,0.0000,kd10
5,20.0000,1.0000,0.0063,0.0074,-0.0073,-0.0366,0.0000,kd10
10,20.0000,1.0000,0.0063,0.0074,-0.0073,-0.0317,0.0000,kd10
15,20.0000,1.0000,0.0063,0.0074,-0.0073,-0.0317,0.0000,kd10
20,20.0000,1.0000,0.0063,0.0074,-0.0073,-0.0317,0.0000,kd10
25,20.0000,1.0000,0.0063,0.0074,-0.0073,-0.0366,0.0000,kd10
30,20.0000,1.0000,0.0063,0.0074,-0.0073,-0.0366,0.0000,kd10
35,20.0000,1.0000,0.0063,0.0074,-0.0073,-0.0366,0.0000,kd10
40,20.0000,1.0000,0.0063,0.0074,-0.0073,-0.0366,0.0000,kd10
45,20.0000,1.0000,0.0063,0.0074,-0.0073,-0.0317,0.0000,kd10
50,20.0000,1.0000,0.0063,0.0074,-0.0073,-0.0317,0.0000,kd10
55,20.0000,1.0000,0.0063,0.0074,-0.0073,-0.0366,0.0000,kd10
60,20.0000,1.0000,0.0063,0.0074,-0.0073,-0.0317,0.0000,kd10
65,20.0000,1.0000,0.0063,0.0074,-0.0073,-0.0366,0.0000,kd10
70,20.0000,1.0000,0.0063,0.0074,-0.0073,-0.0366,0.0000,kd10
75,20.0000,1.0000,0.0063,0.0074,-0.0073,-0.0366,0.0000,kd10
80,20.0000,1.0000,0.0063,0.0074,-0.0073,-0.0366,0.0000,kd10
85,20.0000,1.0000,0.0063,0.0074,-0.0073,-0.0317,0.0000,kd10
91,20.0000,1.0000,0.0063,0.0074,-0.0073,-0.0366,0.0000,kd10
96,20.0000,1.0000,0.0063,0.0074,-0.0073,-0.0366,0.0000,kd10
101,20.0000,1.0000,0.0063,0.0074,-0.0073,-0.0317,0.0000,kd10
106,20.0000,1.0000,0.0063,0.0074,-0.0073,-0.0366,0.0000,kd10
111,20.0000,1.0000,0.0063,0.0074,-0.0073,-0.0317,0.0000,kd10
116,20.0000,1.0000,0.0063,0.0074,-0.0073,-0.0317,0.0000,kd10
121,20.0000,1.0000,0.0063,0.0074,-0.0073,-0.0317,0.0000,kd10
126,20.0000,1.0000,0.0063,0.0071,-0.0073,-0.0366,0.0000,kd10
131,20.0000,1.0000,0.0063,0.0071,-0.0073,-0.0366,0.0000,kd10
136,20.0000,1.0000,0.0063,0.0071,-0.0073,-0.0317,0.0000,kd10
141,20.0000,1.0000,0.0063,0.0071,-0.0073,-0.0317,0.0000,kd10
146,20.0000,1.0000,0.0063,0.0071,-0.0073,-0.0366,0.0000,kd10
151,20.0000,1.0000,0.0063,0.0071,-0.0073,-0.0366,0.0000,kd10
156,20.0000,1.0000,0.0063,0.0071,-0.0073,-0.0366,0.0000,kd10
161,20.0000,1.0000,0.0063,0.0071,-0.0073,-0.0317,0.0000,kd10
166,20.0000,1.0000,0.0063,0.0071,-0.0073,-0.0317,0.0000,kd10
171,20.0000,1.0000,0.0063,0.0071,-0.0073,-0.0366,0.0000,kd10
176,20.0000,1.0000,0.0063,0.0071,-0.0073,-0.0317,0.0000,kd10
182,20.0000,1.0000,0.0063,0.0071,-0.0073,-0.0366,0.0000,kd10
187,20.0000,1.0000,0.0063,0.0071,-0.0073,-0.0366,0.0000,kd10
192,20.0000,1.0000,0.0063,0.0071,-0.0073,-0.0317,0.0000,kd10
197,20.0000,1.0000,0.0063,0.0071,-0.0073,-0.0366,0.0000,kd10
202,20.0000,1.0000,0.0063,0.0071,-0.0073,-0.0366,0.0000,kd10
207,20.0000,1.0000,0.0063,0.0071,-0.0073,-0.0317,0.0000,kd10
212,20.0000,1.0000,0.0063,0.0071,-0.0073,-0.0317,0.0000,kd10
217,20.0000,1.0000,0.0063,0.0071,-0.0073,-0.0317,0.0000,kd10
222,20.0000,1.0000,0.0063,0.0071,-0.0073,-0.0317,0.0000,kd10
227,20.0000,1.0000,0.0063,0.0071,-0.0073,-0.0317,0.0000,kd10
232,20.0000,1.0000,0.0063,0.0071,-0.0073,-0.0317,0.0000,kd10
237,20.0000,1.0000,0.0063,0.0071,-0.0073,-0.0366,0.0000,kd10
242,20.0000,1.0000,0.0063,0.0071,-0.0073,-0.0366,0.0000,kd10
247,20.0000,1.0000,0.0063,0.0071,-0.0073,-0.0317,0.0000,kd10
252,20.0000,1.0000,0.0063,0.0071,-0.0073,-0.0317,0.0000,kd10
257,20.0000,1.0000,0.0063,0.0071,-0.0073,-0.0317,0.0000,kd10
262,20.0000,1.0000,0.0063,0.0071,-0.0073,-0.0317,0.0000,kd10
267,20.0000,1.0000,0.0063,0.0071,-0.0073,-0.0366,0.0000,kd10
273,20.0000,1.0000,0.0063,0.0071,-0.0073,-0.0317,0.0000,kd10
278,20.0000,1.0000,0.0063,0.0071,-0.0073,-0.0366,0.0000,kd10
283,20.0000,1.0000,0.0063,0.0071,-0.0073,-0.0366,0.0000,kd10
288,20.0000,1.0000,0.0063,0.0071,-0.0073,-0.0317,0.0000,kd10
293,20.0000,1.0000,0.0063,0.0071,-0.0073,-0.0366,0.0000,kd10
298,20.0000,1.0000,0.0063,0.0071,-0.0073,-0.0415,0.0000,kd10
303,20.0000,1.0000,0.0063,0.0071,-0.0073,-0.0366,0.0000,kd10
308,20.0000,1.0000,0.0063,0.0071,-0.0073,-0.0317,0.0000,kd10
313,20.0000,1.0000,0.0063,0.0071,-0.0073,-0.0366,0.0000,kd10
318,20.0000,1.0000,0.0063,0.0071,-0.0073,-0.0317,0.0000,kd10
323,20.0000,1.0000,0.0063,0.0071,-0.0073,-0.0317,0.0000,kd10
328,20.0000,1.0000,0.0063,0.0071,-0.0073,-0.0317,0.0000,kd10
333,20.0000,1.0000,0.0063,0.0071,-0.0073,-0.0317,0.0000,kd10
338,20.0000,1.0000,0.0063,0.0071,-0.0073,-0.0317,0.0000,kd10
343,20.0000,1.0000,0.0063,0.0071,-0.0073,-0.0317,0.0000,kd10
348,20.0000,1.0000,0.0063,0.0071,-0.0073,-0.0317,0.0000,kd10
353,20.0000,1.0000,0.0063,0.0071,-0.0073,-0.0317,0.0000,kd10
358,20.0000,1.0000,0.0063,0.0071,-0.0073,-0.0317,0.0000,kd10
364,20.0000,1.0000,0.0063,0.0071,-0.0073,-0.0317,0.0000,kd10
369,20.0000,1.0000,0.0063,0.0071,-0.0073,-0.0317,0.0000,kd10
374,20.0000,1.0000,0.0063,0.0071,-0.0073,-0.0366,0.0000,kd10
379,20.0000,1.0000,0.0063,0.0071,-0.0073,-0.0317,0.0000,kd10
384,20.0000,1.0000,0.0063,0.0071,-0.0073,-0.0366,0.0000,kd10
389,20.0000,1.0000,0.0063,0.0071,-0.0073,-0.0317,0.0000,kd10
394,20.0000,1.0000,0.0063,0.0071,-0.0073,-0.0366,0.0000,kd10
399,20.0000,1.0000,0.0063,0.0071,-0.0073,-0.0317,0.0000,kd10
404,20.0000,1.0000,0.0063,0.0071,-0.0073,-0.0317,0.0000,kd10
409,20.0000,1.0000,0.0063,0.0071,-0.0073,-0.0317,0.0000,kd10
414,20.0000,1.0000,0.0063,0.0071,-0.0073,-0.0269,0.0000,kd10
419,20.0000,1.0000,0.0063,0.0071,-0.0073,-0.0317,0.0000,kd10
424,20.0000,1.0000,0.0063,0.0071,-0.0073,-0.0317,0.0000,kd10
429,20.0000,1.0000,0.0063,0.0071,-0.0073,-0.0317,0.0000,kd10
434,20.0000,1.0000,0.0063,0.0071,-0.0073,-0.0269,0.0000,kd10
439,20.0000,1.0000,0.0063,0.0071,-0.0073,-0.0269,0.0000,kd10
444,20.0000,1.0000,0.0063,0.0071,-0.0073,-0.0366,0.0000,kd10
450,20.0000,1.0000,0.0063,0.0071,-0.0073,-0.0317,0.0000,kd10
455,20.0000,1.0000,0.0063,0.0071,-0.0073,-0.0269,0.0000,kd10
460,20.0000,1.0000,0.0063,0.0071,-0.0073,-0.0366,0.0000,kd10
465,20.0000,1.0000,0.0063,0.0071,-0.0073,-0.0317,0.0000,kd10
470,20.0000,1.0000,0.0063,0.0071,-0.0073,-0.0317,0.0000,kd10
475,20.0000,1.0000,0.0063,0.0071,-0.0073,-0.0269,0.0000,kd10
480,20.0000,1.0000,0.0063,0.0071,-0.0073,-0.0269,0.0000,kd10
485,20.0000,1.0000,0.0063,0.0071,-0.0073,-0.0317,0.0000,kd10
490,20.0000,1.0000,0.0063,0.0071,-0.0073,-0.0269,0.0000,kd10
495,20.0000,1.0000,0.0063,0.0071,-0.0073,-0.0269,0.0000,kd10
500,20.0000,1.0000,0.0063,0.0071,-0.0073,-0.0269,0.0000,kd10
505,20.0000,1.0000,0.0063,0.0071,-0.0073,-0.0269,0.0000,kd10
510,20.0000,1.0000,0.0063,0.0071,-0.0073,-0.0317,0.0000,kd10
515,20.0000,1.0000,0.0063,0.0071,-0.0073,-0.0269,0.0000,kd10
520,20.0000,1.0000,0.0063,0.0071,-0.0073,-0.0269,0.0000,kd10
525,20.0000,1.0000,0.0063,0.0071,-0.0073,-0.0269,0.0000,kd10
530,20.0000,1.0000,0.0063,0.0071,-0.0073,-0.0269,0.0000,kd10
535,20.0000,1.0000,0.0063,0.0071,-0.0073,-0.0269,0.0000,kd10
541,20.0000,1.0000,0.0063,0.0071,-0.0073,-0.0317,0.0000,kd10
546,20.0000,1.0000,0.0063,0.0071,-0.0073,-0.0269,0.0000,kd10
551,20.0000,1.0000,0.0063,0.0071,-0.0073,-0.0269,0.0000,kd10
556,20.0000,1.0000,0.0063,0.0071,-0.0073,-0.0269,0.0000,kd10
561,20.0000,1.0000,0.0063,0.0071,-0.0073,-0.0269,0.0000,kd10
566,20.0000,1.0000,0.0063,0.0071,-0.0073,-0.0269,0.0000,kd10
571,20.0000,1.0000,0.0063,0.0071,-0.0073,-0.0269,0.0000,kd10
576,20.0000,1.0000,0.0063,0.0071,-0.0073,-0.0269,0.0000,kd10
581,20.0000,1.0000,0.0063,0.0071,-0.0073,-0.0317,0.0000,kd10
586,20.0000,1.0000,0.0063,0.0071,-0.0073,-0.0317,0.0000,kd10
591,20.0000,1.0000,0.0063,0.0071,-0.0073,-0.0269,0.0000,kd10
596,20.0000,1.0000,0.0063,0.0071,-0.0073,-0.0269,0.0000,kd10
601,20.0000,1.0000,0.0063,0.0071,-0.0073,-0.0317,0.0000,kd10
606,20.0000,1.0000,0.0063,0.0071,-0.0073,-0.0269,0.0000,kd10
611,20.0000,1.0000,0.0063,0.0071,-0.0073,-0.0317,0.0000,kd10
616,20.0000,1.0000,0.0063,0.0071,-0.0073,-0.0317,0.0000,kd10
621,20.0000,1.0000,0.0063,0.0071,-0.0073,-0.0317,0.0000,kd10
626,20.0000,1.0000,0.0063,0.0071,-0.0073,-0.0269,0.0000,kd10
632,20.0000,1.0000,0.0063,0.0071,-0.0073,-0.0317,0.0000,kd10
637,20.0000,1.0000,0.0063,0.0071,-0.0073,-0.0317,0.0000,kd10
642,20.0000,1.0000,0.0063,0.0071,-0.0073,-0.0317,0.0000,kd10
647,20.0000,1.0000,0.0063,0.0071,-0.0073,-0.0317,0.0000,kd10
652,20.0000,1.0000,0.0063,0.0071,-0.0073,-0.0317,0.0000,kd10
657,20.0000,1.0000,0.0063,0.0071,-0.0073,-0.0269,0.0000,kd10
662,20.0000,1.0000,0.0063,0.0071,-0.0073,-0.0269,0.0000,kd10
667,20.0000,1.0000,0.0063,0.0071,-0.0073,-0.0317,0.0000,kd10
672,20.0000,1.0000,0.0063,0.0071,-0.0073,-0.0317,0.0000,kd10
677,20.0000,1.0000,0.0063,0.0071,-0.0073,-0.0269,0.0000,kd10
682,20.0000,1.0000,0.0063,0.0071,-0.0073,-0.0317,0.0000,kd10
687,20.0000,1.0000,0.0063,0.0071,-0.0073,-0.0317,0.0000,kd10
692,20.0000,1.0000,0.0063,0.0071,-0.0073,-0.0317,0.0000,kd10
697,20.0000,1.0000,0.0063,0.0071,-0.0073,-0.0269,0.0000,kd10
702,20.0000,1.0000,0.0063,0.0071,-0.0073,-0.0317,0.0000,kd10
707,20.0000,1.0000,0.0063,0.0071,-0.0073,-0.0269,0.0000,kd10
712,20.0000,1.0000,0.0063,0.0071,-0.0073,-0.0269,0.0000,kd10
717,20.0000,1.0000,0.0063,0.0071,-0.0073,-0.0317,0.0000,kd10
723,20.0000,1.0000,0.0063,0.0071,-0.0073,-0.0269,0.0000,kd10
728,20.0000,1.0000,0.0063,0.0071,-0.0073,-0.0317,0.0000,kd10
733,20.0000,1.0000,0.0063,0.0071,-0.0073,-0.0317,0.0000,kd10
738,20.0000,1.0000,0.0063,0.0071,-0.0073,-0.0317,0.0000,kd10
743,20.0000,1.0000,0.0063,0.0071,-0.0073,-0.0317,0.0000,kd10
748,20.0000,1.0000,0.0063,0.0071,-0.0073,-0.0317,0.0000,kd10
753,20.0000,1.0000,0.0063,0.0071,-0.0073,-0.0317,0.0000,kd10
758,20.0000,1.0000,0.0063,0.0071,0.0073,-0.0317,0.0000,kd10
763,20.0000,1.0000,0.0063,0.0071,-0.0073,-0.0317,0.0000,kd10
768,20.0000,1.0000,0.0063,0.0071,-0.0073,-0.0317,0.0000,kd10
773,20.0000,1.0000,0.0063,0.0071,-0.0073,-0.0317,0.0000,kd10
778,20.0000,1.0000,0.0063,0.0071,-0.0073,-0.0366,0.0000,kd10
783,20.0000,1.0000,0.0063,0.0071,-0.0073,-0.0317,0.0000,kd10
788,20.0000,1.0000,0.0063,0.0071,-0.0073,-0.0366,0.0000,kd10
793,20.0000,1.0000,0.0063,0.0071,-0.0073,-0.0317,0.0000,kd10
798,20.0000,1.0000,0.0063,0.0071,-0.0073,-0.0317,0.0000,kd10
803,20.0000,1.0000,0.0063,0.0071,-0.0073,-0.0317,0.0000,kd10
809,20.0000,1.0000,0.0063,0.0071,-0.0073,-0.0366,0.0000,kd10
814,20.0000,1.0000,0.0063,0.0071,-0.0073,-0.0317,0.0000,kd10
819,20.0000,1.0000,0.0063,0.0071,-0.0073,-0.0317,0.0000,kd10
824,20.0000,1.0000,0.0063,0.0071,-0.0073,-0.0317,0.0000,kd10
829,20.0000,1.0000,0.0063,0.0071,-0.0073,-0.0317,0.0000,kd10
834,20.0000,1.0000,0.0063,0.0071,-0.0073,-0.0366,0.0000,kd10
839,20.0000,1.0000,0.0063,0.0071,-0.0073,-0.0366,0.0000,kd10
844,20.0000,1.0000,0.0063,0.0071,-0.0073,-0.0317,0.0000,kd10
849,20.0000,1.0000,0.0063,0.0071,-0.0073,-0.0366,0.0000,kd10
854,20.0000,1.0000,0.0063,0.0071,-0.0073,-0.0366,0.0000,kd10
859,20.0000,1.0000,0.0063,0.0071,-0.0073,-0.0366,0.0000,kd10
864,20.0000,1.0000,0.0063,0.0071,-0.0073,-0.0366,0.0000,kd10
869,20.0000,1.0000,0.0063,0.0071,-0.0073,-0.0366,0.0000,kd10
874,20.0000,1.0000,0.0063,0.0071,-0.0073,-0.0317,0.0000,kd10
879,20.0000,1.0000,0.0063,0.0071,-0.0073,-0.0366,0.0000,kd10
884,20.0000,1.0000,0.0063,0.0071,-0.0073,-0.0317,0.0000,kd10
889,20.0000,1.0000,0.0063,0.0071,-0.0073,-0.0317,0.0000,kd10
894,20.0000,1.0000,0.0063,0.0071,-0.0073,-0.0366,0.0000,kd10
900,20.0000,1.0000,0.0063,0.0071,-0.0073,-0.0366,0.0000,kd10
905,20.0000,1.0000,0.0063,0.0071,-0.0073,-0.0366,0.0000,kd10
910,20.0000,1.0000,0.0063,0.0071,-0.0073,-0.0317,0.0000,kd10
915,20.0000,1.0000,0.0063,0.0071,-0.0073,-0.0317,0.0000,kd10
920,20.0000,1.0000,0.0063,0.0071,-0.0073,-0.0317,0.0000,kd10
925,20.0000,1.0000,0.0063,0.0071,-0.0073,-0.0317,0.0000,kd10
930,20.0000,1.0000,0.0063,0.0071,-0.0073,-0.0317,0.0000,kd10
935,20.0000,1.0000,0.0063,0.0071,-0.0073,-0.0317,0.0000,kd10
940,20.0000,1.0000,0.0063,0.0071,-0.0073,-0.0317,0.0000,kd10
945,20.0000,1.0000,0.0063,0.0071,-0.0073,-0.0317,0.0000,kd10
950,20.0000,1.0000,0.0063,0.0071,-0.0073,-0.0317,0.0000,kd10
955,20.0000,1.0000,0.0063,0.0071,-0.0073,-0.0317,0.0000,kd10
960,20.0000,1.0000,0.0063,0.0071,-0.0073,-0.0317,0.0000,kd10
965,20.0000,1.0000,0.0063,0.0071,-0.0073,-0.0366,0.0000,kd10
970,20.0000,1.0000,0.0063,0.0071,-0.0073,-0.0366,0.0000,kd10
975,20.0000,1.0000,0.0063,0.0071,-0.0073,-0.0317,0.0000,kd10
980,20.0000,1.0000,0.0063,0.0071,-0.0073,-0.0317,0.0000,kd10
985,20.0000,1.0000,0.0063,0.0071,-0.0073,-0.0317,0.0000,kd10
991,20.0000,1.0000,0.0063,0.0071,-0.0073,-0.0366,0.0000,kd10
996,20.0000,1.0000,0.0063,0.0071,-0.0073,-0.0317,0.0000,kd10
1001,20.0000,1.0000,0.0063,0.0071,-0.0073,-0.0317,0.0000,kd10
1006,20.0000,1.0000,0.0063,0.0071,-0.0073,-0.0317,0.0000,kd10
1011,20.0000,1.0000,0.0063,0.0071,-0.0073,-0.0366,0.0000,kd10
1016,20.0000,1.0000,0.0063,0.0071,-0.0073,-0.0317,0.0000,kd10
1021,20.0000,1.0000,0.0063,0.0071,-0.0073,-0.0366,0.0000,kd10
1026,20.0000,1.0000,0.0063,0.0071,-0.0073,-0.0317,0.0000,kd10
1031,20.0000,1.0000,0.0063,0.0071,-0.0073,-0.0366,0.0000,kd10
1036,20.0000,1.0000,0.0063,0.0071,-0.0073,-0.0366,0.0000,kd10
1041,20.0000,1.0000,0.0063,0.0071,-0.0073,-0.0415,0.0000,kd10
1046,20.0000,1.0000,0.0063,0.0071,-0.0073,-0.0366,0.0000,kd10
1051,20.0000,1.0000,0.0063,0.0071,-0.0073,-0.0317,0.0000,kd10
1056,20.0000,1.0000,0.0063,0.0071,-0.0073,-0.0366,0.0000,kd10
1061,20.0000,1.0000,0.0063,0.0071,-0.0073,-0.0317,0.0000,kd10
1066,20.0000,1.0000,0.0063,0.0071,-0.0073,-0.0317,0.0000,kd10
1071,20.0000,1.0000,0.0063,0.0071,-0.0073,-0.0317,0.0000,kd10
1077,20.0000,1.0000,0.0063,0.0071,-0.0073,-0.0317,0.0000,kd10
1082,20.0000,1.0000,0.0063,0.0071,-0.0073,-0.0317,0.0000,kd10
1087,20.0000,1.0000,0.0063,0.0071,-0.0073,-0.0317,0.0000,kd10
1092,20.0000,1.0000,0.0063,0.0071,-0.0073,-0.0317,0.0000,kd10
1097,20.0000,1.0000,0.0063,0.0071,-0.0073,-0.0317,0.0000,kd10
1102,20.0000,1.0000,0.0063,0.0071,-0.0073,-0.0317,0.0000,kd10
1107,20.0000,1.0000,0.0063,0.0071,-0.0073,-0.0317,0.0000,kd10
1112,20.0000,1.0000,0.0063,0.0071,-0.0073,-0.0269,0.0000,kd10
1117,20.0000,1.0000,0.0063,0.0071,-0.0073,-0.0317,0.0000,kd10
1122,20.0000,1.0000,0.0063,0.0071,-0.0073,-0.0317,0.0000,kd10
1127,20.0000,1.0000,0.0063,0.0071,-0.0073,-0.0317,0.0000,kd10
1132,20.0000,1.0000,0.0063,0.0071,-0.0073,-0.0317,0.0000,kd10
1137,20.0000,1.0000,0.0063,0.0071,-0.0073,-0.0317,0.0000,kd10
1142,20.0000,1.0000,0.0063,0.0071,-0.0073,-0.0317,0.0000,kd10
1147,20.0000,1.0000,0.0063,0.0071,-0.0073,-0.0366,0.0000,kd10
1152,20.0000,1.0000,0.0063,0.0071,-0.0073,-0.0366,0.0000,kd10
1157,20.0000,1.0000,0.0063,0.0071,-0.0073,-0.0366,0.0000,kd10
1162,20.0000,1.0000,0.0063,0.0071,-0.0073,-0.0317,0.0000,kd10
1168,20.0000,1.0000,0.0063,0.0071,-0.0073,-0.0366,0.0000,kd10
1173,20.0000,1.0000,0.0063,0.0071,-0.0073,-0.0366,0.0000,kd10
1178,20.0000,1.0000,0.0063,0.0071,-0.0073,-0.0366,0.0000,kd10
1183,20.0000,1.0000,0.0063,0.0071,-0.0073,-0.0366,0.0000,kd10
1188,20.0000,1.0000,0.0063,0.0071,-0.0073,-0.0366,0.0000,kd10
1193,20.0000,1.0000,0.0063,0.0071,-0.0073,-0.0366,0.0000,kd10
1198,20.0000,1.0000,0.0063,0.0071,-0.0073,-0.0366,0.0000,kd10
1203,20.0000,1.0000,0.0063,0.0074,-0.0073,-0.0317,0.0000,kd10
1208,20.0000,1.0000,0.0063,0.0074,-0.0073,-0.0366,0.0000,kd10
1213,20.0000,1.0000,0.0063,0.0074,-0.0073,-0.0317,0.0000,kd10
1218,20.0000,1.0000,0.0063,0.0074,-0.0073,-0.0366,0.0000,kd10
1223,20.0000,1.0000,0.0063,0.0074,-0.0073,-0.0366,0.0000,kd10
1228,20.0000,1.0000,0.0063,0.0074,-0.0073,-0.0366,0.0000,kd10
1233,20.0000,1.0000,0.0063,0.0074,-0.0073,-0.0415,0.0000,kd10
1238,20.0000,1.0000,0.0063,0.0074,-0.0073,-0.0366,0.0000,kd10
1243,20.0000,1.0000,0.0063,0.0074,-0.0073,-0.0366,0.0000,kd10
1248,20.0000,1.0000,0.0063,0.0074,-0.0073,-0.0366,0.0000,kd10
1253,20.0000,1.0000,0.0063,0.0074,-0.0073,-0.0366,0.0000,kd10
1259,20.0000,1.0000,0.0063,0.0074,-0.0073,-0.0415,0.0000,kd10
1264,20.0000,1.0000,0.0063,0.0074,-0.0073,-0.0366,0.0000,kd10
1269,20.0000,1.0000,0.0063,0.0074,-0.0073,-0.0366,0.0000,kd10
1274,20.0000,1.0000,0.0063,0.0074,-0.0073,-0.0366,0.0000,kd10
1279,20.0000,1.0000,0.0063,0.0074,-0.0073,-0.0317,0.0000,kd10
1284,20.0000,1.0000,0.0063,0.0074,-0.0073,-0.0415,0.0000,kd10
1289,20.0000,1.0000,0.0063,0.0074,-0.0073,-0.0366,0.0000,kd10
1294,20.0000,1.0000,0.0063,0.0074,-0.0073,-0.0415,0.0000,kd10
1299,20.0000,1.0000,0.0063,0.0074,-0.0073,-0.0415,0.0000,kd10
1304,20.0000,1.0000,0.0063,0.0074,-0.0073,-0.0366,0.0000,kd10
1309,20.0000,1.0000,0.0063,0.0074,-0.0073,-0.0366,0.0000,kd10
1314,20.0000,1.0000,0.0063,0.0074,-0.0073,-0.0366,0.0000,kd10
1319,20.0000,1.0000,0.0063,0.0074,-0.0073,-0.0366,0.0000,kd10
1324,20.0000,1.0000,0.0063,0.0074,-0.0073,-0.0366,0.0000,kd10
1329,20.0000,1.0000,0.0063,0.0074,-0.0073,-0.0366,0.0000,kd10
1334,20.0000,1.0000,0.0063,0.0074,-0.0073,-0.0317,0.0000,kd10
1339,20.0000,1.0000,0.0063,0.0074,-0.0073,-0.0317,0.0000,kd10
1345,20.0000,1.0000,0.0063,0.0074,-0.0073,-0.0366,0.0000,kd10
1350,20.0000,1.0000,0.0063,0.0074,-0.0073,-0.0317,0.0000,kd10
1355,20.0000,1.0000,0.0063,0.0074,-0.0073,-0.0366,0.0000,kd10
1360,20.0000,1.0000,0.0063,0.0074,-0.0073,-0.0317,0.0000,kd10
1365,20.0000,1.0000,0.0063,0.0074,-0.0073,-0.0366,0.0000,kd10
1370,20.0000,1.0000,0.0063,0.0074,-0.0073,-0.0366,0.0000,kd10
1375,20.0000,1.0000,0.0063,0.0074,-0.0073,-0.0366,0.0000,kd10
1380,20.0000,1.0000,0.0063,0.0074,-0.0073,-0.0366,0.0000,kd10
1385,20.0000,1.0000,0.0063,0.0074,-0.0073,-0.0366,0.0000,kd10
1390,20.0000,1.0000,0.0063,0.0074,-0.0073,-0.0366,0.0000,kd10
1395,20.0000,1.0000,0.0063,0.0074,-0.0073,-0.0317,0.0000,kd10
1400,20.0000,1.0000,0.0063,0.0074,-0.0073,-0.0366,0.0000,kd10
1405,20.0000,1.0000,0.0063,0.0074,-0.0073,-0.0366,0.0000,kd10
1410,20.0000,1.0000,0.0063,0.0074,-0.0073,-0.0415,0.0000,kd10
1415,20.0000,1.0000,0.0063,0.0074,-0.0073,-0.0366,0.0000,kd10
1420,20.0000,1.0000,0.0063,0.0074,-0.0073,-0.0317,0.0000,kd10
1425,20.0000,1.0000,0.0063,0.0074,-0.0073,-0.0317,0.0000,kd10
1430,20.0000,1.0000,0.0063,0.0074,-0.0073,-0.0317,0.0000,kd10
1436,20.0000,1.0000,0.0063,0.0074,-0.0073,-0.0317,0.0000,kd10
1441,20.0000,1.0000,0.0063,0.0074,-0.0073,-0.0366,0.0000,kd10
1446,20.0000,1.0000,0.0063,0.0074,-0.0073,-0.0317,0.0000,kd10
1451,20.0000,1.0000,0.0063,0.0071,-0.0073,-0.0317,0.0000,kd10
1456,20.0000,1.0000,0.0063,0.0071,-0.0073,-0.0366,0.0000,kd10
1461,20.0000,1.0000,0.0063,0.0071,-0.0073,-0.0317,0.0000,kd10
1466,20.0000,1.0000,0.0063,0.0071,-0.0073,-0.0317,0.0000,kd10
1471,20.0000,1.0000,0.0063,0.0071,-0.0073,-0.0317,0.0000,kd10
1476,20.0000,1.0000,0.0063,0.0071,-0.0073,-0.0317,0.0000,kd10
1481,20.0000,1.0000,0.0063,0.0071,-0.0073,-0.0269,0.0000,kd10
1486,20.0000,1.0000,0.0063,0.0071,-0.0073,-0.0317,0.0000,kd10
1491,20.0000,1.0000,0.0063,0.0071,-0.0073,-0.0317,0.0000,kd10
1496,20.0000,1.0000,0.0063,0.0071,-0.0073,-0.0317,0.0000,kd10
1501,20.0000,1.0000,0.0063,0.0071,-0.0073,-0.0317,0.0000,kd10
1506,20.0000,1.0000,0.0063,0.0071,-0.0073,-0.0317,0.0000,kd10
1511,20.0000,1.0000,0.0063,0.0071,-0.0073,-0.0317,0.0000,kd10
1516,20.0000,1.0000,0.0063,0.0071,-0.0073,-0.0317,0.0000,kd10
1521,20.0000,1.0000,0.0063,0.0071,-0.0073,-0.0317,0.0000,kd10
1527,20.0000,1.0000,0.0063,0.0071,-0.0073,-0.0317,0.0000,kd10
1532,20.0000,1.0000,0.0063,0.0071,-0.0073,-0.0317,0.0000,kd10
1537,20.0000,1.0000,0.0063,0.0071,-0.0073,-0.0317,0.0000,kd10
1542,20.0000,1.0000,0.0063,0.0071,-0.0073,-0.0366,0.0000,kd10
1547,20.0000,1.0000,0.0063,0.0071,-0.0073,-0.0317,0.0000,kd10
1552,20.0000,1.0000,0.0063,0.0071,-0.0073,-0.0317,0.0000,kd10
1557,20.0000,1.0000,0.0063,0.0071,-0.0073,-0.0366,0.0000,kd10
1562,20.0000,1.0000,0.0063,0.0071,-0.0073,-0.0269,0.0000,kd10
1567,20.0000,1.0000,0.0063,0.0071,-0.0073,-0.0317,0.0000,kd10
1572,20.0000,1.0000,0.0063,0.0071,-0.0073,-0.0317,0.0000,kd10
1577,20.0000,1.0000,0.0063,0.0071,-0.0073,-0.0317,0.0000,kd10
1582,20.0000,1.0000,0.0063,0.0071,-0.0073,-0.0317,0.0000,kd10
1587,20.0000,1.0000,0.0063,0.0071,-0.0073,-0.0269,0.0000,kd10
1592,20.0000,1.0000,0.0063,0.0071,-0.0073,-0.0317,0.0000,kd10
1597,20.0000,1.0000,0.0063,0.0071,-0.0073,-0.0317,0.0000,kd10
1602,20.0000,1.0000,0.0063,0.0071,-0.0073,-0.0317,0.0000,kd10
1607,20.0000,1.0000,0.0063,0.0071,-0.0073,-0.0269,0.0000,kd10
1612,20.0000,1.0000,0.0063,0.0071,-0.0073,-0.0317,0.0000,kd10
1618,20.0000,1.0000,0.0063,0.0071,-0.0073,-0.0317,0.0000,kd10
1623,20.0000,1.0000,0.0063,0.0071,-0.0073,-0.0269,0.0000,kd10
1628,20.0000,1.0000,0.0063,0.0071,-0.0073,-0.0269,0.0000,kd10
1633,20.0000,1.0000,0.0063,0.0071,-0.0073,-0.0317,0.0000,kd10
1638,20.0000,1.0000,0.0063,0.0071,-0.0073,-0.0317,0.0000,kd10
1643,20.0000,1.0000,0.0063,0.0071,-0.0073,-0.0317,0.0000,kd10
1648,20.0000,1.0000,0.0063,0.0071,-0.0073,-0.0317,0.0000,kd10
1653,20.0000,1.0000,0.0063,0.0071,-0.0073,-0.0269,0.0000,kd10
1658,20.0000,1.0000,0.0063,0.0071,-0.0073,-0.0317,0.0000,kd10
1663,20.0000,1.0000,0.0063,0.0071,-0.0073,-0.0317,0.0000,kd10
1668,20.0000,1.0000,0.0063,0.0071,-0.0073,-0.0317,0.0000,kd10
1673,20.0000,1.0000,0.0063,0.0071,-0.0073,-0.0269,0.0000,kd10
1678,20.0000,1.0000,0.0063,0.0071,-0.0073,-0.0220,0.0000,kd10
1683,20.0000,1.0000,0.0063,0.0071,-0.0073,-0.0269,0.0000,kd10
1688,20.0000,1.0000,0.0063,0.0071,-0.0073,-0.0269,0.0000,kd10
1693,20.0000,1.0000,0.0063,0.0071,-0.0073,-0.0269,0.0000,kd10
1698,20.0000,1.0000,0.0063,0.0071,-0.0073,-0.0317,0.0000,kd10
1704,20.0000,1.0000,0.0063,0.0071,-0.0073,-0.0269,0.0000,kd10
1709,20.0000,1.0000,0.0063,0.0071,-0.0073,-0.0317,0.0000,kd10
1714,20.0000,1.0000,0.0063,0.0071,-0.0073,-0.0317,0.0000,kd10
1719,20.0000,1.0000,0.0063,0.0067,-0.0220,-0.0269,0.0000,kd10
1724,20.0000,1.0000,0.0063,0.0067,-0.0073,-0.0269,0.0000,kd10
1729,20.0000,1.0000,0.0063,0.0067,-0.0073,-0.0269,0.0000,kd10
1734,20.0000,1.0000,0.0063,0.0067,-0.0073,-0.0269,0.0000,kd10
1739,20.0000,1.0000,0.0063,0.0067,-0.0073,-0.0220,0.0000,kd10
1744,20.0000,1.0000,0.0063,0.0067,-0.0073,-0.0220,0.0000,kd10
1749,20.0000,1.0000,0.0063,0.0067,-0.0073,-0.0269,0.0000,kd10
1754,20.0000,1.0000,0.0063,0.0067,-0.0073,-0.0220,0.0000,kd10
1759,20.0000,1.0000,0.0063,0.0067,-0.0073,-0.0269,0.0000,kd10
1764,20.0000,1.0000,0.0063,0.0067,-0.0073,-0.0269,0.0000,kd10
1769,20.0000,1.0000,0.0063,0.0067,-0.0073,-0.0220,0.0000,kd10
1774,20.0000,1.0000,0.0063,0.0067,-0.0073,-0.0220,0.0000,kd10
1779,20.0000,1.0000,0.0063,0.0067,-0.0073,-0.0269,0.0000,kd10
1784,20.0000,1.0000,0.0063,0.0067,-0.0073,-0.0220,0.0000,kd10
1789,20.0000,1.0000,0.0063,0.0067,-0.0073,-0.0269,0.0000,kd10
1795,20.0000,1.0000,0.0063,0.0067,-0.0073,-0.0269,0.0000,kd10
1800,20.0000,1.0000,0.0063,0.0067,-0.0073,-0.0269,0.0000,kd10
1805,20.0000,1.0000,0.0063,0.0067,-0.0073,-0.0220,0.0000,kd10
1810,20.0000,1.0000,0.0063,0.0067,-0.0073,-0.0269,0.0000,kd10
1815,20.0000,1.0000,0.0063,0.0067,-0.0073,-0.0220,0.0000,kd10
1820,20.0000,1.0000,0.0063,0.0067,-0.0073,-0.0269,0.0000,kd10
1825,20.0000,1.0000,0.0063,0.0067,-0.0073,-0.0269,0.0000,kd10
1830,20.0000,1.0000,0.0063,0.0067,-0.0073,-0.0269,0.0000,kd10
1835,20.0000,1.0000,0.0063,0.0067,-0.0073,-0.0269,0.0000,kd10
1840,20.0000,1.0000,0.0063,0.0067,-0.0073,-0.0269,0.0000,kd10
1845,20.0000,1.0000,0.0063,0.0067,-0.0073,-0.0220,0.0000,kd10
1850,20.0000,1.0000,0.0063,0.0067,-0.0073,-0.0220,0.0000,kd10
1855,20.0000,1.0000,0.0063,0.0067,-0.0073,-0.0220,0.0000,kd10
1860,20.0000,1.0000,0.0063,0.0067,-0.0073,-0.0269,0.0000,kd10
1865,20.0000,1.0000,0.0063,0.0067,-0.0073,-0.0269,0.0000,kd10
1870,20.0000,1.0000,0.0063,0.0067,-0.0073,-0.0269,0.0000,kd10
1875,20.0000,1.0000,0.0063,0.0067,-0.0073,-0.0220,0.0000,kd10
1880,20.0000,1.0000,0.0063,0.0067,-0.0073,-0.0269,0.0000,kd10
1886,20.0000,1.0000,0.0063,0.0067,-0.0073,-0.0269,0.0000,kd10
1891,20.0000,1.0000,0.0063,0.0067,-0.0073,-0.0269,0.0000,kd10
1896,20.0000,1.0000,0.0063,0.0067,-0.0073,-0.0269,0.0000,kd10
1901,20.0000,1.0000,0.0063,0.0067,-0.0073,-0.0220,0.0000,kd10
1906,20.0000,1.0000,0.0063,0.0067,-0.0073,-0.0269,0.0000,kd10
1911,20.0000,1.0000,0.0063,0.0067,-0.0073,-0.0220,0.0000,kd10
1916,20.0000,1.0000,0.0063,0.0067,-0.0073,-0.0269,0.0000,kd10
1921,20.0000,1.0000,0.0063,0.0067,-0.0073,-0.0269,0.0000,kd10
1926,20.0000,1.0000,0.0063,0.0067,-0.0073,-0.0220,0.0000,kd10
1931,20.0000,1.0000,0.0063,0.0067,-0.0073,-0.0220,0.0000,kd10
1936,20.0000,1.0000,0.0063,0.0067,-0.0073,-0.0220,0.0000,kd10
1941,20.0000,1.0000,0.0063,0.0067,-0.0073,-0.0269,0.0000,kd10
1946,20.0000,1.0000,0.0063,0.0067,-0.0073,-0.0269,0.0000,kd10
1951,20.0000,1.0000,0.0063,0.0067,-0.0073,-0.0269,0.0000,kd10
1956,20.0000,1.0000,0.0063,0.0067,-0.0073,-0.0269,0.0000,kd10
1961,20.0000,1.0000,0.0063,0.0067,-0.0073,-0.0269,0.0000,kd10
1966,20.0000,1.0000,0.0063,0.0067,-0.0073,-0.0269,0.0000,kd10
1972,20.0000,1.0000,0.0063,0.0067,-0.0073,-0.0269,0.0000,kd10
1977,20.0000,1.0000,0.0063,0.0067,-0.0073,-0.0220,0.0000,kd10
1982,20.0000,1.0000,0.0063,0.0067,-0.0073,-0.0269,0.0000,kd10
1987,20.0000,1.0000,0.0063,0.0067,-0.0073,-0.0269,0.0000,kd10
1992,20.0000,1.0000,0.0063,0.0067,-0.0073,-0.0220,0.0000,kd10
1997,20.0000,1.0000,0.0063,0.0067,-0.0073,-0.0269,0.0000,kd10
2002,20.0000,1.0000,0.0063,0.0067,-0.0073,-0.0269,0.0000,kd10
2007,20.0000,1.0000,0.0063,0.0067,-0.0073,-0.0269,0.0000,kd10
2012,20.0000,1.0000,0.0063,0.0067,0.0073,-0.0269,0.0000,kd10
2017,20.0000,1.0000,0.0063,0.0067,-0.0073,-0.0269,0.0000,kd10
2022,20.0000,1.0000,0.0063,0.0067,-0.0073,-0.0269,0.0000,kd10
2027,20.0000,1.0000,0.0063,0.0067,-0.0073,-0.0269,0.0000,kd10
2032,20.0000,1.0000,0.0063,0.0067,-0.0073,-0.0317,0.0000,kd10
2037,20.0000,1.0000,0.0063,0.0067,-0.0073,-0.0269,0.0000,kd10
2042,20.0000,1.0000,0.0063,0.0067,-0.0073,-0.0317,0.0000,kd10
2047,20.0000,1.0000,0.0063,0.0067,-0.0073,-0.0269,0.0000,kd10
2052,20.0000,1.0000,0.0063,0.0067,-0.0073,-0.0269,0.0000,kd10
2057,20.0000,1.0000,0.0063,0.0067,-0.0073,-0.0269,0.0000,kd10
2063,20.0000,1.0000,0.0063,0.0067,-0.0073,-0.0269,0.0000,kd10
2068,20.0000,1.0000,0.0063,0.0067,-0.0073,-0.0269,0.0000,kd10
2073,20.0000,1.0000,0.0063,0.0067,-0.0073,-0.0317,0.0000,kd10
2078,20.0000,1.0000,0.0063,0.0067,-0.0073,-0.0317,0.0000,kd10
2083,20.0000,1.0000,0.0063,0.0067,-0.0073,-0.0317,0.0000,kd10
2088,20.0000,1.0000,0.0063,0.0067,-0.0073,-0.0269,0.0000,kd10
2093,20.0000,1.0000,0.0063,0.0067,-0.0073,-0.0269,0.0000,kd10
2098,20.0000,1.0000,0.0063,0.0067,-0.0073,-0.0269,0.0000,kd10
2103,20.0000,1.0000,0.0063,0.0067,-0.0073,-0.0269,0.0000,kd10
2108,20.0000,1.0000,0.0063,0.0067,-0.0073,-0.0269,0.0000,kd10
2113,20.0000,1.0000,0.0063,0.0067,-0.0073,-0.0269,0.0000,kd10
2118,20.0000,1.0000,0.0063,0.0067,-0.0073,-0.0269,0.0000,kd10
2123,20.0000,1.0000,0.0063,0.0067,-0.0073,-0.0269,0.0000,kd10
2128,20.0000,1.0000,0.0063,0.0067,-0.0073,-0.0269,0.0000,kd10
2133,20.0000,1.0000,0.0063,0.0067,-0.0073,-0.0269,0.0000,kd10
2138,20.0000,1.0000,0.0063,0.0067,-0.0073,-0.0317,0.0000,kd10
2143,20.0000,1.0000,0.0063,0.0067,-0.0073,-0.0269,0.0000,kd10
2148,20.0000,1.0000,0.0063,0.0067,-0.0073,-0.0269,0.0000,kd10
2154,20.0000,1.0000,0.0063,0.0067,-0.0073,-0.0269,0.0000,kd10
2159,20.0000,1.0000,0.0063,0.0067,-0.0073,-0.0220,0.0000,kd10
2164,20.0000,1.0000,0.0063,0.0067,-0.0073,-0.0269,0.0000,kd10
2169,20.0000,1.0000,0.0063,0.0067,-0.0073,-0.0269,0.0000,kd10
2174,20.0000,1.0000,0.0063,0.0067,-0.0073,-0.0317,0.0000,kd10
2179,20.0000,1.0000,0.0063,0.0067,-0.0073,-0.0269,0.0000,kd10
2184,20.0000,1.0000,0.0063,0.0067,-0.0073,-0.0269,0.0000,kd10
2189,20.0000,1.0000,0.0063,0.0067,-0.0073,-0.0317,0.0000,kd10
2194,20.0000,1.0000,0.0063,0.0067,-0.0073,-0.0269,0.0000,kd10
2199,20.0000,1.0000,0.0063,0.0067,-0.0073,-0.0269,0.0000,kd10
2204,20.0000,1.0000,0.0063,0.0067,-0.0073,-0.0269,0.0000,kd10
2209,20.0000,1.0000,0.0063,0.0067,-0.0073,-0.0220,0.0000,kd10
2214,20.0000,1.0000,0.0063,0.0071,-0.0073,-0.0269,0.0000,kd10
2219,20.0000,1.0000,0.0063,0.0071,-0.0073,-0.0317,0.0000,kd10
2224,20.0000,1.0000,0.0063,0.0071,-0.0073,-0.0317,0.0000,kd10
2229,20.0000,1.0000,0.0063,0.0071,-0.0073,-0.0317,0.0000,kd10
2234,20.0000,1.0000,0.0063,0.0071,-0.0073,-0.0317,0.0000,kd10
2239,20.0000,1.0000,0.0063,0.0071,-0.0073,-0.0317,0.0000,kd10
2245,20.0000,1.0000,0.0063,0.0071,-0.0073,-0.0269,0.0000,kd10
2250,20.0000,1.0000,0.0063,0.0071,-0.0073,-0.0269,0.0000,kd10
2255,20.0000,1.0000,0.0063,0.0071,-0.0073,-0.0317,0.0000,kd10
2260,20.0000,1.0000,0.0063,0.0071,-0.0073,-0.0269,0.0000,kd10
2265,20.0000,1.0000,0.0063,0.0071,-0.0073,-0.0317,0.0000,kd10
2270,20.0000,1.0000,0.0063,0.0071,-0.0073,-0.0317,0.0000,kd10
2275,20.0000,1.0000,0.0063,0.0071,-0.0073,-0.0317,0.0000,kd10
2280,20.0000,1.0000,0.0063,0.0071,-0.0073,-0.0317,0.0000,kd10
2285,20.0000,1.0000,0.0063,0.0071,-0.0073,-0.0366,0.0000,kd10
2290,20.0000,1.0000,0.0063,0.0071,-0.0073,-0.0317,0.0000,kd10
2295,20.0000,1.0000,0.0063,0.0071,-0.0073,-0.0366,0.0000,kd10
2300,20.0000,1.0000,0.0063,0.0071,-0.0073,-0.0366,0.0000,kd10
2305,20.0000,1.0000,0.0063,0.0071,-0.0073,-0.0317,0.0000,kd10
2310,20.0000,1.0000,0.0063,0.0071,-0.0073,-0.0317,0.0000,kd10
2315,20.0000,1.0000,0.0063,0.0071,-0.0073,-0.0317,0.0000,kd10
2320,20.0000,1.0000,0.0063,0.0071,-0.0073,-0.0366,0.0000,kd10
2325,20.0000,1.0000,0.0063,0.0071,-0.0073,-0.0366,0.0000,kd10
2330,20.0000,1.0000,0.0063,0.0071,-0.0073,-0.0317,0.0000,kd10
2336,20.0000,1.0000,0.0063,0.0071,0.0073,-0.0317,0.0000,kd10
2341,20.0000,1.0000,0.0063,0.0071,-0.0073,-0.0366,0.0000,kd10
2346,20.0000,1.0000,0.0063,0.0071,-0.0073,-0.0317,0.0000,kd10
2351,20.0000,1.0000,0.0063,0.0071,0.0073,-0.0366,0.0000,kd10
2356,20.0000,1.0000,0.0063,0.0071,-0.0073,-0.0366,0.0000,kd10
2361,20.0000,1.0000,0.0063,0.0071,-0.0073,-0.0366,0.0000,kd10
2366,20.0000,1.0000,0.0063,0.0071,-0.0073,-0.0366,0.0000,kd10
2371,20.0000,1.0000,0.0063,0.0074,-0.0073,-0.0366,0.0000,kd10
2376,20.0000,1.0000,0.0063,0.0074,-0.0073,-0.0366,0.0000,kd10
2381,20.0000,1.0000,0.0063,0.0074,-0.0073,-0.0415,0.0000,kd10
2386,20.0000,1.0000,0.0063,0.0074,-0.0073,-0.0366,0.0000,kd10
2391,20.0000,1.0000,0.0063,0.0074,-0.0073,-0.0366,0.0000,kd10
2396,20.0000,1.0000,0.0063,0.0074,-0.0073,-0.0366,0.0000,kd10
2401,20.0000,1.0000,0.0063,0.0074,-0.0073,-0.0366,0.0000,kd10
2406,20.0000,1.0000,0.0063,0.0074,-0.0073,-0.0366,0.0000,kd10
2411,20.0000,1.0000,0.0063,0.0074,-0.0073,-0.0415,0.0000,kd10
2416,20.0000,1.0000,0.0063,0.0074,-0.0073,-0.0366,0.0000,kd10
2422,20.0000,1.0000,0.0063,0.0074,-0.0073,-0.0415,0.0000,kd10
2427,20.0000,1.0000,0.0063,0.0074,-0.0073,-0.0366,0.0000,kd10
2432,20.0000,1.0000,0.0063,0.0074,-0.0073,-0.0366,0.0000,kd10
2437,20.0000,1.0000,0.0063,0.0074,-0.0073,-0.0415,0.0000,kd10
2442,20.0000,1.0000,0.0063,0.0074,-0.0073,-0.0415,0.0000,kd10
2447,20.0000,1.0000,0.0063,0.0074,-0.0073,-0.0366,0.0000,kd10
2452,20.0000,1.0000,0.0063,0.0074,-0.0073,-0.0415,0.0000,kd10
2457,20.0000,1.0000,0.0063,0.0074,-0.0073,-0.0366,0.0000,kd10
2462,20.0000,1.0000,0.0063,0.0074,-0.0073,-0.0366,0.0000,kd10
2467,20.0000,1.0000,0.0063,0.0074,-0.0073,-0.0366,0.0000,kd10
2472,20.0000,1.0000,0.0063,0.0074,-0.0073,-0.0366,0.0000,kd10
2477,20.0000,1.0000,0.0063,0.0074,-0.0073,-0.0464,0.0000,kd10
2482,20.0000,1.0000,0.0063,0.0074,-0.0073,-0.0366,0.0000,kd10
2487,20.0000,1.0000,0.0063,0.0074,-0.0073,-0.0415,0.0000,kd10
2492,20.0000,1.0000,0.0063,0.0074,-0.0073,-0.0415,0.0000,kd10
2497,20.0000,1.0000,0.0063,0.0074,-0.0073,-0.0415,0.0000,kd10
2502,20.0000,1.0000,0.0063,0.0074,-0.0073,-0.0415,0.0000,kd10
2507,20.0000,1.0000,0.0063,0.0074,-0.0073,-0.0415,0.0000,kd10
2513,20.0000,1.0000,0.0063,0.0074,-0.0073,-0.0415,0.0000,kd10
2518,20.0000,1.0000,0.0063,0.0074,-0.0073,-0.0415,0.0000,kd10
2523,20.0000,1.0000,0.0063,0.0074,-0.0073,-0.0415,0.0000,kd10
2528,20.0000,1.0000,0.0063,0.0074,-0.0073,-0.0415,0.0000,kd10
2533,20.0000,1.0000,0.0063,0.0074,-0.0073,-0.0415,0.0000,kd10
2538,20.0000,1.0000,0.0063,0.0074,-0.0073,-0.0415,0.0000,kd10
2543,20.0000,1.0000,0.0063,0.0074,-0.0073,-0.0415,0.0000,kd10
2548,20.0000,1.0000,0.0063,0.0074,-0.0073,-0.0464,0.0000,kd10
2553,20.0000,1.0000,0.0063,0.0074,-0.0073,-0.0415,0.0000,kd10
2558,20.0000,1.0000,0.0063,0.0074,-0.0073,-0.0415,0.0000,kd10
2563,20.0000,1.0000,0.0063,0.0074,-0.0073,-0.0464,0.0000,kd10
2568,20.0000,1.0000,0.0063,0.0074,-0.0073,-0.0415,0.0000,kd10
2573,20.0000,1.0000,0.0063,0.0074,-0.0073,-0.0415,0.0000,kd10
2578,20.0000,1.0000,0.0063,0.0074,-0.0073,-0.0415,0.0000,kd10
2583,20.0000,1.0000,0.0063,0.0074,-0.0073,-0.0415,0.0000,kd10
2588,20.0000,1.0000,0.0063,0.0074,-0.0073,-0.0415,0.0000,kd10
2593,20.0000,1.0000,0.0063,0.0074,-0.0073,-0.0415,0.0000,kd10
2599,20.0000,1.0000,0.0063,0.0074,-0.0073,-0.0415,0.0000,kd10
2604,20.0000,1.0000,0.0063,0.0074,-0.0073,-0.0415,0.0000,kd10
2609,20.0000,1.0000,0.0063,0.0074,-0.0073,-0.0415,0.0000,kd10
2614,20.0000,1.0000,0.0063,0.0074,-0.0073,-0.0464,0.0000,kd10
2619,20.0000,1.0000,0.0063,0.0074,-0.0073,-0.0415,0.0000,kd10
2624,20.0000,1.0000,0.0063,0.0074,-0.0073,-0.0415,0.0000,kd10
2629,20.0000,1.0000,0.0063,0.0074,-0.0073,-0.0464,0.0000,kd10
2634,20.0000,1.0000,0.0063,0.0074,-0.0073,-0.0415,0.0000,kd10
2639,20.0000,1.0000,0.0063,0.0074,-0.0073,-0.0415,0.0000,kd10
2644,20.0000,1.0000,0.0063,0.0074,-0.0073,-0.0464,0.0000,kd10
2649,20.0000,1.0000,0.0063,0.0074,-0.0073,-0.0464,0.0000,kd10
2654,20.0000,1.0000,0.0063,0.0074,-0.0073,-0.0464,0.0000,kd10
2659,20.0000,1.0000,0.0063,0.0074,-0.0073,-0.0464,0.0000,kd10
2664,20.0000,1.0000,0.0063,0.0074,-0.0073,-0.0415,0.0000,kd10
2669,20.0000,1.0000,0.0063,0.0074,-0.0073,-0.0464,0.0000,kd10
2674,20.0000,1.0000,0.0063,0.0074,-0.0073,-0.0415,0.0000,kd10
2679,20.0000,1.0000,0.0063,0.0074,-0.0073,-0.0464,0.0000,kd10
2684,20.0000,1.0000,0.0063,0.0074,-0.0073,-0.0366,0.0000,kd10
2690,20.0000,1.0000,0.0063,0.0074,-0.0073,-0.0415,0.0000,kd10
2695,20.0000,1.0000,0.0063,0.0074,-0.0073,-0.0415,0.0000,kd10
2700,20.0000,1.0000,0.0063,0.0074,-0.0073,-0.0464,0.0000,kd10
2705,20.0000,1.0000,0.0063,0.0074,-0.0073,-0.0415,0.0000,kd10
2710,20.0000,1.0000,0.0063,0.0074,-0.0073,-0.0415,0.0000,kd10
2715,20.0000,1.0000,0.0063,0.0074,-0.0073,-0.0464,0.0000,kd10
2720,20.0000,1.0000,0.0063,0.0074,-0.0073,-0.0464,0.0000,kd10
2725,20.0000,1.0000,0.0063,0.0074,-0.0073,-0.0415,0.0000,kd10
2730,20.0000,1.0000,0.0063,0.0074,-0.0073,-0.0415,0.0000,kd10
2735,20.0000,1.0000,0.0063,0.0074,-0.0073,-0.0415,0.0000,kd10
2740,20.0000,1.0000,0.0063,0.0074,-0.0073,-0.0415,0.0000,kd10
2745,20.0000,1.0000,0.0063,0.0078,-0.0073,-0.0464,0.0000,kd10
2750,20.0000,1.0000,0.0063,0.0078,-0.0073,-0.0415,0.0000,kd10
2755,20.0000,1.0000,0.0063,0.0078,-0.0073,-0.0513,0.0000,kd10
2760,20.0000,1.0000,0.0063,0.0078,-0.0073,-0.0464,0.0000,kd10
2765,20.0000,1.0000,0.0063,0.0078,-0.0073,-0.0464,0.0000,kd10
2770,20.0000,1.0000,0.0063,0.0078,-0.0073,-0.0415,0.0000,kd10
2776,20.0000,1.0000,0.0063,0.0078,-0.0073,-0.0415,0.0000,kd10
2781,20.0000,1.0000,0.0063,0.0078,-0.0073,-0.0415,0.0000,kd10
2786,20.0000,1.0000,0.0063,0.0078,-0.0073,-0.0464,0.0000,kd10
2791,20.0000,1.0000,0.0063,0.0078,-0.0073,-0.0415,0.0000,kd10
2796,20.0000,1.0000,0.0063,0.0078,-0.0073,-0.0464,0.0000,kd10
2801,20.0000,1.0000,0.0063,0.0078,-0.0073,-0.0415,0.0000,kd10
2806,20.0000,1.0000,0.0063,0.0078,-0.0073,-0.0415,0.0000,kd10
2811,20.0000,1.0000,0.0063,0.0078,-0.0073,-0.0415,0.0000,kd10
2816,20.0000,1.0000,0.0063,0.0078,-0.0073,-0.0464,0.0000,kd10
2821,20.0000,1.0000,0.0063,0.0078,-0.0073,-0.0415,0.0000,kd10
2826,20.0000,1.0000,0.0063,0.0078,-0.0073,-0.0415,0.0000,kd10
2831,20.0000,1.0000,0.0063,0.0078,-0.0073,-0.0464,0.0000,kd10
2836,20.0000,1.0000,0.0063,0.0078,-0.0073,-0.0415,0.0000,kd10
2841,20.0000,1.0000,0.0063,0.0078,-0.0073,-0.0415,0.0000,kd10
2846,20.0000,1.0000,0.0063,0.0078,-0.0073,-0.0415,0.0000,kd10
2851,20.0000,1.0000,0.0063,0.0078,-0.0073,-0.0464,0.0000,kd10
2856,20.0000,1.0000,0.0063,0.0078,-0.0073,-0.0415,0.0000,kd10
2861,20.0000,1.0000,0.0063,0.0078,-0.0073,-0.0464,0.0000,kd10
2866,20.0000,1.0000,0.0063,0.0078,-0.0073,-0.0415,0.0000,kd10
2872,20.0000,1.0000,0.0063,0.0078,-0.0073,-0.0415,0.0000,kd10
2877,20.0000,1.0000,0.0063,0.0078,-0.0073,-0.0415,0.0000,kd10
2882,20.0000,1.0000,0.0063,0.0078,-0.0073,-0.0464,0.0000,kd10
2887,20.0000,1.0000,0.0063,0.0078,-0.0073,-0.0464,0.0000,kd10
2892,20.0000,1.0000,0.0063,0.0078,-0.0073,-0.0415,0.0000,kd10
2897,20.0000,1.0000,0.0063,0.0078,-0.0073,-0.0415,0.0000,kd10
2902,20.0000,1.0000,0.0063,0.0078,-0.0073,-0.0415,0.0000,kd10
2907,20.0000,1.0000,0.0063,0.0078,-0.0073,-0.0464,0.0000,kd10
2912,20.0000,1.0000,0.0063,0.0078,-0.0073,-0.0464,0.0000,kd10
2917,20.0000,1.0000,0.0063,0.0078,-0.0073,-0.0415,0.0000,kd10
2922,20.0000,1.0000,0.0063,0.0078,-0.0073,-0.0415,0.0000,kd10
2927,20.0000,1.0000,0.0063,0.0078,-0.0073,-0.0415,0.0000,kd10
2932,20.0000,1.0000,0.0063,0.0078,-0.0073,-0.0415,0.0000,kd10
2937,20.0000,1.0000,0.0063,0.0078,-0.0073,-0.0415,0.0000,kd10
2942,20.0000,1.0000,0.0063,0.0078,-0.0073,-0.0464,0.0000,kd10
2947,20.0000,1.0000,0.0063,0.0078,-0.0073,-0.0464,0.0000,kd10
2952,20.0000,1.0000,0.0063,0.0078,-0.0073,-0.0464,0.0000,kd10
2957,20.0000,1.0000,0.0063,0.0078,-0.0073,-0.0415,0.0000,kd10
2962,20.0000,1.0000,0.0063,0.0078,-0.0073,-0.0415,0.0000,kd10
2968,20.0000,1.0000,0.0063,0.0078,-0.0073,-0.0464,0.0000,kd10
2973,20.0000,1.0000,0.0063,0.0078,-0.0073,-0.0415,0.0000,kd10
2978,20.0000,1.0000,0.0063,0.0078,-0.0073,-0.0415,0.0000,kd10
2983,20.0000,1.0000,0.0063,0.0078,-0.0073,-0.0415,0.0000,kd10
2988,20.0000,1.0000,0.0063,0.0078,-0.0073,-0.0415,0.0000,kd10
2993,20.0000,1.0000,0.0063,0.0078,-0.0073,-0.0464,0.0000,kd10
2998,20.0000,1.0000,0.0063,0.0078,-0.0073,-0.0464,0.0000,kd10
3003,20.0000,1.0000,0.0063,0.0078,-0.0073,-0.0464,0.0000,kd10
3008,20.0000,1.0000,0.0063,0.0078,-0.0073,-0.0464,0.0000,kd10
3013,20.0000,1.0000,0.0063,0.0078,-0.0073,-0.0415,0.0000,kd10
3018,20.0000,1.0000,0.0063,0.0078,-0.0073,-0.0464,0.0000,kd10
3023,20.0000,1.0000,0.0063,0.0078,-0.0073,-0.0464,0.0000,kd10
3028,20.0000,1.0000,0.0063,0.0078,-0.0073,-0.0464,0.0000,kd10
3033,20.0000,1.0000,0.0063,0.0078,-0.0073,-0.0464,0.0000,kd10
3038,20.0000,1.0000,0.0063,0.0078,-0.0073,-0.0464,0.0000,kd10
3043,20.0000,1.0000,0.0063,0.0078,-0.0073,-0.0464,0.0000,kd10
3048,20.0000,1.0000,0.0063,0.0078,-0.0073,-0.0464,0.0000,kd10
3054,20.0000,1.0000,0.0063,0.0078,-0.0073,-0.0415,0.0000,kd10
3059,20.0000,1.0000,0.0063,0.0078,-0.0073,-0.0366,0.0000,kd10
3064,20.0000,1.0000,0.0063,0.0078,-0.0073,-0.0415,0.0000,kd10
3069,20.0000,1.0000,0.0063,0.0078,-0.0073,-0.0464,0.0000,kd10
3074,20.0000,1.0000,0.0063,0.0078,-0.0073,-0.0464,0.0000,kd10
3079,20.0000,1.0000,0.0063,0.0078,-0.0073,-0.0464,0.0000,kd10
3084,20.0000,1.0000,0.0063,0.0078,-0.0073,-0.0464,0.0000,kd10
3089,20.0000,1.0000,0.0063,0.0078,-0.0073,-0.0415,0.0000,kd10
3094,20.0000,1.0000,0.0063,0.0078,-0.0073,-0.0415,0.0000,kd10
3099,20.0000,1.0000,0.0063,0.0078,-0.0073,-0.0415,0.0000,kd10
3104,20.0000,1.0000,0.0063,0.0078,-0.0073,-0.0415,0.0000,kd10
3109,20.0000,1.0000,0.0063,0.0078,-0.0073,-0.0464,0.0000,kd10
3114,20.0000,1.0000,0.0063,0.0078,-0.0073,-0.0464,0.0000,kd10
3119,20.0000,1.0000,0.0063,0.0078,-0.0073,-0.0464,0.0000,kd10
3124,20.0000,1.0000,0.0063,0.0078,-0.0073,-0.0415,0.0000,kd10
3129,20.0000,1.0000,0.0063,0.0078,-0.0073,-0.0464,0.0000,kd10
3134,20.0000,1.0000,0.0063,0.0078,-0.0073,-0.0464,0.0000,kd10
3139,20.0000,1.0000,0.0063,0.0078,-0.0073,-0.0464,0.0000,kd10
3145,20.0000,1.0000,0.0063,0.0078,-0.0073,-0.0415,0.0000,kd10
3150,20.0000,1.0000,0.0063,0.0078,-0.0073,-0.0415,0.0000,kd10
3155,20.0000,1.0000,0.0063,0.0074,-0.0073,-0.0366,0.0000,kd10
3160,20.0000,1.0000,0.0063,0.0074,-0.0073,-0.0415,0.0000,kd10
3165,20.0000,1.0000,0.0063,0.0074,-0.0220,-0.0366,0.0000,kd10
3170,20.0000,1.0000,0.0063,0.0074,-0.0073,-0.0366,0.0000,kd10
3175,20.0000,1.0000,0.0063,0.0074,-0.0220,-0.0366,0.0000,kd10
3180,20.0000,1.0000,0.0063,0.0074,-0.0073,-0.0366,0.0000,kd10
3185,20.0000,1.0000,0.0063,0.0074,-0.0073,-0.0366,0.0000,kd10
3190,20.0000,1.0000,0.0063,0.0074,-0.0073,-0.0366,0.0000,kd10
3195,20.0000,1.0000,0.0063,0.0074,-0.0073,-0.0415,0.0000,kd10
3200,20.0000,1.0000,0.0063,0.0074,-0.0073,-0.0366,0.0000,kd10
3205,20.0000,1.0000,0.0063,0.0074,-0.0073,-0.0366,0.0000,kd10
3210,20.0000,1.0000,0.0063,0.0074,-0.0073,-0.0366,0.0000,kd10
3215,20.0000,1.0000,0.0063,0.0074,-0.0073,-0.0415,0.0000,kd10
3220,20.0000,1.0000,0.0063,0.0074,-0.0073,-0.0366,0.0000,kd10
3225,20.0000,1.0000,0.0063,0.0074,-0.0073,-0.0366,0.0000,kd10
3230,20.0000,1.0000,0.0063,0.0074,-0.0073,-0.0366,0.0000,kd10
3236,20.0000,1.0000,0.0063,0.0074,-0.0073,-0.0366,0.0000,kd10
3241,20.0000,1.0000,0.0063,0.0074,-0.0073,-0.0366,0.0000,kd10
3246,20.0000,1.0000,0.0063,0.0074,-0.0073,-0.0366,0.0000,kd10
3251,20.0000,1.0000,0.0063,0.0074,-0.0073,-0.0415,0.0000,kd10
3256,20.0000,1.0000,0.0063,0.0074,-0.0073,-0.0415,0.0000,kd10
3261,20.0000,1.0000,0.0063,0.0074,-0.0073,-0.0415,0.0000,kd10
3266,20.0000,1.0000,0.0063,0.0074,-0.0073,-0.0366,0.0000,kd10
3271,20.0000,1.0000,0.0063,0.0074,-0.0073,-0.0366,0.0000,kd10
3276,20.0000,1.0000,0.0063,0.0074,-0.0073,-0.0317,0.0000,kd10
3281,20.0000,1.0000,0.0063,0.0074,-0.0073,-0.0366,0.0000,kd10
3286,20.0000,1.0000,0.0063,0.0074,-0.0073,-0.0366,0.0000,kd10
3291,20.0000,1.0000,0.0063,0.0074,-0.0073,-0.0366,0.0000,kd10
3296,20.0000,1.0000,0.0063,0.0074,-0.0073,-0.0415,0.0000,kd10
3301,20.0000,1.0000,0.0063,0.0074,-0.0073,-0.0366,0.0000,kd10
3306,20.0000,1.0000,0.0063,0.0074,-0.0073,-0.0415,0.0000,kd10
3311,20.0000,1.0000,0.0063,0.0074,-0.0073,-0.0366,0.0000,kd10
3316,20.0000,1.0000,0.0063,0.0074,-0.0220,-0.0366,0.0000,kd10
3321,20.0000,1.0000,0.0063,0.0074,-0.0073,-0.0317,0.0000,kd10
3327,20.0000,1.0000,0.0063,0.0074,-0.0073,-0.0366,0.0000,kd10
3332,20.0000,1.0000,0.0063,0.0074,-0.0073,-0.0317,0.0000,kd10
3337,20.0000,1.0000,0.0063,0.0074,-0.0073,-0.0366,0.0000,kd10
3342,20.0000,1.0000,0.0063,0.0074,-0.0073,-0.0317,0.0000,kd10
3347,20.0000,1.0000,0.0063,0.0074,-0.0073,-0.0366,0.0000,kd10
3352,20.0000,1.0000,0.0063,0.0074,-0.0073,-0.0366,0.0000,kd10
3357,20.0000,1.0000,0.0063,0.0074,-0.0073,-0.0366,0.0000,kd10
3362,20.0000,1.0000,0.0063,0.0074,-0.0073,-0.0366,0.0000,kd10
3367,20.0000,1.0000,0.0063,0.0071,-0.0073,-0.0366,0.0000,kd10
3372,20.0000,1.0000,0.0063,0.0071,-0.0073,-0.0269,0.0000,kd10
3377,20.0000,1.0000,0.0063,0.0071,-0.0073,-0.0317,0.0000,kd10
3382,20.0000,1.0000,0.0063,0.0071,-0.0073,-0.0317,0.0000,kd10
3387,20.0000,1.0000,0.0063,0.0071,-0.0073,-0.0317,0.0000,kd10
3392,20.0000,1.0000,0.0063,0.0071,-0.0220,-0.0317,0.0000,kd10
3397,20.0000,1.0000,0.0063,0.0071,-0.0073,-0.0317,0.0000,kd10
3402,20.0000,1.0000,0.0063,0.0071,-0.0073,-0.0317,0.0000,kd10
3407,20.0000,1.0000,0.0063,0.0071,-0.0073,-0.0317,0.0000,kd10
3413,20.0000,1.0000,0.0063,0.0071,-0.0073,-0.0317,0.0000,kd10
3418,20.0000,1.0000,0.0063,0.0071,-0.0073,-0.0366,0.0000,kd10
3423,20.0000,1.0000,0.0063,0.0071,-0.0073,-0.0317,0.0000,kd10
3428,20.0000,1.0000,0.0063,0.0071,-0.0073,-0.0269,0.0000,kd10
3433,20.0000,1.0000,0.0063,0.0071,-0.0073,-0.0269,0.0000,kd10
3438,20.0000,1.0000,0.0063,0.0071,-0.0073,-0.0317,0.0000,kd10
3443,20.0000,1.0000,0.0063,0.0071,-0.0073,-0.0317,0.0000,kd10
3448,20.0000,1.0000,0.0063,0.0071,-0.0073,-0.0317,0.0000,kd10
3453,20.0000,1.0000,0.0063,0.0071,-0.0073,-0.0269,0.0000,kd10
3458,20.0000,1.0000,0.0063,0.0071,-0.0073,-0.0269,0.0000,kd10
3463,20.0000,1.0000,0.0063,0.0071,-0.0073,-0.0269,0.0000,kd10
3468,20.0000,1.0000,0.0063,0.0071,-0.0073,-0.0317,0.0000,kd10
3473,20.0000,1.0000,0.0063,0.0071,-0.0073,-0.0269,0.0000,kd10
3478,20.0000,1.0000,0.0063,0.0071,-0.0073,-0.0269,0.0000,kd10
3483,20.0000,1.0000,0.0063,0.0071,-0.0073,-0.0269,0.0000,kd10
3488,20.0000,1.0000,0.0063,0.0071,-0.0073,-0.0269,0.0000,kd10
3493,20.0000,1.0000,0.0063,0.0071,-0.0073,-0.0317,0.0000,kd10
3498,20.0000,1.0000,0.0063,0.0071,-0.0073,-0.0317,0.0000,kd10
3504,20.0000,1.0000,0.0063,0.0071,-0.0073,-0.0317,0.0000,kd10
3509,20.0000,1.0000,0.0063,0.0071,-0.0073,-0.0269,0.0000,kd10
3514,20.0000,1.0000,0.0063,0.0071,-0.0073,-0.0269,0.0000,kd10
3519,20.0000,1.0000,0.0063,0.0071,-0.0073,-0.0269,0.0000,kd10
3524,20.0000,1.0000,0.0063,0.0071,-0.0073,-0.0269,0.0000,kd10
3529,20.0000,1.0000,0.0063,0.0067,-0.0073,-0.0269,0.0000,kd10
3534,20.0000,1.0000,0.0063,0.0067,-0.0073,-0.0269,0.0000,kd10
3539,20.0000,1.0000,0.0063,0.0067,-0.0073,-0.0269,0.0000,kd10
3544,20.0000,1.0000,0.0063,0.0067,-0.0073,-0.0269,0.0000,kd10
3549,20.0000,1.0000,0.0063,0.0067,-0.0073,-0.0220,0.0000,kd10
3554,20.0000,1.0000,0.0063,0.0067,-0.0073,-0.0220,0.0000,kd10
3559,20.0000,1.0000,0.0063,0.0067,-0.0073,-0.0171,0.0000,kd10
3564,20.0000,1.0000,0.0063,0.0067,-0.0073,-0.0220,0.0000,kd10
3569,20.0000,1.0000,0.0063,0.0067,-0.0073,-0.0220,0.0000,kd10
3574,20.0000,1.0000,0.0063,0.0067,-0.0073,-0.0269,0.0000,kd10
3579,20.0000,1.0000,0.0063,0.0067,-0.0073,-0.0269,0.0000,kd10
3584,20.0000,1.0000,0.0063,0.0067,-0.0073,-0.0220,0.0000,kd10
3590,20.0000,1.0000,0.0063,0.0067,-0.0073,-0.0269,0.0000,kd10
3595,20.0000,1.0000,0.0063,0.0067,-0.0073,-0.0220,0.0000,kd10
3600,20.0000,1.0000,0.0063,0.0067,-0.0073,-0.0269,0.0000,kd10
3605,20.0000,1.0000,0.0063,0.0067,-0.0073,-0.0220,0.0000,kd10
3610,20.0000,1.0000,0.0063,0.0067,-0.0073,-0.0220,0.0000,kd10
3615,20.0000,1.0000,0.0063,0.0067,-0.0073,-0.0220,0.0000,kd10
3620,20.0000,1.0000,0.0063,0.0067,-0.0073,-0.0220,0.0000,kd10
3625,20.0000,1.0000,0.0063,0.0067,-0.0073,-0.0269,0.0000,kd10
3630,20.0000,1.0000,0.0063,0.0067,-0.0073,-0.0269,0.0000,kd10
3635,20.0000,1.0000,0.0063,0.0067,-0.0073,-0.0220,0.0000,kd10
3640,20.0000,1.0000,0.0063,0.0067,-0.0073,-0.0220,0.0000,kd10
3645,20.0000,1.0000,0.0063,0.0067,-0.0073,-0.0220,0.0000,kd10
3650,20.0000,1.0000,0.0063,0.0067,-0.0073,-0.0220,0.0000,kd10
3655,20.0000,1.0000,0.0063,0.0067,-0.0073,-0.0171,0.0000,kd10
3660,20.0000,1.0000,0.0063,0.0067,-0.0073,-0.0220,0.0000,kd10
3665,20.0000,1.0000,0.0063,0.0067,-0.0073,-0.0171,0.0000,kd10
3670,20.0000,1.0000,0.0063,0.0067,-0.0073,-0.0171,0.0000,kd10
3675,20.0000,1.0000,0.0063,0.0067,-0.0073,-0.0220,0.0000,kd10
3680,20.0000,1.0000,0.0063,0.0067,-0.0073,-0.0220,0.0000,kd10
3686,20.0000,1.0000,0.0063,0.0067,-0.0073,-0.0220,0.0000,kd10
3691,20.0000,1.0000,0.0063,0.0067,-0.0073,-0.0171,0.0000,kd10
3696,20.0000,1.0000,0.0063,0.0067,-0.0073,-0.0171,0.0000,kd10
3701,20.0000,1.0000,0.0063,0.0067,-0.0073,-0.0171,0.0000,kd10
3706,20.0000,1.0000,0.0063,0.0063,-0.0073,-0.0220,0.0000,kd10
3711,20.0000,1.0000,0.0063,0.0063,-0.0073,-0.0171,0.0000,kd10
3716,20.0000,1.0000,0.0063,0.0063,-0.0073,-0.0171,0.0000,kd10
3721,20.0000,1.0000,0.0063,0.0063,-0.0073,-0.0171,0.0000,kd10
3726,20.0000,1.0000,0.0063,0.0063,-0.0073,-0.0171,0.0000,kd10
3731,20.0000,1.0000,0.0063,0.0063,-0.0073,-0.0220,0.0000,kd10
3736,20.0000,1.0000,0.0063,0.0063,-0.0073,-0.0220,0.0000,kd10
3741,20.0000,1.0000,0.0063,0.0063,-0.0073,-0.0171,0.0000,kd10
3746,20.0000,1.0000,0.0063,0.0063,-0.0073,-0.0171,0.0000,kd10
3751,20.0000,1.0000,0.0063,0.0063,-0.0073,-0.0122,0.0000,kd10
3756,20.0000,1.0000,0.0063,0.0063,-0.0073,-0.0171,0.0000,kd10
3761,20.0000,1.0000,0.0063,0.0063,-0.0073,-0.0171,0.0000,kd10
3766,20.0000,1.0000,0.0063,0.0063,-0.0073,-0.0171,0.0000,kd10
3771,20.0000,1.0000,0.0063,0.0063,-0.0073,-0.0171,0.0000,kd10
3777,20.0000,1.0000,0.0063,0.0063,-0.0073,-0.0171,0.0000,kd10
3782,20.0000,1.0000,0.0063,0.0063,-0.0073,-0.0122,0.0000,kd10
3787,20.0000,1.0000,0.0063,0.0063,-0.0073,-0.0122,0.0000,kd10
3792,20.0000,1.0000,0.0063,0.0063,-0.0073,-0.0122,0.0000,kd10
3797,20.0000,1.0000,0.0063,0.0063,-0.0073,-0.0122,0.0000,kd10
3802,20.0000,1.0000,0.0063,0.0063,-0.0220,-0.0122,0.0000,kd10
3807,20.0000,1.0000,0.0063,0.0063,-0.0073,-0.0122,0.0000,kd10
3812,20.0000,1.0000,0.0063,0.0063,-0.0073,-0.0073,0.0000,kd10
3817,20.0000,1.0000,0.0063,0.0063,-0.0073,-0.0122,0.0000,kd10
3822,20.0000,1.0000,0.0063,0.0063,-0.0073,-0.0122,0.0000,kd10
3827,20.0000,1.0000,0.0063,0.0063,-0.0073,-0.0073,0.0000,kd10
3832,20.0000,1.0000,0.0063,0.0063,-0.0073,-0.0122,0.0000,kd10
3837,20.0000,1.0000,0.0063,0.0063,-0.0073,-0.0122,0.0000,kd10
3842,20.0000,1.0000,0.0063,0.0059,-0.0073,-0.0073,0.0000,kd10
3847,20.0000,1.0000,0.0063,0.0059,-0.0073,-0.0073,0.0000,kd10
3852,20.0000,1.0000,0.0063,0.0059,-0.0073,-0.0073,0.0000,kd10
3857,20.0000,1.0000,0.0063,0.0059,-0.0073,-0.0073,0.0000,kd10
3863,20.0000,1.0000,0.0063,0.0059,-0.0073,-0.0073,0.0000,kd10
3868,20.0000,1.0000,0.0063,0.0059,-0.0220,-0.0024,0.0000,kd10
3873,20.0000,1.0000,0.0063,0.0059,-0.0220,-0.0024,0.0000,kd10
3878,20.0000,1.0000,0.0063,0.0059,-0.0073,0.0024,0.0000,kd10
3883,20.0000,1.0000,0.0063,0.0059,-0.0073,0.0024,0.0000,kd10
3888,20.0000,1.0000,0.0063,0.0059,-0.0220,0.0024,0.0000,kd10
3893,20.0000,1.0000,0.0063,0.0059,-0.0073,-0.0024,0.0000,kd10
3898,20.0000,1.0000,0.0063,0.0059,-0.0073,-0.0024,0.0000,kd10
3903,20.0000,1.0000,0.0063,0.0059,-0.0073,-0.0024,0.0000,kd10
3908,20.0000,1.0000,0.0063,0.0055,-0.0220,0.0024,0.0000,kd10
3913,20.0000,1.0000,0.0063,0.0055,-0.0220,0.0024,0.0000,kd10
3918,20.0000,1.0000,0.0063,0.0055,-0.0220,0.0073,0.0000,kd10
3923,20.0000,1.0000,0.0063,0.0055,-0.0220,0.0122,0.0000,kd10
3928,20.0000,1.0000,0.0063,0.0055,-0.0220,0.0073,0.0000,kd10
3933,20.0000,1.0000,0.0063,0.0051,-0.0366,0.0171,0.0000,kd10
3938,20.0000,1.0000,0.0063,0.0048,-0.0513,0.0269,0.0000,kd10
3943,20.0000,1.0000,0.0063,0.0044,-0.0952,0.0464,0.0000,kd10
3948,20.0000,1.0000,0.0063,0.0036,-0.1245,0.0806,0.0000,kd10
3954,20.0000,1.0000,0.0063,0.0032,-0.0952,0.1001,0.0000,kd10
3959,20.0000,1.0000,0.0063,0.0032,-0.0073,0.0855,0.0000,kd10
3964,20.0000,1.0000,0.0063,0.0032,-0.0073,0.0806,0.0000,kd10
3969,20.0000,1.0000,0.0063,0.0032,-0.0220,0.0659,0.0000,kd10
3974,20.0000,1.0000,0.0063,0.0032,-0.0220,0.0611,0.0000,kd10
3979,20.0000,1.0000,0.0063,0.0032,-0.0073,0.0562,0.0000,kd10
3984,20.0000,1.0000,0.0063,0.0032,-0.0073,0.0562,0.0000,kd10
3989,20.0000,1.0000,0.0063,0.0032,-0.0073,0.0513,0.0000,kd10
3994,20.0000,1.0000,0.0063,0.0032,-0.0073,0.0513,0.0000,kd10
3999,20.0000,1.0000,0.0063,0.0032,-0.0073,0.0513,0.0000,kd10
4004,20.0000,1.0000,0.0063,0.0032,-0.0073,0.0513,0.0000,kd10
4009,20.0000,1.0000,0.0063,0.0032,-0.0073,0.0464,0.0000,kd10
4014,20.0000,1.0000,0.0063,0.0032,-0.0073,0.0464,0.0000,kd10
4019,20.0000,1.0000,0.0063,0.0032,-0.0073,0.0464,0.0000,kd10
4024,20.0000,1.0000,0.0063,0.0032,-0.0073,0.0464,0.0000,kd10
4029,20.0000,1.0000,0.0063,0.0032,-0.0073,0.0464,0.0000,kd10
4034,20.0000,1.0000,0.0063,0.0032,-0.0073,0.0513,0.0000,kd10
4039,20.0000,1.0000,0.0063,0.0032,-0.0073,0.0464,0.0000,kd10
4045,20.0000,1.0000,0.0063,0.0032,-0.0073,0.0513,0.0000,kd10
4050,20.0000,1.0000,0.0063,0.0032,-0.0073,0.0464,0.0000,kd10
4055,20.0000,1.0000,0.0063,0.0032,-0.0073,0.0464,0.0000,kd10
4060,20.0000,1.0000,0.0063,0.0032,-0.0073,0.0464,0.0000,kd10
4065,20.0000,1.0000,0.0063,0.0032,-0.0073,0.0464,0.0000,kd10
4070,20.0000,1.0000,0.0063,0.0032,-0.0073,0.0464,0.0000,kd10
4075,20.0000,1.0000,0.0063,0.0032,-0.0073,0.0513,0.0000,kd10
4080,20.0000,1.0000,0.0063,0.0032,-0.0073,0.0464,0.0000,kd10
4085,20.0000,1.0000,0.0063,0.0032,-0.0073,0.0464,0.0000,kd10
4090,20.0000,1.0000,0.0063,0.0032,-0.0073,0.0464,0.0000,kd10
4095,20.0000,1.0000,0.0063,0.0032,-0.0073,0.0415,0.0000,kd10
4100,20.0000,1.0000,0.0063,0.0032,-0.0073,0.0464,0.0000,kd10
4105,20.0000,1.0000,0.0063,0.0032,-0.0073,0.0415,0.0000,kd10
4110,20.0000,1.0000,0.0063,0.0032,-0.0073,0.0415,0.0000,kd10
4115,20.0000,1.0000,0.0063,0.0032,-0.0073,0.0415,0.0000,kd10
4120,20.0000,1.0000,0.0063,0.0032,-0.0073,0.0415,0.0000,kd10
4125,20.0000,1.0000,0.0063,0.0032,-0.0073,0.0464,0.0000,kd10
4130,20.0000,1.0000,0.0063,0.0032,-0.0073,0.0415,0.0000,kd10
4136,20.0000,1.0000,0.0063,0.0032,-0.0073,0.0415,0.0000,kd10
4141,20.0000,1.0000,0.0063,0.0032,-0.0073,0.0415,0.0000,kd10
4146,20.0000,1.0000,0.0063,0.0032,-0.0073,0.0366,0.0000,kd10
4151,20.0000,1.0000,0.0063,0.0032,-0.0073,0.0366,0.0000,kd10
4156,20.0000,1.0000,0.0063,0.0032,-0.0073,0.0415,0.0000,kd10
4161,20.0000,1.0000,0.0063,0.0032,-0.0073,0.0415,0.0000,kd10
4166,20.0000,1.0000,0.0063,0.0032,-0.0073,0.0415,0.0000,kd10
4171,20.0000,1.0000,0.0063,0.0032,-0.0073,0.0415,0.0000,kd10
4176,20.0000,1.0000,0.0063,0.0032,-0.0073,0.0415,0.0000,kd10
4181,20.0000,1.0000,0.0063,0.0032,-0.0073,0.0415,0.0000,kd10
4186,20.0000,1.0000,0.0063,0.0032,-0.0073,0.0415,0.0000,kd10
4191,20.0000,1.0000,0.0063,0.0032,-0.0073,0.0415,0.0000,kd10
4196,20.0000,1.0000,0.0063,0.0032,-0.0073,0.0415,0.0000,kd10
4201,20.0000,1.0000,0.0063,0.0032,-0.0073,0.0415,0.0000,kd10
4206,20.0000,1.0000,0.0063,0.0032,-0.0073,0.0415,0.0000,kd10
4211,20.0000,1.0000,0.0063,0.0032,-0.0073,0.0415,0.0000,kd10
4216,20.0000,1.0000,0.0063,0.0032,-0.0073,0.0415,0.0000,kd10
4221,20.0000,1.0000,0.0063,0.0032,-0.0073,0.0415,0.0000,kd10
4227,20.0000,1.0000,0.0063,0.0032,-0.0073,0.0415,0.0000,kd10
4232,20.0000,1.0000,0.0063,0.0032,-0.0073,0.0415,0.0000,kd10
4237,20.0000,1.0000,0.0063,0.0032,-0.0073,0.0415,0.0000,kd10
4242,20.0000,1.0000,0.0063,0.0032,-0.0073,0.0415,0.0000,kd10
4247,20.0000,1.0000,0.0063,0.0032,-0.0073,0.0415,0.0000,kd10
4252,20.0000,1.0000,0.0063,0.0032,-0.0073,0.0415,0.0000,kd10
4257,20.0000,1.0000,0.0063,0.0032,-0.0073,0.0415,0.0000,kd10
4262,20.0000,1.0000,0.0063,0.0032,-0.0073,0.0415,0.0000,kd10
4267,20.0000,1.0000,0.0063,0.0032,-0.0073,0.0415,0.0000,kd10
4272,20.0000,1.0000,0.0063,0.0032,-0.0073,0.0415,0.0000,kd10
4277,20.0000,1.0000,0.0063,0.0032,-0.0073,0.0415,0.0000,kd10
4282,20.0000,1.0000,0.0063,0.0032,-0.0073,0.0415,0.0000,kd10
4287,20.0000,1.0000,0.0063,0.0032,-0.0073,0.0415,0.0000,kd10
4292,20.0000,1.0000,0.0063,0.0032,-0.0073,0.0415,0.0000,kd10
4297,20.0000,1.0000,0.0063,0.0032,-0.0073,0.0415,0.0000,kd10
4302,20.0000,1.0000,0.0063,0.0032,-0.0073,0.0415,0.0000,kd10
4307,20.0000,1.0000,0.0063,0.0032,-0.0073,0.0415,0.0000,kd10
4312,20.0000,1.0000,0.0063,0.0032,-0.0073,0.0415,0.0000,kd10
4318,20.0000,1.0000,0.0063,0.0032,-0.0073,0.0415,0.0000,kd10
4323,20.0000,1.0000,0.0063,0.0032,-0.0073,0.0415,0.0000,kd10
4328,20.0000,1.0000,0.0063,0.0032,-0.0073,0.0415,0.0000,kd10
4333,20.0000,1.0000,0.0063,0.0032,-0.0073,0.0415,0.0000,kd10
4338,20.0000,1.0000,0.0063,0.0032,-0.0073,0.0415,0.0000,kd10
4343,20.0000,1.0000,0.0063,0.0032,-0.0073,0.0415,0.0000,kd10
4348,20.0000,1.0000,0.0063,0.0032,-0.0073,0.0415,0.0000,kd10
4353,20.0000,1.0000,0.0063,0.0032,-0.0073,0.0415,0.0000,kd10
4358,20.0000,1.0000,0.0063,0.0032,-0.0073,0.0415,0.0000,kd10
4363,20.0000,1.0000,0.0063,0.0032,-0.0073,0.0415,0.0000,kd10
4368,20.0000,1.0000,0.0063,0.0032,-0.0073,0.0415,0.0000,kd10
4373,20.0000,1.0000,0.0063,0.0032,-0.0073,0.0415,0.0000,kd10
4378,20.0000,1.0000,0.0063,0.0032,-0.0073,0.0415,0.0000,kd10
4383,20.0000,1.0000,0.0063,0.0032,-0.0073,0.0415,0.0000,kd10
4388,20.0000,1.0000,0.0063,0.0032,-0.0073,0.0415,0.0000,kd10
4393,20.0000,1.0000,0.0063,0.0032,-0.0073,0.0415,0.0000,kd10
4398,20.0000,1.0000,0.0063,0.0032,-0.0073,0.0415,0.0000,kd10
4403,20.0000,1.0000,0.0063,0.0032,-0.0073,0.0464,0.0000,kd10
4409,20.0000,1.0000,0.0063,0.0032,-0.0073,0.0415,0.0000,kd10
4414,20.0000,1.0000,0.0063,0.0032,-0.0073,0.0415,0.0000,kd10
4419,20.0000,1.0000,0.0063,0.0032,-0.0073,0.0464,0.0000,kd10
4424,20.0000,1.0000,0.0063,0.0032,-0.0073,0.0415,0.0000,kd10
4429,20.0000,1.0000,0.0063,0.0032,-0.0073,0.0415,0.0000,kd10
4434,20.0000,1.0000,0.0063,0.0032,-0.0073,0.0464,0.0000,kd10
4439,20.0000,1.0000,0.0063,0.0032,-0.0073,0.0415,0.0000,kd10
4444,20.0000,1.0000,0.0063,0.0032,-0.0073,0.0415,0.0000,kd10
4449,20.0000,1.0000,0.0063,0.0032,-0.0073,0.0415,0.0000,kd10
4454,20.0000,1.0000,0.0063,0.0032,-0.0073,0.0464,0.0000,kd10
4459,20.0000,1.0000,0.0063,0.0032,-0.0073,0.0464,0.0000,kd10
4464,20.0000,1.0000,0.0063,0.0032,-0.0073,0.0415,0.0000,kd10
4469,20.0000,1.0000,0.0063,0.0032,-0.0073,0.0415,0.0000,kd10
4474,20.0000,1.0000,0.0063,0.0032,-0.0073,0.0415,0.0000,kd10
4479,20.0000,1.0000,0.0063,0.0032,-0.0073,0.0415,0.0000,kd10
4484,20.0000,1.0000,0.0063,0.0032,-0.0073,0.0415,0.0000,kd10
4489,20.0000,1.0000,0.0063,0.0032,-0.0073,0.0415,0.0000,kd10
4494,20.0000,1.0000,0.0063,0.0032,-0.0073,0.0415,0.0000,kd10
4500,20.0000,1.0000,0.0063,0.0032,-0.0073,0.0415,0.0000,kd10
4505,20.0000,1.0000,0.0063,0.0032,-0.0073,0.0415,0.0000,kd10
4510,20.0000,1.0000,0.0063,0.0032,-0.0073,0.0366,0.0000,kd10
4515,20.0000,1.0000,0.0063,0.0032,-0.0073,0.0415,0.0000,kd10
4520,20.0000,1.0000,0.0063,0.0032,-0.0073,0.0366,0.0000,kd10
4525,20.0000,1.0000,0.0063,0.0032,-0.0073,0.0366,0.0000,kd10
4530,20.0000,1.0000,0.0063,0.0032,-0.0073,0.0366,0.0000,kd10
4535,20.0000,1.0000,0.0063,0.0032,-0.0073,0.0464,0.0000,kd10
4540,20.0000,1.0000,0.0063,0.0032,-0.0073,0.0415,0.0000,kd10
4545,20.0000,1.0000,0.0063,0.0032,-0.0073,0.0415,0.0000,kd10
4550,20.0000,1.0000,0.0063,0.0032,-0.0073,0.0415,0.0000,kd10
4555,20.0000,1.0000,0.0063,0.0032,-0.0073,0.0415,0.0000,kd10
4560,20.0000,1.0000,0.0063,0.0032,-0.0073,0.0366,0.0000,kd10
4565,20.0000,1.0000,0.0063,0.0032,-0.0073,0.0366,0.0000,kd10
4570,20.0000,1.0000,0.0063,0.0032,-0.0073,0.0415,0.0000,kd10
4575,20.0000,1.0000,0.0063,0.0032,-0.0073,0.0415,0.0000,kd10
4580,20.0000,1.0000,0.0063,0.0032,-0.0073,0.0415,0.0000,kd10
4586,20.0000,1.0000,0.0063,0.0032,-0.0073,0.0464,0.0000,kd10
4591,20.0000,1.0000,0.0063,0.0032,-0.0073,0.0464,0.0000,kd10
4596,20.0000,1.0000,0.0063,0.0032,-0.0073,0.0464,0.0000,kd10
4601,20.0000,1.0000,0.0063,0.0032,-0.0073,0.0415,0.0000,kd10
4606,20.0000,1.0000,0.0063,0.0032,-0.0073,0.0415,0.0000,kd10
4611,20.0000,1.0000,0.0063,0.0032,-0.0073,0.0415,0.0000,kd10
4616,20.0000,1.0000,0.0063,0.0032,-0.0073,0.0415,0.0000,kd10
4621,20.0000,1.0000,0.0063,0.0032,-0.0073,0.0415,0.0000,kd10
4626,20.0000,1.0000,0.0063,0.0032,-0.0073,0.0415,0.0000,kd10
4631,20.0000,1.0000,0.0063,0.0032,-0.0073,0.0415,0.0000,kd10
4636,20.0000,1.0000,0.0063,0.0032,-0.0073,0.0366,0.0000,kd10
4641,20.0000,1.0000,0.0063,0.0032,-0.0073,0.0415,0.0000,kd10
4646,20.0000,1.0000,0.0063,0.0032,-0.0073,0.0415,0.0000,kd10
4651,20.0000,1.0000,0.0063,0.0032,-0.0073,0.0415,0.0000,kd10
4656,20.0000,1.0000,0.0063,0.0032,-0.0073,0.0415,0.0000,kd10
4661,20.0000,1.0000,0.0063,0.0032,-0.0073,0.0415,0.0000,kd10
4666,20.0000,1.0000,0.0063,0.0032,-0.0073,0.0415,0.0000,kd10
4671,20.0000,1.0000,0.0063,0.0032,-0.0073,0.0415,0.0000,kd10
4677,20.0000,1.0000,0.0063,0.0032,-0.0073,0.0415,0.0000,kd10
4682,20.0000,1.0000,0.0063,0.0032,-0.0073,0.0415,0.0000,kd10
4687,20.0000,1.0000,0.0063,0.0032,-0.0073,0.0415,0.0000,kd10
4692,20.0000,1.0000,0.0063,0.0032,-0.0073,0.0415,0.0000,kd10
4697,20.0000,1.0000,0.0063,0.0032,-0.0073,0.0415,0.0000,kd10
4702,20.0000,1.0000,0.0063,0.0032,-0.0073,0.0415,0.0000,kd10
4707,20.0000,1.0000,0.0063,0.0032,-0.0073,0.0415,0.0000,kd10
4712,20.0000,1.0000,0.0063,0.0032,-0.0073,0.0415,0.0000,kd10
4717,20.0000,1.0000,0.0063,0.0032,-0.0073,0.0415,0.0000,kd10
4722,20.0000,1.0000,0.0063,0.0032,-0.0073,0.0415,0.0000,kd10
4727,20.0000,1.0000,0.0063,0.0032,-0.0073,0.0415,0.0000,kd10
4732,20.0000,1.0000,0.0063,0.0032,-0.0073,0.0415,0.0000,kd10
4737,20.0000,1.0000,0.0063,0.0032,-0.0073,0.0415,0.0000,kd10
4742,20.0000,1.0000,0.0063,0.0032,-0.0073,0.0415,0.0000,kd10
4747,20.0000,1.0000,0.0063,0.0032,-0.0073,0.0415,0.0000,kd10
4752,20.0000,1.0000,0.0063,0.0032,-0.0073,0.0415,0.0000,kd10
4757,20.0000,1.0000,0.0063,0.0032,-0.0073,0.0415,0.0000,kd10
4763,20.0000,1.0000,0.0063,0.0032,-0.0073,0.0415,0.0000,kd10
4768,20.0000,1.0000,0.0063,0.0032,-0.0073,0.0415,0.0000,kd10
4773,20.0000,1.0000,0.0063,0.0032,-0.0073,0.0415,0.0000,kd10
4778,20.0000,1.0000,0.0063,0.0032,-0.0073,0.0415,0.0000,kd10
4783,20.0000,1.0000,0.0063,0.0032,-0.0073,0.0415,0.0000,kd10
4788,20.0000,1.0000,0.0063,0.0032,-0.0073,0.0464,0.0000,kd10
4793,20.0000,1.0000,0.0063,0.0032,-0.0073,0.0415,0.0000,kd10
4798,20.0000,1.0000,0.0063,0.0032,-0.0073,0.0415,0.0000,kd10
4803,20.0000,1.0000,0.0063,0.0032,-0.0073,0.0415,0.0000,kd10
4808,20.0000,1.0000,0.0063,0.0032,-0.0073,0.0464,0.0000,kd10
4813,20.0000,1.0000,0.0063,0.0032,-0.0073,0.0415,0.0000,kd10
4818,20.0000,1.0000,0.0063,0.0032,-0.0073,0.0464,0.0000,kd10
4823,20.0000,1.0000,0.0063,0.0032,-0.0073,0.0415,0.0000,kd10
4828,20.0000,1.0000,0.0063,0.0032,-0.0073,0.0415,0.0000,kd10
4833,20.0000,1.0000,0.0063,0.0032,-0.0073,0.0464,0.0000,kd10
4838,20.0000,1.0000,0.0063,0.0032,-0.0073,0.0415,0.0000,kd10
4843,20.0000,1.0000,0.0063,0.0032,-0.0073,0.0464,0.0000,kd10
4848,20.0000,1.0000,0.0063,0.0032,-0.0073,0.0464,0.0000,kd10
4854,20.0000,1.0000,0.0063,0.0032,-0.0073,0.0415,0.0000,kd10
4859,20.0000,1.0000,0.0063,0.0032,-0.0073,0.0415,0.0000,kd10
4864,20.0000,1.0000,0.0063,0.0032,-0.0073,0.0415,0.0000,kd10
4869,20.0000,1.0000,0.0063,0.0032,-0.0073,0.0366,0.0000,kd10
4874,20.0000,1.0000,0.0063,0.0032,-0.0073,0.0415,0.0000,kd10
4879,20.0000,1.0000,0.0063,0.0032,-0.0073,0.0415,0.0000,kd10
4884,20.0000,1.0000,0.0063,0.0032,-0.0073,0.0415,0.0000,kd10
4889,20.0000,1.0000,0.0063,0.0032,-0.0073,0.0415,0.0000,kd10
4894,20.0000,1.0000,0.0063,0.0032,-0.0073,0.0415,0.0000,kd10
4899,20.0000,1.0000,0.0063,0.0032,-0.0073,0.0366,0.0000,kd10
4904,20.0000,1.0000,0.0063,0.0032,-0.0073,0.0366,0.0000,kd10
4909,20.0000,1.0000,0.0063,0.0032,-0.0073,0.0366,0.0000,kd10
4914,20.0000,1.0000,0.0063,0.0032,-0.0073,0.0415,0.0000,kd10
4919,20.0000,1.0000,0.0063,0.0032,-0.0073,0.0366,0.0000,kd10
4924,20.0000,1.0000,0.0063,0.0032,-0.0073,0.0366,0.0000,kd10
4929,20.0000,1.0000,0.0063,0.0032,-0.0073,0.0366,0.0000,kd10
4934,20.0000,1.0000,0.0063,0.0032,-0.0073,0.0415,0.0000,kd10
4939,20.0000,1.0000,0.0063,0.0032,-0.0073,0.0415,0.0000,kd10
4945,20.0000,1.0000,0.0063,0.0032,-0.0073,0.0366,0.0000,kd10
4950,20.0000,1.0000,0.0063,0.0032,-0.0073,0.0415,0.0000,kd10
4955,20.0000,1.0000,0.0063,0.0032,-0.0073,0.0415,0.0000,kd10
4960,20.0000,1.0000,0.0063,0.0032,-0.0073,0.0415,0.0000,kd10
4965,20.0000,1.0000,0.0063,0.0032,-0.0073,0.0415,0.0000,kd10
4970,20.0000,1.0000,0.0063,0.0032,-0.0073,0.0415,0.0000,kd10
4975,20.0000,1.0000,0.0063,0.0032,-0.0073,0.0415,0.0000,kd10
4980,20.0000,1.0000,0.0063,0.0036,-0.0073,0.0366,0.0000,kd10
4985,20.0000,1.0000,0.0063,0.0036,-0.0073,0.0415,0.0000,kd10
4990,20.0000,1.0000,0.0063,0.0036,-0.0073,0.0415,0.0000,kd10
4995,20.0000,1.0000,0.0063,0.0036,-0.0073,0.0415,0.0000,kd10
0,20.0000,2.0000,0.0063,0.0036,-0.0073,0.0415,0.0000,kd20
5,20.0000,2.0000,0.0063,0.0036,-0.0073,0.0415,0.0000,kd20
10,20.0000,2.0000,0.0063,0.0036,-0.0073,0.0415,0.0000,kd20
15,20.0000,2.0000,0.0063,0.0036,-0.0073,0.0415,0.0000,kd20
20,20.0000,2.0000,0.0063,0.0036,-0.0073,0.0415,0.0000,kd20
25,20.0000,2.0000,0.0063,0.0036,-0.0073,0.0415,0.0000,kd20
30,20.0000,2.0000,0.0063,0.0036,-0.0073,0.0415,0.0000,kd20
35,20.0000,2.0000,0.0063,0.0036,-0.0073,0.0415,0.0000,kd20
40,20.0000,2.0000,0.0063,0.0036,-0.0073,0.0366,0.0000,kd20
45,20.0000,2.0000,0.0063,0.0036,-0.0073,0.0366,0.0000,kd20
50,20.0000,2.0000,0.0063,0.0036,-0.0073,0.0317,0.0000,kd20
55,20.0000,2.0000,0.0063,0.0036,-0.0073,0.0317,0.0000,kd20
60,20.0000,2.0000,0.0063,0.0036,-0.0073,0.0366,0.0000,kd20
65,20.0000,2.0000,0.0063,0.0036,-0.0073,0.0317,0.0000,kd20
70,20.0000,2.0000,0.0063,0.0036,-0.0073,0.0317,0.0000,kd20
75,20.0000,2.0000,0.0063,0.0036,-0.0073,0.0269,0.0000,kd20
80,20.0000,2.0000,0.0063,0.0036,-0.0073,0.0269,0.0000,kd20
85,20.0000,2.0000,0.0063,0.0036,-0.0073,0.0317,0.0000,kd20
91,20.0000,2.0000,0.0063,0.0036,0.0073,0.0317,0.0000,kd20
96,20.0000,2.0000,0.0063,0.0036,-0.0073,0.0269,0.0000,kd20
101,20.0000,2.0000,0.0063,0.0036,-0.0073,0.0269,0.0000,kd20
106,20.0000,2.0000,0.0063,0.0036,-0.0073,0.0269,0.0000,kd20
111,20.0000,2.0000,0.0063,0.0036,-0.0073,0.0269,0.0000,kd20
116,20.0000,2.0000,0.0063,0.0036,-0.0073,0.0269,0.0000,kd20
121,20.0000,2.0000,0.0063,0.0036,-0.0073,0.0220,0.0000,kd20
126,20.0000,2.0000,0.0063,0.0036,-0.0073,0.0269,0.0000,kd20
131,20.0000,2.0000,0.0063,0.0036,0.0073,0.0269,0.0000,kd20
136,20.0000,2.0000,0.0063,0.0036,-0.0073,0.0220,0.0000,kd20
141,20.0000,2.0000,0.0063,0.0036,-0.0073,0.0220,0.0000,kd20
146,20.0000,2.0000,0.0063,0.0036,-0.0073,0.0220,0.0000,kd20
151,20.0000,2.0000,0.0063,0.0036,-0.0073,0.0220,0.0000,kd20
156,20.0000,2.0000,0.0063,0.0040,-0.0073,0.0220,0.0000,kd20
161,20.0000,2.0000,0.0063,0.0040,-0.0073,0.0220,0.0000,kd20
166,20.0000,2.0000,0.0063,0.0040,-0.0073,0.0171,0.0000,kd20
171,20.0000,2.0000,0.0063,0.0040,-0.0073,0.0220,0.0000,kd20
177,20.0000,2.0000,0.0063,0.0040,-0.0073,0.0171,0.0000,kd20
182,20.0000,2.0000,0.0063,0.0040,-0.0073,0.0171,0.0000,kd20
187,20.0000,2.0000,0.0063,0.0040,-0.0073,0.0171,0.0000,kd20
192,20.0000,2.0000,0.0063,0.0040,-0.0073,0.0171,0.0000,kd20
197,20.0000,2.0000,0.0063,0.0040,-0.0073,0.0171,0.0000,kd20
202,20.0000,2.0000,0.0063,0.0040,-0.0073,0.0122,0.0000,kd20
207,20.0000,2.0000,0.0063,0.0040,-0.0073,0.0171,0.0000,kd20
212,20.0000,2.0000,0.0063,0.0040,-0.0073,0.0122,0.0000,kd20
217,20.0000,2.0000,0.0063,0.0040,-0.0073,0.0171,0.0000,kd20
222,20.0000,2.0000,0.0063,0.0040,0.0073,0.0122,0.0000,kd20
227,20.0000,2.0000,0.0063,0.0040,-0.0073,0.0122,0.0000,kd20
232,20.0000,2.0000,0.0063,0.0044,0.0073,0.0122,0.0000,kd20
237,20.0000,2.0000,0.0063,0.0044,-0.0073,0.0073,0.0000,kd20
242,20.0000,2.0000,0.0063,0.0044,0.0073,0.0024,0.0000,kd20
247,20.0000,2.0000,0.0063,0.0044,-0.0073,0.0024,0.0000,kd20
252,20.0000,2.0000,0.0063,0.0044,0.0073,-0.0024,0.0000,kd20
257,20.0000,2.0000,0.0063,0.0048,0.0073,-0.0122,0.0000,kd20
262,20.0000,2.0000,0.0063,0.0048,0.0073,-0.0171,0.0000,kd20
268,20.0000,2.0000,0.0063,0.0051,0.0220,-0.0317,0.0000,kd20
273,20.0000,2.0000,0.0063,0.0051,0.0220,-0.0464,0.0000,kd20
278,20.0000,2.0000,0.0063,0.0055,0.0513,-0.0659,0.0000,kd20
283,20.0000,2.0000,0.0063,0.0063,0.0513,-0.0952,0.0000,kd20
288,20.0000,2.0000,0.0063,0.0063,0.0366,-0.1148,0.0000,kd20
293,20.0000,2.0000,0.0063,0.0067,0.0073,-0.1099,0.0000,kd20
298,20.0000,2.0000,0.0063,0.0067,0.0220,-0.0952,0.0000,kd20
303,20.0000,2.0000,0.0063,0.0067,0.0220,-0.0904,0.0000,kd20
308,20.0000,2.0000,0.0063,0.0067,0.0073,-0.0855,0.0000,kd20
313,20.0000,2.0000,0.0063,0.0071,0.0073,-0.0806,0.0000,kd20
318,20.0000,2.0000,0.0063,0.0071,0.0073,-0.0757,0.0000,kd20
323,20.0000,2.0000,0.0063,0.0071,-0.0073,-0.0708,0.0000,kd20
328,20.0000,2.0000,0.0063,0.0071,0.0073,-0.0659,0.0000,kd20
333,20.0000,2.0000,0.0063,0.0071,0.0073,-0.0611,0.0000,kd20
338,20.0000,2.0000,0.0063,0.0071,-0.0073,-0.0611,0.0000,kd20
343,20.0000,2.0000,0.0063,0.0071,0.0073,-0.0562,0.0000,kd20
348,20.0000,2.0000,0.0063,0.0071,-0.0073,-0.0562,0.0000,kd20
354,20.0000,2.0000,0.0063,0.0071,-0.0073,-0.0562,0.0000,kd20
359,20.0000,2.0000,0.0063,0.0071,-0.0073,-0.0562,0.0000,kd20
364,20.0000,2.0000,0.0063,0.0071,-0.0073,-0.0562,0.0000,kd20
369,20.0000,2.0000,0.0063,0.0071,0.0073,-0.0513,0.0000,kd20
374,20.0000,2.0000,0.0063,0.0074,-0.0073,-0.0513,0.0000,kd20
379,20.0000,2.0000,0.0063,0.0074,-0.0073,-0.0464,0.0000,kd20
384,20.0000,2.0000,0.0063,0.0074,-0.0073,-0.0513,0.0000,kd20
389,20.0000,2.0000,0.0063,0.0074,-0.0073,-0.0513,0.0000,kd20
394,20.0000,2.0000,0.0063,0.0074,-0.0073,-0.0464,0.0000,kd20
399,20.0000,2.0000,0.0063,0.0074,-0.0073,-0.0513,0.0000,kd20
404,20.0000,2.0000,0.0063,0.0074,-0.0073,-0.0513,0.0000,kd20
409,20.0000,2.0000,0.0063,0.0074,0.0073,-0.0464,0.0000,kd20
414,20.0000,2.0000,0.0063,0.0074,-0.0073,-0.0464,0.0000,kd20
419,20.0000,2.0000,0.0063,0.0074,-0.0073,-0.0464,0.0000,kd20
424,20.0000,2.0000,0.0063,0.0074,-0.0073,-0.0513,0.0000,kd20
429,20.0000,2.0000,0.0063,0.0074,-0.0073,-0.0464,0.0000,kd20
434,20.0000,2.0000,0.0063,0.0074,-0.0073,-0.0513,0.0000,kd20
439,20.0000,2.0000,0.0063,0.0074,-0.0073,-0.0562,0.0000,kd20
444,20.0000,2.0000,0.0063,0.0074,-0.0073,-0.0513,0.0000,kd20
450,20.0000,2.0000,0.0063,0.0074,-0.0073,-0.0562,0.0000,kd20
455,20.0000,2.0000,0.0063,0.0074,-0.0073,-0.0513,0.0000,kd20
460,20.0000,2.0000,0.0063,0.0074,-0.0073,-0.0562,0.0000,kd20
465,20.0000,2.0000,0.0063,0.0074,-0.0073,-0.0513,0.0000,kd20
470,20.0000,2.0000,0.0063,0.0074,-0.0073,-0.0562,0.0000,kd20
475,20.0000,2.0000,0.0063,0.0074,-0.0073,-0.0513,0.0000,kd20
480,20.0000,2.0000,0.0063,0.0074,-0.0073,-0.0513,0.0000,kd20
485,20.0000,2.0000,0.0063,0.0074,-0.0073,-0.0562,0.0000,kd20
490,20.0000,2.0000,0.0063,0.0074,-0.0073,-0.0513,0.0000,kd20
495,20.0000,2.0000,0.0063,0.0074,-0.0073,-0.0513,0.0000,kd20
500,20.0000,2.0000,0.0063,0.0074,-0.0073,-0.0513,0.0000,kd20
505,20.0000,2.0000,0.0063,0.0074,-0.0073,-0.0464,0.0000,kd20
510,20.0000,2.0000,0.0063,0.0074,-0.0073,-0.0513,0.0000,kd20
515,20.0000,2.0000,0.0063,0.0074,-0.0073,-0.0513,0.0000,kd20
520,20.0000,2.0000,0.0063,0.0074,-0.0073,-0.0513,0.0000,kd20
525,20.0000,2.0000,0.0063,0.0074,-0.0073,-0.0513,0.0000,kd20
530,20.0000,2.0000,0.0063,0.0074,-0.0073,-0.0562,0.0000,kd20
535,20.0000,2.0000,0.0063,0.0074,-0.0073,-0.0513,0.0000,kd20
541,20.0000,2.0000,0.0063,0.0074,-0.0073,-0.0513,0.0000,kd20
546,20.0000,2.0000,0.0063,0.0078,-0.0073,-0.0562,0.0000,kd20
551,20.0000,2.0000,0.0063,0.0078,-0.0073,-0.0562,0.0000,kd20
556,20.0000,2.0000,0.0063,0.0078,-0.0073,-0.0562,0.0000,kd20
561,20.0000,2.0000,0.0063,0.0078,-0.0073,-0.0513,0.0000,kd20
566,20.0000,2.0000,0.0063,0.0078,-0.0073,-0.0513,0.0000,kd20
571,20.0000,2.0000,0.0063,0.0078,-0.0073,-0.0513,0.0000,kd20
576,20.0000,2.0000,0.0063,0.0078,-0.0073,-0.0513,0.0000,kd20
581,20.0000,2.0000,0.0063,0.0078,-0.0073,-0.0562,0.0000,kd20
586,20.0000,2.0000,0.0063,0.0078,-0.0073,-0.0562,0.0000,kd20
591,20.0000,2.0000,0.0063,0.0078,-0.0073,-0.0513,0.0000,kd20
596,20.0000,2.0000,0.0063,0.0078,-0.0073,-0.0513,0.0000,kd20
601,20.0000,2.0000,0.0063,0.0078,-0.0073,-0.0513,0.0000,kd20
606,20.0000,2.0000,0.0063,0.0078,-0.0073,-0.0513,0.0000,kd20
611,20.0000,2.0000,0.0063,0.0078,-0.0073,-0.0513,0.0000,kd20
616,20.0000,2.0000,0.0063,0.0078,-0.0073,-0.0513,0.0000,kd20
621,20.0000,2.0000,0.0063,0.0078,-0.0073,-0.0562,0.0000,kd20
626,20.0000,2.0000,0.0063,0.0078,-0.0073,-0.0513,0.0000,kd20
632,20.0000,2.0000,0.0063,0.0078,-0.0073,-0.0464,0.0000,kd20
637,20.0000,2.0000,0.0063,0.0078,-0.0073,-0.0513,0.0000,kd20
642,20.0000,2.0000,0.0063,0.0078,-0.0073,-0.0464,0.0000,kd20
647,20.0000,2.0000,0.0063,0.0078,-0.0073,-0.0513,0.0000,kd20
652,20.0000,2.0000,0.0063,0.0078,-0.0073,-0.0513,0.0000,kd20
657,20.0000,2.0000,0.0063,0.0078,-0.0073,-0.0513,0.0000,kd20
662,20.0000,2.0000,0.0063,0.0078,-0.0073,-0.0513,0.0000,kd20
667,20.0000,2.0000,0.0063,0.0078,-0.0073,-0.0513,0.0000,kd20
672,20.0000,2.0000,0.0063,0.0078,-0.0073,-0.0562,0.0000,kd20
677,20.0000,2.0000,0.0063,0.0078,-0.0073,-0.0562,0.0000,kd20
682,20.0000,2.0000,0.0063,0.0078,-0.0073,-0.0513,0.0000,kd20
687,20.0000,2.0000,0.0063,0.0078,-0.0073,-0.0513,0.0000,kd20
692,20.0000,2.0000,0.0063,0.0078,-0.0073,-0.0464,0.0000,kd20
697,20.0000,2.0000,0.0063,0.0078,-0.0073,-0.0513,0.0000,kd20
702,20.0000,2.0000,0.0063,0.0078,-0.0073,-0.0513,0.0000,kd20
707,20.0000,2.0000,0.0063,0.0078,-0.0073,-0.0513,0.0000,kd20
712,20.0000,2.0000,0.0063,0.0078,-0.0073,-0.0513,0.0000,kd20
718,20.0000,2.0000,0.0063,0.0074,-0.0073,-0.0464,0.0000,kd20
723,20.0000,2.0000,0.0063,0.0074,-0.0073,-0.0464,0.0000,kd20
728,20.0000,2.0000,0.0063,0.0074,-0.0073,-0.0464,0.0000,kd20
733,20.0000,2.0000,0.0063,0.0074,-0.0073,-0.0415,0.0000,kd20
738,20.0000,2.0000,0.0063,0.0074,-0.0073,-0.0464,0.0000,kd20
743,20.0000,2.0000,0.0063,0.0074,-0.0073,-0.0415,0.0000,kd20
748,20.0000,2.0000,0.0063,0.0074,-0.0073,-0.0415,0.0000,kd20
753,20.0000,2.0000,0.0063,0.0074,-0.0220,-0.0415,0.0000,kd20
758,20.0000,2.0000,0.0063,0.0074,-0.0073,-0.0415,0.0000,kd20
763,20.0000,2.0000,0.0063,0.0074,-0.0073,-0.0415,0.0000,kd20
768,20.0000,2.0000,0.0063,0.0074,-0.0073,-0.0415,0.0000,kd20
773,20.0000,2.0000,0.0063,0.0074,-0.0073,-0.0415,0.0000,kd20
778,20.0000,2.0000,0.0063,0.0074,-0.0220,-0.0366,0.0000,kd20
783,20.0000,2.0000,0.0063,0.0074,-0.0073,-0.0366,0.0000,kd20
788,20.0000,2.0000,0.0063,0.0074,-0.0220,-0.0366,0.0000,kd20
793,20.0000,2.0000,0.0063,0.0074,-0.0073,-0.0317,0.0000,kd20
798,20.0000,2.0000,0.0063,0.0071,-0.0220,-0.0269,0.0000,kd20
803,20.0000,2.0000,0.0063,0.0071,-0.0073,-0.0269,0.0000,kd20
809,20.0000,2.0000,0.0063,0.0071,-0.0073,-0.0366,0.0000,kd20
814,20.0000,2.0000,0.0063,0.0071,-0.0073,-0.0366,0.0000,kd20
819,20.0000,2.0000,0.0063,0.0071,-0.0073,-0.0366,0.0000,kd20
824,20.0000,2.0000,0.0063,0.0071,-0.0073,-0.0366,0.0000,kd20
829,20.0000,2.0000,0.0063,0.0071,-0.0073,-0.0415,0.0000,kd20
834,20.0000,2.0000,0.0063,0.0071,-0.0073,-0.0366,0.0000,kd20
839,20.0000,2.0000,0.0063,0.0071,-0.0073,-0.0366,0.0000,kd20
844,20.0000,2.0000,0.0063,0.0071,-0.0073,-0.0366,0.0000,kd20
849,20.0000,2.0000,0.0063,0.0071,-0.0073,-0.0366,0.0000,kd20
854,20.0000,2.0000,0.0063,0.0071,-0.0073,-0.0415,0.0000,kd20
859,20.0000,2.0000,0.0063,0.0071,-0.0073,-0.0415,0.0000,kd20
864,20.0000,2.0000,0.0063,0.0071,-0.0073,-0.0415,0.0000,kd20
869,20.0000,2.0000,0.0063,0.0071,-0.0073,-0.0415,0.0000,kd20
874,20.0000,2.0000,0.0063,0.0071,-0.0073,-0.0415,0.0000,kd20
879,20.0000,2.0000,0.0063,0.0071,-0.0073,-0.0415,0.0000,kd20
884,20.0000,2.0000,0.0063,0.0071,-0.0073,-0.0366,0.0000,kd20
889,20.0000,2.0000,0.0063,0.0071,-0.0073,-0.0366,0.0000,kd20
894,20.0000,2.0000,0.0063,0.0071,-0.0073,-0.0415,0.0000,kd20
900,20.0000,2.0000,0.0063,0.0071,-0.0073,-0.0366,0.0000,kd20
905,20.0000,2.0000,0.0063,0.0071,-0.0073,-0.0366,0.0000,kd20
910,20.0000,2.0000,0.0063,0.0071,-0.0073,-0.0415,0.0000,kd20
915,20.0000,2.0000,0.0063,0.0071,-0.0073,-0.0366,0.0000,kd20
920,20.0000,2.0000,0.0063,0.0071,-0.0073,-0.0366,0.0000,kd20
925,20.0000,2.0000,0.0063,0.0071,-0.0073,-0.0366,0.0000,kd20
930,20.0000,2.0000,0.0063,0.0071,-0.0073,-0.0366,0.0000,kd20
935,20.0000,2.0000,0.0063,0.0071,-0.0073,-0.0415,0.0000,kd20
940,20.0000,2.0000,0.0063,0.0071,-0.0073,-0.0366,0.0000,kd20
945,20.0000,2.0000,0.0063,0.0071,-0.0073,-0.0415,0.0000,kd20
950,20.0000,2.0000,0.0063,0.0071,-0.0073,-0.0366,0.0000,kd20
955,20.0000,2.0000,0.0063,0.0071,-0.0073,-0.0415,0.0000,kd20
960,20.0000,2.0000,0.0063,0.0071,-0.0073,-0.0415,0.0000,kd20
965,20.0000,2.0000,0.0063,0.0071,-0.0073,-0.0415,0.0000,kd20
970,20.0000,2.0000,0.0063,0.0071,-0.0073,-0.0366,0.0000,kd20
975,20.0000,2.0000,0.0063,0.0071,-0.0220,-0.0415,0.0000,kd20
980,20.0000,2.0000,0.0063,0.0071,-0.0073,-0.0366,0.0000,kd20
985,20.0000,2.0000,0.0063,0.0071,-0.0220,-0.0366,0.0000,kd20
991,20.0000,2.0000,0.0063,0.0071,-0.0073,-0.0415,0.0000,kd20
996,20.0000,2.0000,0.0063,0.0071,-0.0073,-0.0366,0.0000,kd20
1001,20.0000,2.0000,0.0063,0.0071,-0.0073,-0.0366,0.0000,kd20
1006,20.0000,2.0000,0.0063,0.0071,-0.0073,-0.0366,0.0000,kd20
1011,20.0000,2.0000,0.0063,0.0071,-0.0073,-0.0366,0.0000,kd20
1016,20.0000,2.0000,0.0063,0.0071,-0.0073,-0.0366,0.0000,kd20
1021,20.0000,2.0000,0.0063,0.0071,-0.0073,-0.0366,0.0000,kd20
1026,20.0000,2.0000,0.0063,0.0071,-0.0073,-0.0366,0.0000,kd20
1031,20.0000,2.0000,0.0063,0.0071,-0.0073,-0.0366,0.0000,kd20
1036,20.0000,2.0000,0.0063,0.0071,-0.0073,-0.0366,0.0000,kd20
1041,20.0000,2.0000,0.0063,0.0071,-0.0073,-0.0366,0.0000,kd20
1046,20.0000,2.0000,0.0063,0.0071,-0.0073,-0.0366,0.0000,kd20
1051,20.0000,2.0000,0.0063,0.0071,-0.0073,-0.0366,0.0000,kd20
1056,20.0000,2.0000,0.0063,0.0071,-0.0073,-0.0366,0.0000,kd20
1061,20.0000,2.0000,0.0063,0.0071,-0.0073,-0.0415,0.0000,kd20
1066,20.0000,2.0000,0.0063,0.0071,-0.0073,-0.0366,0.0000,kd20
1071,20.0000,2.0000,0.0063,0.0071,-0.0073,-0.0366,0.0000,kd20
1077,20.0000,2.0000,0.0063,0.0071,-0.0073,-0.0366,0.0000,kd20
1082,20.0000,2.0000,0.0063,0.0071,-0.0073,-0.0366,0.0000,kd20
1087,20.0000,2.0000,0.0063,0.0071,-0.0073,-0.0317,0.0000,kd20
1092,20.0000,2.0000,0.0063,0.0071,-0.0073,-0.0317,0.0000,kd20
1097,20.0000,2.0000,0.0063,0.0071,-0.0073,-0.0317,0.0000,kd20
1102,20.0000,2.0000,0.0063,0.0071,-0.0073,-0.0366,0.0000,kd20
1107,20.0000,2.0000,0.0063,0.0071,-0.0073,-0.0317,0.0000,kd20
1112,20.0000,2.0000,0.0063,0.0071,-0.0073,-0.0317,0.0000,kd20
1117,20.0000,2.0000,0.0063,0.0071,-0.0073,-0.0317,0.0000,kd20
1122,20.0000,2.0000,0.0063,0.0071,-0.0073,-0.0317,0.0000,kd20
1127,20.0000,2.0000,0.0063,0.0071,-0.0073,-0.0317,0.0000,kd20
1132,20.0000,2.0000,0.0063,0.0071,-0.0073,-0.0317,0.0000,kd20
1137,20.0000,2.0000,0.0063,0.0071,-0.0073,-0.0317,0.0000,kd20
1142,20.0000,2.0000,0.0063,0.0071,-0.0073,-0.0366,0.0000,kd20
1147,20.0000,2.0000,0.0063,0.0071,-0.0073,-0.0317,0.0000,kd20
1152,20.0000,2.0000,0.0063,0.0071,-0.0073,-0.0317,0.0000,kd20
1157,20.0000,2.0000,0.0063,0.0071,-0.0073,-0.0317,0.0000,kd20
1162,20.0000,2.0000,0.0063,0.0071,-0.0073,-0.0366,0.0000,kd20
1168,20.0000,2.0000,0.0063,0.0067,-0.0073,-0.0317,0.0000,kd20
1173,20.0000,2.0000,0.0063,0.0067,-0.0073,-0.0317,0.0000,kd20
1178,20.0000,2.0000,0.0063,0.0067,-0.0073,-0.0317,0.0000,kd20
1183,20.0000,2.0000,0.0063,0.0067,-0.0073,-0.0317,0.0000,kd20
1188,20.0000,2.0000,0.0063,0.0067,-0.0073,-0.0269,0.0000,kd20
1193,20.0000,2.0000,0.0063,0.0067,-0.0073,-0.0317,0.0000,kd20
1198,20.0000,2.0000,0.0063,0.0067,-0.0073,-0.0317,0.0000,kd20
1203,20.0000,2.0000,0.0063,0.0067,-0.0073,-0.0269,0.0000,kd20
1208,20.0000,2.0000,0.0063,0.0067,-0.0073,-0.0317,0.0000,kd20
1213,20.0000,2.0000,0.0063,0.0067,-0.0073,-0.0317,0.0000,kd20
1218,20.0000,2.0000,0.0063,0.0067,-0.0073,-0.0366,0.0000,kd20
1223,20.0000,2.0000,0.0063,0.0067,-0.0073,-0.0220,0.0000,kd20
1228,20.0000,2.0000,0.0063,0.0067,-0.0073,-0.0269,0.0000,kd20
1233,20.0000,2.0000,0.0063,0.0067,-0.0073,-0.0269,0.0000,kd20
1238,20.0000,2.0000,0.0063,0.0067,-0.0073,-0.0269,0.0000,kd20
1243,20.0000,2.0000,0.0063,0.0067,-0.0073,-0.0269,0.0000,kd20
1248,20.0000,2.0000,0.0063,0.0067,-0.0073,-0.0317,0.0000,kd20
1253,20.0000,2.0000,0.0063,0.0067,-0.0073,-0.0269,0.0000,kd20
1259,20.0000,2.0000,0.0063,0.0067,-0.0073,-0.0269,0.0000,kd20
1264,20.0000,2.0000,0.0063,0.0067,-0.0220,-0.0269,0.0000,kd20
1269,20.0000,2.0000,0.0063,0.0067,-0.0073,-0.0220,0.0000,kd20
1274,20.0000,2.0000,0.0063,0.0067,-0.0073,-0.0220,0.0000,kd20
1279,20.0000,2.0000,0.0063,0.0067,-0.0073,-0.0220,0.0000,kd20
1284,20.0000,2.0000,0.0063,0.0067,-0.0220,-0.0269,0.0000,kd20
1289,20.0000,2.0000,0.0063,0.0067,-0.0073,-0.0220,0.0000,kd20
1294,20.0000,2.0000,0.0063,0.0063,-0.0073,-0.0269,0.0000,kd20
1299,20.0000,2.0000,0.0063,0.0063,-0.0073,-0.0269,0.0000,kd20
1304,20.0000,2.0000,0.0063,0.0063,-0.0073,-0.0269,0.0000,kd20
1309,20.0000,2.0000,0.0063,0.0063,-0.0073,-0.0220,0.0000,kd20
1314,20.0000,2.0000,0.0063,0.0063,-0.0220,-0.0171,0.0000,kd20
1319,20.0000,2.0000,0.0063,0.0063,-0.0073,-0.0171,0.0000,kd20
1324,20.0000,2.0000,0.0063,0.0063,-0.0073,-0.0171,0.0000,kd20
1329,20.0000,2.0000,0.0063,0.0063,-0.0073,-0.0171,0.0000,kd20
1334,20.0000,2.0000,0.0063,0.0063,-0.0220,-0.0122,0.0000,kd20
1339,20.0000,2.0000,0.0063,0.0063,-0.0073,-0.0122,0.0000,kd20
1344,20.0000,2.0000,0.0063,0.0063,-0.0073,-0.0122,0.0000,kd20
1350,20.0000,2.0000,0.0063,0.0063,-0.0073,-0.0122,0.0000,kd20
1355,20.0000,2.0000,0.0063,0.0063,-0.0073,-0.0122,0.0000,kd20
1360,20.0000,2.0000,0.0063,0.0063,-0.0073,-0.0122,0.0000,kd20
1365,20.0000,2.0000,0.0063,0.0063,-0.0220,-0.0122,0.0000,kd20
1370,20.0000,2.0000,0.0063,0.0063,-0.0073,-0.0073,0.0000,kd20
1375,20.0000,2.0000,0.0063,0.0059,-0.0073,-0.0122,0.0000,kd20
1380,20.0000,2.0000,0.0063,0.0059,-0.0073,-0.0122,0.0000,kd20
1385,20.0000,2.0000,0.0063,0.0059,-0.0073,-0.0122,0.0000,kd20
1390,20.0000,2.0000,0.0063,0.0059,-0.0073,-0.0073,0.0000,kd20
1395,20.0000,2.0000,0.0063,0.0059,-0.0220,-0.0073,0.0000,kd20
1400,20.0000,2.0000,0.0063,0.0059,-0.0073,-0.0024,0.0000,kd20
1405,20.0000,2.0000,0.0063,0.0059,-0.0220,-0.0024,0.0000,kd20
1410,20.0000,2.0000,0.0063,0.0059,-0.0073,-0.0024,0.0000,kd20
1415,20.0000,2.0000,0.0063,0.0059,-0.0073,0.0024,0.0000,kd20
1420,20.0000,2.0000,0.0063,0.0055,-0.0220,0.0073,0.0000,kd20
1425,20.0000,2.0000,0.0063,0.0055,-0.0220,0.0220,0.0000,kd20
1430,20.0000,2.0000,0.0063,0.0051,-0.0366,0.0269,0.0000,kd20
1435,20.0000,2.0000,0.0063,0.0051,-0.0513,0.0415,0.0000,kd20
1441,20.0000,2.0000,0.0063,0.0048,-0.0659,0.0659,0.0000,kd20
1446,20.0000,2.0000,0.0063,0.0040,-0.0806,0.0904,0.0000,kd20
1451,20.0000,2.0000,0.0063,0.0036,-0.0659,0.1148,0.0000,kd20
1456,20.0000,2.0000,0.0063,0.0036,-0.0220,0.1099,0.0000,kd20
1461,20.0000,2.0000,0.0063,0.0036,-0.0366,0.0952,0.0000,kd20
1466,20.0000,2.0000,0.0063,0.0036,-0.0366,0.0855,0.0000,kd20
1471,20.0000,2.0000,0.0063,0.0032,-0.0220,0.0855,0.0000,kd20
1476,20.0000,2.0000,0.0063,0.0032,-0.0220,0.0806,0.0000,kd20
1481,20.0000,2.0000,0.0063,0.0032,-0.0220,0.0708,0.0000,kd20
1486,20.0000,2.0000,0.0063,0.0032,-0.0220,0.0708,0.0000,kd20
1491,20.0000,2.0000,0.0063,0.0032,-0.0220,0.0659,0.0000,kd20
1496,20.0000,2.0000,0.0063,0.0032,-0.0220,0.0611,0.0000,kd20
1501,20.0000,2.0000,0.0063,0.0032,-0.0220,0.0611,0.0000,kd20
1506,20.0000,2.0000,0.0063,0.0032,-0.0073,0.0611,0.0000,kd20
1511,20.0000,2.0000,0.0063,0.0032,-0.0073,0.0562,0.0000,kd20
1516,20.0000,2.0000,0.0063,0.0032,-0.0073,0.0513,0.0000,kd20
1521,20.0000,2.0000,0.0063,0.0032,-0.0220,0.0513,0.0000,kd20
1526,20.0000,2.0000,0.0063,0.0029,-0.0073,0.0562,0.0000,kd20
1532,20.0000,2.0000,0.0063,0.0029,-0.0073,0.0562,0.0000,kd20
1537,20.0000,2.0000,0.0063,0.0029,-0.0220,0.0513,0.0000,kd20
1542,20.0000,2.0000,0.0063,0.0029,-0.0073,0.0562,0.0000,kd20
1547,20.0000,2.0000,0.0063,0.0029,-0.0073,0.0464,0.0000,kd20
1552,20.0000,2.0000,0.0063,0.0029,-0.0220,0.0513,0.0000,kd20
1557,20.0000,2.0000,0.0063,0.0029,-0.0073,0.0513,0.0000,kd20
1562,20.0000,2.0000,0.0063,0.0029,-0.0073,0.0513,0.0000,kd20
1567,20.0000,2.0000,0.0063,0.0029,-0.0220,0.0513,0.0000,kd20
1572,20.0000,2.0000,0.0063,0.0029,-0.0073,0.0513,0.0000,kd20
1577,20.0000,2.0000,0.0063,0.0029,-0.0073,0.0513,0.0000,kd20
1582,20.0000,2.0000,0.0063,0.0029,-0.0073,0.0513,0.0000,kd20
1587,20.0000,2.0000,0.0063,0.0029,-0.0073,0.0513,0.0000,kd20
1592,20.0000,2.0000,0.0063,0.0029,-0.0073,0.0513,0.0000,kd20
1597,20.0000,2.0000,0.0063,0.0029,-0.0073,0.0464,0.0000,kd20
1602,20.0000,2.0000,0.0063,0.0029,-0.0073,0.0464,0.0000,kd20
1607,20.0000,2.0000,0.0063,0.0029,-0.0073,0.0464,0.0000,kd20
1612,20.0000,2.0000,0.0063,0.0029,-0.0073,0.0464,0.0000,kd20
1617,20.0000,2.0000,0.0063,0.0029,-0.0073,0.0464,0.0000,kd20
1623,20.0000,2.0000,0.0063,0.0029,-0.0073,0.0513,0.0000,kd20
1628,20.0000,2.0000,0.0063,0.0029,-0.0073,0.0513,0.0000,kd20
1633,20.0000,2.0000,0.0063,0.0029,-0.0073,0.0513,0.0000,kd20
1638,20.0000,2.0000,0.0063,0.0029,-0.0073,0.0513,0.0000,kd20
1643,20.0000,2.0000,0.0063,0.0029,-0.0073,0.0513,0.0000,kd20
1648,20.0000,2.0000,0.0063,0.0029,-0.0073,0.0513,0.0000,kd20
1653,20.0000,2.0000,0.0063,0.0029,-0.0073,0.0513,0.0000,kd20
1658,20.0000,2.0000,0.0063,0.0029,-0.0073,0.0513,0.0000,kd20
1663,20.0000,2.0000,0.0063,0.0029,-0.0073,0.0562,0.0000,kd20
1668,20.0000,2.0000,0.0063,0.0029,-0.0073,0.0513,0.0000,kd20
1673,20.0000,2.0000,0.0063,0.0029,-0.0073,0.0513,0.0000,kd20
1678,20.0000,2.0000,0.0063,0.0029,-0.0073,0.0513,0.0000,kd20
1683,20.0000,2.0000,0.0063,0.0029,-0.0073,0.0513,0.0000,kd20
1688,20.0000,2.0000,0.0063,0.0025,-0.0073,0.0513,0.0000,kd20
1693,20.0000,2.0000,0.0063,0.0025,-0.0073,0.0562,0.0000,kd20
1698,20.0000,2.0000,0.0063,0.0025,-0.0073,0.0513,0.0000,kd20
1703,20.0000,2.0000,0.0063,0.0025,-0.0073,0.0513,0.0000,kd20
1709,20.0000,2.0000,0.0063,0.0025,-0.0073,0.0513,0.0000,kd20
1714,20.0000,2.0000,0.0063,0.0025,-0.0073,0.0513,0.0000,kd20
1719,20.0000,2.0000,0.0063,0.0025,-0.0073,0.0513,0.0000,kd20
1724,20.0000,2.0000,0.0063,0.0025,-0.0073,0.0513,0.0000,kd20
1729,20.0000,2.0000,0.0063,0.0025,-0.0073,0.0513,0.0000,kd20
1734,20.0000,2.0000,0.0063,0.0025,-0.0073,0.0513,0.0000,kd20
1739,20.0000,2.0000,0.0063,0.0025,-0.0073,0.0513,0.0000,kd20
1744,20.0000,2.0000,0.0063,0.0025,-0.0073,0.0464,0.0000,kd20
1749,20.0000,2.0000,0.0063,0.0025,-0.0073,0.0513,0.0000,kd20
1754,20.0000,2.0000,0.0063,0.0025,-0.0073,0.0513,0.0000,kd20
1759,20.0000,2.0000,0.0063,0.0025,-0.0073,0.0513,0.0000,kd20
1764,20.0000,2.0000,0.0063,0.0025,-0.0073,0.0513,0.0000,kd20
1769,20.0000,2.0000,0.0063,0.0025,-0.0073,0.0513,0.0000,kd20
1774,20.0000,2.0000,0.0063,0.0025,-0.0073,0.0513,0.0000,kd20
1779,20.0000,2.0000,0.0063,0.0025,-0.0073,0.0513,0.0000,kd20
1784,20.0000,2.0000,0.0063,0.0025,-0.0073,0.0513,0.0000,kd20
1789,20.0000,2.0000,0.0063,0.0025,-0.0073,0.0513,0.0000,kd20
1794,20.0000,2.0000,0.0063,0.0025,-0.0073,0.0513,0.0000,kd20
1800,20.0000,2.0000,0.0063,0.0025,-0.0073,0.0513,0.0000,kd20
1805,20.0000,2.0000,0.0063,0.0025,-0.0073,0.0513,0.0000,kd20
1810,20.0000,2.0000,0.0063,0.0025,-0.0073,0.0513,0.0000,kd20
1815,20.0000,2.0000,0.0063,0.0025,-0.0073,0.0464,0.0000,kd20
1820,20.0000,2.0000,0.0063,0.0025,-0.0073,0.0513,0.0000,kd20
1825,20.0000,2.0000,0.0063,0.0025,-0.0073,0.0513,0.0000,kd20
1830,20.0000,2.0000,0.0063,0.0025,-0.0073,0.0513,0.0000,kd20
1835,20.0000,2.0000,0.0063,0.0025,-0.0073,0.0562,0.0000,kd20
1840,20.0000,2.0000,0.0063,0.0025,-0.0073,0.0513,0.0000,kd20
1845,20.0000,2.0000,0.0063,0.0025,-0.0073,0.0513,0.0000,kd20
1850,20.0000,2.0000,0.0063,0.0025,-0.0073,0.0513,0.0000,kd20
1855,20.0000,2.0000,0.0063,0.0025,-0.0073,0.0513,0.0000,kd20
1860,20.0000,2.0000,0.0063,0.0025,-0.0073,0.0513,0.0000,kd20
1865,20.0000,2.0000,0.0063,0.0025,-0.0073,0.0513,0.0000,kd20
1870,20.0000,2.0000,0.0063,0.0025,-0.0073,0.0513,0.0000,kd20
1875,20.0000,2.0000,0.0063,0.0025,-0.0073,0.0562,0.0000,kd20
1880,20.0000,2.0000,0.0063,0.0025,-0.0073,0.0562,0.0000,kd20
1885,20.0000,2.0000,0.0063,0.0025,-0.0073,0.0513,0.0000,kd20
1890,20.0000,2.0000,0.0063,0.0025,-0.0073,0.0513,0.0000,kd20
1896,20.0000,2.0000,0.0063,0.0025,-0.0073,0.0513,0.0000,kd20
1901,20.0000,2.0000,0.0063,0.0025,-0.0073,0.0513,0.0000,kd20
1906,20.0000,2.0000,0.0063,0.0025,-0.0073,0.0513,0.0000,kd20
1911,20.0000,2.0000,0.0063,0.0025,-0.0073,0.0513,0.0000,kd20
1916,20.0000,2.0000,0.0063,0.0025,-0.0073,0.0513,0.0000,kd20
1921,20.0000,2.0000,0.0063,0.0025,-0.0073,0.0513,0.0000,kd20
1926,20.0000,2.0000,0.0063,0.0025,-0.0073,0.0464,0.0000,kd20
1931,20.0000,2.0000,0.0063,0.0025,-0.0073,0.0513,0.0000,kd20
1936,20.0000,2.0000,0.0063,0.0025,-0.0073,0.0513,0.0000,kd20
1941,20.0000,2.0000,0.0063,0.0025,-0.0073,0.0513,0.0000,kd20
1946,20.0000,2.0000,0.0063,0.0025,-0.0073,0.0464,0.0000,kd20
1951,20.0000,2.0000,0.0063,0.0025,-0.0073,0.0513,0.0000,kd20
1956,20.0000,2.0000,0.0063,0.0025,-0.0073,0.0513,0.0000,kd20
1961,20.0000,2.0000,0.0063,0.0025,-0.0073,0.0513,0.0000,kd20
1966,20.0000,2.0000,0.0063,0.0025,-0.0073,0.0513,0.0000,kd20
1971,20.0000,2.0000,0.0063,0.0025,-0.0073,0.0513,0.0000,kd20
1976,20.0000,2.0000,0.0063,0.0025,-0.0073,0.0513,0.0000,kd20
1982,20.0000,2.0000,0.0063,0.0025,-0.0073,0.0513,0.0000,kd20
1987,20.0000,2.0000,0.0063,0.0025,-0.0073,0.0513,0.0000,kd20
1992,20.0000,2.0000,0.0063,0.0025,-0.0073,0.0513,0.0000,kd20
1997,20.0000,2.0000,0.0063,0.0025,-0.0073,0.0513,0.0000,kd20
2002,20.0000,2.0000,0.0063,0.0025,-0.0073,0.0513,0.0000,kd20
2007,20.0000,2.0000,0.0063,0.0025,-0.0073,0.0513,0.0000,kd20
2012,20.0000,2.0000,0.0063,0.0025,-0.0073,0.0513,0.0000,kd20
2017,20.0000,2.0000,0.0063,0.0025,0.0073,0.0513,0.0000,kd20
2022,20.0000,2.0000,0.0063,0.0025,-0.0073,0.0464,0.0000,kd20
2027,20.0000,2.0000,0.0063,0.0025,-0.0073,0.0464,0.0000,kd20
2032,20.0000,2.0000,0.0063,0.0025,-0.0073,0.0513,0.0000,kd20
2037,20.0000,2.0000,0.0063,0.0025,-0.0073,0.0513,0.0000,kd20
2042,20.0000,2.0000,0.0063,0.0025,-0.0073,0.0464,0.0000,kd20
2047,20.0000,2.0000,0.0063,0.0025,-0.0073,0.0464,0.0000,kd20
2052,20.0000,2.0000,0.0063,0.0025,-0.0073,0.0464,0.0000,kd20
2057,20.0000,2.0000,0.0063,0.0025,-0.0073,0.0513,0.0000,kd20
2062,20.0000,2.0000,0.0063,0.0025,-0.0073,0.0513,0.0000,kd20
2067,20.0000,2.0000,0.0063,0.0025,-0.0073,0.0464,0.0000,kd20
2073,20.0000,2.0000,0.0063,0.0025,-0.0073,0.0464,0.0000,kd20
2078,20.0000,2.0000,0.0063,0.0025,-0.0073,0.0415,0.0000,kd20
2083,20.0000,2.0000,0.0063,0.0029,0.0073,0.0464,0.0000,kd20
2088,20.0000,2.0000,0.0063,0.0029,-0.0073,0.0415,0.0000,kd20
2093,20.0000,2.0000,0.0063,0.0029,-0.0073,0.0415,0.0000,kd20
2098,20.0000,2.0000,0.0063,0.0029,-0.0073,0.0415,0.0000,kd20
2103,20.0000,2.0000,0.0063,0.0029,-0.0073,0.0415,0.0000,kd20
2108,20.0000,2.0000,0.0063,0.0029,-0.0073,0.0415,0.0000,kd20
2113,20.0000,2.0000,0.0063,0.0029,-0.0073,0.0415,0.0000,kd20
2118,20.0000,2.0000,0.0063,0.0029,-0.0073,0.0415,0.0000,kd20
2123,20.0000,2.0000,0.0063,0.0029,-0.0073,0.0415,0.0000,kd20
2128,20.0000,2.0000,0.0063,0.0029,-0.0073,0.0415,0.0000,kd20
2133,20.0000,2.0000,0.0063,0.0029,-0.0073,0.0415,0.0000,kd20
2138,20.0000,2.0000,0.0063,0.0029,-0.0073,0.0415,0.0000,kd20
2143,20.0000,2.0000,0.0063,0.0029,-0.0073,0.0366,0.0000,kd20
2148,20.0000,2.0000,0.0063,0.0029,-0.0073,0.0415,0.0000,kd20
2153,20.0000,2.0000,0.0063,0.0029,-0.0073,0.0366,0.0000,kd20
2158,20.0000,2.0000,0.0063,0.0029,-0.0073,0.0415,0.0000,kd20
2164,20.0000,2.0000,0.0063,0.0029,-0.0073,0.0415,0.0000,kd20
2169,20.0000,2.0000,0.0063,0.0029,-0.0073,0.0366,0.0000,kd20
2174,20.0000,2.0000,0.0063,0.0029,-0.0073,0.0366,0.0000,kd20
2179,20.0000,2.0000,0.0063,0.0029,-0.0073,0.0366,0.0000,kd20
2184,20.0000,2.0000,0.0063,0.0029,-0.0073,0.0366,0.0000,kd20
2189,20.0000,2.0000,0.0063,0.0029,-0.0073,0.0366,0.0000,kd20
2194,20.0000,2.0000,0.0063,0.0029,0.0073,0.0415,0.0000,kd20
2199,20.0000,2.0000,0.0063,0.0029,-0.0073,0.0366,0.0000,kd20
2204,20.0000,2.0000,0.0063,0.0029,-0.0073,0.0366,0.0000,kd20
2209,20.0000,2.0000,0.0063,0.0029,-0.0073,0.0366,0.0000,kd20
2214,20.0000,2.0000,0.0063,0.0029,-0.0073,0.0366,0.0000,kd20
2219,20.0000,2.0000,0.0063,0.0029,-0.0073,0.0415,0.0000,kd20
2224,20.0000,2.0000,0.0063,0.0032,0.0073,0.0366,0.0000,kd20
2229,20.0000,2.0000,0.0063,0.0032,-0.0073,0.0317,0.0000,kd20
2234,20.0000,2.0000,0.0063,0.0032,0.0073,0.0366,0.0000,kd20
2239,20.0000,2.0000,0.0063,0.0032,-0.0073,0.0317,0.0000,kd20
2244,20.0000,2.0000,0.0063,0.0032,-0.0073,0.0317,0.0000,kd20
2250,20.0000,2.0000,0.0063,0.0032,-0.0073,0.0366,0.0000,kd20
2255,20.0000,2.0000,0.0063,0.0032,-0.0073,0.0317,0.0000,kd20
2260,20.0000,2.0000,0.0063,0.0032,-0.0073,0.0366,0.0000,kd20
2265,20.0000,2.0000,0.0063,0.0032,-0.0073,0.0366,0.0000,kd20
2270,20.0000,2.0000,0.0063,0.0032,-0.0073,0.0366,0.0000,kd20
2275,20.0000,2.0000,0.0063,0.0032,-0.0073,0.0366,0.0000,kd20
2280,20.0000,2.0000,0.0063,0.0032,-0.0073,0.0366,0.0000,kd20
2285,20.0000,2.0000,0.0063,0.0032,-0.0073,0.0415,0.0000,kd20
2290,20.0000,2.0000,0.0063,0.0032,-0.0073,0.0415,0.0000,kd20
2295,20.0000,2.0000,0.0063,0.0032,-0.0073,0.0366,0.0000,kd20
2300,20.0000,2.0000,0.0063,0.0032,-0.0073,0.0366,0.0000,kd20
2305,20.0000,2.0000,0.0063,0.0032,-0.0073,0.0415,0.0000,kd20
2310,20.0000,2.0000,0.0063,0.0032,-0.0073,0.0366,0.0000,kd20
2315,20.0000,2.0000,0.0063,0.0032,-0.0073,0.0415,0.0000,kd20
2320,20.0000,2.0000,0.0063,0.0032,-0.0073,0.0366,0.0000,kd20
2325,20.0000,2.0000,0.0063,0.0032,-0.0073,0.0415,0.0000,kd20
2330,20.0000,2.0000,0.0063,0.0032,-0.0073,0.0366,0.0000,kd20
2335,20.0000,2.0000,0.0063,0.0032,-0.0073,0.0366,0.0000,kd20
2340,20.0000,2.0000,0.0063,0.0032,-0.0073,0.0415,0.0000,kd20
2346,20.0000,2.0000,0.0063,0.0032,-0.0073,0.0366,0.0000,kd20
2351,20.0000,2.0000,0.0063,0.0032,-0.0073,0.0415,0.0000,kd20
2356,20.0000,2.0000,0.0063,0.0032,-0.0073,0.0366,0.0000,kd20
2361,20.0000,2.0000,0.0063,0.0032,-0.0073,0.0366,0.0000,kd20
2366,20.0000,2.0000,0.0063,0.0032,-0.0073,0.0317,0.0000,kd20
2371,20.0000,2.0000,0.0063,0.0032,-0.0073,0.0366,0.0000,kd20
2376,20.0000,2.0000,0.0063,0.0032,-0.0073,0.0317,0.0000,kd20
2381,20.0000,2.0000,0.0063,0.0032,-0.0073,0.0317,0.0000,kd20
2386,20.0000,2.0000,0.0063,0.0032,-0.0073,0.0317,0.0000,kd20
2391,20.0000,2.0000,0.0063,0.0032,-0.0073,0.0366,0.0000,kd20
2396,20.0000,2.0000,0.0063,0.0032,-0.0073,0.0366,0.0000,kd20
2401,20.0000,2.0000,0.0063,0.0032,-0.0073,0.0317,0.0000,kd20
2406,20.0000,2.0000,0.0063,0.0032,-0.0073,0.0366,0.0000,kd20
2411,20.0000,2.0000,0.0063,0.0032,-0.0073,0.0366,0.0000,kd20
2416,20.0000,2.0000,0.0063,0.0032,-0.0073,0.0317,0.0000,kd20
2421,20.0000,2.0000,0.0063,0.0032,-0.0073,0.0269,0.0000,kd20
2426,20.0000,2.0000,0.0063,0.0032,-0.0073,0.0317,0.0000,kd20
2431,20.0000,2.0000,0.0063,0.0032,-0.0073,0.0317,0.0000,kd20
2436,20.0000,2.0000,0.0063,0.0032,-0.0073,0.0317,0.0000,kd20
2442,20.0000,2.0000,0.0063,0.0032,-0.0073,0.0317,0.0000,kd20
2447,20.0000,2.0000,0.0063,0.0032,-0.0073,0.0317,0.0000,kd20
2452,20.0000,2.0000,0.0063,0.0032,-0.0073,0.0317,0.0000,kd20
2457,20.0000,2.0000,0.0063,0.0032,-0.0073,0.0366,0.0000,kd20
2462,20.0000,2.0000,0.0063,0.0032,-0.0073,0.0269,0.0000,kd20
2467,20.0000,2.0000,0.0063,0.0032,-0.0073,0.0317,0.0000,kd20
2472,20.0000,2.0000,0.0063,0.0032,-0.0073,0.0317,0.0000,kd20
2477,20.0000,2.0000,0.0063,0.0032,-0.0073,0.0317,0.0000,kd20
2482,20.0000,2.0000,0.0063,0.0032,-0.0073,0.0317,0.0000,kd20
2487,20.0000,2.0000,0.0063,0.0032,-0.0073,0.0317,0.0000,kd20
2492,20.0000,2.0000,0.0063,0.0036,-0.0073,0.0317,0.0000,kd20
2497,20.0000,2.0000,0.0063,0.0036,-0.0073,0.0317,0.0000,kd20
2502,20.0000,2.0000,0.0063,0.0036,-0.0073,0.0269,0.0000,kd20
2507,20.0000,2.0000,0.0063,0.0036,-0.0073,0.0317,0.0000,kd20
2512,20.0000,2.0000,0.0063,0.0036,-0.0073,0.0317,0.0000,kd20
2517,20.0000,2.0000,0.0063,0.0036,-0.0073,0.0269,0.0000,kd20
2522,20.0000,2.0000,0.0063,0.0036,-0.0073,0.0269,0.0000,kd20
2528,20.0000,2.0000,0.0063,0.0036,-0.0073,0.0317,0.0000,kd20
2533,20.0000,2.0000,0.0063,0.0036,-0.0073,0.0269,0.0000,kd20
2538,20.0000,2.0000,0.0063,0.0036,-0.0073,0.0317,0.0000,kd20
2543,20.0000,2.0000,0.0063,0.0036,-0.0073,0.0317,0.0000,kd20
2548,20.0000,2.0000,0.0063,0.0036,-0.0073,0.0317,0.0000,kd20
2553,20.0000,2.0000,0.0063,0.0036,-0.0073,0.0269,0.0000,kd20
2558,20.0000,2.0000,0.0063,0.0036,-0.0073,0.0317,0.0000,kd20
2563,20.0000,2.0000,0.0063,0.0036,-0.0073,0.0269,0.0000,kd20
2568,20.0000,2.0000,0.0063,0.0036,-0.0073,0.0269,0.0000,kd20
2573,20.0000,2.0000,0.0063,0.0036,-0.0073,0.0269,0.0000,kd20
2578,20.0000,2.0000,0.0063,0.0036,-0.0073,0.0269,0.0000,kd20
2583,20.0000,2.0000,0.0063,0.0036,-0.0073,0.0269,0.0000,kd20
2588,20.0000,2.0000,0.0063,0.0036,-0.0073,0.0269,0.0000,kd20
2593,20.0000,2.0000,0.0063,0.0036,-0.0073,0.0317,0.0000,kd20
2598,20.0000,2.0000,0.0063,0.0036,-0.0073,0.0269,0.0000,kd20
2603,20.0000,2.0000,0.0063,0.0036,-0.0073,0.0269,0.0000,kd20
2608,20.0000,2.0000,0.0063,0.0036,-0.0073,0.0220,0.0000,kd20
2613,20.0000,2.0000,0.0063,0.0036,-0.0073,0.0269,0.0000,kd20
2619,20.0000,2.0000,0.0063,0.0036,-0.0073,0.0269,0.0000,kd20
2624,20.0000,2.0000,0.0063,0.0036,-0.0073,0.0269,0.0000,kd20
2629,20.0000,2.0000,0.0063,0.0036,-0.0073,0.0220,0.0000,kd20
2634,20.0000,2.0000,0.0063,0.0036,-0.0073,0.0220,0.0000,kd20
2639,20.0000,2.0000,0.0063,0.0036,-0.0073,0.0220,0.0000,kd20
2644,20.0000,2.0000,0.0063,0.0036,-0.0073,0.0220,0.0000,kd20
2649,20.0000,2.0000,0.0063,0.0036,-0.0073,0.0220,0.0000,kd20
2654,20.0000,2.0000,0.0063,0.0036,-0.0073,0.0220,0.0000,kd20
2659,20.0000,2.0000,0.0063,0.0036,-0.0073,0.0269,0.0000,kd20
2664,20.0000,2.0000,0.0063,0.0036,-0.0073,0.0220,0.0000,kd20
2669,20.0000,2.0000,0.0063,0.0036,-0.0073,0.0220,0.0000,kd20
2674,20.0000,2.0000,0.0063,0.0036,-0.0073,0.0220,0.0000,kd20
2679,20.0000,2.0000,0.0063,0.0040,-0.0073,0.0220,0.0000,kd20
2684,20.0000,2.0000,0.0063,0.0040,-0.0073,0.0220,0.0000,kd20
2689,20.0000,2.0000,0.0063,0.0040,-0.0073,0.0220,0.0000,kd20
2694,20.0000,2.0000,0.0063,0.0040,-0.0073,0.0171,0.0000,kd20
2699,20.0000,2.0000,0.0063,0.0040,-0.0073,0.0220,0.0000,kd20
2704,20.0000,2.0000,0.0063,0.0040,-0.0073,0.0220,0.0000,kd20
2710,20.0000,2.0000,0.0063,0.0040,-0.0073,0.0220,0.0000,kd20
2715,20.0000,2.0000,0.0063,0.0040,-0.0073,0.0220,0.0000,kd20
2720,20.0000,2.0000,0.0063,0.0040,0.0073,0.0220,0.0000,kd20
2725,20.0000,2.0000,0.0063,0.0040,-0.0073,0.0220,0.0000,kd20
2730,20.0000,2.0000,0.0063,0.0040,-0.0073,0.0220,0.0000,kd20
2735,20.0000,2.0000,0.0063,0.0040,-0.0073,0.0171,0.0000,kd20
2740,20.0000,2.0000,0.0063,0.0040,-0.0073,0.0220,0.0000,kd20
2745,20.0000,2.0000,0.0063,0.0040,-0.0073,0.0220,0.0000,kd20
2750,20.0000,2.0000,0.0063,0.0040,0.0073,0.0171,0.0000,kd20
2755,20.0000,2.0000,0.0063,0.0040,-0.0073,0.0220,0.0000,kd20
2760,20.0000,2.0000,0.0063,0.0040,-0.0073,0.0220,0.0000,kd20
2765,20.0000,2.0000,0.0063,0.0040,-0.0073,0.0171,0.0000,kd20
2770,20.0000,2.0000,0.0063,0.0040,-0.0073,0.0171,0.0000,kd20
2775,20.0000,2.0000,0.0063,0.0040,-0.0073,0.0171,0.0000,kd20
2780,20.0000,2.0000,0.0063,0.0040,-0.0073,0.0171,0.0000,kd20
2785,20.0000,2.0000,0.0063,0.0040,-0.0073,0.0220,0.0000,kd20
2790,20.0000,2.0000,0.0063,0.0040,-0.0073,0.0220,0.0000,kd20
2795,20.0000,2.0000,0.0063,0.0040,-0.0073,0.0220,0.0000,kd20
2801,20.0000,2.0000,0.0063,0.0040,-0.0073,0.0171,0.0000,kd20
2806,20.0000,2.0000,0.0063,0.0040,-0.0073,0.0171,0.0000,kd20
2811,20.0000,2.0000,0.0063,0.0040,-0.0073,0.0220,0.0000,kd20
2816,20.0000,2.0000,0.0063,0.0040,-0.0073,0.0220,0.0000,kd20
2821,20.0000,2.0000,0.0063,0.0040,-0.0073,0.0171,0.0000,kd20
2826,20.0000,2.0000,0.0063,0.0040,-0.0073,0.0220,0.0000,kd20
2831,20.0000,2.0000,0.0063,0.0040,-0.0073,0.0220,0.0000,kd20
2836,20.0000,2.0000,0.0063,0.0040,-0.0073,0.0220,0.0000,kd20
2841,20.0000,2.0000,0.0063,0.0040,-0.0073,0.0220,0.0000,kd20
2846,20.0000,2.0000,0.0063,0.0040,-0.0073,0.0220,0.0000,kd20
2851,20.0000,2.0000,0.0063,0.0040,-0.0073,0.0220,0.0000,kd20
2856,20.0000,2.0000,0.0063,0.0040,-0.0073,0.0220,0.0000,kd20
2861,20.0000,2.0000,0.0063,0.0040,-0.0073,0.0220,0.0000,kd20
2866,20.0000,2.0000,0.0063,0.0040,-0.0073,0.0220,0.0000,kd20
2871,20.0000,2.0000,0.0063,0.0040,-0.0073,0.0220,0.0000,kd20
2876,20.0000,2.0000,0.0063,0.0040,-0.0073,0.0269,0.0000,kd20
2881,20.0000,2.0000,0.0063,0.0040,-0.0073,0.0220,0.0000,kd20
2886,20.0000,2.0000,0.0063,0.0040,-0.0073,0.0220,0.0000,kd20
2892,20.0000,2.0000,0.0063,0.0040,-0.0073,0.0220,0.0000,kd20
2897,20.0000,2.0000,0.0063,0.0040,-0.0073,0.0220,0.0000,kd20
2902,20.0000,2.0000,0.0063,0.0040,-0.0073,0.0220,0.0000,kd20
2907,20.0000,2.0000,0.0063,0.0040,-0.0073,0.0220,0.0000,kd20
2912,20.0000,2.0000,0.0063,0.0040,-0.0073,0.0220,0.0000,kd20
2917,20.0000,2.0000,0.0063,0.0040,-0.0073,0.0220,0.0000,kd20
2922,20.0000,2.0000,0.0063,0.0040,-0.0073,0.0220,0.0000,kd20
2927,20.0000,2.0000,0.0063,0.0040,-0.0073,0.0220,0.0000,kd20
2932,20.0000,2.0000,0.0063,0.0040,-0.0073,0.0171,0.0000,kd20
2937,20.0000,2.0000,0.0063,0.0040,-0.0073,0.0171,0.0000,kd20
2942,20.0000,2.0000,0.0063,0.0040,-0.0073,0.0220,0.0000,kd20
2947,20.0000,2.0000,0.0063,0.0040,-0.0073,0.0220,0.0000,kd20
2952,20.0000,2.0000,0.0063,0.0040,-0.0073,0.0220,0.0000,kd20
2957,20.0000,2.0000,0.0063,0.0040,-0.0073,0.0220,0.0000,kd20
2962,20.0000,2.0000,0.0063,0.0040,-0.0073,0.0220,0.0000,kd20
2967,20.0000,2.0000,0.0063,0.0040,-0.0073,0.0220,0.0000,kd20
2972,20.0000,2.0000,0.0063,0.0040,-0.0073,0.0220,0.0000,kd20
2977,20.0000,2.0000,0.0063,0.0040,-0.0073,0.0220,0.0000,kd20
2983,20.0000,2.0000,0.0063,0.0040,-0.0073,0.0220,0.0000,kd20
2988,20.0000,2.0000,0.0063,0.0040,-0.0073,0.0220,0.0000,kd20
2993,20.0000,2.0000,0.0063,0.0040,-0.0073,0.0269,0.0000,kd20
2998,20.0000,2.0000,0.0063,0.0040,-0.0073,0.0269,0.0000,kd20
3003,20.0000,2.0000,0.0063,0.0040,-0.0073,0.0220,0.0000,kd20
3008,20.0000,2.0000,0.0063,0.0040,-0.0073,0.0220,0.0000,kd20
3013,20.0000,2.0000,0.0063,0.0040,-0.0073,0.0220,0.0000,kd20
3018,20.0000,2.0000,0.0063,0.0040,-0.0073,0.0220,0.0000,kd20
3023,20.0000,2.0000,0.0063,0.0040,-0.0073,0.0220,0.0000,kd20
3028,20.0000,2.0000,0.0063,0.0040,-0.0073,0.0220,0.0000,kd20
3033,20.0000,2.0000,0.0063,0.0040,-0.0073,0.0220,0.0000,kd20
3038,20.0000,2.0000,0.0063,0.0040,-0.0073,0.0220,0.0000,kd20
3043,20.0000,2.0000,0.0063,0.0040,-0.0073,0.0220,0.0000,kd20
3048,20.0000,2.0000,0.0063,0.0040,-0.0073,0.0220,0.0000,kd20
3053,20.0000,2.0000,0.0063,0.0040,-0.0073,0.0171,0.0000,kd20
3058,20.0000,2.0000,0.0063,0.0040,-0.0073,0.0220,0.0000,kd20
3063,20.0000,2.0000,0.0063,0.0040,-0.0073,0.0220,0.0000,kd20
3068,20.0000,2.0000,0.0063,0.0040,-0.0073,0.0220,0.0000,kd20
3074,20.0000,2.0000,0.0063,0.0040,-0.0073,0.0220,0.0000,kd20
3079,20.0000,2.0000,0.0063,0.0040,-0.0073,0.0220,0.0000,kd20
3084,20.0000,2.0000,0.0063,0.0040,-0.0073,0.0220,0.0000,kd20
3089,20.0000,2.0000,0.0063,0.0040,-0.0073,0.0220,0.0000,kd20
3094,20.0000,2.0000,0.0063,0.0040,-0.0073,0.0269,0.0000,kd20
3099,20.0000,2.0000,0.0063,0.0040,-0.0073,0.0220,0.0000,kd20
3104,20.0000,2.0000,0.0063,0.0040,-0.0073,0.0220,0.0000,kd20
3109,20.0000,2.0000,0.0063,0.0040,-0.0073,0.0220,0.0000,kd20
3114,20.0000,2.0000,0.0063,0.0040,-0.0073,0.0220,0.0000,kd20
3119,20.0000,2.0000,0.0063,0.0040,-0.0073,0.0269,0.0000,kd20
3124,20.0000,2.0000,0.0063,0.0040,-0.0073,0.0269,0.0000,kd20
3129,20.0000,2.0000,0.0063,0.0040,-0.0220,0.0269,0.0000,kd20
3134,20.0000,2.0000,0.0063,0.0040,-0.0073,0.0269,0.0000,kd20
3139,20.0000,2.0000,0.0063,0.0040,-0.0073,0.0317,0.0000,kd20
3144,20.0000,2.0000,0.0063,0.0040,-0.0073,0.0317,0.0000,kd20
3149,20.0000,2.0000,0.0063,0.0040,-0.0073,0.0317,0.0000,kd20
3154,20.0000,2.0000,0.0063,0.0036,-0.0220,0.0269,0.0000,kd20
3159,20.0000,2.0000,0.0063,0.0036,-0.0073,0.0317,0.0000,kd20
3165,20.0000,2.0000,0.0063,0.0036,-0.0073,0.0317,0.0000,kd20
3170,20.0000,2.0000,0.0063,0.0036,-0.0073,0.0317,0.0000,kd20
3175,20.0000,2.0000,0.0063,0.0036,-0.0073,0.0269,0.0000,kd20
3180,20.0000,2.0000,0.0063,0.0036,-0.0073,0.0317,0.0000,kd20
3185,20.0000,2.0000,0.0063,0.0036,-0.0073,0.0317,0.0000,kd20
3190,20.0000,2.0000,0.0063,0.0036,-0.0073,0.0317,0.0000,kd20
3195,20.0000,2.0000,0.0063,0.0036,-0.0073,0.0269,0.0000,kd20
3200,20.0000,2.0000,0.0063,0.0036,-0.0073,0.0317,0.0000,kd20
3205,20.0000,2.0000,0.0063,0.0036,-0.0073,0.0269,0.0000,kd20
3210,20.0000,2.0000,0.0063,0.0036,-0.0073,0.0269,0.0000,kd20
3215,20.0000,2.0000,0.0063,0.0036,-0.0073,0.0269,0.0000,kd20
3220,20.0000,2.0000,0.0063,0.0036,-0.0073,0.0317,0.0000,kd20
3225,20.0000,2.0000,0.0063,0.0036,-0.0073,0.0269,0.0000,kd20
3230,20.0000,2.0000,0.0063,0.0036,-0.0073,0.0269,0.0000,kd20
3235,20.0000,2.0000,0.0063,0.0036,-0.0073,0.0269,0.0000,kd20
3240,20.0000,2.0000,0.0063,0.0036,-0.0073,0.0269,0.0000,kd20
3245,20.0000,2.0000,0.0063,0.0036,-0.0073,0.0269,0.0000,kd20
3250,20.0000,2.0000,0.0063,0.0036,-0.0073,0.0269,0.0000,kd20
3256,20.0000,2.0000,0.0063,0.0036,-0.0073,0.0269,0.0000,kd20
3261,20.0000,2.0000,0.0063,0.0036,-0.0073,0.0317,0.0000,kd20
3266,20.0000,2.0000,0.0063,0.0036,-0.0073,0.0269,0.0000,kd20
3271,20.0000,2.0000,0.0063,0.0036,-0.0073,0.0317,0.0000,kd20
3276,20.0000,2.0000,0.0063,0.0036,-0.0073,0.0269,0.0000,kd20
3281,20.0000,2.0000,0.0063,0.0036,-0.0073,0.0269,0.0000,kd20
3286,20.0000,2.0000,0.0063,0.0036,-0.0073,0.0317,0.0000,kd20
3291,20.0000,2.0000,0.0063,0.0036,-0.0073,0.0317,0.0000,kd20
3296,20.0000,2.0000,0.0063,0.0036,-0.0073,0.0269,0.0000,kd20
3301,20.0000,2.0000,0.0063,0.0036,-0.0073,0.0269,0.0000,kd20
3306,20.0000,2.0000,0.0063,0.0036,-0.0073,0.0269,0.0000,kd20
3311,20.0000,2.0000,0.0063,0.0036,-0.0073,0.0317,0.0000,kd20
3316,20.0000,2.0000,0.0063,0.0036,-0.0073,0.0269,0.0000,kd20
3321,20.0000,2.0000,0.0063,0.0036,-0.0073,0.0317,0.0000,kd20
3326,20.0000,2.0000,0.0063,0.0036,-0.0073,0.0269,0.0000,kd20
3331,20.0000,2.0000,0.0063,0.0036,-0.0073,0.0317,0.0000,kd20
3336,20.0000,2.0000,0.0063,0.0036,-0.0073,0.0269,0.0000,kd20
3341,20.0000,2.0000,0.0063,0.0036,-0.0073,0.0269,0.0000,kd20
3347,20.0000,2.0000,0.0063,0.0036,-0.0073,0.0269,0.0000,kd20
3352,20.0000,2.0000,0.0063,0.0036,-0.0073,0.0269,0.0000,kd20
3357,20.0000,2.0000,0.0063,0.0036,-0.0073,0.0317,0.0000,kd20
3362,20.0000,2.0000,0.0063,0.0036,-0.0073,0.0317,0.0000,kd20
3367,20.0000,2.0000,0.0063,0.0036,-0.0073,0.0269,0.0000,kd20
3372,20.0000,2.0000,0.0063,0.0036,-0.0073,0.0317,0.0000,kd20
3377,20.0000,2.0000,0.0063,0.0036,-0.0073,0.0269,0.0000,kd20
3382,20.0000,2.0000,0.0063,0.0036,-0.0073,0.0269,0.0000,kd20
3387,20.0000,2.0000,0.0063,0.0036,-0.0073,0.0317,0.0000,kd20
3392,20.0000,2.0000,0.0063,0.0036,-0.0073,0.0269,0.0000,kd20
3397,20.0000,2.0000,0.0063,0.0036,-0.0073,0.0269,0.0000,kd20
3402,20.0000,2.0000,0.0063,0.0036,-0.0073,0.0269,0.0000,kd20
3407,20.0000,2.0000,0.0063,0.0036,-0.0073,0.0269,0.0000,kd20
3412,20.0000,2.0000,0.0063,0.0036,-0.0073,0.0220,0.0000,kd20
3417,20.0000,2.0000,0.0063,0.0036,-0.0073,0.0269,0.0000,kd20
3422,20.0000,2.0000,0.0063,0.0036,-0.0073,0.0269,0.0000,kd20
3427,20.0000,2.0000,0.0063,0.0036,-0.0073,0.0269,0.0000,kd20
3433,20.0000,2.0000,0.0063,0.0036,-0.0073,0.0317,0.0000,kd20
3438,20.0000,2.0000,0.0063,0.0036,-0.0073,0.0269,0.0000,kd20
3443,20.0000,2.0000,0.0063,0.0036,-0.0073,0.0269,0.0000,kd20
3448,20.0000,2.0000,0.0063,0.0036,-0.0073,0.0317,0.0000,kd20
3453,20.0000,2.0000,0.0063,0.0036,-0.0073,0.0317,0.0000,kd20
3458,20.0000,2.0000,0.0063,0.0036,-0.0073,0.0269,0.0000,kd20
3463,20.0000,2.0000,0.0063,0.0036,-0.0073,0.0269,0.0000,kd20
3468,20.0000,2.0000,0.0063,0.0036,-0.0073,0.0220,0.0000,kd20
3473,20.0000,2.0000,0.0063,0.0036,-0.0073,0.0269,0.0000,kd20
3478,20.0000,2.0000,0.0063,0.0036,-0.0073,0.0269,0.0000,kd20
3483,20.0000,2.0000,0.0063,0.0036,-0.0073,0.0269,0.0000,kd20
3488,20.0000,2.0000,0.0063,0.0036,-0.0073,0.0269,0.0000,kd20
3493,20.0000,2.0000,0.0063,0.0036,-0.0073,0.0269,0.0000,kd20
3498,20.0000,2.0000,0.0063,0.0036,-0.0073,0.0269,0.0000,kd20
3503,20.0000,2.0000,0.0063,0.0036,-0.0073,0.0269,0.0000,kd20
3508,20.0000,2.0000,0.0063,0.0036,-0.0073,0.0317,0.0000,kd20
3513,20.0000,2.0000,0.0063,0.0036,-0.0073,0.0269,0.0000,kd20
3518,20.0000,2.0000,0.0063,0.0036,-0.0073,0.0269,0.0000,kd20
3524,20.0000,2.0000,0.0063,0.0036,-0.0073,0.0317,0.0000,kd20
3529,20.0000,2.0000,0.0063,0.0036,-0.0073,0.0269,0.0000,kd20
3534,20.0000,2.0000,0.0063,0.0036,-0.0073,0.0317,0.0000,kd20
3539,20.0000,2.0000,0.0063,0.0036,-0.0073,0.0269,0.0000,kd20
3544,20.0000,2.0000,0.0063,0.0036,-0.0073,0.0269,0.0000,kd20
3549,20.0000,2.0000,0.0063,0.0036,-0.0073,0.0269,0.0000,kd20
3554,20.0000,2.0000,0.0063,0.0036,-0.0073,0.0269,0.0000,kd20
3559,20.0000,2.0000,0.0063,0.0036,-0.0073,0.0269,0.0000,kd20
3564,20.0000,2.0000,0.0063,0.0036,-0.0073,0.0317,0.0000,kd20
3569,20.0000,2.0000,0.0063,0.0036,-0.0073,0.0269,0.0000,kd20
3574,20.0000,2.0000,0.0063,0.0036,-0.0073,0.0317,0.0000,kd20
3579,20.0000,2.0000,0.0063,0.0036,-0.0073,0.0269,0.0000,kd20
3584,20.0000,2.0000,0.0063,0.0036,-0.0073,0.0366,0.0000,kd20
3589,20.0000,2.0000,0.0063,0.0036,-0.0073,0.0269,0.0000,kd20
3594,20.0000,2.0000,0.0063,0.0036,-0.0073,0.0269,0.0000,kd20
3599,20.0000,2.0000,0.0063,0.0036,-0.0073,0.0269,0.0000,kd20
3604,20.0000,2.0000,0.0063,0.0036,-0.0073,0.0317,0.0000,kd20
3609,20.0000,2.0000,0.0063,0.0036,-0.0073,0.0317,0.0000,kd20
3615,20.0000,2.0000,0.0063,0.0036,-0.0073,0.0269,0.0000,kd20
3620,20.0000,2.0000,0.0063,0.0036,-0.0073,0.0269,0.0000,kd20
3625,20.0000,2.0000,0.0063,0.0036,-0.0073,0.0317,0.0000,kd20
3630,20.0000,2.0000,0.0063,0.0036,-0.0073,0.0269,0.0000,kd20
3635,20.0000,2.0000,0.0063,0.0036,-0.0073,0.0269,0.0000,kd20
3640,20.0000,2.0000,0.0063,0.0036,-0.0073,0.0317,0.0000,kd20
3645,20.0000,2.0000,0.0063,0.0036,-0.0073,0.0317,0.0000,kd20
3650,20.0000,2.0000,0.0063,0.0036,-0.0073,0.0269,0.0000,kd20
3655,20.0000,2.0000,0.0063,0.0036,-0.0073,0.0317,0.0000,kd20
3660,20.0000,2.0000,0.0063,0.0036,-0.0073,0.0317,0.0000,kd20
3665,20.0000,2.0000,0.0063,0.0036,-0.0073,0.0317,0.0000,kd20
3670,20.0000,2.0000,0.0063,0.0036,-0.0073,0.0269,0.0000,kd20
3675,20.0000,2.0000,0.0063,0.0036,-0.0073,0.0269,0.0000,kd20
3680,20.0000,2.0000,0.0063,0.0036,-0.0073,0.0269,0.0000,kd20
3685,20.0000,2.0000,0.0063,0.0036,-0.0073,0.0317,0.0000,kd20
3690,20.0000,2.0000,0.0063,0.0036,-0.0073,0.0269,0.0000,kd20
3695,20.0000,2.0000,0.0063,0.0036,-0.0073,0.0269,0.0000,kd20
3701,20.0000,2.0000,0.0063,0.0036,-0.0073,0.0269,0.0000,kd20
3706,20.0000,2.0000,0.0063,0.0036,-0.0073,0.0220,0.0000,kd20
3711,20.0000,2.0000,0.0063,0.0036,-0.0073,0.0269,0.0000,kd20
3716,20.0000,2.0000,0.0063,0.0036,-0.0073,0.0269,0.0000,kd20
3721,20.0000,2.0000,0.0063,0.0036,-0.0073,0.0269,0.0000,kd20
3726,20.0000,2.0000,0.0063,0.0036,-0.0073,0.0317,0.0000,kd20
3731,20.0000,2.0000,0.0063,0.0036,-0.0073,0.0269,0.0000,kd20
3736,20.0000,2.0000,0.0063,0.0036,-0.0073,0.0269,0.0000,kd20
3741,20.0000,2.0000,0.0063,0.0036,-0.0073,0.0269,0.0000,kd20
3746,20.0000,2.0000,0.0063,0.0036,-0.0073,0.0269,0.0000,kd20
3751,20.0000,2.0000,0.0063,0.0036,-0.0073,0.0269,0.0000,kd20
3756,20.0000,2.0000,0.0063,0.0036,-0.0073,0.0317,0.0000,kd20
3761,20.0000,2.0000,0.0063,0.0036,-0.0073,0.0269,0.0000,kd20
3766,20.0000,2.0000,0.0063,0.0036,-0.0073,0.0220,0.0000,kd20
3771,20.0000,2.0000,0.0063,0.0036,-0.0073,0.0269,0.0000,kd20
3776,20.0000,2.0000,0.0063,0.0036,-0.0073,0.0269,0.0000,kd20
3781,20.0000,2.0000,0.0063,0.0036,-0.0073,0.0269,0.0000,kd20
3786,20.0000,2.0000,0.0063,0.0036,-0.0073,0.0269,0.0000,kd20
3791,20.0000,2.0000,0.0063,0.0036,-0.0073,0.0269,0.0000,kd20
3797,20.0000,2.0000,0.0063,0.0036,-0.0073,0.0269,0.0000,kd20
3802,20.0000,2.0000,0.0063,0.0036,-0.0073,0.0269,0.0000,kd20
3807,20.0000,2.0000,0.0063,0.0036,-0.0073,0.0269,0.0000,kd20
3812,20.0000,2.0000,0.0063,0.0036,-0.0073,0.0269,0.0000,kd20
3817,20.0000,2.0000,0.0063,0.0036,-0.0073,0.0269,0.0000,kd20
3822,20.0000,2.0000,0.0063,0.0036,-0.0073,0.0269,0.0000,kd20
3827,20.0000,2.0000,0.0063,0.0036,-0.0073,0.0269,0.0000,kd20
3832,20.0000,2.0000,0.0063,0.0036,-0.0073,0.0269,0.0000,kd20
3837,20.0000,2.0000,0.0063,0.0036,-0.0073,0.0269,0.0000,kd20
3842,20.0000,2.0000,0.0063,0.0036,-0.0073,0.0317,0.0000,kd20
3847,20.0000,2.0000,0.0063,0.0036,-0.0073,0.0269,0.0000,kd20
3852,20.0000,2.0000,0.0063,0.0036,-0.0073,0.0269,0.0000,kd20
3857,20.0000,2.0000,0.0063,0.0036,-0.0073,0.0269,0.0000,kd20
3862,20.0000,2.0000,0.0063,0.0036,-0.0073,0.0269,0.0000,kd20
3867,20.0000,2.0000,0.0063,0.0036,-0.0073,0.0269,0.0000,kd20
3872,20.0000,2.0000,0.0063,0.0036,-0.0073,0.0317,0.0000,kd20
3877,20.0000,2.0000,0.0063,0.0036,-0.0073,0.0317,0.0000,kd20
3882,20.0000,2.0000,0.0063,0.0036,-0.0073,0.0269,0.0000,kd20
3888,20.0000,2.0000,0.0063,0.0036,-0.0073,0.0269,0.0000,kd20
3893,20.0000,2.0000,0.0063,0.0036,-0.0073,0.0317,0.0000,kd20
3898,20.0000,2.0000,0.0063,0.0036,-0.0073,0.0317,0.0000,kd20
3903,20.0000,2.0000,0.0063,0.0036,-0.0073,0.0269,0.0000,kd20
3908,20.0000,2.0000,0.0063,0.0036,-0.0073,0.0269,0.0000,kd20
3913,20.0000,2.0000,0.0063,0.0036,-0.0073,0.0220,0.0000,kd20
3918,20.0000,2.0000,0.0063,0.0036,-0.0073,0.0269,0.0000,kd20
3923,20.0000,2.0000,0.0063,0.0036,-0.0073,0.0269,0.0000,kd20
3928,20.0000,2.0000,0.0063,0.0036,-0.0073,0.0317,0.0000,kd20
3933,20.0000,2.0000,0.0063,0.0036,-0.0073,0.0269,0.0000,kd20
3938,20.0000,2.0000,0.0063,0.0036,-0.0073,0.0269,0.0000,kd20
3943,20.0000,2.0000,0.0063,0.0036,-0.0073,0.0269,0.0000,kd20
3948,20.0000,2.0000,0.0063,0.0036,-0.0073,0.0317,0.0000,kd20
3953,20.0000,2.0000,0.0063,0.0036,-0.0073,0.0269,0.0000,kd20
3958,20.0000,2.0000,0.0063,0.0036,-0.0073,0.0269,0.0000,kd20
3963,20.0000,2.0000,0.0063,0.0036,-0.0073,0.0269,0.0000,kd20
3968,20.0000,2.0000,0.0063,0.0036,-0.0073,0.0269,0.0000,kd20
3973,20.0000,2.0000,0.0063,0.0036,-0.0073,0.0269,0.0000,kd20
3979,20.0000,2.0000,0.0063,0.0036,-0.0073,0.0269,0.0000,kd20
3984,20.0000,2.0000,0.0063,0.0036,-0.0073,0.0269,0.0000,kd20
3989,20.0000,2.0000,0.0063,0.0036,-0.0073,0.0269,0.0000,kd20
3994,20.0000,2.0000,0.0063,0.0036,-0.0073,0.0269,0.0000,kd20
3999,20.0000,2.0000,0.0063,0.0036,-0.0073,0.0269,0.0000,kd20
4004,20.0000,2.0000,0.0063,0.0036,-0.0073,0.0317,0.0000,kd20
4009,20.0000,2.0000,0.0063,0.0036,-0.0073,0.0317,0.0000,kd20
4014,20.0000,2.0000,0.0063,0.0036,-0.0073,0.0269,0.0000,kd20
4019,20.0000,2.0000,0.0063,0.0036,-0.0073,0.0269,0.0000,kd20
4024,20.0000,2.0000,0.0063,0.0036,-0.0073,0.0269,0.0000,kd20
4029,20.0000,2.0000,0.0063,0.0036,-0.0073,0.0269,0.0000,kd20
4034,20.0000,2.0000,0.0063,0.0036,-0.0073,0.0269,0.0000,kd20
4039,20.0000,2.0000,0.0063,0.0036,-0.0073,0.0317,0.0000,kd20
4044,20.0000,2.0000,0.0063,0.0036,-0.0073,0.0317,0.0000,kd20
4049,20.0000,2.0000,0.0063,0.0036,-0.0073,0.0269,0.0000,kd20
4054,20.0000,2.0000,0.0063,0.0036,-0.0073,0.0317,0.0000,kd20
4059,20.0000,2.0000,0.0063,0.0036,-0.0073,0.0317,0.0000,kd20
4064,20.0000,2.0000,0.0063,0.0036,-0.0073,0.0317,0.0000,kd20
4070,20.0000,2.0000,0.0063,0.0036,-0.0073,0.0317,0.0000,kd20
4075,20.0000,2.0000,0.0063,0.0036,-0.0073,0.0269,0.0000,kd20
4080,20.0000,2.0000,0.0063,0.0036,-0.0073,0.0269,0.0000,kd20
4085,20.0000,2.0000,0.0063,0.0036,-0.0073,0.0317,0.0000,kd20
4090,20.0000,2.0000,0.0063,0.0036,-0.0073,0.0269,0.0000,kd20
4095,20.0000,2.0000,0.0063,0.0036,-0.0073,0.0317,0.0000,kd20
4100,20.0000,2.0000,0.0063,0.0036,-0.0073,0.0269,0.0000,kd20
4105,20.0000,2.0000,0.0063,0.0036,-0.0073,0.0317,0.0000,kd20
4110,20.0000,2.0000,0.0063,0.0036,-0.0073,0.0317,0.0000,kd20
4115,20.0000,2.0000,0.0063,0.0036,-0.0073,0.0317,0.0000,kd20
4120,20.0000,2.0000,0.0063,0.0036,-0.0073,0.0269,0.0000,kd20
4125,20.0000,2.0000,0.0063,0.0036,-0.0073,0.0269,0.0000,kd20
4130,20.0000,2.0000,0.0063,0.0036,-0.0073,0.0269,0.0000,kd20
4135,20.0000,2.0000,0.0063,0.0036,-0.0073,0.0269,0.0000,kd20
4140,20.0000,2.0000,0.0063,0.0036,-0.0073,0.0269,0.0000,kd20
4145,20.0000,2.0000,0.0063,0.0036,-0.0073,0.0269,0.0000,kd20
4150,20.0000,2.0000,0.0063,0.0036,-0.0073,0.0317,0.0000,kd20
4155,20.0000,2.0000,0.0063,0.0036,-0.0073,0.0269,0.0000,kd20
4161,20.0000,2.0000,0.0063,0.0036,-0.0073,0.0269,0.0000,kd20
4166,20.0000,2.0000,0.0063,0.0036,-0.0073,0.0269,0.0000,kd20
4171,20.0000,2.0000,0.0063,0.0036,-0.0073,0.0269,0.0000,kd20
4176,20.0000,2.0000,0.0063,0.0036,-0.0073,0.0269,0.0000,kd20
4181,20.0000,2.0000,0.0063,0.0036,-0.0073,0.0269,0.0000,kd20
4186,20.0000,2.0000,0.0063,0.0036,-0.0073,0.0269,0.0000,kd20
4191,20.0000,2.0000,0.0063,0.0036,-0.0073,0.0317,0.0000,kd20
4196,20.0000,2.0000,0.0063,0.0036,-0.0073,0.0317,0.0000,kd20
4201,20.0000,2.0000,0.0063,0.0036,-0.0073,0.0269,0.0000,kd20
4206,20.0000,2.0000,0.0063,0.0036,-0.0073,0.0317,0.0000,kd20
4211,20.0000,2.0000,0.0063,0.0036,-0.0073,0.0317,0.0000,kd20
4216,20.0000,2.0000,0.0063,0.0036,-0.0073,0.0317,0.0000,kd20
4221,20.0000,2.0000,0.0063,0.0036,-0.0073,0.0269,0.0000,kd20
4226,20.0000,2.0000,0.0063,0.0036,-0.0073,0.0269,0.0000,kd20
4231,20.0000,2.0000,0.0063,0.0036,-0.0073,0.0269,0.0000,kd20
4236,20.0000,2.0000,0.0063,0.0036,-0.0073,0.0317,0.0000,kd20
4241,20.0000,2.0000,0.0063,0.0036,-0.0073,0.0269,0.0000,kd20
4246,20.0000,2.0000,0.0063,0.0036,-0.0073,0.0317,0.0000,kd20
4252,20.0000,2.0000,0.0063,0.0036,-0.0073,0.0269,0.0000,kd20
4257,20.0000,2.0000,0.0063,0.0036,-0.0073,0.0317,0.0000,kd20
4262,20.0000,2.0000,0.0063,0.0036,-0.0073,0.0269,0.0000,kd20
4267,20.0000,2.0000,0.0063,0.0036,-0.0073,0.0269,0.0000,kd20
4272,20.0000,2.0000,0.0063,0.0036,-0.0073,0.0269,0.0000,kd20
4277,20.0000,2.0000,0.0063,0.0036,-0.0073,0.0269,0.0000,kd20
4282,20.0000,2.0000,0.0063,0.0036,-0.0073,0.0269,0.0000,kd20
4287,20.0000,2.0000,0.0063,0.0036,-0.0073,0.0269,0.0000,kd20
4292,20.0000,2.0000,0.0063,0.0036,-0.0073,0.0269,0.0000,kd20
4297,20.0000,2.0000,0.0063,0.0036,-0.0073,0.0269,0.0000,kd20
4302,20.0000,2.0000,0.0063,0.0036,-0.0073,0.0269,0.0000,kd20
4307,20.0000,2.0000,0.0063,0.0036,-0.0073,0.0269,0.0000,kd20
4312,20.0000,2.0000,0.0063,0.0036,-0.0073,0.0269,0.0000,kd20
4317,20.0000,2.0000,0.0063,0.0036,-0.0073,0.0269,0.0000,kd20
4322,20.0000,2.0000,0.0063,0.0036,-0.0073,0.0269,0.0000,kd20
4327,20.0000,2.0000,0.0063,0.0036,-0.0073,0.0269,0.0000,kd20
4332,20.0000,2.0000,0.0063,0.0036,-0.0073,0.0269,0.0000,kd20
4338,20.0000,2.0000,0.0063,0.0036,-0.0073,0.0317,0.0000,kd20
4343,20.0000,2.0000,0.0063,0.0036,-0.0073,0.0269,0.0000,kd20
4348,20.0000,2.0000,0.0063,0.0036,-0.0073,0.0269,0.0000,kd20
4353,20.0000,2.0000,0.0063,0.0036,-0.0073,0.0269,0.0000,kd20
4358,20.0000,2.0000,0.0063,0.0036,-0.0073,0.0269,0.0000,kd20
4363,20.0000,2.0000,0.0063,0.0036,-0.0073,0.0317,0.0000,kd20
4368,20.0000,2.0000,0.0063,0.0036,-0.0073,0.0317,0.0000,kd20
4373,20.0000,2.0000,0.0063,0.0036,-0.0073,0.0317,0.0000,kd20
4378,20.0000,2.0000,0.0063,0.0036,-0.0073,0.0269,0.0000,kd20
4383,20.0000,2.0000,0.0063,0.0036,-0.0073,0.0269,0.0000,kd20
4388,20.0000,2.0000,0.0063,0.0036,-0.0073,0.0269,0.0000,kd20
4393,20.0000,2.0000,0.0063,0.0036,-0.0073,0.0269,0.0000,kd20
4398,20.0000,2.0000,0.0063,0.0036,-0.0073,0.0269,0.0000,kd20
4403,20.0000,2.0000,0.0063,0.0036,-0.0073,0.0269,0.0000,kd20
4408,20.0000,2.0000,0.0063,0.0036,-0.0073,0.0269,0.0000,kd20
4413,20.0000,2.0000,0.0063,0.0036,-0.0073,0.0269,0.0000,kd20
4418,20.0000,2.0000,0.0063,0.0036,-0.0073,0.0269,0.0000,kd20
4423,20.0000,2.0000,0.0063,0.0036,-0.0073,0.0269,0.0000,kd20
4429,20.0000,2.0000,0.0063,0.0036,-0.0073,0.0317,0.0000,kd20
4434,20.0000,2.0000,0.0063,0.0036,-0.0073,0.0317,0.0000,kd20
4439,20.0000,2.0000,0.0063,0.0036,-0.0073,0.0317,0.0000,kd20
4444,20.0000,2.0000,0.0063,0.0036,-0.0073,0.0269,0.0000,kd20
4449,20.0000,2.0000,0.0063,0.0036,-0.0073,0.0269,0.0000,kd20
4454,20.0000,2.0000,0.0063,0.0036,-0.0073,0.0269,0.0000,kd20
4459,20.0000,2.0000,0.0063,0.0036,-0.0073,0.0269,0.0000,kd20
4464,20.0000,2.0000,0.0063,0.0036,-0.0073,0.0220,0.0000,kd20
4469,20.0000,2.0000,0.0063,0.0036,-0.0073,0.0269,0.0000,kd20
4474,20.0000,2.0000,0.0063,0.0036,-0.0073,0.0269,0.0000,kd20
4479,20.0000,2.0000,0.0063,0.0036,-0.0073,0.0269,0.0000,kd20
4484,20.0000,2.0000,0.0063,0.0036,-0.0073,0.0317,0.0000,kd20
4489,20.0000,2.0000,0.0063,0.0036,-0.0073,0.0317,0.0000,kd20
4494,20.0000,2.0000,0.0063,0.0036,-0.0073,0.0269,0.0000,kd20
4499,20.0000,2.0000,0.0063,0.0036,-0.0073,0.0317,0.0000,kd20
4504,20.0000,2.0000,0.0063,0.0036,-0.0073,0.0269,0.0000,kd20
4509,20.0000,2.0000,0.0063,0.0036,-0.0073,0.0269,0.0000,kd20
4514,20.0000,2.0000,0.0063,0.0036,-0.0073,0.0317,0.0000,kd20
4520,20.0000,2.0000,0.0063,0.0036,-0.0073,0.0317,0.0000,kd20
4525,20.0000,2.0000,0.0063,0.0036,-0.0073,0.0317,0.0000,kd20
4530,20.0000,2.0000,0.0063,0.0036,-0.0073,0.0366,0.0000,kd20
4535,20.0000,2.0000,0.0063,0.0036,-0.0073,0.0317,0.0000,kd20
4540,20.0000,2.0000,0.0063,0.0036,-0.0073,0.0317,0.0000,kd20
4545,20.0000,2.0000,0.0063,0.0036,-0.0073,0.0366,0.0000,kd20
4550,20.0000,2.0000,0.0063,0.0036,-0.0073,0.0366,0.0000,kd20
4555,20.0000,2.0000,0.0063,0.0036,-0.0073,0.0317,0.0000,kd20
4560,20.0000,2.0000,0.0063,0.0036,-0.0073,0.0317,0.0000,kd20
4565,20.0000,2.0000,0.0063,0.0036,-0.0073,0.0366,0.0000,kd20
4570,20.0000,2.0000,0.0063,0.0036,-0.0073,0.0317,0.0000,kd20
4575,20.0000,2.0000,0.0063,0.0036,-0.0073,0.0366,0.0000,kd20
4580,20.0000,2.0000,0.0063,0.0036,-0.0073,0.0366,0.0000,kd20
4585,20.0000,2.0000,0.0063,0.0036,-0.0073,0.0317,0.0000,kd20
4590,20.0000,2.0000,0.0063,0.0036,-0.0073,0.0317,0.0000,kd20
4595,20.0000,2.0000,0.0063,0.0036,-0.0073,0.0366,0.0000,kd20
4600,20.0000,2.0000,0.0063,0.0036,-0.0073,0.0317,0.0000,kd20
4605,20.0000,2.0000,0.0063,0.0036,-0.0073,0.0366,0.0000,kd20
4611,20.0000,2.0000,0.0063,0.0036,-0.0073,0.0366,0.0000,kd20
4616,20.0000,2.0000,0.0063,0.0036,-0.0073,0.0366,0.0000,kd20
4621,20.0000,2.0000,0.0063,0.0036,-0.0073,0.0317,0.0000,kd20
4626,20.0000,2.0000,0.0063,0.0036,-0.0073,0.0317,0.0000,kd20
4631,20.0000,2.0000,0.0063,0.0036,-0.0073,0.0366,0.0000,kd20
4636,20.0000,2.0000,0.0063,0.0036,-0.0073,0.0317,0.0000,kd20
4641,20.0000,2.0000,0.0063,0.0036,-0.0073,0.0317,0.0000,kd20
4646,20.0000,2.0000,0.0063,0.0036,-0.0073,0.0366,0.0000,kd20
4651,20.0000,2.0000,0.0063,0.0032,-0.0073,0.0366,0.0000,kd20
4656,20.0000,2.0000,0.0063,0.0032,-0.0073,0.0317,0.0000,kd20
4661,20.0000,2.0000,0.0063,0.0032,-0.0073,0.0366,0.0000,kd20
4666,20.0000,2.0000,0.0063,0.0032,-0.0220,0.0415,0.0000,kd20
4671,20.0000,2.0000,0.0063,0.0032,-0.0073,0.0366,0.0000,kd20
4676,20.0000,2.0000,0.0063,0.0032,-0.0073,0.0415,0.0000,kd20
4681,20.0000,2.0000,0.0063,0.0032,-0.0073,0.0366,0.0000,kd20
4686,20.0000,2.0000,0.0063,0.0032,-0.0073,0.0366,0.0000,kd20
4691,20.0000,2.0000,0.0063,0.0032,-0.0073,0.0366,0.0000,kd20
4696,20.0000,2.0000,0.0063,0.0032,-0.0073,0.0366,0.0000,kd20
4702,20.0000,2.0000,0.0063,0.0032,-0.0073,0.0366,0.0000,kd20
4707,20.0000,2.0000,0.0063,0.0032,-0.0073,0.0366,0.0000,kd20
4712,20.0000,2.0000,0.0063,0.0032,-0.0073,0.0415,0.0000,kd20
4717,20.0000,2.0000,0.0063,0.0032,-0.0073,0.0317,0.0000,kd20
4722,20.0000,2.0000,0.0063,0.0032,-0.0073,0.0366,0.0000,kd20
4727,20.0000,2.0000,0.0063,0.0032,-0.0073,0.0366,0.0000,kd20
4732,20.0000,2.0000,0.0063,0.0032,-0.0073,0.0366,0.0000,kd20
4737,20.0000,2.0000,0.0063,0.0032,-0.0073,0.0366,0.0000,kd20
4742,20.0000,2.0000,0.0063,0.0032,-0.0073,0.0366,0.0000,kd20
4747,20.0000,2.0000,0.0063,0.0032,-0.0073,0.0366,0.0000,kd20
4752,20.0000,2.0000,0.0063,0.0032,-0.0073,0.0366,0.0000,kd20
4757,20.0000,2.0000,0.0063,0.0032,-0.0073,0.0366,0.0000,kd20
4762,20.0000,2.0000,0.0063,0.0032,-0.0073,0.0366,0.0000,kd20
4767,20.0000,2.0000,0.0063,0.0032,-0.0073,0.0366,0.0000,kd20
4772,20.0000,2.0000,0.0063,0.0032,-0.0073,0.0366,0.0000,kd20
4777,20.0000,2.0000,0.0063,0.0032,-0.0073,0.0366,0.0000,kd20
4782,20.0000,2.0000,0.0063,0.0032,-0.0073,0.0366,0.0000,kd20
4788,20.0000,2.0000,0.0063,0.0032,-0.0073,0.0366,0.0000,kd20
4793,20.0000,2.0000,0.0063,0.0032,-0.0073,0.0366,0.0000,kd20
4798,20.0000,2.0000,0.0063,0.0032,-0.0073,0.0366,0.0000,kd20
4803,20.0000,2.0000,0.0063,0.0032,-0.0073,0.0366,0.0000,kd20
4808,20.0000,2.0000,0.0063,0.0032,-0.0073,0.0366,0.0000,kd20
4813,20.0000,2.0000,0.0063,0.0032,-0.0073,0.0366,0.0000,kd20
4818,20.0000,2.0000,0.0063,0.0032,-0.0073,0.0366,0.0000,kd20
4823,20.0000,2.0000,0.0063,0.0032,-0.0073,0.0366,0.0000,kd20
4828,20.0000,2.0000,0.0063,0.0032,-0.0073,0.0366,0.0000,kd20
4833,20.0000,2.0000,0.0063,0.0032,-0.0073,0.0366,0.0000,kd20
4838,20.0000,2.0000,0.0063,0.0032,-0.0073,0.0366,0.0000,kd20
4843,20.0000,2.0000,0.0063,0.0032,-0.0073,0.0366,0.0000,kd20
4848,20.0000,2.0000,0.0063,0.0032,-0.0073,0.0366,0.0000,kd20
4853,20.0000,2.0000,0.0063,0.0032,-0.0073,0.0415,0.0000,kd20
4858,20.0000,2.0000,0.0063,0.0032,-0.0073,0.0415,0.0000,kd20
4863,20.0000,2.0000,0.0063,0.0032,-0.0073,0.0415,0.0000,kd20
4868,20.0000,2.0000,0.0063,0.0032,-0.0220,0.0415,0.0000,kd20
4873,20.0000,2.0000,0.0063,0.0032,-0.0073,0.0415,0.0000,kd20
4878,20.0000,2.0000,0.0063,0.0032,-0.0073,0.0415,0.0000,kd20
4884,20.0000,2.0000,0.0063,0.0032,-0.0073,0.0415,0.0000,kd20
4889,20.0000,2.0000,0.0063,0.0032,-0.0073,0.0415,0.0000,kd20
4894,20.0000,2.0000,0.0063,0.0032,-0.0073,0.0366,0.0000,kd20
4899,20.0000,2.0000,0.0063,0.0032,-0.0073,0.0366,0.0000,kd20
4904,20.0000,2.0000,0.0063,0.0032,-0.0073,0.0366,0.0000,kd20
4909,20.0000,2.0000,0.0063,0.0032,-0.0073,0.0415,0.0000,kd20
4914,20.0000,2.0000,0.0063,0.0032,-0.0073,0.0415,0.0000,kd20
4919,20.0000,2.0000,0.0063,0.0032,-0.0073,0.0415,0.0000,kd20
4924,20.0000,2.0000,0.0063,0.0032,-0.0073,0.0415,0.0000,kd20
4929,20.0000,2.0000,0.0063,0.0032,-0.0073,0.0415,0.0000,kd20
4934,20.0000,2.0000,0.0063,0.0032,-0.0073,0.0415,0.0000,kd20
4939,20.0000,2.0000,0.0063,0.0032,-0.0073,0.0415,0.0000,kd20
4944,20.0000,2.0000,0.0063,0.0032,-0.0073,0.0415,0.0000,kd20
4949,20.0000,2.0000,0.0063,0.0032,-0.0073,0.0415,0.0000,kd20
4954,20.0000,2.0000,0.0063,0.0032,-0.0073,0.0415,0.0000,kd20
4959,20.0000,2.0000,0.0063,0.0032,-0.0073,0.0415,0.0000,kd20
4964,20.0000,2.0000,0.0063,0.0032,-0.0073,0.0415,0.0000,kd20
4969,20.0000,2.0000,0.0063,0.0032,-0.0073,0.0415,0.0000,kd20
4974,20.0000,2.0000,0.0063,0.0032,-0.0073,0.0415,0.0000,kd20
4980,20.0000,2.0000,0.0063,0.0032,-0.0073,0.0415,0.0000,kd20
4985,20.0000,2.0000,0.0063,0.0032,-0.0073,0.0415,0.0000,kd20
4990,20.0000,2.0000,0.0063,0.0032,-0.0073,0.0415,0.0000,kd20
4995,20.0000,2.0000,0.0063,0.0032,-0.0073,0.0415,0.0000,kd20
0,20.0000,5.0000,0.0063,0.0032,-0.0073,0.0415,0.0000,kd50
5,20.0000,5.0000,0.0063,0.0032,-0.0073,0.0415,0.0000,kd50
10,20.0000,5.0000,0.0063,0.0032,-0.0073,0.0415,0.0000,kd50
15,20.0000,5.0000,0.0063,0.0032,-0.0073,0.0415,0.0000,kd50
20,20.0000,5.0000,0.0063,0.0032,-0.0073,0.0415,0.0000,kd50
25,20.0000,5.0000,0.0063,0.0032,-0.0073,0.0415,0.0000,kd50
30,20.0000,5.0000,0.0063,0.0032,-0.0073,0.0415,0.0000,kd50
35,20.0000,5.0000,0.0063,0.0032,-0.0073,0.0366,0.0000,kd50
40,20.0000,5.0000,0.0063,0.0029,-0.0073,0.0415,0.0000,kd50
45,20.0000,5.0000,0.0063,0.0029,-0.0073,0.0366,0.0000,kd50
50,20.0000,5.0000,0.0063,0.0029,-0.0073,0.0415,0.0000,kd50
55,20.0000,5.0000,0.0063,0.0029,-0.0073,0.0366,0.0000,kd50
60,20.0000,5.0000,0.0063,0.0029,-0.0073,0.0366,0.0000,kd50
65,20.0000,5.0000,0.0063,0.0029,-0.0220,0.0317,0.0000,kd50
70,20.0000,5.0000,0.0063,0.0029,-0.0073,0.0366,0.0000,kd50
75,20.0000,5.0000,0.0063,0.0029,-0.0073,0.0366,0.0000,kd50
80,20.0000,5.0000,0.0063,0.0029,-0.0073,0.0366,0.0000,kd50
85,20.0000,5.0000,0.0063,0.0029,-0.0073,0.0366,0.0000,kd50
91,20.0000,5.0000,0.0063,0.0029,-0.0073,0.0366,0.0000,kd50
96,20.0000,5.0000,0.0063,0.0029,-0.0073,0.0317,0.0000,kd50
101,20.0000,5.0000,0.0063,0.0029,-0.0073,0.0317,0.0000,kd50
106,20.0000,5.0000,0.0063,0.0029,-0.0073,0.0317,0.0000,kd50
111,20.0000,5.0000,0.0063,0.0029,-0.0073,0.0269,0.0000,kd50
116,20.0000,5.0000,0.0063,0.0029,-0.0073,0.0317,0.0000,kd50
121,20.0000,5.0000,0.0063,0.0029,-0.0073,0.0317,0.0000,kd50
126,20.0000,5.0000,0.0063,0.0029,-0.0073,0.0317,0.0000,kd50
131,20.0000,5.0000,0.0063,0.0029,-0.0073,0.0317,0.0000,kd50
136,20.0000,5.0000,0.0063,0.0029,-0.0073,0.0317,0.0000,kd50
141,20.0000,5.0000,0.0063,0.0029,-0.0073,0.0269,0.0000,kd50
146,20.0000,5.0000,0.0063,0.0029,-0.0073,0.0269,0.0000,kd50
151,20.0000,5.0000,0.0063,0.0029,-0.0073,0.0317,0.0000,kd50
156,20.0000,5.0000,0.0063,0.0029,-0.0073,0.0317,0.0000,kd50
161,20.0000,5.0000,0.0063,0.0029,-0.0073,0.0269,0.0000,kd50
166,20.0000,5.0000,0.0063,0.0029,-0.0073,0.0269,0.0000,kd50
171,20.0000,5.0000,0.0063,0.0029,-0.0073,0.0269,0.0000,kd50
177,20.0000,5.0000,0.0063,0.0029,-0.0073,0.0269,0.0000,kd50
182,20.0000,5.0000,0.0063,0.0029,-0.0073,0.0317,0.0000,kd50
187,20.0000,5.0000,0.0063,0.0029,-0.0073,0.0269,0.0000,kd50
192,20.0000,5.0000,0.0063,0.0029,-0.0073,0.0269,0.0000,kd50
197,20.0000,5.0000,0.0063,0.0029,-0.0073,0.0269,0.0000,kd50
202,20.0000,5.0000,0.0063,0.0029,-0.0073,0.0317,0.0000,kd50
207,20.0000,5.0000,0.0063,0.0029,-0.0073,0.0269,0.0000,kd50
212,20.0000,5.0000,0.0063,0.0029,-0.0073,0.0269,0.0000,kd50
217,20.0000,5.0000,0.0063,0.0029,-0.0073,0.0317,0.0000,kd50
222,20.0000,5.0000,0.0063,0.0029,-0.0073,0.0269,0.0000,kd50
227,20.0000,5.0000,0.0063,0.0029,-0.0073,0.0317,0.0000,kd50
232,20.0000,5.0000,0.0063,0.0029,-0.0073,0.0269,0.0000,kd50
237,20.0000,5.0000,0.0063,0.0029,-0.0073,0.0269,0.0000,kd50
242,20.0000,5.0000,0.0063,0.0029,-0.0073,0.0269,0.0000,kd50
247,20.0000,5.0000,0.0063,0.0029,-0.0073,0.0269,0.0000,kd50
252,20.0000,5.0000,0.0063,0.0029,-0.0073,0.0269,0.0000,kd50
257,20.0000,5.0000,0.0063,0.0029,-0.0073,0.0269,0.0000,kd50
262,20.0000,5.0000,0.0063,0.0029,-0.0073,0.0269,0.0000,kd50
268,20.0000,5.0000,0.0063,0.0029,-0.0073,0.0269,0.0000,kd50
273,20.0000,5.0000,0.0063,0.0029,-0.0073,0.0269,0.0000,kd50
278,20.0000,5.0000,0.0063,0.0029,-0.0073,0.0269,0.0000,kd50
283,20.0000,5.0000,0.0063,0.0029,-0.0073,0.0220,0.0000,kd50
288,20.0000,5.0000,0.0063,0.0029,-0.0073,0.0220,0.0000,kd50
293,20.0000,5.0000,0.0063,0.0029,-0.0073,0.0220,0.0000,kd50
298,20.0000,5.0000,0.0063,0.0029,-0.0073,0.0269,0.0000,kd50
303,20.0000,5.0000,0.0063,0.0029,-0.0073,0.0269,0.0000,kd50
308,20.0000,5.0000,0.0063,0.0029,-0.0073,0.0220,0.0000,kd50
313,20.0000,5.0000,0.0063,0.0029,-0.0073,0.0269,0.0000,kd50
318,20.0000,5.0000,0.0063,0.0029,-0.0073,0.0220,0.0000,kd50
323,20.0000,5.0000,0.0063,0.0029,-0.0073,0.0220,0.0000,kd50
328,20.0000,5.0000,0.0063,0.0029,-0.0073,0.0269,0.0000,kd50
333,20.0000,5.0000,0.0063,0.0029,-0.0073,0.0220,0.0000,kd50
338,20.0000,5.0000,0.0063,0.0029,-0.0073,0.0269,0.0000,kd50
343,20.0000,5.0000,0.0063,0.0029,-0.0073,0.0269,0.0000,kd50
348,20.0000,5.0000,0.0063,0.0029,-0.0073,0.0269,0.0000,kd50
353,20.0000,5.0000,0.0063,0.0029,-0.0073,0.0269,0.0000,kd50
359,20.0000,5.0000,0.0063,0.0029,-0.0073,0.0269,0.0000,kd50
364,20.0000,5.0000,0.0063,0.0029,-0.0073,0.0269,0.0000,kd50
369,20.0000,5.0000,0.0063,0.0029,-0.0073,0.0220,0.0000,kd50
374,20.0000,5.0000,0.0063,0.0029,-0.0073,0.0269,0.0000,kd50
379,20.0000,5.0000,0.0063,0.0029,-0.0073,0.0220,0.0000,kd50
384,20.0000,5.0000,0.0063,0.0029,-0.0073,0.0220,0.0000,kd50
389,20.0000,5.0000,0.0063,0.0029,-0.0073,0.0220,0.0000,kd50
394,20.0000,5.0000,0.0063,0.0029,-0.0073,0.0220,0.0000,kd50
399,20.0000,5.0000,0.0063,0.0029,-0.0073,0.0220,0.0000,kd50
404,20.0000,5.0000,0.0063,0.0029,-0.0073,0.0269,0.0000,kd50
409,20.0000,5.0000,0.0063,0.0029,-0.0073,0.0220,0.0000,kd50
414,20.0000,5.0000,0.0063,0.0029,-0.0073,0.0220,0.0000,kd50
419,20.0000,5.0000,0.0063,0.0029,-0.0073,0.0171,0.0000,kd50
424,20.0000,5.0000,0.0063,0.0029,-0.0073,0.0171,0.0000,kd50
429,20.0000,5.0000,0.0063,0.0029,-0.0073,0.0220,0.0000,kd50
434,20.0000,5.0000,0.0063,0.0029,-0.0073,0.0171,0.0000,kd50
439,20.0000,5.0000,0.0063,0.0029,-0.0073,0.0220,0.0000,kd50
445,20.0000,5.0000,0.0063,0.0029,-0.0073,0.0171,0.0000,kd50
450,20.0000,5.0000,0.0063,0.0029,-0.0073,0.0122,0.0000,kd50
455,20.0000,5.0000,0.0063,0.0029,0.0073,0.0171,0.0000,kd50
460,20.0000,5.0000,0.0063,0.0029,-0.0073,0.0122,0.0000,kd50
465,20.0000,5.0000,0.0063,0.0029,-0.0073,0.0122,0.0000,kd50
470,20.0000,5.0000,0.0063,0.0029,-0.0073,0.0122,0.0000,kd50
475,20.0000,5.0000,0.0063,0.0029,-0.0073,0.0122,0.0000,kd50
480,20.0000,5.0000,0.0063,0.0029,-0.0073,0.0122,0.0000,kd50
485,20.0000,5.0000,0.0063,0.0029,-0.0073,0.0122,0.0000,kd50
490,20.0000,5.0000,0.0063,0.0029,-0.0073,0.0122,0.0000,kd50
495,20.0000,5.0000,0.0063,0.0029,-0.0073,0.0122,0.0000,kd50
500,20.0000,5.0000,0.0063,0.0029,-0.0073,0.0122,0.0000,kd50
505,20.0000,5.0000,0.0063,0.0029,-0.0073,0.0122,0.0000,kd50
510,20.0000,5.0000,0.0063,0.0029,-0.0073,0.0171,0.0000,kd50
515,20.0000,5.0000,0.0063,0.0029,-0.0073,0.0171,0.0000,kd50
520,20.0000,5.0000,0.0063,0.0029,-0.0073,0.0171,0.0000,kd50
525,20.0000,5.0000,0.0063,0.0029,-0.0073,0.0171,0.0000,kd50
530,20.0000,5.0000,0.0063,0.0029,-0.0073,0.0171,0.0000,kd50
536,20.0000,5.0000,0.0063,0.0029,-0.0073,0.0171,0.0000,kd50
541,20.0000,5.0000,0.0063,0.0029,-0.0073,0.0171,0.0000,kd50
546,20.0000,5.0000,0.0063,0.0029,-0.0073,0.0171,0.0000,kd50
551,20.0000,5.0000,0.0063,0.0029,-0.0073,0.0171,0.0000,kd50
556,20.0000,5.0000,0.0063,0.0029,-0.0073,0.0122,0.0000,kd50
561,20.0000,5.0000,0.0063,0.0029,-0.0073,0.0171,0.0000,kd50
566,20.0000,5.0000,0.0063,0.0029,-0.0073,0.0171,0.0000,kd50
571,20.0000,5.0000,0.0063,0.0029,-0.0073,0.0122,0.0000,kd50
576,20.0000,5.0000,0.0063,0.0029,-0.0073,0.0122,0.0000,kd50
581,20.0000,5.0000,0.0063,0.0029,-0.0073,0.0122,0.0000,kd50
586,20.0000,5.0000,0.0063,0.0029,-0.0073,0.0122,0.0000,kd50
591,20.0000,5.0000,0.0063,0.0029,-0.0073,0.0122,0.0000,kd50
596,20.0000,5.0000,0.0063,0.0029,-0.0073,0.0122,0.0000,kd50
601,20.0000,5.0000,0.0063,0.0029,-0.0073,0.0122,0.0000,kd50
606,20.0000,5.0000,0.0063,0.0032,-0.0073,0.0171,0.0000,kd50
611,20.0000,5.0000,0.0063,0.0032,-0.0073,0.0171,0.0000,kd50
616,20.0000,5.0000,0.0063,0.0032,-0.0073,0.0171,0.0000,kd50
622,20.0000,5.0000,0.0063,0.0032,-0.0073,0.0122,0.0000,kd50
627,20.0000,5.0000,0.0063,0.0032,-0.0073,0.0171,0.0000,kd50
632,20.0000,5.0000,0.0063,0.0032,-0.0073,0.0171,0.0000,kd50
637,20.0000,5.0000,0.0063,0.0032,-0.0073,0.0122,0.0000,kd50
642,20.0000,5.0000,0.0063,0.0032,-0.0073,0.0171,0.0000,kd50
647,20.0000,5.0000,0.0063,0.0032,-0.0073,0.0171,0.0000,kd50
652,20.0000,5.0000,0.0063,0.0032,-0.0073,0.0122,0.0000,kd50
657,20.0000,5.0000,0.0063,0.0032,-0.0073,0.0171,0.0000,kd50
662,20.0000,5.0000,0.0063,0.0032,-0.0073,0.0171,0.0000,kd50
667,20.0000,5.0000,0.0063,0.0032,-0.0073,0.0122,0.0000,kd50
672,20.0000,5.0000,0.0063,0.0032,-0.0073,0.0171,0.0000,kd50
677,20.0000,5.0000,0.0063,0.0032,-0.0073,0.0122,0.0000,kd50
682,20.0000,5.0000,0.0063,0.0032,-0.0073,0.0122,0.0000,kd50
687,20.0000,5.0000,0.0063,0.0032,-0.0073,0.0073,0.0000,kd50
692,20.0000,5.0000,0.0063,0.0032,-0.0073,0.0122,0.0000,kd50
697,20.0000,5.0000,0.0063,0.0032,-0.0073,0.0122,0.0000,kd50
702,20.0000,5.0000,0.0063,0.0032,-0.0073,0.0122,0.0000,kd50
707,20.0000,5.0000,0.0063,0.0032,0.0073,0.0122,0.0000,kd50
713,20.0000,5.0000,0.0063,0.0032,-0.0073,0.0073,0.0000,kd50
718,20.0000,5.0000,0.0063,0.0032,-0.0073,0.0073,0.0000,kd50
723,20.0000,5.0000,0.0063,0.0032,-0.0073,0.0073,0.0000,kd50
728,20.0000,5.0000,0.0063,0.0032,-0.0073,0.0073,0.0000,kd50
733,20.0000,5.0000,0.0063,0.0032,-0.0073,0.0073,0.0000,kd50
738,20.0000,5.0000,0.0063,0.0032,-0.0073,0.0073,0.0000,kd50
743,20.0000,5.0000,0.0063,0.0032,-0.0073,0.0073,0.0000,kd50
748,20.0000,5.0000,0.0063,0.0032,-0.0073,0.0073,0.0000,kd50
753,20.0000,5.0000,0.0063,0.0032,-0.0073,0.0073,0.0000,kd50
758,20.0000,5.0000,0.0063,0.0032,-0.0073,0.0073,0.0000,kd50
763,20.0000,5.0000,0.0063,0.0032,-0.0073,0.0024,0.0000,kd50
768,20.0000,5.0000,0.0063,0.0032,-0.0073,0.0024,0.0000,kd50
773,20.0000,5.0000,0.0063,0.0032,-0.0073,0.0024,0.0000,kd50
778,20.0000,5.0000,0.0063,0.0032,-0.0073,0.0024,0.0000,kd50
783,20.0000,5.0000,0.0063,0.0032,-0.0073,0.0024,0.0000,kd50
788,20.0000,5.0000,0.0063,0.0032,-0.0073,0.0024,0.0000,kd50
793,20.0000,5.0000,0.0063,0.0032,-0.0073,0.0024,0.0000,kd50
798,20.0000,5.0000,0.0063,0.0032,-0.0073,0.0073,0.0000,kd50
804,20.0000,5.0000,0.0063,0.0032,-0.0073,0.0073,0.0000,kd50
809,20.0000,5.0000,0.0063,0.0032,-0.0073,0.0073,0.0000,kd50
814,20.0000,5.0000,0.0063,0.0032,-0.0073,0.0024,0.0000,kd50
819,20.0000,5.0000,0.0063,0.0032,-0.0073,0.0073,0.0000,kd50
824,20.0000,5.0000,0.0063,0.0036,-0.0073,0.0024,0.0000,kd50
829,20.0000,5.0000,0.0063,0.0036,-0.0073,0.0024,0.0000,kd50
834,20.0000,5.0000,0.0063,0.0036,-0.0073,-0.0024,0.0000,kd50
839,20.0000,5.0000,0.0063,0.0036,-0.0073,0.0024,0.0000,kd50
844,20.0000,5.0000,0.0063,0.0036,-0.0073,0.0024,0.0000,kd50
849,20.0000,5.0000,0.0063,0.0036,-0.0073,0.0024,0.0000,kd50
854,20.0000,5.0000,0.0063,0.0036,0.0073,0.0073,0.0000,kd50
859,20.0000,5.0000,0.0063,0.0036,-0.0073,0.0024,0.0000,kd50
864,20.0000,5.0000,0.0063,0.0036,-0.0073,0.0073,0.0000,kd50
869,20.0000,5.0000,0.0063,0.0036,-0.0073,0.0024,0.0000,kd50
874,20.0000,5.0000,0.0063,0.0036,-0.0073,0.0024,0.0000,kd50
879,20.0000,5.0000,0.0063,0.0036,-0.0073,0.0024,0.0000,kd50
884,20.0000,5.0000,0.0063,0.0036,-0.0073,-0.0024,0.0000,kd50
890,20.0000,5.0000,0.0063,0.0036,-0.0073,-0.0024,0.0000,kd50
895,20.0000,5.0000,0.0063,0.0036,-0.0073,-0.0024,0.0000,kd50
900,20.0000,5.0000,0.0063,0.0036,-0.0073,-0.0024,0.0000,kd50
905,20.0000,5.0000,0.0063,0.0036,-0.0073,-0.0024,0.0000,kd50
910,20.0000,5.0000,0.0063,0.0036,-0.0073,0.0024,0.0000,kd50
915,20.0000,5.0000,0.0063,0.0036,0.0073,-0.0024,0.0000,kd50
920,20.0000,5.0000,0.0063,0.0036,-0.0073,-0.0024,0.0000,kd50
925,20.0000,5.0000,0.0063,0.0036,-0.0073,-0.0024,0.0000,kd50
930,20.0000,5.0000,0.0063,0.0036,-0.0073,-0.0024,0.0000,kd50
935,20.0000,5.0000,0.0063,0.0036,-0.0073,-0.0024,0.0000,kd50
940,20.0000,5.0000,0.0063,0.0036,-0.0073,-0.0024,0.0000,kd50
945,20.0000,5.0000,0.0063,0.0036,-0.0073,-0.0073,0.0000,kd50
950,20.0000,5.0000,0.0063,0.0036,-0.0073,-0.0073,0.0000,kd50
955,20.0000,5.0000,0.0063,0.0036,-0.0073,-0.0073,0.0000,kd50
960,20.0000,5.0000,0.0063,0.0036,-0.0073,-0.0073,0.0000,kd50
965,20.0000,5.0000,0.0063,0.0036,-0.0073,-0.0024,0.0000,kd50
970,20.0000,5.0000,0.0063,0.0036,-0.0073,-0.0073,0.0000,kd50
975,20.0000,5.0000,0.0063,0.0036,-0.0073,-0.0073,0.0000,kd50
981,20.0000,5.0000,0.0063,0.0036,-0.0073,-0.0122,0.0000,kd50
986,20.0000,5.0000,0.0063,0.0040,-0.0073,-0.0073,0.0000,kd50
991,20.0000,5.0000,0.0063,0.0040,-0.0073,-0.0024,0.0000,kd50
996,20.0000,5.0000,0.0063,0.0040,-0.0073,-0.0073,0.0000,kd50
1001,20.0000,5.0000,0.0063,0.0040,-0.0073,-0.0073,0.0000,kd50
1006,20.0000,5.0000,0.0063,0.0040,-0.0073,-0.0122,0.0000,kd50
1011,20.0000,5.0000,0.0063,0.0040,-0.0073,-0.0073,0.0000,kd50
1016,20.0000,5.0000,0.0063,0.0040,-0.0073,-0.0073,0.0000,kd50
1021,20.0000,5.0000,0.0063,0.0040,-0.0073,-0.0122,0.0000,kd50
1026,20.0000,5.0000,0.0063,0.0040,-0.0073,-0.0073,0.0000,kd50
1031,20.0000,5.0000,0.0063,0.0040,-0.0073,-0.0073,0.0000,kd50
1036,20.0000,5.0000,0.0063,0.0040,-0.0073,-0.0122,0.0000,kd50
1041,20.0000,5.0000,0.0063,0.0040,-0.0073,-0.0073,0.0000,kd50
1046,20.0000,5.0000,0.0063,0.0040,-0.0073,-0.0073,0.0000,kd50
1051,20.0000,5.0000,0.0063,0.0040,-0.0073,-0.0122,0.0000,kd50
1056,20.0000,5.0000,0.0063,0.0040,-0.0073,-0.0122,0.0000,kd50
1061,20.0000,5.0000,0.0063,0.0040,-0.0073,-0.0122,0.0000,kd50
1067,20.0000,5.0000,0.0063,0.0040,-0.0073,-0.0122,0.0000,kd50
1072,20.0000,5.0000,0.0063,0.0040,-0.0073,-0.0122,0.0000,kd50
1077,20.0000,5.0000,0.0063,0.0040,-0.0073,-0.0122,0.0000,kd50
1082,20.0000,5.0000,0.0063,0.0040,0.0073,-0.0171,0.0000,kd50
1087,20.0000,5.0000,0.0063,0.0040,-0.0073,-0.0171,0.0000,kd50
1092,20.0000,5.0000,0.0063,0.0040,-0.0073,-0.0171,0.0000,kd50
1097,20.0000,5.0000,0.0063,0.0040,-0.0073,-0.0220,0.0000,kd50
1102,20.0000,5.0000,0.0063,0.0044,-0.0073,-0.0220,0.0000,kd50
1107,20.0000,5.0000,0.0063,0.0044,-0.0073,-0.0220,0.0000,kd50
1112,20.0000,5.0000,0.0063,0.0044,-0.0073,-0.0220,0.0000,kd50
1117,20.0000,5.0000,0.0063,0.0044,-0.0073,-0.0220,0.0000,kd50
1122,20.0000,5.0000,0.0063,0.0044,-0.0073,-0.0220,0.0000,kd50
1127,20.0000,5.0000,0.0063,0.0044,0.0073,-0.0220,0.0000,kd50
1132,20.0000,5.0000,0.0063,0.0044,-0.0073,-0.0269,0.0000,kd50
1137,20.0000,5.0000,0.0063,0.0044,0.0073,-0.0269,0.0000,kd50
1142,20.0000,5.0000,0.0063,0.0044,-0.0073,-0.0269,0.0000,kd50
1147,20.0000,5.0000,0.0063,0.0044,-0.0073,-0.0269,0.0000,kd50
1152,20.0000,5.0000,0.0063,0.0044,-0.0073,-0.0269,0.0000,kd50
1158,20.0000,5.0000,0.0063,0.0044,0.0073,-0.0317,0.0000,kd50
1163,20.0000,5.0000,0.0063,0.0044,-0.0073,-0.0317,0.0000,kd50
1168,20.0000,5.0000,0.0063,0.0044,0.0073,-0.0317,0.0000,kd50
1173,20.0000,5.0000,0.0063,0.0048,-0.0073,-0.0415,0.0000,kd50
1178,20.0000,5.0000,0.0063,0.0048,0.0073,-0.0415,0.0000,kd50
1183,20.0000,5.0000,0.0063,0.0048,0.0073,-0.0464,0.0000,kd50
1188,20.0000,5.0000,0.0063,0.0048,-0.0073,-0.0562,0.0000,kd50
1193,20.0000,5.0000,0.0063,0.0051,0.0073,-0.0611,0.0000,kd50
1198,20.0000,5.0000,0.0063,0.0051,0.0073,-0.0708,0.0000,kd50
1203,20.0000,5.0000,0.0063,0.0051,0.0220,-0.0855,0.0000,kd50
1208,20.0000,5.0000,0.0063,0.0055,0.0073,-0.1001,0.0000,kd50
1213,20.0000,5.0000,0.0063,0.0059,0.0220,-0.1197,0.0000,kd50
1218,20.0000,5.0000,0.0063,0.0059,0.0220,-0.1392,0.0000,kd50
1223,20.0000,5.0000,0.0063,0.0063,0.0073,-0.1490,0.0000,kd50
1228,20.0000,5.0000,0.0063,0.0063,0.0220,-0.1587,0.0000,kd50
1233,20.0000,5.0000,0.0063,0.0063,0.0073,-0.1538,0.0000,kd50
1238,20.0000,5.0000,0.0063,0.0063,0.0073,-0.1441,0.0000,kd50
1243,20.0000,5.0000,0.0063,0.0067,0.0073,-0.1392,0.0000,kd50
1249,20.0000,5.0000,0.0063,0.0067,0.0073,-0.1392,0.0000,kd50
1254,20.0000,5.0000,0.0063,0.0067,0.0073,-0.1343,0.0000,kd50
1259,20.0000,5.0000,0.0063,0.0067,0.0073,-0.1294,0.0000,kd50
1264,20.0000,5.0000,0.0063,0.0067,0.0073,-0.1245,0.0000,kd50
1269,20.0000,5.0000,0.0063,0.0067,-0.0073,-0.1245,0.0000,kd50
1274,20.0000,5.0000,0.0063,0.0067,0.0073,-0.1197,0.0000,kd50
1279,20.0000,5.0000,0.0063,0.0067,-0.0073,-0.1197,0.0000,kd50
1284,20.0000,5.0000,0.0063,0.0071,0.0073,-0.1099,0.0000,kd50
1289,20.0000,5.0000,0.0063,0.0071,0.0073,-0.1099,0.0000,kd50
1294,20.0000,5.0000,0.0063,0.0071,-0.0073,-0.1050,0.0000,kd50
1299,20.0000,5.0000,0.0063,0.0071,0.0073,-0.1001,0.0000,kd50
1304,20.0000,5.0000,0.0063,0.0071,-0.0073,-0.1050,0.0000,kd50
1309,20.0000,5.0000,0.0063,0.0071,-0.0073,-0.1001,0.0000,kd50
1314,20.0000,5.0000,0.0063,0.0071,0.0073,-0.0952,0.0000,kd50
1319,20.0000,5.0000,0.0063,0.0071,-0.0073,-0.0904,0.0000,kd50
1324,20.0000,5.0000,0.0063,0.0071,-0.0073,-0.0855,0.0000,kd50
1329,20.0000,5.0000,0.0063,0.0071,-0.0073,-0.0855,0.0000,kd50
1334,20.0000,5.0000,0.0063,0.0071,-0.0073,-0.0806,0.0000,kd50
1340,20.0000,5.0000,0.0063,0.0071,-0.0073,-0.0806,0.0000,kd50
1345,20.0000,5.0000,0.0063,0.0071,-0.0073,-0.0757,0.0000,kd50
1350,20.0000,5.0000,0.0063,0.0071,-0.0073,-0.0708,0.0000,kd50
1355,20.0000,5.0000,0.0063,0.0071,-0.0073,-0.0708,0.0000,kd50
1360,20.0000,5.0000,0.0063,0.0071,-0.0073,-0.0708,0.0000,kd50
1365,20.0000,5.0000,0.0063,0.0071,-0.0073,-0.0708,0.0000,kd50
1370,20.0000,5.0000,0.0063,0.0071,-0.0073,-0.0708,0.0000,kd50
1375,20.0000,5.0000,0.0063,0.0071,-0.0073,-0.0659,0.0000,kd50
1380,20.0000,5.0000,0.0063,0.0071,-0.0073,-0.0708,0.0000,kd50
1385,20.0000,5.0000,0.0063,0.0071,-0.0073,-0.0708,0.0000,kd50
1390,20.0000,5.0000,0.0063,0.0071,-0.0220,-0.0611,0.0000,kd50
1395,20.0000,5.0000,0.0063,0.0071,-0.0073,-0.0611,0.0000,kd50
1400,20.0000,5.0000,0.0063,0.0071,-0.0073,-0.0611,0.0000,kd50
1405,20.0000,5.0000,0.0063,0.0071,-0.0073,-0.0562,0.0000,kd50
1410,20.0000,5.0000,0.0063,0.0071,-0.0073,-0.0562,0.0000,kd50
1415,20.0000,5.0000,0.0063,0.0071,-0.0073,-0.0513,0.0000,kd50
1420,20.0000,5.0000,0.0063,0.0071,-0.0073,-0.0562,0.0000,kd50
1425,20.0000,5.0000,0.0063,0.0071,-0.0073,-0.0562,0.0000,kd50
1431,20.0000,5.0000,0.0063,0.0067,-0.0073,-0.0513,0.0000,kd50
1436,20.0000,5.0000,0.0063,0.0067,-0.0073,-0.0513,0.0000,kd50
1441,20.0000,5.0000,0.0063,0.0067,-0.0073,-0.0464,0.0000,kd50
1446,20.0000,5.0000,0.0063,0.0067,-0.0073,-0.0513,0.0000,kd50
1451,20.0000,5.0000,0.0063,0.0067,-0.0073,-0.0464,0.0000,kd50
1456,20.0000,5.0000,0.0063,0.0067,-0.0073,-0.0415,0.0000,kd50
1461,20.0000,5.0000,0.0063,0.0067,-0.0073,-0.0464,0.0000,kd50
1466,20.0000,5.0000,0.0063,0.0067,-0.0073,-0.0415,0.0000,kd50
1471,20.0000,5.0000,0.0063,0.0067,-0.0073,-0.0464,0.0000,kd50
1476,20.0000,5.0000,0.0063,0.0067,-0.0073,-0.0464,0.0000,kd50
1481,20.0000,5.0000,0.0063,0.0067,-0.0073,-0.0464,0.0000,kd50
1486,20.0000,5.0000,0.0063,0.0067,-0.0073,-0.0464,0.0000,kd50
1491,20.0000,5.0000,0.0063,0.0067,-0.0073,-0.0513,0.0000,kd50
1496,20.0000,5.0000,0.0063,0.0067,-0.0073,-0.0513,0.0000,kd50
1501,20.0000,5.0000,0.0063,0.0067,-0.0073,-0.0513,0.0000,kd50
1506,20.0000,5.0000,0.0063,0.0067,-0.0073,-0.0562,0.0000,kd50
1511,20.0000,5.0000,0.0063,0.0067,-0.0073,-0.0513,0.0000,kd50
1517,20.0000,5.0000,0.0063,0.0067,-0.0073,-0.0513,0.0000,kd50
1522,20.0000,5.0000,0.0063,0.0067,-0.0073,-0.0513,0.0000,kd50
1527,20.0000,5.0000,0.0063,0.0067,-0.0073,-0.0513,0.0000,kd50
1532,20.0000,5.0000,0.0063,0.0067,-0.0073,-0.0464,0.0000,kd50
1537,20.0000,5.0000,0.0063,0.0067,-0.0073,-0.0513,0.0000,kd50
1542,20.0000,5.0000,0.0063,0.0067,-0.0073,-0.0513,0.0000,kd50
1547,20.0000,5.0000,0.0063,0.0067,-0.0073,-0.0513,0.0000,kd50
1552,20.0000,5.0000,0.0063,0.0067,-0.0073,-0.0513,0.0000,kd50
1557,20.0000,5.0000,0.0063,0.0067,-0.0073,-0.0513,0.0000,kd50
1562,20.0000,5.0000,0.0063,0.0067,-0.0073,-0.0464,0.0000,kd50
1567,20.0000,5.0000,0.0063,0.0067,-0.0073,-0.0464,0.0000,kd50
1572,20.0000,5.0000,0.0063,0.0067,-0.0073,-0.0415,0.0000,kd50
1577,20.0000,5.0000,0.0063,0.0067,-0.0073,-0.0464,0.0000,kd50
1582,20.0000,5.0000,0.0063,0.0067,-0.0073,-0.0464,0.0000,kd50
1587,20.0000,5.0000,0.0063,0.0067,-0.0073,-0.0513,0.0000,kd50
1592,20.0000,5.0000,0.0063,0.0067,-0.0073,-0.0464,0.0000,kd50
1597,20.0000,5.0000,0.0063,0.0067,-0.0073,-0.0464,0.0000,kd50
1602,20.0000,5.0000,0.0063,0.0067,-0.0073,-0.0415,0.0000,kd50
1607,20.0000,5.0000,0.0063,0.0067,-0.0073,-0.0415,0.0000,kd50
1613,20.0000,5.0000,0.0063,0.0067,-0.0073,-0.0464,0.0000,kd50
1618,20.0000,5.0000,0.0063,0.0067,-0.0073,-0.0464,0.0000,kd50
1623,20.0000,5.0000,0.0063,0.0067,-0.0073,-0.0464,0.0000,kd50
1628,20.0000,5.0000,0.0063,0.0067,-0.0073,-0.0464,0.0000,kd50
1633,20.0000,5.0000,0.0063,0.0067,-0.0073,-0.0464,0.0000,kd50
1638,20.0000,5.0000,0.0063,0.0067,-0.0073,-0.0415,0.0000,kd50
1643,20.0000,5.0000,0.0063,0.0067,-0.0073,-0.0464,0.0000,kd50
1648,20.0000,5.0000,0.0063,0.0067,-0.0073,-0.0464,0.0000,kd50
1653,20.0000,5.0000,0.0063,0.0067,-0.0073,-0.0464,0.0000,kd50
1658,20.0000,5.0000,0.0063,0.0067,-0.0073,-0.0366,0.0000,kd50
1663,20.0000,5.0000,0.0063,0.0067,-0.0073,-0.0415,0.0000,kd50
1668,20.0000,5.0000,0.0063,0.0067,-0.0073,-0.0415,0.0000,kd50
1673,20.0000,5.0000,0.0063,0.0067,-0.0073,-0.0415,0.0000,kd50
1678,20.0000,5.0000,0.0063,0.0063,-0.0073,-0.0415,0.0000,kd50
1683,20.0000,5.0000,0.0063,0.0063,-0.0073,-0.0415,0.0000,kd50
1688,20.0000,5.0000,0.0063,0.0063,-0.0073,-0.0415,0.0000,kd50
1693,20.0000,5.0000,0.0063,0.0063,-0.0073,-0.0415,0.0000,kd50
1698,20.0000,5.0000,0.0063,0.0063,-0.0073,-0.0366,0.0000,kd50
1704,20.0000,5.0000,0.0063,0.0063,-0.0073,-0.0415,0.0000,kd50
1709,20.0000,5.0000,0.0063,0.0063,-0.0073,-0.0415,0.0000,kd50
1714,20.0000,5.0000,0.0063,0.0063,-0.0073,-0.0415,0.0000,kd50
1719,20.0000,5.0000,0.0063,0.0063,-0.0073,-0.0415,0.0000,kd50
1724,20.0000,5.0000,0.0063,0.0063,-0.0073,-0.0415,0.0000,kd50
1729,20.0000,5.0000,0.0063,0.0063,-0.0073,-0.0366,0.0000,kd50
1734,20.0000,5.0000,0.0063,0.0063,-0.0073,-0.0415,0.0000,kd50
1739,20.0000,5.0000,0.0063,0.0063,-0.0073,-0.0366,0.0000,kd50
1744,20.0000,5.0000,0.0063,0.0063,-0.0073,-0.0366,0.0000,kd50
1749,20.0000,5.0000,0.0063,0.0063,-0.0073,-0.0415,0.0000,kd50
1754,20.0000,5.0000,0.0063,0.0063,-0.0073,-0.0366,0.0000,kd50
1759,20.0000,5.0000,0.0063,0.0063,-0.0073,-0.0366,0.0000,kd50
1764,20.0000,5.0000,0.0063,0.0063,-0.0073,-0.0366,0.0000,kd50
1769,20.0000,5.0000,0.0063,0.0063,-0.0073,-0.0366,0.0000,kd50
1774,20.0000,5.0000,0.0063,0.0063,-0.0073,-0.0269,0.0000,kd50
1779,20.0000,5.0000,0.0063,0.0063,-0.0073,-0.0366,0.0000,kd50
1784,20.0000,5.0000,0.0063,0.0063,-0.0073,-0.0366,0.0000,kd50
1790,20.0000,5.0000,0.0063,0.0063,-0.0073,-0.0317,0.0000,kd50
1795,20.0000,5.0000,0.0063,0.0063,-0.0073,-0.0317,0.0000,kd50
1800,20.0000,5.0000,0.0063,0.0063,-0.0073,-0.0317,0.0000,kd50
1805,20.0000,5.0000,0.0063,0.0063,-0.0073,-0.0269,0.0000,kd50
1810,20.0000,5.0000,0.0063,0.0063,-0.0073,-0.0269,0.0000,kd50
1815,20.0000,5.0000,0.0063,0.0063,-0.0073,-0.0269,0.0000,kd50
1820,20.0000,5.0000,0.0063,0.0059,-0.0073,-0.0317,0.0000,kd50
1825,20.0000,5.0000,0.0063,0.0059,-0.0073,-0.0269,0.0000,kd50
1830,20.0000,5.0000,0.0063,0.0059,-0.0220,-0.0269,0.0000,kd50
1835,20.0000,5.0000,0.0063,0.0059,-0.0073,-0.0269,0.0000,kd50
1840,20.0000,5.0000,0.0063,0.0059,-0.0220,-0.0220,0.0000,kd50
1845,20.0000,5.0000,0.0063,0.0059,-0.0073,-0.0220,0.0000,kd50
1850,20.0000,5.0000,0.0063,0.0059,-0.0220,-0.0220,0.0000,kd50
1855,20.0000,5.0000,0.0063,0.0059,-0.0073,-0.0171,0.0000,kd50
1860,20.0000,5.0000,0.0063,0.0059,-0.0220,-0.0220,0.0000,kd50
1865,20.0000,5.0000,0.0063,0.0059,-0.0073,-0.0171,0.0000,kd50
1870,20.0000,5.0000,0.0063,0.0059,-0.0220,-0.0171,0.0000,kd50
1875,20.0000,5.0000,0.0063,0.0059,-0.0073,-0.0122,0.0000,kd50
1881,20.0000,5.0000,0.0063,0.0059,-0.0073,-0.0122,0.0000,kd50
1886,20.0000,5.0000,0.0063,0.0059,-0.0073,-0.0073,0.0000,kd50
1891,20.0000,5.0000,0.0063,0.0055,-0.0073,-0.0122,0.0000,kd50
1896,20.0000,5.0000,0.0063,0.0055,-0.0073,-0.0073,0.0000,kd50
1901,20.0000,5.0000,0.0063,0.0055,-0.0073,-0.0024,0.0000,kd50
1906,20.0000,5.0000,0.0063,0.0055,-0.0073,-0.0024,0.0000,kd50
1911,20.0000,5.0000,0.0063,0.0055,-0.0220,-0.0024,0.0000,kd50
1916,20.0000,5.0000,0.0063,0.0055,-0.0220,0.0024,0.0000,kd50
1921,20.0000,5.0000,0.0063,0.0051,-0.0220,0.0122,0.0000,kd50
1926,20.0000,5.0000,0.0063,0.0051,-0.0073,0.0171,0.0000,kd50
1931,20.0000,5.0000,0.0063,0.0051,-0.0220,0.0269,0.0000,kd50
1936,20.0000,5.0000,0.0063,0.0051,-0.0220,0.0317,0.0000,kd50
1941,20.0000,5.0000,0.0063,0.0048,-0.0220,0.0415,0.0000,kd50
1946,20.0000,5.0000,0.0063,0.0048,-0.0366,0.0513,0.0000,kd50
1951,20.0000,5.0000,0.0063,0.0048,-0.0220,0.0611,0.0000,kd50
1956,20.0000,5.0000,0.0063,0.0044,-0.0366,0.0757,0.0000,kd50
1961,20.0000,5.0000,0.0063,0.0044,-0.0220,0.0806,0.0000,kd50
1966,20.0000,5.0000,0.0063,0.0040,-0.0220,0.0806,0.0000,kd50
1972,20.0000,5.0000,0.0063,0.0040,-0.0220,0.0806,0.0000,kd50
1977,20.0000,5.0000,0.0063,0.0040,-0.0220,0.0855,0.0000,kd50
1982,20.0000,5.0000,0.0063,0.0040,-0.0220,0.0806,0.0000,kd50
1987,20.0000,5.0000,0.0063,0.0040,-0.0073,0.0757,0.0000,kd50
1992,20.0000,5.0000,0.0063,0.0040,-0.0220,0.0708,0.0000,kd50
1997,20.0000,5.0000,0.0063,0.0036,-0.0220,0.0708,0.0000,kd50
2002,20.0000,5.0000,0.0063,0.0036,-0.0073,0.0611,0.0000,kd50
2007,20.0000,5.0000,0.0063,0.0036,-0.0220,0.0659,0.0000,kd50
2012,20.0000,5.0000,0.0063,0.0036,-0.0220,0.0562,0.0000,kd50
2017,20.0000,5.0000,0.0063,0.0036,-0.0073,0.0562,0.0000,kd50
2022,20.0000,5.0000,0.0063,0.0036,-0.0220,0.0513,0.0000,kd50
2027,20.0000,5.0000,0.0063,0.0036,-0.0073,0.0513,0.0000,kd50
2032,20.0000,5.0000,0.0063,0.0036,-0.0073,0.0464,0.0000,kd50
2037,20.0000,5.0000,0.0063,0.0036,-0.0073,0.0415,0.0000,kd50
2042,20.0000,5.0000,0.0063,0.0036,-0.0073,0.0366,0.0000,kd50
2047,20.0000,5.0000,0.0063,0.0036,-0.0073,0.0317,0.0000,kd50
2052,20.0000,5.0000,0.0063,0.0036,-0.0073,0.0317,0.0000,kd50
2057,20.0000,5.0000,0.0063,0.0036,-0.0073,0.0317,0.0000,kd50
2063,20.0000,5.0000,0.0063,0.0036,-0.0073,0.0269,0.0000,kd50
2068,20.0000,5.0000,0.0063,0.0036,-0.0073,0.0220,0.0000,kd50
2073,20.0000,5.0000,0.0063,0.0036,-0.0073,0.0220,0.0000,kd50
2078,20.0000,5.0000,0.0063,0.0036,-0.0073,0.0220,0.0000,kd50
2083,20.0000,5.0000,0.0063,0.0036,-0.0073,0.0171,0.0000,kd50
2088,20.0000,5.0000,0.0063,0.0036,-0.0073,0.0171,0.0000,kd50
2093,20.0000,5.0000,0.0063,0.0036,-0.0073,0.0122,0.0000,kd50
2098,20.0000,5.0000,0.0063,0.0036,-0.0073,0.0122,0.0000,kd50
2103,20.0000,5.0000,0.0063,0.0036,-0.0073,0.0122,0.0000,kd50
2108,20.0000,5.0000,0.0063,0.0036,-0.0073,0.0122,0.0000,kd50
2113,20.0000,5.0000,0.0063,0.0036,-0.0073,0.0122,0.0000,kd50
2118,20.0000,5.0000,0.0063,0.0036,-0.0073,0.0122,0.0000,kd50
2123,20.0000,5.0000,0.0063,0.0036,-0.0073,0.0073,0.0000,kd50
2128,20.0000,5.0000,0.0063,0.0036,-0.0073,0.0073,0.0000,kd50
2133,20.0000,5.0000,0.0063,0.0036,-0.0073,0.0122,0.0000,kd50
2138,20.0000,5.0000,0.0063,0.0036,-0.0073,0.0122,0.0000,kd50
2143,20.0000,5.0000,0.0063,0.0036,-0.0073,0.0073,0.0000,kd50
2148,20.0000,5.0000,0.0063,0.0036,-0.0073,0.0073,0.0000,kd50
2154,20.0000,5.0000,0.0063,0.0036,-0.0073,0.0073,0.0000,kd50
2159,20.0000,5.0000,0.0063,0.0036,-0.0073,0.0073,0.0000,kd50
2164,20.0000,5.0000,0.0063,0.0036,-0.0073,0.0073,0.0000,kd50
2169,20.0000,5.0000,0.0063,0.0036,-0.0073,0.0073,0.0000,kd50
2174,20.0000,5.0000,0.0063,0.0036,-0.0073,0.0073,0.0000,kd50
2179,20.0000,5.0000,0.0063,0.0036,-0.0073,0.0073,0.0000,kd50
2184,20.0000,5.0000,0.0063,0.0036,-0.0073,0.0073,0.0000,kd50
2189,20.0000,5.0000,0.0063,0.0036,-0.0073,0.0073,0.0000,kd50
2194,20.0000,5.0000,0.0063,0.0036,-0.0073,0.0073,0.0000,kd50
2199,20.0000,5.0000,0.0063,0.0036,-0.0073,0.0073,0.0000,kd50
2204,20.0000,5.0000,0.0063,0.0036,-0.0073,0.0073,0.0000,kd50
2209,20.0000,5.0000,0.0063,0.0036,-0.0073,0.0073,0.0000,kd50
2214,20.0000,5.0000,0.0063,0.0036,-0.0073,0.0073,0.0000,kd50
2219,20.0000,5.0000,0.0063,0.0036,-0.0073,0.0073,0.0000,kd50
2224,20.0000,5.0000,0.0063,0.0036,-0.0073,0.0073,0.0000,kd50
2229,20.0000,5.0000,0.0063,0.0036,-0.0073,0.0073,0.0000,kd50
2234,20.0000,5.0000,0.0063,0.0036,-0.0073,0.0073,0.0000,kd50
2240,20.0000,5.0000,0.0063,0.0036,-0.0073,0.0073,0.0000,kd50
2245,20.0000,5.0000,0.0063,0.0036,-0.0073,0.0073,0.0000,kd50
2250,20.0000,5.0000,0.0063,0.0036,-0.0073,0.0073,0.0000,kd50
2255,20.0000,5.0000,0.0063,0.0036,-0.0073,0.0073,0.0000,kd50
2260,20.0000,5.0000,0.0063,0.0036,-0.0073,0.0073,0.0000,kd50
2265,20.0000,5.0000,0.0063,0.0036,-0.0073,0.0073,0.0000,kd50
2270,20.0000,5.0000,0.0063,0.0036,-0.0073,0.0073,0.0000,kd50
2275,20.0000,5.0000,0.0063,0.0036,-0.0073,0.0073,0.0000,kd50
2280,20.0000,5.0000,0.0063,0.0036,-0.0073,0.0073,0.0000,kd50
2285,20.0000,5.0000,0.0063,0.0036,-0.0073,0.0073,0.0000,kd50
2290,20.0000,5.0000,0.0063,0.0036,-0.0073,0.0073,0.0000,kd50
2295,20.0000,5.0000,0.0063,0.0036,-0.0073,0.0024,0.0000,kd50
2300,20.0000,5.0000,0.0063,0.0036,-0.0073,0.0024,0.0000,kd50
2305,20.0000,5.0000,0.0063,0.0036,-0.0073,0.0073,0.0000,kd50
2310,20.0000,5.0000,0.0063,0.0036,-0.0073,0.0073,0.0000,kd50
2315,20.0000,5.0000,0.0063,0.0036,-0.0073,0.0024,0.0000,kd50
2320,20.0000,5.0000,0.0063,0.0036,-0.0073,0.0073,0.0000,kd50
2325,20.0000,5.0000,0.0063,0.0036,-0.0073,0.0073,0.0000,kd50
2331,20.0000,5.0000,0.0063,0.0036,-0.0073,0.0073,0.0000,kd50
2336,20.0000,5.0000,0.0063,0.0036,-0.0073,0.0024,0.0000,kd50
2341,20.0000,5.0000,0.0063,0.0036,-0.0073,0.0024,0.0000,kd50
2346,20.0000,5.0000,0.0063,0.0036,-0.0073,0.0024,0.0000,kd50
2351,20.0000,5.0000,0.0063,0.0036,-0.0073,0.0024,0.0000,kd50
2356,20.0000,5.0000,0.0063,0.0036,-0.0073,0.0024,0.0000,kd50
2361,20.0000,5.0000,0.0063,0.0036,-0.0073,0.0024,0.0000,kd50
2366,20.0000,5.0000,0.0063,0.0036,-0.0073,0.0024,0.0000,kd50
2371,20.0000,5.0000,0.0063,0.0036,-0.0073,0.0024,0.0000,kd50
2376,20.0000,5.0000,0.0063,0.0036,-0.0073,0.0024,0.0000,kd50
2381,20.0000,5.0000,0.0063,0.0036,-0.0073,0.0073,0.0000,kd50
2386,20.0000,5.0000,0.0063,0.0036,-0.0073,0.0024,0.0000,kd50
2391,20.0000,5.0000,0.0063,0.0036,-0.0073,0.0024,0.0000,kd50
2396,20.0000,5.0000,0.0063,0.0036,-0.0073,0.0073,0.0000,kd50
2401,20.0000,5.0000,0.0063,0.0036,-0.0073,0.0073,0.0000,kd50
2406,20.0000,5.0000,0.0063,0.0036,-0.0073,0.0073,0.0000,kd50
2411,20.0000,5.0000,0.0063,0.0036,-0.0073,0.0024,0.0000,kd50
2416,20.0000,5.0000,0.0063,0.0036,-0.0073,0.0024,0.0000,kd50
2422,20.0000,5.0000,0.0063,0.0036,-0.0073,0.0024,0.0000,kd50
2427,20.0000,5.0000,0.0063,0.0036,-0.0073,0.0073,0.0000,kd50
2432,20.0000,5.0000,0.0063,0.0036,-0.0073,0.0024,0.0000,kd50
2437,20.0000,5.0000,0.0063,0.0036,-0.0073,0.0024,0.0000,kd50
2442,20.0000,5.0000,0.0063,0.0036,-0.0073,0.0024,0.0000,kd50
2447,20.0000,5.0000,0.0063,0.0036,-0.0073,0.0024,0.0000,kd50
2452,20.0000,5.0000,0.0063,0.0036,-0.0073,-0.0024,0.0000,kd50
2457,20.0000,5.0000,0.0063,0.0036,-0.0073,0.0024,0.0000,kd50
2462,20.0000,5.0000,0.0063,0.0036,-0.0073,0.0024,0.0000,kd50
2467,20.0000,5.0000,0.0063,0.0036,-0.0073,0.0024,0.0000,kd50
2472,20.0000,5.0000,0.0063,0.0036,-0.0073,0.0073,0.0000,kd50
2477,20.0000,5.0000,0.0063,0.0036,-0.0073,0.0024,0.0000,kd50
2482,20.0000,5.0000,0.0063,0.0036,-0.0073,0.0024,0.0000,kd50
2487,20.0000,5.0000,0.0063,0.0036,-0.0073,0.0024,0.0000,kd50
2492,20.0000,5.0000,0.0063,0.0036,-0.0073,0.0024,0.0000,kd50
2497,20.0000,5.0000,0.0063,0.0036,-0.0073,0.0073,0.0000,kd50
2502,20.0000,5.0000,0.0063,0.0036,-0.0073,0.0024,0.0000,kd50
2507,20.0000,5.0000,0.0063,0.0036,-0.0073,0.0073,0.0000,kd50
2513,20.0000,5.0000,0.0063,0.0036,-0.0073,0.0073,0.0000,kd50
2518,20.0000,5.0000,0.0063,0.0036,-0.0073,0.0073,0.0000,kd50
2523,20.0000,5.0000,0.0063,0.0036,-0.0073,0.0073,0.0000,kd50
2528,20.0000,5.0000,0.0063,0.0036,-0.0073,0.0073,0.0000,kd50
2533,20.0000,5.0000,0.0063,0.0036,-0.0073,0.0073,0.0000,kd50
2538,20.0000,5.0000,0.0063,0.0036,-0.0073,0.0073,0.0000,kd50
2543,20.0000,5.0000,0.0063,0.0036,-0.0073,0.0073,0.0000,kd50
2548,20.0000,5.0000,0.0063,0.0036,-0.0073,0.0024,0.0000,kd50
2553,20.0000,5.0000,0.0063,0.0036,-0.0073,0.0024,0.0000,kd50
2558,20.0000,5.0000,0.0063,0.0036,-0.0073,0.0024,0.0000,kd50
2563,20.0000,5.0000,0.0063,0.0036,-0.0073,0.0024,0.0000,kd50
2568,20.0000,5.0000,0.0063,0.0036,-0.0073,0.0024,0.0000,kd50
2573,20.0000,5.0000,0.0063,0.0036,-0.0073,0.0024,0.0000,kd50
2578,20.0000,5.0000,0.0063,0.0036,-0.0073,0.0024,0.0000,kd50
2583,20.0000,5.0000,0.0063,0.0036,-0.0073,0.0073,0.0000,kd50
2588,20.0000,5.0000,0.0063,0.0036,-0.0073,0.0024,0.0000,kd50
2593,20.0000,5.0000,0.0063,0.0036,-0.0073,0.0073,0.0000,kd50
2598,20.0000,5.0000,0.0063,0.0036,-0.0073,0.0073,0.0000,kd50
2603,20.0000,5.0000,0.0063,0.0036,-0.0073,0.0024,0.0000,kd50
2609,20.0000,5.0000,0.0063,0.0036,-0.0073,0.0024,0.0000,kd50
2614,20.0000,5.0000,0.0063,0.0036,-0.0073,0.0024,0.0000,kd50
2619,20.0000,5.0000,0.0063,0.0036,-0.0073,-0.0024,0.0000,kd50
2624,20.0000,5.0000,0.0063,0.0036,-0.0073,0.0024,0.0000,kd50
2629,20.0000,5.0000,0.0063,0.0036,-0.0073,0.0024,0.0000,kd50
2634,20.0000,5.0000,0.0063,0.0036,-0.0073,0.0024,0.0000,kd50
2639,20.0000,5.0000,0.0063,0.0036,-0.0073,0.0073,0.0000,kd50
2644,20.0000,5.0000,0.0063,0.0036,-0.0073,0.0073,0.0000,kd50
2649,20.0000,5.0000,0.0063,0.0036,-0.0073,0.0073,0.0000,kd50
2654,20.0000,5.0000,0.0063,0.0036,-0.0073,0.0024,0.0000,kd50
2659,20.0000,5.0000,0.0063,0.0036,-0.0073,0.0024,0.0000,kd50
2664,20.0000,5.0000,0.0063,0.0036,-0.0073,0.0073,0.0000,kd50
2669,20.0000,5.0000,0.0063,0.0036,-0.0073,0.0024,0.0000,kd50
2674,20.0000,5.0000,0.0063,0.0036,-0.0073,0.0073,0.0000,kd50
2679,20.0000,5.0000,0.0063,0.0036,-0.0073,0.0024,0.0000,kd50
2684,20.0000,5.0000,0.0063,0.0036,-0.0073,0.0073,0.0000,kd50
2689,20.0000,5.0000,0.0063,0.0036,-0.0073,0.0073,0.0000,kd50
2694,20.0000,5.0000,0.0063,0.0036,-0.0073,0.0024,0.0000,kd50
2700,20.0000,5.0000,0.0063,0.0036,-0.0073,0.0024,0.0000,kd50
2705,20.0000,5.0000,0.0063,0.0036,-0.0073,0.0024,0.0000,kd50
2710,20.0000,5.0000,0.0063,0.0036,-0.0073,0.0024,0.0000,kd50
2715,20.0000,5.0000,0.0063,0.0036,-0.0073,0.0073,0.0000,kd50
2720,20.0000,5.0000,0.0063,0.0036,-0.0073,0.0073,0.0000,kd50
2725,20.0000,5.0000,0.0063,0.0036,-0.0073,0.0073,0.0000,kd50
2730,20.0000,5.0000,0.0063,0.0036,-0.0073,0.0073,0.0000,kd50
2735,20.0000,5.0000,0.0063,0.0036,-0.0073,0.0073,0.0000,kd50
2740,20.0000,5.0000,0.0063,0.0036,-0.0073,0.0024,0.0000,kd50
2745,20.0000,5.0000,0.0063,0.0036,-0.0073,0.0024,0.0000,kd50
2750,20.0000,5.0000,0.0063,0.0036,-0.0073,0.0073,0.0000,kd50
2755,20.0000,5.0000,0.0063,0.0036,-0.0073,0.0024,0.0000,kd50
2760,20.0000,5.0000,0.0063,0.0036,-0.0073,0.0073,0.0000,kd50
2765,20.0000,5.0000,0.0063,0.0036,-0.0073,0.0073,0.0000,kd50
2770,20.0000,5.0000,0.0063,0.0036,-0.0073,0.0073,0.0000,kd50
2775,20.0000,5.0000,0.0063,0.0036,-0.0073,0.0073,0.0000,kd50
2780,20.0000,5.0000,0.0063,0.0036,-0.0073,0.0024,0.0000,kd50
2785,20.0000,5.0000,0.0063,0.0036,-0.0073,0.0073,0.0000,kd50
2791,20.0000,5.0000,0.0063,0.0036,-0.0073,0.0024,0.0000,kd50
2796,20.0000,5.0000,0.0063,0.0036,-0.0073,0.0073,0.0000,kd50
2801,20.0000,5.0000,0.0063,0.0036,-0.0073,0.0024,0.0000,kd50
2806,20.0000,5.0000,0.0063,0.0036,-0.0073,0.0073,0.0000,kd50
2811,20.0000,5.0000,0.0063,0.0036,-0.0073,0.0073,0.0000,kd50
2816,20.0000,5.0000,0.0063,0.0036,-0.0073,0.0024,0.0000,kd50
2821,20.0000,5.0000,0.0063,0.0036,-0.0073,0.0073,0.0000,kd50
2826,20.0000,5.0000,0.0063,0.0036,-0.0073,0.0024,0.0000,kd50
2831,20.0000,5.0000,0.0063,0.0036,-0.0073,0.0024,0.0000,kd50
2836,20.0000,5.0000,0.0063,0.0036,-0.0073,0.0024,0.0000,kd50
2841,20.0000,5.0000,0.0063,0.0036,-0.0073,0.0073,0.0000,kd50
2846,20.0000,5.0000,0.0063,0.0036,-0.0073,0.0024,0.0000,kd50
2851,20.0000,5.0000,0.0063,0.0036,-0.0073,0.0073,0.0000,kd50
2856,20.0000,5.0000,0.0063,0.0036,-0.0073,0.0073,0.0000,kd50
2861,20.0000,5.0000,0.0063,0.0036,-0.0073,0.0024,0.0000,kd50
2866,20.0000,5.0000,0.0063,0.0036,-0.0073,0.0024,0.0000,kd50
2871,20.0000,5.0000,0.0063,0.0036,-0.0073,0.0073,0.0000,kd50
2877,20.0000,5.0000,0.0063,0.0036,-0.0073,0.0024,0.0000,kd50
2882,20.0000,5.0000,0.0063,0.0036,-0.0073,0.0073,0.0000,kd50
2887,20.0000,5.0000,0.0063,0.0036,-0.0073,0.0073,0.0000,kd50
2892,20.0000,5.0000,0.0063,0.0036,-0.0073,0.0024,0.0000,kd50
2897,20.0000,5.0000,0.0063,0.0036,-0.0073,0.0073,0.0000,kd50
2902,20.0000,5.0000,0.0063,0.0036,-0.0073,0.0024,0.0000,kd50
2907,20.0000,5.0000,0.0063,0.0036,-0.0073,0.0073,0.0000,kd50
2912,20.0000,5.0000,0.0063,0.0036,-0.0073,0.0073,0.0000,kd50
2917,20.0000,5.0000,0.0063,0.0036,-0.0073,0.0073,0.0000,kd50
2922,20.0000,5.0000,0.0063,0.0036,-0.0073,0.0024,0.0000,kd50
2927,20.0000,5.0000,0.0063,0.0036,-0.0073,0.0073,0.0000,kd50
2932,20.0000,5.0000,0.0063,0.0036,-0.0073,0.0024,0.0000,kd50
2937,20.0000,5.0000,0.0063,0.0036,-0.0073,0.0024,0.0000,kd50
2942,20.0000,5.0000,0.0063,0.0036,-0.0073,0.0073,0.0000,kd50
2947,20.0000,5.0000,0.0063,0.0036,-0.0073,0.0024,0.0000,kd50
2952,20.0000,5.0000,0.0063,0.0036,-0.0073,0.0073,0.0000,kd50
2957,20.0000,5.0000,0.0063,0.0036,-0.0073,0.0073,0.0000,kd50
2962,20.0000,5.0000,0.0063,0.0036,-0.0073,0.0073,0.0000,kd50
2968,20.0000,5.0000,0.0063,0.0036,-0.0073,0.0024,0.0000,kd50
2973,20.0000,5.0000,0.0063,0.0036,-0.0073,0.0024,0.0000,kd50
2978,20.0000,5.0000,0.0063,0.0036,-0.0073,0.0073,0.0000,kd50
2983,20.0000,5.0000,0.0063,0.0036,-0.0073,0.0073,0.0000,kd50
2988,20.0000,5.0000,0.0063,0.0036,-0.0073,0.0024,0.0000,kd50
2993,20.0000,5.0000,0.0063,0.0036,-0.0073,0.0073,0.0000,kd50
2998,20.0000,5.0000,0.0063,0.0036,-0.0073,0.0073,0.0000,kd50
3003,20.0000,5.0000,0.0063,0.0036,-0.0073,0.0073,0.0000,kd50
3008,20.0000,5.0000,0.0063,0.0036,-0.0073,0.0024,0.0000,kd50
3013,20.0000,5.0000,0.0063,0.0036,-0.0073,0.0024,0.0000,kd50
3018,20.0000,5.0000,0.0063,0.0036,-0.0073,0.0024,0.0000,kd50
3023,20.0000,5.0000,0.0063,0.0036,-0.0073,0.0073,0.0000,kd50
3028,20.0000,5.0000,0.0063,0.0036,-0.0073,0.0073,0.0000,kd50
3033,20.0000,5.0000,0.0063,0.0036,-0.0073,0.0073,0.0000,kd50
3038,20.0000,5.0000,0.0063,0.0036,-0.0073,0.0073,0.0000,kd50
3043,20.0000,5.0000,0.0063,0.0036,-0.0073,0.0024,0.0000,kd50
3048,20.0000,5.0000,0.0063,0.0036,-0.0073,0.0024,0.0000,kd50
3053,20.0000,5.0000,0.0063,0.0036,-0.0073,0.0024,0.0000,kd50
3058,20.0000,5.0000,0.0063,0.0036,-0.0073,0.0073,0.0000,kd50
3064,20.0000,5.0000,0.0063,0.0036,-0.0073,0.0024,0.0000,kd50
3069,20.0000,5.0000,0.0063,0.0036,-0.0073,0.0024,0.0000,kd50
3074,20.0000,5.0000,0.0063,0.0036,-0.0073,0.0024,0.0000,kd50
3079,20.0000,5.0000,0.0063,0.0036,-0.0073,0.0073,0.0000,kd50
3084,20.0000,5.0000,0.0063,0.0036,-0.0073,0.0024,0.0000,kd50
3089,20.0000,5.0000,0.0063,0.0036,-0.0073,0.0073,0.0000,kd50
3094,20.0000,5.0000,0.0063,0.0036,-0.0073,0.0024,0.0000,kd50
3099,20.0000,5.0000,0.0063,0.0036,-0.0073,0.0073,0.0000,kd50
3104,20.0000,5.0000,0.0063,0.0036,-0.0073,0.0024,0.0000,kd50
3109,20.0000,5.0000,0.0063,0.0036,-0.0073,0.0024,0.0000,kd50
3114,20.0000,5.0000,0.0063,0.0036,-0.0073,0.0024,0.0000,kd50
3119,20.0000,5.0000,0.0063,0.0036,-0.0073,0.0024,0.0000,kd50
3124,20.0000,5.0000,0.0063,0.0036,-0.0073,0.0024,0.0000,kd50
3129,20.0000,5.0000,0.0063,0.0036,-0.0073,0.0024,0.0000,kd50
3134,20.0000,5.0000,0.0063,0.0036,-0.0073,0.0073,0.0000,kd50
3139,20.0000,5.0000,0.0063,0.0036,-0.0073,0.0073,0.0000,kd50
3144,20.0000,5.0000,0.0063,0.0036,-0.0073,0.0024,0.0000,kd50
3150,20.0000,5.0000,0.0063,0.0036,-0.0073,0.0073,0.0000,kd50
3155,20.0000,5.0000,0.0063,0.0036,-0.0073,0.0073,0.0000,kd50
3160,20.0000,5.0000,0.0063,0.0036,-0.0073,0.0024,0.0000,kd50
3165,20.0000,5.0000,0.0063,0.0036,-0.0073,0.0073,0.0000,kd50
3170,20.0000,5.0000,0.0063,0.0036,-0.0073,0.0073,0.0000,kd50
3175,20.0000,5.0000,0.0063,0.0036,-0.0073,0.0073,0.0000,kd50
3180,20.0000,5.0000,0.0063,0.0036,-0.0073,0.0073,0.0000,kd50
3185,20.0000,5.0000,0.0063,0.0036,-0.0073,0.0073,0.0000,kd50
3190,20.0000,5.0000,0.0063,0.0036,-0.0073,0.0073,0.0000,kd50
3195,20.0000,5.0000,0.0063,0.0036,-0.0073,0.0073,0.0000,kd50
3200,20.0000,5.0000,0.0063,0.0036,-0.0073,0.0073,0.0000,kd50
3205,20.0000,5.0000,0.0063,0.0036,-0.0073,0.0073,0.0000,kd50
3210,20.0000,5.0000,0.0063,0.0036,-0.0073,0.0122,0.0000,kd50
3215,20.0000,5.0000,0.0063,0.0036,-0.0073,0.0073,0.0000,kd50
3220,20.0000,5.0000,0.0063,0.0036,-0.0073,0.0024,0.0000,kd50
3225,20.0000,5.0000,0.0063,0.0036,-0.0073,0.0073,0.0000,kd50
3230,20.0000,5.0000,0.0063,0.0036,-0.0073,0.0073,0.0000,kd50
3236,20.0000,5.0000,0.0063,0.0036,-0.0073,0.0073,0.0000,kd50
3241,20.0000,5.0000,0.0063,0.0036,-0.0073,0.0073,0.0000,kd50
3246,20.0000,5.0000,0.0063,0.0036,-0.0073,0.0122,0.0000,kd50
3251,20.0000,5.0000,0.0063,0.0036,-0.0073,0.0122,0.0000,kd50
3256,20.0000,5.0000,0.0063,0.0036,-0.0073,0.0073,0.0000,kd50
3261,20.0000,5.0000,0.0063,0.0036,-0.0073,0.0073,0.0000,kd50
3266,20.0000,5.0000,0.0063,0.0036,-0.0073,0.0073,0.0000,kd50
3271,20.0000,5.0000,0.0063,0.0036,-0.0073,0.0073,0.0000,kd50
3276,20.0000,5.0000,0.0063,0.0036,-0.0073,0.0122,0.0000,kd50
3281,20.0000,5.0000,0.0063,0.0036,-0.0073,0.0073,0.0000,kd50
3286,20.0000,5.0000,0.0063,0.0036,-0.0073,0.0073,0.0000,kd50
3291,20.0000,5.0000,0.0063,0.0036,-0.0073,0.0122,0.0000,kd50
3296,20.0000,5.0000,0.0063,0.0036,-0.0073,0.0073,0.0000,kd50
3301,20.0000,5.0000,0.0063,0.0036,-0.0073,0.0073,0.0000,kd50
3306,20.0000,5.0000,0.0063,0.0036,-0.0073,0.0073,0.0000,kd50
3311,20.0000,5.0000,0.0063,0.0036,-0.0073,0.0024,0.0000,kd50
3316,20.0000,5.0000,0.0063,0.0036,-0.0073,0.0073,0.0000,kd50
3321,20.0000,5.0000,0.0063,0.0036,-0.0073,0.0122,0.0000,kd50
3327,20.0000,5.0000,0.0063,0.0036,-0.0073,0.0122,0.0000,kd50
3332,20.0000,5.0000,0.0063,0.0036,-0.0073,0.0122,0.0000,kd50
3337,20.0000,5.0000,0.0063,0.0036,-0.0073,0.0073,0.0000,kd50
3342,20.0000,5.0000,0.0063,0.0036,-0.0073,0.0122,0.0000,kd50
3347,20.0000,5.0000,0.0063,0.0036,-0.0073,0.0073,0.0000,kd50
3352,20.0000,5.0000,0.0063,0.0036,-0.0073,0.0073,0.0000,kd50
3357,20.0000,5.0000,0.0063,0.0036,-0.0073,0.0073,0.0000,kd50
3362,20.0000,5.0000,0.0063,0.0036,-0.0073,0.0122,0.0000,kd50
3367,20.0000,5.0000,0.0063,0.0036,-0.0073,0.0073,0.0000,kd50
3372,20.0000,5.0000,0.0063,0.0036,-0.0073,0.0024,0.0000,kd50
3377,20.0000,5.0000,0.0063,0.0036,-0.0073,0.0073,0.0000,kd50
3382,20.0000,5.0000,0.0063,0.0036,-0.0073,0.0073,0.0000,kd50
3387,20.0000,5.0000,0.0063,0.0036,-0.0073,0.0122,0.0000,kd50
3392,20.0000,5.0000,0.0063,0.0036,-0.0073,0.0073,0.0000,kd50
3397,20.0000,5.0000,0.0063,0.0036,-0.0073,0.0122,0.0000,kd50
3402,20.0000,5.0000,0.0063,0.0036,-0.0073,0.0122,0.0000,kd50
3407,20.0000,5.0000,0.0063,0.0036,-0.0073,0.0122,0.0000,kd50
3413,20.0000,5.0000,0.0063,0.0036,-0.0073,0.0122,0.0000,kd50
3418,20.0000,5.0000,0.0063,0.0036,-0.0073,0.0122,0.0000,kd50
3423,20.0000,5.0000,0.0063,0.0036,-0.0073,0.0171,0.0000,kd50
3428,20.0000,5.0000,0.0063,0.0036,-0.0073,0.0171,0.0000,kd50
3433,20.0000,5.0000,0.0063,0.0036,-0.0073,0.0122,0.0000,kd50
3438,20.0000,5.0000,0.0063,0.0036,-0.0073,0.0171,0.0000,kd50
3443,20.0000,5.0000,0.0063,0.0036,-0.0073,0.0171,0.0000,kd50
3448,20.0000,5.0000,0.0063,0.0036,-0.0073,0.0171,0.0000,kd50
3453,20.0000,5.0000,0.0063,0.0036,-0.0073,0.0171,0.0000,kd50
3458,20.0000,5.0000,0.0063,0.0036,-0.0073,0.0171,0.0000,kd50
3463,20.0000,5.0000,0.0063,0.0036,-0.0073,0.0171,0.0000,kd50
3468,20.0000,5.0000,0.0063,0.0036,-0.0073,0.0171,0.0000,kd50
3473,20.0000,5.0000,0.0063,0.0036,-0.0073,0.0171,0.0000,kd50
3478,20.0000,5.0000,0.0063,0.0036,-0.0073,0.0171,0.0000,kd50
3483,20.0000,5.0000,0.0063,0.0036,-0.0073,0.0171,0.0000,kd50
3488,20.0000,5.0000,0.0063,0.0036,-0.0073,0.0220,0.0000,kd50
3493,20.0000,5.0000,0.0063,0.0036,-0.0073,0.0171,0.0000,kd50
3498,20.0000,5.0000,0.0063,0.0036,-0.0073,0.0171,0.0000,kd50
3504,20.0000,5.0000,0.0063,0.0036,-0.0073,0.0171,0.0000,kd50
3509,20.0000,5.0000,0.0063,0.0032,-0.0220,0.0171,0.0000,kd50
3514,20.0000,5.0000,0.0063,0.0032,-0.0073,0.0220,0.0000,kd50
3519,20.0000,5.0000,0.0063,0.0032,-0.0073,0.0171,0.0000,kd50
3524,20.0000,5.0000,0.0063,0.0032,-0.0073,0.0220,0.0000,kd50
3529,20.0000,5.0000,0.0063,0.0032,-0.0073,0.0220,0.0000,kd50
3534,20.0000,5.0000,0.0063,0.0032,-0.0073,0.0171,0.0000,kd50
3539,20.0000,5.0000,0.0063,0.0032,-0.0073,0.0171,0.0000,kd50
3544,20.0000,5.0000,0.0063,0.0032,-0.0073,0.0220,0.0000,kd50
3549,20.0000,5.0000,0.0063,0.0032,-0.0073,0.0269,0.0000,kd50
3554,20.0000,5.0000,0.0063,0.0032,-0.0073,0.0220,0.0000,kd50
3559,20.0000,5.0000,0.0063,0.0032,-0.0073,0.0220,0.0000,kd50
3564,20.0000,5.0000,0.0063,0.0032,-0.0073,0.0220,0.0000,kd50
3569,20.0000,5.0000,0.0063,0.0032,-0.0073,0.0220,0.0000,kd50
3574,20.0000,5.0000,0.0063,0.0032,-0.0073,0.0220,0.0000,kd50
3579,20.0000,5.0000,0.0063,0.0032,-0.0073,0.0220,0.0000,kd50
3584,20.0000,5.0000,0.0063,0.0032,-0.0073,0.0171,0.0000,kd50
3590,20.0000,5.0000,0.0063,0.0032,-0.0073,0.0220,0.0000,kd50
3595,20.0000,5.0000,0.0063,0.0032,-0.0073,0.0220,0.0000,kd50
3600,20.0000,5.0000,0.0063,0.0032,-0.0073,0.0220,0.0000,kd50
3605,20.0000,5.0000,0.0063,0.0032,-0.0073,0.0220,0.0000,kd50
3610,20.0000,5.0000,0.0063,0.0032,-0.0073,0.0220,0.0000,kd50
3615,20.0000,5.0000,0.0063,0.0032,-0.0073,0.0220,0.0000,kd50
3620,20.0000,5.0000,0.0063,0.0032,-0.0073,0.0220,0.0000,kd50
3625,20.0000,5.0000,0.0063,0.0032,-0.0073,0.0220,0.0000,kd50
3630,20.0000,5.0000,0.0063,0.0032,-0.0073,0.0220,0.0000,kd50
3635,20.0000,5.0000,0.0063,0.0032,-0.0073,0.0220,0.0000,kd50
3640,20.0000,5.0000,0.0063,0.0032,-0.0073,0.0171,0.0000,kd50
3645,20.0000,5.0000,0.0063,0.0032,-0.0073,0.0220,0.0000,kd50
3650,20.0000,5.0000,0.0063,0.0032,-0.0073,0.0220,0.0000,kd50
3655,20.0000,5.0000,0.0063,0.0032,-0.0073,0.0171,0.0000,kd50
3660,20.0000,5.0000,0.0063,0.0032,-0.0073,0.0220,0.0000,kd50
3665,20.0000,5.0000,0.0063,0.0032,-0.0073,0.0220,0.0000,kd50
3670,20.0000,5.0000,0.0063,0.0032,-0.0073,0.0220,0.0000,kd50
3675,20.0000,5.0000,0.0063,0.0032,-0.0073,0.0220,0.0000,kd50
3680,20.0000,5.0000,0.0063,0.0032,-0.0073,0.0220,0.0000,kd50
3686,20.0000,5.0000,0.0063,0.0032,-0.0073,0.0220,0.0000,kd50
3691,20.0000,5.0000,0.0063,0.0032,-0.0073,0.0171,0.0000,kd50
3696,20.0000,5.0000,0.0063,0.0032,-0.0073,0.0220,0.0000,kd50
3701,20.0000,5.0000,0.0063,0.0032,-0.0073,0.0171,0.0000,kd50
3706,20.0000,5.0000,0.0063,0.0032,-0.0073,0.0220,0.0000,kd50
3711,20.0000,5.0000,0.0063,0.0032,-0.0073,0.0220,0.0000,kd50
3716,20.0000,5.0000,0.0063,0.0032,-0.0073,0.0220,0.0000,kd50
3721,20.0000,5.0000,0.0063,0.0032,-0.0073,0.0220,0.0000,kd50
3726,20.0000,5.0000,0.0063,0.0032,-0.0073,0.0220,0.0000,kd50
3731,20.0000,5.0000,0.0063,0.0032,-0.0073,0.0220,0.0000,kd50
3736,20.0000,5.0000,0.0063,0.0032,-0.0073,0.0220,0.0000,kd50
3741,20.0000,5.0000,0.0063,0.0032,-0.0073,0.0220,0.0000,kd50
3746,20.0000,5.0000,0.0063,0.0032,-0.0073,0.0220,0.0000,kd50
3751,20.0000,5.0000,0.0063,0.0032,-0.0073,0.0220,0.0000,kd50
3756,20.0000,5.0000,0.0063,0.0032,-0.0073,0.0220,0.0000,kd50
3761,20.0000,5.0000,0.0063,0.0032,-0.0073,0.0220,0.0000,kd50
3766,20.0000,5.0000,0.0063,0.0032,-0.0073,0.0220,0.0000,kd50
3771,20.0000,5.0000,0.0063,0.0032,-0.0073,0.0171,0.0000,kd50
3777,20.0000,5.0000,0.0063,0.0032,-0.0073,0.0171,0.0000,kd50
3782,20.0000,5.0000,0.0063,0.0032,-0.0073,0.0171,0.0000,kd50
3787,20.0000,5.0000,0.0063,0.0032,-0.0073,0.0220,0.0000,kd50
3792,20.0000,5.0000,0.0063,0.0032,-0.0073,0.0220,0.0000,kd50
3797,20.0000,5.0000,0.0063,0.0032,-0.0073,0.0269,0.0000,kd50
3802,20.0000,5.0000,0.0063,0.0032,-0.0073,0.0220,0.0000,kd50
3807,20.0000,5.0000,0.0063,0.0032,-0.0073,0.0220,0.0000,kd50
3812,20.0000,5.0000,0.0063,0.0032,-0.0073,0.0220,0.0000,kd50
3817,20.0000,5.0000,0.0063,0.0032,-0.0073,0.0220,0.0000,kd50
3822,20.0000,5.0000,0.0063,0.0032,-0.0073,0.0269,0.0000,kd50
3827,20.0000,5.0000,0.0063,0.0032,-0.0073,0.0220,0.0000,kd50
3832,20.0000,5.0000,0.0063,0.0032,-0.0073,0.0220,0.0000,kd50
3837,20.0000,5.0000,0.0063,0.0032,-0.0073,0.0220,0.0000,kd50
3842,20.0000,5.0000,0.0063,0.0032,-0.0073,0.0220,0.0000,kd50
3847,20.0000,5.0000,0.0063,0.0032,-0.0073,0.0220,0.0000,kd50
3852,20.0000,5.0000,0.0063,0.0029,-0.0073,0.0220,0.0000,kd50
3857,20.0000,5.0000,0.0063,0.0029,-0.0073,0.0220,0.0000,kd50
3863,20.0000,5.0000,0.0063,0.0029,-0.0073,0.0171,0.0000,kd50
3868,20.0000,5.0000,0.0063,0.0029,-0.0073,0.0220,0.0000,kd50
3873,20.0000,5.0000,0.0063,0.0029,-0.0073,0.0220,0.0000,kd50
3878,20.0000,5.0000,0.0063,0.0029,-0.0073,0.0220,0.0000,kd50
3883,20.0000,5.0000,0.0063,0.0029,-0.0073,0.0220,0.0000,kd50
3888,20.0000,5.0000,0.0063,0.0029,-0.0073,0.0220,0.0000,kd50
3893,20.0000,5.0000,0.0063,0.0029,-0.0073,0.0220,0.0000,kd50
3898,20.0000,5.0000,0.0063,0.0029,-0.0073,0.0220,0.0000,kd50
3903,20.0000,5.0000,0.0063,0.0029,-0.0073,0.0220,0.0000,kd50
3908,20.0000,5.0000,0.0063,0.0029,-0.0073,0.0220,0.0000,kd50
3913,20.0000,5.0000,0.0063,0.0029,-0.0073,0.0269,0.0000,kd50
3918,20.0000,5.0000,0.0063,0.0029,-0.0073,0.0220,0.0000,kd50
3923,20.0000,5.0000,0.0063,0.0029,-0.0073,0.0269,0.0000,kd50
3928,20.0000,5.0000,0.0063,0.0029,-0.0073,0.0269,0.0000,kd50
3933,20.0000,5.0000,0.0063,0.0029,-0.0073,0.0220,0.0000,kd50
3938,20.0000,5.0000,0.0063,0.0029,-0.0073,0.0220,0.0000,kd50
3943,20.0000,5.0000,0.0063,0.0029,-0.0073,0.0171,0.0000,kd50
3948,20.0000,5.0000,0.0063,0.0029,-0.0073,0.0220,0.0000,kd50
3953,20.0000,5.0000,0.0063,0.0029,-0.0073,0.0220,0.0000,kd50
3958,20.0000,5.0000,0.0063,0.0029,-0.0073,0.0220,0.0000,kd50
3964,20.0000,5.0000,0.0063,0.0029,-0.0073,0.0171,0.0000,kd50
3969,20.0000,5.0000,0.0063,0.0029,-0.0073,0.0220,0.0000,kd50
3974,20.0000,5.0000,0.0063,0.0029,-0.0073,0.0220,0.0000,kd50
3979,20.0000,5.0000,0.0063,0.0029,-0.0073,0.0220,0.0000,kd50
3984,20.0000,5.0000,0.0063,0.0029,-0.0073,0.0171,0.0000,kd50
3989,20.0000,5.0000,0.0063,0.0029,-0.0073,0.0220,0.0000,kd50
3994,20.0000,5.0000,0.0063,0.0029,-0.0073,0.0220,0.0000,kd50
3999,20.0000,5.0000,0.0063,0.0029,-0.0073,0.0220,0.0000,kd50
4004,20.0000,5.0000,0.0063,0.0029,-0.0073,0.0220,0.0000,kd50
4009,20.0000,5.0000,0.0063,0.0029,-0.0073,0.0220,0.0000,kd50
4014,20.0000,5.0000,0.0063,0.0029,-0.0073,0.0220,0.0000,kd50
4019,20.0000,5.0000,0.0063,0.0029,-0.0073,0.0220,0.0000,kd50
4024,20.0000,5.0000,0.0063,0.0029,-0.0073,0.0269,0.0000,kd50
4029,20.0000,5.0000,0.0063,0.0029,-0.0073,0.0220,0.0000,kd50
4034,20.0000,5.0000,0.0063,0.0029,-0.0073,0.0269,0.0000,kd50
4039,20.0000,5.0000,0.0063,0.0029,-0.0073,0.0220,0.0000,kd50
4044,20.0000,5.0000,0.0063,0.0029,-0.0073,0.0220,0.0000,kd50
4049,20.0000,5.0000,0.0063,0.0029,-0.0073,0.0220,0.0000,kd50
4055,20.0000,5.0000,0.0063,0.0029,-0.0073,0.0220,0.0000,kd50
4060,20.0000,5.0000,0.0063,0.0029,-0.0073,0.0220,0.0000,kd50
4065,20.0000,5.0000,0.0063,0.0029,-0.0073,0.0220,0.0000,kd50
4070,20.0000,5.0000,0.0063,0.0029,-0.0073,0.0220,0.0000,kd50
4075,20.0000,5.0000,0.0063,0.0029,-0.0073,0.0220,0.0000,kd50
4080,20.0000,5.0000,0.0063,0.0029,-0.0073,0.0220,0.0000,kd50
4085,20.0000,5.0000,0.0063,0.0029,-0.0073,0.0220,0.0000,kd50
4090,20.0000,5.0000,0.0063,0.0029,-0.0073,0.0220,0.0000,kd50
4095,20.0000,5.0000,0.0063,0.0029,-0.0073,0.0269,0.0000,kd50
4100,20.0000,5.0000,0.0063,0.0029,-0.0220,0.0220,0.0000,kd50
4105,20.0000,5.0000,0.0063,0.0029,-0.0073,0.0269,0.0000,kd50
4110,20.0000,5.0000,0.0063,0.0029,-0.0220,0.0220,0.0000,kd50
4115,20.0000,5.0000,0.0063,0.0029,-0.0073,0.0269,0.0000,kd50
4120,20.0000,5.0000,0.0063,0.0029,-0.0073,0.0269,0.0000,kd50
4125,20.0000,5.0000,0.0063,0.0029,-0.0073,0.0269,0.0000,kd50
4130,20.0000,5.0000,0.0063,0.0029,-0.0073,0.0269,0.0000,kd50
4135,20.0000,5.0000,0.0063,0.0029,-0.0073,0.0220,0.0000,kd50
4140,20.0000,5.0000,0.0063,0.0029,-0.0073,0.0269,0.0000,kd50
4146,20.0000,5.0000,0.0063,0.0029,-0.0073,0.0269,0.0000,kd50
4151,20.0000,5.0000,0.0063,0.0029,-0.0073,0.0220,0.0000,kd50
4156,20.0000,5.0000,0.0063,0.0029,-0.0073,0.0269,0.0000,kd50
4161,20.0000,5.0000,0.0063,0.0029,-0.0073,0.0269,0.0000,kd50
4166,20.0000,5.0000,0.0063,0.0029,-0.0073,0.0220,0.0000,kd50
4171,20.0000,5.0000,0.0063,0.0029,-0.0073,0.0220,0.0000,kd50
4176,20.0000,5.0000,0.0063,0.0029,-0.0073,0.0220,0.0000,kd50
4181,20.0000,5.0000,0.0063,0.0029,-0.0073,0.0220,0.0000,kd50
4186,20.0000,5.0000,0.0063,0.0029,-0.0073,0.0220,0.0000,kd50
4191,20.0000,5.0000,0.0063,0.0029,-0.0073,0.0269,0.0000,kd50
4196,20.0000,5.0000,0.0063,0.0029,-0.0073,0.0220,0.0000,kd50
4201,20.0000,5.0000,0.0063,0.0029,-0.0073,0.0220,0.0000,kd50
4206,20.0000,5.0000,0.0063,0.0029,-0.0073,0.0269,0.0000,kd50
4211,20.0000,5.0000,0.0063,0.0029,-0.0073,0.0220,0.0000,kd50
4216,20.0000,5.0000,0.0063,0.0029,-0.0073,0.0171,0.0000,kd50
4221,20.0000,5.0000,0.0063,0.0029,-0.0073,0.0220,0.0000,kd50
4226,20.0000,5.0000,0.0063,0.0029,-0.0073,0.0220,0.0000,kd50
4231,20.0000,5.0000,0.0063,0.0029,-0.0073,0.0220,0.0000,kd50
4237,20.0000,5.0000,0.0063,0.0029,-0.0073,0.0220,0.0000,kd50
4242,20.0000,5.0000,0.0063,0.0029,-0.0073,0.0220,0.0000,kd50
4247,20.0000,5.0000,0.0063,0.0029,-0.0073,0.0220,0.0000,kd50
4252,20.0000,5.0000,0.0063,0.0029,-0.0073,0.0220,0.0000,kd50
4257,20.0000,5.0000,0.0063,0.0029,-0.0073,0.0220,0.0000,kd50
4262,20.0000,5.0000,0.0063,0.0029,-0.0073,0.0220,0.0000,kd50
4267,20.0000,5.0000,0.0063,0.0029,-0.0073,0.0220,0.0000,kd50
4272,20.0000,5.0000,0.0063,0.0029,-0.0073,0.0220,0.0000,kd50
4277,20.0000,5.0000,0.0063,0.0029,-0.0073,0.0220,0.0000,kd50
4282,20.0000,5.0000,0.0063,0.0029,-0.0073,0.0220,0.0000,kd50
4287,20.0000,5.0000,0.0063,0.0029,-0.0073,0.0220,0.0000,kd50
4292,20.0000,5.0000,0.0063,0.0029,-0.0073,0.0220,0.0000,kd50
4297,20.0000,5.0000,0.0063,0.0029,-0.0073,0.0220,0.0000,kd50
4302,20.0000,5.0000,0.0063,0.0029,-0.0073,0.0220,0.0000,kd50
4307,20.0000,5.0000,0.0063,0.0029,-0.0073,0.0220,0.0000,kd50
4312,20.0000,5.0000,0.0063,0.0029,-0.0073,0.0220,0.0000,kd50
4317,20.0000,5.0000,0.0063,0.0029,-0.0073,0.0220,0.0000,kd50
4322,20.0000,5.0000,0.0063,0.0029,-0.0073,0.0220,0.0000,kd50
4328,20.0000,5.0000,0.0063,0.0029,-0.0073,0.0220,0.0000,kd50
4333,20.0000,5.0000,0.0063,0.0029,-0.0073,0.0220,0.0000,kd50
4338,20.0000,5.0000,0.0063,0.0029,-0.0073,0.0220,0.0000,kd50
4343,20.0000,5.0000,0.0063,0.0029,-0.0073,0.0220,0.0000,kd50
4348,20.0000,5.0000,0.0063,0.0029,-0.0073,0.0220,0.0000,kd50
4353,20.0000,5.0000,0.0063,0.0029,-0.0073,0.0220,0.0000,kd50
4358,20.0000,5.0000,0.0063,0.0029,-0.0073,0.0220,0.0000,kd50
4363,20.0000,5.0000,0.0063,0.0029,-0.0073,0.0220,0.0000,kd50
4368,20.0000,5.0000,0.0063,0.0029,-0.0073,0.0269,0.0000,kd50
4373,20.0000,5.0000,0.0063,0.0029,-0.0073,0.0220,0.0000,kd50
4378,20.0000,5.0000,0.0063,0.0029,-0.0073,0.0220,0.0000,kd50
4383,20.0000,5.0000,0.0063,0.0029,-0.0073,0.0220,0.0000,kd50
4388,20.0000,5.0000,0.0063,0.0029,-0.0073,0.0220,0.0000,kd50
4393,20.0000,5.0000,0.0063,0.0029,-0.0073,0.0220,0.0000,kd50
4398,20.0000,5.0000,0.0063,0.0029,-0.0073,0.0220,0.0000,kd50
4403,20.0000,5.0000,0.0063,0.0029,-0.0073,0.0220,0.0000,kd50
4408,20.0000,5.0000,0.0063,0.0029,-0.0073,0.0220,0.0000,kd50
4413,20.0000,5.0000,0.0063,0.0029,-0.0073,0.0220,0.0000,kd50
4419,20.0000,5.0000,0.0063,0.0029,-0.0073,0.0220,0.0000,kd50
4424,20.0000,5.0000,0.0063,0.0029,-0.0073,0.0171,0.0000,kd50
4429,20.0000,5.0000,0.0063,0.0029,-0.0073,0.0171,0.0000,kd50
4434,20.0000,5.0000,0.0063,0.0029,-0.0073,0.0171,0.0000,kd50
4439,20.0000,5.0000,0.0063,0.0029,-0.0073,0.0220,0.0000,kd50
4444,20.0000,5.0000,0.0063,0.0029,-0.0073,0.0220,0.0000,kd50
4449,20.0000,5.0000,0.0063,0.0029,-0.0073,0.0220,0.0000,kd50
4454,20.0000,5.0000,0.0063,0.0029,-0.0073,0.0220,0.0000,kd50
4459,20.0000,5.0000,0.0063,0.0029,-0.0073,0.0171,0.0000,kd50
4464,20.0000,5.0000,0.0063,0.0029,0.0073,0.0171,0.0000,kd50
4469,20.0000,5.0000,0.0063,0.0029,-0.0073,0.0171,0.0000,kd50
4474,20.0000,5.0000,0.0063,0.0029,-0.0073,0.0171,0.0000,kd50
4479,20.0000,5.0000,0.0063,0.0029,-0.0073,0.0171,0.0000,kd50
4484,20.0000,5.0000,0.0063,0.0029,-0.0073,0.0171,0.0000,kd50
4489,20.0000,5.0000,0.0063,0.0029,-0.0073,0.0171,0.0000,kd50
4494,20.0000,5.0000,0.0063,0.0029,-0.0073,0.0122,0.0000,kd50
4499,20.0000,5.0000,0.0063,0.0032,-0.0073,0.0122,0.0000,kd50
4505,20.0000,5.0000,0.0063,0.0032,-0.0073,0.0122,0.0000,kd50
4510,20.0000,5.0000,0.0063,0.0032,0.0073,0.0122,0.0000,kd50
4515,20.0000,5.0000,0.0063,0.0032,-0.0073,0.0122,0.0000,kd50
4520,20.0000,5.0000,0.0063,0.0032,-0.0073,0.0122,0.0000,kd50
4525,20.0000,5.0000,0.0063,0.0032,-0.0073,0.0073,0.0000,kd50
4530,20.0000,5.0000,0.0063,0.0032,-0.0073,0.0073,0.0000,kd50
4535,20.0000,5.0000,0.0063,0.0032,-0.0073,0.0122,0.0000,kd50
4540,20.0000,5.0000,0.0063,0.0032,-0.0073,0.0122,0.0000,kd50
4545,20.0000,5.0000,0.0063,0.0032,-0.0073,0.0122,0.0000,kd50
4550,20.0000,5.0000,0.0063,0.0032,-0.0073,0.0122,0.0000,kd50
4555,20.0000,5.0000,0.0063,0.0032,-0.0073,0.0171,0.0000,kd50
4560,20.0000,5.0000,0.0063,0.0032,-0.0073,0.0171,0.0000,kd50
4565,20.0000,5.0000,0.0063,0.0032,-0.0073,0.0122,0.0000,kd50
4570,20.0000,5.0000,0.0063,0.0032,-0.0073,0.0171,0.0000,kd50
4575,20.0000,5.0000,0.0063,0.0032,-0.0073,0.0122,0.0000,kd50
4580,20.0000,5.0000,0.0063,0.0032,-0.0073,0.0122,0.0000,kd50
4585,20.0000,5.0000,0.0063,0.0032,-0.0073,0.0122,0.0000,kd50
4590,20.0000,5.0000,0.0063,0.0032,-0.0073,0.0122,0.0000,kd50
4596,20.0000,5.0000,0.0063,0.0032,-0.0073,0.0122,0.0000,kd50
4601,20.0000,5.0000,0.0063,0.0032,-0.0073,0.0122,0.0000,kd50
4606,20.0000,5.0000,0.0063,0.0032,-0.0073,0.0122,0.0000,kd50
4611,20.0000,5.0000,0.0063,0.0032,-0.0073,0.0122,0.0000,kd50
4616,20.0000,5.0000,0.0063,0.0032,-0.0073,0.0122,0.0000,kd50
4621,20.0000,5.0000,0.0063,0.0032,-0.0073,0.0122,0.0000,kd50
4626,20.0000,5.0000,0.0063,0.0032,-0.0073,0.0073,0.0000,kd50
4631,20.0000,5.0000,0.0063,0.0032,-0.0073,0.0122,0.0000,kd50
4636,20.0000,5.0000,0.0063,0.0032,-0.0073,0.0171,0.0000,kd50
4641,20.0000,5.0000,0.0063,0.0032,-0.0073,0.0171,0.0000,kd50
4646,20.0000,5.0000,0.0063,0.0032,-0.0073,0.0122,0.0000,kd50
4651,20.0000,5.0000,0.0063,0.0032,-0.0073,0.0122,0.0000,kd50
4656,20.0000,5.0000,0.0063,0.0032,-0.0073,0.0122,0.0000,kd50
4661,20.0000,5.0000,0.0063,0.0032,-0.0073,0.0073,0.0000,kd50
4666,20.0000,5.0000,0.0063,0.0032,-0.0073,0.0122,0.0000,kd50
4671,20.0000,5.0000,0.0063,0.0032,-0.0073,0.0073,0.0000,kd50
4676,20.0000,5.0000,0.0063,0.0032,-0.0073,0.0122,0.0000,kd50
4682,20.0000,5.0000,0.0063,0.0032,-0.0073,0.0122,0.0000,kd50
4687,20.0000,5.0000,0.0063,0.0032,-0.0073,0.0122,0.0000,kd50
4692,20.0000,5.0000,0.0063,0.0032,-0.0073,0.0122,0.0000,kd50
4697,20.0000,5.0000,0.0063,0.0032,-0.0073,0.0171,0.0000,kd50
4702,20.0000,5.0000,0.0063,0.0032,-0.0073,0.0122,0.0000,kd50
4707,20.0000,5.0000,0.0063,0.0032,-0.0073,0.0122,0.0000,kd50
4712,20.0000,5.0000,0.0063,0.0032,-0.0073,0.0122,0.0000,kd50
4717,20.0000,5.0000,0.0063,0.0032,-0.0073,0.0171,0.0000,kd50
4722,20.0000,5.0000,0.0063,0.0032,-0.0073,0.0171,0.0000,kd50
4727,20.0000,5.0000,0.0063,0.0032,-0.0073,0.0171,0.0000,kd50
4732,20.0000,5.0000,0.0063,0.0032,-0.0073,0.0122,0.0000,kd50
4737,20.0000,5.0000,0.0063,0.0032,-0.0073,0.0122,0.0000,kd50
4742,20.0000,5.0000,0.0063,0.0032,-0.0073,0.0122,0.0000,kd50
4747,20.0000,5.0000,0.0063,0.0032,-0.0073,0.0122,0.0000,kd50
4752,20.0000,5.0000,0.0063,0.0032,-0.0073,0.0122,0.0000,kd50
4757,20.0000,5.0000,0.0063,0.0032,-0.0073,0.0122,0.0000,kd50
4762,20.0000,5.0000,0.0063,0.0032,-0.0073,0.0122,0.0000,kd50
4767,20.0000,5.0000,0.0063,0.0032,-0.0073,0.0122,0.0000,kd50
4773,20.0000,5.0000,0.0063,0.0032,-0.0073,0.0122,0.0000,kd50
4778,20.0000,5.0000,0.0063,0.0032,-0.0073,0.0122,0.0000,kd50
4783,20.0000,5.0000,0.0063,0.0032,-0.0073,0.0122,0.0000,kd50
4788,20.0000,5.0000,0.0063,0.0032,-0.0073,0.0122,0.0000,kd50
4793,20.0000,5.0000,0.0063,0.0032,-0.0073,0.0171,0.0000,kd50
4798,20.0000,5.0000,0.0063,0.0032,-0.0073,0.0122,0.0000,kd50
4803,20.0000,5.0000,0.0063,0.0032,-0.0073,0.0122,0.0000,kd50
4808,20.0000,5.0000,0.0063,0.0032,-0.0073,0.0122,0.0000,kd50
4813,20.0000,5.0000,0.0063,0.0032,-0.0073,0.0122,0.0000,kd50
4818,20.0000,5.0000,0.0063,0.0032,-0.0073,0.0122,0.0000,kd50
4823,20.0000,5.0000,0.0063,0.0032,-0.0073,0.0171,0.0000,kd50
4828,20.0000,5.0000,0.0063,0.0032,-0.0073,0.0122,0.0000,kd50
4833,20.0000,5.0000,0.0063,0.0032,0.0073,0.0122,0.0000,kd50
4838,20.0000,5.0000,0.0063,0.0032,-0.0073,0.0073,0.0000,kd50
4843,20.0000,5.0000,0.0063,0.0032,-0.0073,0.0122,0.0000,kd50
4848,20.0000,5.0000,0.0063,0.0032,-0.0073,0.0122,0.0000,kd50
4853,20.0000,5.0000,0.0063,0.0032,-0.0073,0.0122,0.0000,kd50
4858,20.0000,5.0000,0.0063,0.0032,-0.0073,0.0122,0.0000,kd50
4864,20.0000,5.0000,0.0063,0.0032,-0.0073,0.0073,0.0000,kd50
4869,20.0000,5.0000,0.0063,0.0032,-0.0073,0.0073,0.0000,kd50
4874,20.0000,5.0000,0.0063,0.0032,-0.0073,0.0073,0.0000,kd50
4879,20.0000,5.0000,0.0063,0.0032,-0.0073,0.0073,0.0000,kd50
4884,20.0000,5.0000,0.0063,0.0032,-0.0073,0.0073,0.0000,kd50
4889,20.0000,5.0000,0.0063,0.0032,-0.0073,0.0122,0.0000,kd50
4894,20.0000,5.0000,0.0063,0.0032,-0.0073,0.0122,0.0000,kd50
4899,20.0000,5.0000,0.0063,0.0032,-0.0073,0.0073,0.0000,kd50
4904,20.0000,5.0000,0.0063,0.0032,-0.0073,0.0073,0.0000,kd50
4909,20.0000,5.0000,0.0063,0.0032,-0.0073,0.0073,0.0000,kd50
4914,20.0000,5.0000,0.0063,0.0032,-0.0073,0.0073,0.0000,kd50
4919,20.0000,5.0000,0.0063,0.0032,-0.0073,0.0073,0.0000,kd50
4924,20.0000,5.0000,0.0063,0.0032,-0.0073,0.0073,0.0000,kd50
4929,20.0000,5.0000,0.0063,0.0032,-0.0073,0.0073,0.0000,kd50
4934,20.0000,5.0000,0.0063,0.0032,-0.0073,0.0073,0.0000,kd50
4939,20.0000,5.0000,0.0063,0.0032,-0.0073,0.0073,0.0000,kd50
4944,20.0000,5.0000,0.0063,0.0032,-0.0073,0.0073,0.0000,kd50
4949,20.0000,5.0000,0.0063,0.0032,-0.0073,0.0122,0.0000,kd50
4955,20.0000,5.0000,0.0063,0.0032,-0.0073,0.0122,0.0000,kd50
4960,20.0000,5.0000,0.0063,0.0032,-0.0073,0.0122,0.0000,kd50
4965,20.0000,5.0000,0.0063,0.0032,-0.0073,0.0122,0.0000,kd50
4970,20.0000,5.0000,0.0063,0.0032,-0.0073,0.0073,0.0000,kd50
4975,20.0000,5.0000,0.0063,0.0032,-0.0073,0.0122,0.0000,kd50
4980,20.0000,5.0000,0.0063,0.0032,-0.0073,0.0122,0.0000,kd50
4985,20.0000,5.0000,0.0063,0.0032,-0.0073,0.0073,0.0000,kd50
4990,20.0000,5.0000,0.0063,0.0032,-0.0073,0.0073,0.0000,kd50
4995,20.0000,5.0000,0.0063,0.0032,-0.0073,0.0122,0.0000,kd50
