timestamp_ms,kp,kd,q_des_rad,q_actual_rad,vel_rad_s,tau_feedback_Nm,tau_cmd_Nm,label
0,5.0000,1.0000,0.0216,0.0216,-0.0073,-0.1197,0.0000,kp5
5,5.0000,1.0000,0.0216,0.0216,-0.0073,-0.1197,0.0000,kp5
10,5.0000,1.0000,0.0216,0.0216,-0.0073,-0.1197,0.0000,kp5
15,5.0000,1.0000,0.0216,0.0216,-0.0073,-0.1197,0.0000,kp5
20,5.0000,1.0000,0.0216,0.0216,-0.0073,-0.1197,0.0000,kp5
25,5.0000,1.0000,0.0216,0.0216,-0.0073,-0.1197,0.0000,kp5
30,5.0000,1.0000,0.0216,0.0216,-0.0073,-0.1197,0.0000,kp5
35,5.0000,1.0000,0.0216,0.0216,0.0220,-0.1001,0.0000,kp5
40,5.0000,1.0000,0.0216,0.0216,0.0366,-0.0757,0.0000,kp5
45,5.0000,1.0000,0.0216,0.0216,0.0220,-0.0659,0.0000,kp5
50,5.0000,1.0000,0.0216,0.0216,0.0073,-0.0513,0.0000,kp5
55,5.0000,1.0000,0.0216,0.0216,0.0220,-0.0415,0.0000,kp5
60,5.0000,1.0000,0.0216,0.0216,0.0073,-0.0366,0.0000,kp5
65,5.0000,1.0000,0.0216,0.0216,-0.0073,-0.0317,0.0000,kp5
70,5.0000,1.0000,0.0216,0.0216,0.0073,-0.0269,0.0000,kp5
75,5.0000,1.0000,0.0216,0.0219,0.0073,-0.0220,0.0000,kp5
80,5.0000,1.0000,0.0216,0.0219,-0.0073,-0.0220,0.0000,kp5
85,5.0000,1.0000,0.0216,0.0219,0.0073,-0.0220,0.0000,kp5
90,5.0000,1.0000,0.0216,0.0219,-0.0073,-0.0171,0.0000,kp5
96,5.0000,1.0000,0.0216,0.0219,-0.0073,-0.0171,0.0000,kp5
101,5.0000,1.0000,0.0216,0.0219,-0.0073,-0.0171,0.0000,kp5
106,5.0000,1.0000,0.0216,0.0219,-0.0073,-0.0122,0.0000,kp5
111,5.0000,1.0000,0.0216,0.0219,-0.0073,-0.0171,0.0000,kp5
116,5.0000,1.0000,0.0216,0.0219,-0.0073,-0.0171,0.0000,kp5
121,5.0000,1.0000,0.0216,0.0219,-0.0073,-0.0171,0.0000,kp5
126,5.0000,1.0000,0.0216,0.0219,-0.0073,-0.0122,0.0000,kp5
131,5.0000,1.0000,0.0216,0.0219,-0.0073,-0.0122,0.0000,kp5
136,5.0000,1.0000,0.0216,0.0219,-0.0073,-0.0122,0.0000,kp5
141,5.0000,1.0000,0.0216,0.0219,-0.0073,-0.0122,0.0000,kp5
146,5.0000,1.0000,0.0216,0.0219,-0.0073,-0.0171,0.0000,kp5
151,5.0000,1.0000,0.0216,0.0219,-0.0073,-0.0122,0.0000,kp5
156,5.0000,1.0000,0.0216,0.0219,-0.0073,-0.0122,0.0000,kp5
161,5.0000,1.0000,0.0216,0.0219,-0.0073,-0.0122,0.0000,kp5
166,5.0000,1.0000,0.0216,0.0219,-0.0073,-0.0171,0.0000,kp5
171,5.0000,1.0000,0.0216,0.0219,-0.0073,-0.0122,0.0000,kp5
176,5.0000,1.0000,0.0216,0.0219,-0.0073,-0.0171,0.0000,kp5
182,5.0000,1.0000,0.0216,0.0219,-0.0073,-0.0122,0.0000,kp5
187,5.0000,1.0000,0.0216,0.0219,-0.0073,-0.0122,0.0000,kp5
192,5.0000,1.0000,0.0216,0.0219,-0.0073,-0.0122,0.0000,kp5
197,5.0000,1.0000,0.0216,0.0219,-0.0073,-0.0122,0.0000,kp5
202,5.0000,1.0000,0.0216,0.0219,-0.0073,-0.0122,0.0000,kp5
207,5.0000,1.0000,0.0216,0.0219,-0.0073,-0.0122,0.0000,kp5
212,5.0000,1.0000,0.0216,0.0219,-0.0073,-0.0122,0.0000,kp5
217,5.0000,1.0000,0.0216,0.0219,-0.0073,-0.0171,0.0000,kp5
222,5.0000,1.0000,0.0216,0.0219,-0.0073,-0.0171,0.0000,kp5
227,5.0000,1.0000,0.0216,0.0219,-0.0073,-0.0122,0.0000,kp5
232,5.0000,1.0000,0.0216,0.0219,-0.0073,-0.0122,0.0000,kp5
237,5.0000,1.0000,0.0216,0.0219,-0.0073,-0.0122,0.0000,kp5
242,5.0000,1.0000,0.0216,0.0219,-0.0073,-0.0122,0.0000,kp5
247,5.0000,1.0000,0.0216,0.0219,-0.0073,-0.0122,0.0000,kp5
252,5.0000,1.0000,0.0216,0.0219,-0.0073,-0.0122,0.0000,kp5
257,5.0000,1.0000,0.0216,0.0219,-0.0073,-0.0122,0.0000,kp5
262,5.0000,1.0000,0.0216,0.0219,-0.0073,-0.0122,0.0000,kp5
267,5.0000,1.0000,0.0216,0.0219,-0.0073,-0.0122,0.0000,kp5
273,5.0000,1.0000,0.0216,0.0219,-0.0073,-0.0122,0.0000,kp5
278,5.0000,1.0000,0.0216,0.0219,-0.0073,-0.0122,0.0000,kp5
283,5.0000,1.0000,0.0216,0.0219,-0.0073,-0.0122,0.0000,kp5
288,5.0000,1.0000,0.0216,0.0219,-0.0073,-0.0171,0.0000,kp5
293,5.0000,1.0000,0.0216,0.0219,-0.0073,-0.0122,0.0000,kp5
298,5.0000,1.0000,0.0216,0.0219,-0.0073,-0.0171,0.0000,kp5
303,5.0000,1.0000,0.0216,0.0219,-0.0073,-0.0122,0.0000,kp5
308,5.0000,1.0000,0.0216,0.0219,-0.0073,-0.0122,0.0000,kp5
313,5.0000,1.0000,0.0216,0.0219,-0.0073,-0.0122,0.0000,kp5
318,5.0000,1.0000,0.0216,0.0219,-0.0073,-0.0171,0.0000,kp5
323,5.0000,1.0000,0.0216,0.0219,-0.0073,-0.0171,0.0000,kp5
328,5.0000,1.0000,0.0216,0.0219,-0.0073,-0.0122,0.0000,kp5
333,5.0000,1.0000,0.0216,0.0219,-0.0073,-0.0122,0.0000,kp5
338,5.0000,1.0000,0.0216,0.0219,-0.0073,-0.0122,0.0000,kp5
343,5.0000,1.0000,0.0216,0.0219,-0.0073,-0.0171,0.0000,kp5
348,5.0000,1.0000,0.0216,0.0219,-0.0073,-0.0122,0.0000,kp5
353,5.0000,1.0000,0.0216,0.0219,-0.0073,-0.0171,0.0000,kp5
358,5.0000,1.0000,0.0216,0.0219,-0.0073,-0.0171,0.0000,kp5
364,5.0000,1.0000,0.0216,0.0219,-0.0073,-0.0171,0.0000,kp5
369,5.0000,1.0000,0.0216,0.0219,-0.0073,-0.0171,0.0000,kp5
374,5.0000,1.0000,0.0216,0.0219,-0.0073,-0.0122,0.0000,kp5
379,5.0000,1.0000,0.0216,0.0219,-0.0073,-0.0122,0.0000,kp5
384,5.0000,1.0000,0.0216,0.0219,-0.0073,-0.0122,0.0000,kp5
389,5.0000,1.0000,0.0216,0.0219,-0.0073,-0.0122,0.0000,kp5
394,5.0000,1.0000,0.0216,0.0219,-0.0073,-0.0122,0.0000,kp5
399,5.0000,1.0000,0.0216,0.0219,-0.0073,-0.0122,0.0000,kp5
404,5.0000,1.0000,0.0216,0.0219,-0.0073,-0.0122,0.0000,kp5
409,5.0000,1.0000,0.0216,0.0219,-0.0073,-0.0122,0.0000,kp5
414,5.0000,1.0000,0.0216,0.0219,-0.0073,-0.0122,0.0000,kp5
419,5.0000,1.0000,0.0216,0.0219,-0.0073,-0.0171,0.0000,kp5
424,5.0000,1.0000,0.0216,0.0219,-0.0073,-0.0122,0.0000,kp5
429,5.0000,1.0000,0.0216,0.0219,-0.0073,-0.0122,0.0000,kp5
434,5.0000,1.0000,0.0216,0.0219,-0.0073,-0.0122,0.0000,kp5
439,5.0000,1.0000,0.0216,0.0219,-0.0073,-0.0171,0.0000,kp5
444,5.0000,1.0000,0.0216,0.0219,-0.0073,-0.0122,0.0000,kp5
450,5.0000,1.0000,0.0216,0.0219,-0.0073,-0.0122,0.0000,kp5
455,5.0000,1.0000,0.0216,0.0219,-0.0073,-0.0122,0.0000,kp5
460,5.0000,1.0000,0.0216,0.0219,-0.0073,-0.0171,0.0000,kp5
465,5.0000,1.0000,0.0216,0.0219,-0.0073,-0.0122,0.0000,kp5
470,5.0000,1.0000,0.0216,0.0219,-0.0073,-0.0122,0.0000,kp5
475,5.0000,1.0000,0.0216,0.0219,-0.0073,-0.0122,0.0000,kp5
480,5.0000,1.0000,0.0216,0.0219,-0.0073,-0.0171,0.0000,kp5
485,5.0000,1.0000,0.0216,0.0219,-0.0073,-0.0122,0.0000,kp5
490,5.0000,1.0000,0.0216,0.0219,-0.0073,-0.0122,0.0000,kp5
495,5.0000,1.0000,0.0216,0.0219,-0.0073,-0.0122,0.0000,kp5
500,5.0000,1.0000,0.0216,0.0219,-0.0073,-0.0122,0.0000,kp5
505,5.0000,1.0000,0.0216,0.0219,-0.0073,-0.0171,0.0000,kp5
510,5.0000,1.0000,0.0216,0.0219,-0.0073,-0.0122,0.0000,kp5
515,5.0000,1.0000,0.0216,0.0219,-0.0073,-0.0122,0.0000,kp5
520,5.0000,1.0000,0.0216,0.0219,-0.0073,-0.0122,0.0000,kp5
525,5.0000,1.0000,0.0216,0.0219,-0.0073,-0.0122,0.0000,kp5
530,5.0000,1.0000,0.0216,0.0219,-0.0073,-0.0122,0.0000,kp5
535,5.0000,1.0000,0.0216,0.0219,-0.0073,-0.0171,0.0000,kp5
541,5.0000,1.0000,0.0216,0.0219,-0.0073,-0.0122,0.0000,kp5
546,5.0000,1.0000,0.0216,0.0219,-0.0073,-0.0122,0.0000,kp5
551,5.0000,1.0000,0.0216,0.0219,-0.0073,-0.0122,0.0000,kp5
556,5.0000,1.0000,0.0216,0.0219,-0.0073,-0.0122,0.0000,kp5
561,5.0000,1.0000,0.0216,0.0219,-0.0073,-0.0122,0.0000,kp5
566,5.0000,1.0000,0.0216,0.0219,-0.0073,-0.0122,0.0000,kp5
571,5.0000,1.0000,0.0216,0.0219,-0.0073,-0.0171,0.0000,kp5
576,5.0000,1.0000,0.0216,0.0219,-0.0073,-0.0122,0.0000,kp5
581,5.0000,1.0000,0.0216,0.0219,-0.0073,-0.0122,0.0000,kp5
586,5.0000,1.0000,0.0216,0.0219,-0.0073,-0.0122,0.0000,kp5
591,5.0000,1.0000,0.0216,0.0219,-0.0073,-0.0122,0.0000,kp5
596,5.0000,1.0000,0.0216,0.0219,-0.0073,-0.0122,0.0000,kp5
601,5.0000,1.0000,0.0216,0.0219,-0.0073,-0.0171,0.0000,kp5
606,5.0000,1.0000,0.0216,0.0219,-0.0073,-0.0171,0.0000,kp5
611,5.0000,1.0000,0.0216,0.0219,-0.0073,-0.0122,0.0000,kp5
616,5.0000,1.0000,0.0216,0.0219,-0.0073,-0.0122,0.0000,kp5
621,5.0000,1.0000,0.0216,0.0219,-0.0073,-0.0122,0.0000,kp5
626,5.0000,1.0000,0.0216,0.0219,-0.0073,-0.0171,0.0000,kp5
632,5.0000,1.0000,0.0216,0.0219,-0.0073,-0.0171,0.0000,kp5
637,5.0000,1.0000,0.0216,0.0219,-0.0073,-0.0171,0.0000,kp5
642,5.0000,1.0000,0.0216,0.0219,-0.0073,-0.0171,0.0000,kp5
647,5.0000,1.0000,0.0216,0.0219,-0.0073,-0.0171,0.0000,kp5
652,5.0000,1.0000,0.0216,0.0219,-0.0073,-0.0171,0.0000,kp5
657,5.0000,1.0000,0.0216,0.0219,-0.0073,-0.0171,0.0000,kp5
662,5.0000,1.0000,0.0216,0.0219,-0.0073,-0.0171,0.0000,kp5
667,5.0000,1.0000,0.0216,0.0219,-0.0073,-0.0122,0.0000,kp5
672,5.0000,1.0000,0.0216,0.0219,-0.0073,-0.0171,0.0000,kp5
677,5.0000,1.0000,0.0216,0.0219,-0.0073,-0.0122,0.0000,kp5
682,5.0000,1.0000,0.0216,0.0219,-0.0073,-0.0122,0.0000,kp5
687,5.0000,1.0000,0.0216,0.0219,-0.0073,-0.0122,0.0000,kp5
692,5.0000,1.0000,0.0216,0.0219,-0.0073,-0.0122,0.0000,kp5
697,5.0000,1.0000,0.0216,0.0219,-0.0073,-0.0122,0.0000,kp5
702,5.0000,1.0000,0.0216,0.0219,-0.0073,-0.0171,0.0000,kp5
707,5.0000,1.0000,0.0216,0.0219,-0.0073,-0.0122,0.0000,kp5
712,5.0000,1.0000,0.0216,0.0219,-0.0073,-0.0171,0.0000,kp5
718,5.0000,1.0000,0.0216,0.0219,-0.0073,-0.0122,0.0000,kp5
723,5.0000,1.0000,0.0216,0.0219,-0.0073,-0.0122,0.0000,kp5
728,5.0000,1.0000,0.0216,0.0219,-0.0073,-0.0122,0.0000,kp5
733,5.0000,1.0000,0.0216,0.0219,-0.0073,-0.0122,0.0000,kp5
738,5.0000,1.0000,0.0216,0.0219,-0.0073,-0.0122,0.0000,kp5
743,5.0000,1.0000,0.0216,0.0219,-0.0073,-0.0122,0.0000,kp5
748,5.0000,1.0000,0.0216,0.0219,-0.0073,-0.0171,0.0000,kp5
753,5.0000,1.0000,0.0216,0.0219,-0.0073,-0.0122,0.0000,kp5
758,5.0000,1.0000,0.0216,0.0219,-0.0073,-0.0122,0.0000,kp5
763,5.0000,1.0000,0.0216,0.0219,-0.0073,-0.0122,0.0000,kp5
768,5.0000,1.0000,0.0216,0.0219,-0.0073,-0.0122,0.0000,kp5
773,5.0000,1.0000,0.0216,0.0219,-0.0073,-0.0122,0.0000,kp5
778,5.0000,1.0000,0.0216,0.0219,-0.0073,-0.0122,0.0000,kp5
783,5.0000,1.0000,0.0216,0.0219,-0.0073,-0.0122,0.0000,kp5
788,5.0000,1.0000,0.0216,0.0219,-0.0073,-0.0122,0.0000,kp5
793,5.0000,1.0000,0.0216,0.0219,-0.0073,-0.0122,0.0000,kp5
798,5.0000,1.0000,0.0216,0.0219,-0.0073,-0.0122,0.0000,kp5
803,5.0000,1.0000,0.0216,0.0219,-0.0073,-0.0122,0.0000,kp5
809,5.0000,1.0000,0.0216,0.0219,-0.0073,-0.0122,0.0000,kp5
814,5.0000,1.0000,0.0216,0.0219,-0.0073,-0.0122,0.0000,kp5
819,5.0000,1.0000,0.0216,0.0219,-0.0073,-0.0122,0.0000,kp5
824,5.0000,1.0000,0.0216,0.0219,-0.0073,-0.0122,0.0000,kp5
829,5.0000,1.0000,0.0216,0.0219,-0.0073,-0.0122,0.0000,kp5
834,5.0000,1.0000,0.0216,0.0219,-0.0073,-0.0171,0.0000,kp5
839,5.0000,1.0000,0.0216,0.0219,-0.0073,-0.0171,0.0000,kp5
844,5.0000,1.0000,0.0216,0.0219,-0.0073,-0.0122,0.0000,kp5
849,5.0000,1.0000,0.0216,0.0219,-0.0073,-0.0171,0.0000,kp5
854,5.0000,1.0000,0.0216,0.0219,-0.0073,-0.0171,0.0000,kp5
859,5.0000,1.0000,0.0216,0.0219,-0.0073,-0.0171,0.0000,kp5
864,5.0000,1.0000,0.0216,0.0219,-0.0073,-0.0171,0.0000,kp5
869,5.0000,1.0000,0.0216,0.0219,-0.0073,-0.0122,0.0000,kp5
874,5.0000,1.0000,0.0216,0.0219,-0.0073,-0.0122,0.0000,kp5
879,5.0000,1.0000,0.0216,0.0219,-0.0073,-0.0122,0.0000,kp5
884,5.0000,1.0000,0.0216,0.0219,-0.0073,-0.0171,0.0000,kp5
889,5.0000,1.0000,0.0216,0.0219,-0.0073,-0.0171,0.0000,kp5
895,5.0000,1.0000,0.0216,0.0219,-0.0073,-0.0122,0.0000,kp5
900,5.0000,1.0000,0.0216,0.0219,-0.0073,-0.0122,0.0000,kp5
905,5.0000,1.0000,0.0216,0.0219,-0.0073,-0.0171,0.0000,kp5
910,5.0000,1.0000,0.0216,0.0219,-0.0073,-0.0122,0.0000,kp5
915,5.0000,1.0000,0.0216,0.0219,-0.0073,-0.0171,0.0000,kp5
920,5.0000,1.0000,0.0216,0.0219,-0.0073,-0.0122,0.0000,kp5
925,5.0000,1.0000,0.0216,0.0219,-0.0073,-0.0122,0.0000,kp5
930,5.0000,1.0000,0.0216,0.0219,-0.0073,-0.0122,0.0000,kp5
935,5.0000,1.0000,0.0216,0.0219,-0.0073,-0.0122,0.0000,kp5
940,5.0000,1.0000,0.0216,0.0219,-0.0073,-0.0122,0.0000,kp5
945,5.0000,1.0000,0.0216,0.0219,-0.0073,-0.0122,0.0000,kp5
950,5.0000,1.0000,0.0216,0.0219,-0.0073,-0.0122,0.0000,kp5
955,5.0000,1.0000,0.0216,0.0219,-0.0073,-0.0122,0.0000,kp5
960,5.0000,1.0000,0.0216,0.0219,-0.0073,-0.0122,0.0000,kp5
965,5.0000,1.0000,0.0216,0.0219,-0.0073,-0.0122,0.0000,kp5
970,5.0000,1.0000,0.0216,0.0219,-0.0073,-0.0122,0.0000,kp5
975,5.0000,1.0000,0.0216,0.0219,-0.0073,-0.0122,0.0000,kp5
980,5.0000,1.0000,0.0216,0.0219,-0.0073,-0.0122,0.0000,kp5
986,5.0000,1.0000,0.0216,0.0219,-0.0073,-0.0122,0.0000,kp5
991,5.0000,1.0000,0.0216,0.0219,-0.0073,-0.0171,0.0000,kp5
996,5.0000,1.0000,0.0216,0.0219,-0.0073,-0.0122,0.0000,kp5
1001,5.0000,1.0000,0.0216,0.0219,-0.0073,-0.0171,0.0000,kp5
1006,5.0000,1.0000,0.0216,0.0219,-0.0073,-0.0171,0.0000,kp5
1011,5.0000,1.0000,0.0216,0.0219,-0.0073,-0.0122,0.0000,kp5
1016,5.0000,1.0000,0.0216,0.0219,-0.0073,-0.0122,0.0000,kp5
1021,5.0000,1.0000,0.0216,0.0219,-0.0073,-0.0171,0.0000,kp5
1026,5.0000,1.0000,0.0216,0.0219,-0.0073,-0.0171,0.0000,kp5
1031,5.0000,1.0000,0.0216,0.0219,-0.0073,-0.0171,0.0000,kp5
1036,5.0000,1.0000,0.0216,0.0219,-0.0073,-0.0171,0.0000,kp5
1041,5.0000,1.0000,0.0216,0.0219,-0.0073,-0.0171,0.0000,kp5
1046,5.0000,1.0000,0.0216,0.0219,-0.0073,-0.0122,0.0000,kp5
1051,5.0000,1.0000,0.0216,0.0219,-0.0073,-0.0171,0.0000,kp5
1056,5.0000,1.0000,0.0216,0.0219,-0.0073,-0.0122,0.0000,kp5
1061,5.0000,1.0000,0.0216,0.0219,-0.0073,-0.0122,0.0000,kp5
1066,5.0000,1.0000,0.0216,0.0219,-0.0073,-0.0171,0.0000,kp5
1071,5.0000,1.0000,0.0216,0.0219,-0.0073,-0.0122,0.0000,kp5
1077,5.0000,1.0000,0.0216,0.0219,-0.0073,-0.0122,0.0000,kp5
1082,5.0000,1.0000,0.0216,0.0219,-0.0073,-0.0171,0.0000,kp5
1087,5.0000,1.0000,0.0216,0.0219,-0.0073,-0.0122,0.0000,kp5
1092,5.0000,1.0000,0.0216,0.0219,-0.0073,-0.0122,0.0000,kp5
1097,5.0000,1.0000,0.0216,0.0219,-0.0073,-0.0122,0.0000,kp5
1102,5.0000,1.0000,0.0216,0.0219,-0.0073,-0.0122,0.0000,kp5
1107,5.0000,1.0000,0.0216,0.0219,-0.0073,-0.0122,0.0000,kp5
1112,5.0000,1.0000,0.0216,0.0219,-0.0073,-0.0122,0.0000,kp5
1117,5.0000,1.0000,0.0216,0.0219,-0.0073,-0.0171,0.0000,kp5
1122,5.0000,1.0000,0.0216,0.0219,-0.0073,-0.0171,0.0000,kp5
1127,5.0000,1.0000,0.0216,0.0219,-0.0073,-0.0171,0.0000,kp5
1132,5.0000,1.0000,0.0216,0.0219,-0.0073,-0.0171,0.0000,kp5
1137,5.0000,1.0000,0.0216,0.0219,-0.0073,-0.0171,0.0000,kp5
1142,5.0000,1.0000,0.0216,0.0219,-0.0073,-0.0122,0.0000,kp5
1147,5.0000,1.0000,0.0216,0.0219,-0.0073,-0.0122,0.0000,kp5
1152,5.0000,1.0000,0.0216,0.0219,-0.0073,-0.0122,0.0000,kp5
1157,5.0000,1.0000,0.0216,0.0219,-0.0073,-0.0122,0.0000,kp5
1162,5.0000,1.0000,0.0216,0.0219,-0.0073,-0.0122,0.0000,kp5
1168,5.0000,1.0000,0.0216,0.0219,-0.0073,-0.0122,0.0000,kp5
1173,5.0000,1.0000,0.0216,0.0219,-0.0073,-0.0122,0.0000,kp5
1178,5.0000,1.0000,0.0216,0.0219,-0.0073,-0.0171,0.0000,kp5
1183,5.0000,1.0000,0.0216,0.0219,-0.0073,-0.0171,0.0000,kp5
1188,5.0000,1.0000,0.0216,0.0219,-0.0073,-0.0171,0.0000,kp5
1193,5.0000,1.0000,0.0216,0.0219,-0.0073,-0.0122,0.0000,kp5
1198,5.0000,1.0000,0.0216,0.0219,-0.0073,-0.0171,0.0000,kp5
1203,5.0000,1.0000,0.0216,0.0219,-0.0073,-0.0122,0.0000,kp5
1208,5.0000,1.0000,0.0216,0.0219,-0.0073,-0.0122,0.0000,kp5
1213,5.0000,1.0000,0.0216,0.0219,-0.0073,-0.0122,0.0000,kp5
1218,5.0000,1.0000,0.0216,0.0219,-0.0073,-0.0171,0.0000,kp5
1223,5.0000,1.0000,0.0216,0.0219,-0.0073,-0.0122,0.0000,kp5
1228,5.0000,1.0000,0.0216,0.0219,-0.0073,-0.0122,0.0000,kp5
1233,5.0000,1.0000,0.0216,0.0219,-0.0073,-0.0122,0.0000,kp5
1238,5.0000,1.0000,0.0216,0.0219,-0.0073,-0.0122,0.0000,kp5
1243,5.0000,1.0000,0.0216,0.0219,-0.0073,-0.0122,0.0000,kp5
1248,5.0000,1.0000,0.0216,0.0219,-0.0073,-0.0122,0.0000,kp5
1253,5.0000,1.0000,0.0216,0.0219,-0.0073,-0.0122,0.0000,kp5
1259,5.0000,1.0000,0.0216,0.0219,-0.0073,-0.0171,0.0000,kp5
1264,5.0000,1.0000,0.0216,0.0219,-0.0073,-0.0171,0.0000,kp5
1269,5.0000,1.0000,0.0216,0.0219,-0.0073,-0.0122,0.0000,kp5
1274,5.0000,1.0000,0.0216,0.0219,-0.0073,-0.0122,0.0000,kp5
1279,5.0000,1.0000,0.0216,0.0219,-0.0073,-0.0171,0.0000,kp5
1284,5.0000,1.0000,0.0216,0.0219,-0.0073,-0.0122,0.0000,kp5
1289,5.0000,1.0000,0.0216,0.0219,-0.0073,-0.0171,0.0000,kp5
1294,5.0000,1.0000,0.0216,0.0219,-0.0073,-0.0171,0.0000,kp5
1299,5.0000,1.0000,0.0216,0.0219,-0.0073,-0.0171,0.0000,kp5
1304,5.0000,1.0000,0.0216,0.0219,-0.0073,-0.0171,0.0000,kp5
1309,5.0000,1.0000,0.0216,0.0219,-0.0073,-0.0122,0.0000,kp5
1314,5.0000,1.0000,0.0216,0.0219,-0.0073,-0.0171,0.0000,kp5
1319,5.0000,1.0000,0.0216,0.0219,-0.0073,-0.0171,0.0000,kp5
1324,5.0000,1.0000,0.0216,0.0219,-0.0073,-0.0171,0.0000,kp5
1329,5.0000,1.0000,0.0216,0.0219,-0.0073,-0.0171,0.0000,kp5
1334,5.0000,1.0000,0.0216,0.0219,-0.0073,-0.0122,0.0000,kp5
1339,5.0000,1.0000,0.0216,0.0219,-0.0073,-0.0171,0.0000,kp5
1345,5.0000,1.0000,0.0216,0.0219,-0.0073,-0.0171,0.0000,kp5
1350,5.0000,1.0000,0.0216,0.0219,-0.0073,-0.0171,0.0000,kp5
1355,5.0000,1.0000,0.0216,0.0219,-0.0073,-0.0171,0.0000,kp5
1360,5.0000,1.0000,0.0216,0.0219,-0.0073,-0.0171,0.0000,kp5
1365,5.0000,1.0000,0.0216,0.0219,-0.0073,-0.0171,0.0000,kp5
1370,5.0000,1.0000,0.0216,0.0219,-0.0073,-0.0171,0.0000,kp5
1375,5.0000,1.0000,0.0216,0.0219,-0.0073,-0.0122,0.0000,kp5
1380,5.0000,1.0000,0.0216,0.0219,-0.0073,-0.0171,0.0000,kp5
1385,5.0000,1.0000,0.0216,0.0219,-0.0073,-0.0122,0.0000,kp5
1390,5.0000,1.0000,0.0216,0.0219,-0.0073,-0.0122,0.0000,kp5
1395,5.0000,1.0000,0.0216,0.0219,-0.0073,-0.0122,0.0000,kp5
1400,5.0000,1.0000,0.0216,0.0219,-0.0073,-0.0171,0.0000,kp5
1405,5.0000,1.0000,0.0216,0.0219,-0.0073,-0.0122,0.0000,kp5
1410,5.0000,1.0000,0.0216,0.0219,-0.0073,-0.0122,0.0000,kp5
1415,5.0000,1.0000,0.0216,0.0219,-0.0073,-0.0171,0.0000,kp5
1420,5.0000,1.0000,0.0216,0.0219,-0.0073,-0.0122,0.0000,kp5
1425,5.0000,1.0000,0.0216,0.0219,-0.0073,-0.0122,0.0000,kp5
1430,5.0000,1.0000,0.0216,0.0219,-0.0073,-0.0122,0.0000,kp5
1436,5.0000,1.0000,0.0216,0.0219,-0.0073,-0.0122,0.0000,kp5
1441,5.0000,1.0000,0.0216,0.0219,-0.0073,-0.0171,0.0000,kp5
1446,5.0000,1.0000,0.0216,0.0219,-0.0073,-0.0122,0.0000,kp5
1451,5.0000,1.0000,0.0216,0.0219,-0.0073,-0.0171,0.0000,kp5
1456,5.0000,1.0000,0.0216,0.0219,-0.0073,-0.0122,0.0000,kp5
1461,5.0000,1.0000,0.0216,0.0219,-0.0073,-0.0171,0.0000,kp5
1466,5.0000,1.0000,0.0216,0.0219,-0.0073,-0.0171,0.0000,kp5
1471,5.0000,1.0000,0.0216,0.0219,-0.0073,-0.0171,0.0000,kp5
1476,5.0000,1.0000,0.0216,0.0219,-0.0073,-0.0122,0.0000,kp5
1481,5.0000,1.0000,0.0216,0.0219,-0.0073,-0.0122,0.0000,kp5
1486,5.0000,1.0000,0.0216,0.0219,-0.0073,-0.0171,0.0000,kp5
1491,5.0000,1.0000,0.0216,0.0219,-0.0073,-0.0171,0.0000,kp5
1496,5.0000,1.0000,0.0216,0.0219,-0.0073,-0.0122,0.0000,kp5
1501,5.0000,1.0000,0.0216,0.0219,-0.0073,-0.0171,0.0000,kp5
1506,5.0000,1.0000,0.0216,0.0219,-0.0073,-0.0171,0.0000,kp5
1511,5.0000,1.0000,0.0216,0.0219,-0.0073,-0.0122,0.0000,kp5
1516,5.0000,1.0000,0.0216,0.0219,-0.0073,-0.0122,0.0000,kp5
1521,5.0000,1.0000,0.0216,0.0219,-0.0073,-0.0171,0.0000,kp5
1527,5.0000,1.0000,0.0216,0.0219,-0.0073,-0.0122,0.0000,kp5
1532,5.0000,1.0000,0.0216,0.0219,-0.0073,-0.0171,0.0000,kp5
1537,5.0000,1.0000,0.0216,0.0219,-0.0073,-0.0122,0.0000,kp5
1542,5.0000,1.0000,0.0216,0.0219,-0.0073,-0.0122,0.0000,kp5
1547,5.0000,1.0000,0.0216,0.0219,-0.0073,-0.0122,0.0000,kp5
1552,5.0000,1.0000,0.0216,0.0219,-0.0073,-0.0122,0.0000,kp5
1557,5.0000,1.0000,0.0216,0.0219,-0.0073,-0.0171,0.0000,kp5
1562,5.0000,1.0000,0.0216,0.0219,-0.0073,-0.0122,0.0000,kp5
1567,5.0000,1.0000,0.0216,0.0219,-0.0073,-0.0171,0.0000,kp5
1572,5.0000,1.0000,0.0216,0.0219,-0.0073,-0.0122,0.0000,kp5
1577,5.0000,1.0000,0.0216,0.0219,-0.0073,-0.0171,0.0000,kp5
1582,5.0000,1.0000,0.0216,0.0219,-0.0073,-0.0122,0.0000,kp5
1587,5.0000,1.0000,0.0216,0.0219,-0.0073,-0.0122,0.0000,kp5
1592,5.0000,1.0000,0.0216,0.0219,-0.0073,-0.0171,0.0000,kp5
1597,5.0000,1.0000,0.0216,0.0219,-0.0073,-0.0171,0.0000,kp5
1602,5.0000,1.0000,0.0216,0.0219,-0.0073,-0.0122,0.0000,kp5
1607,5.0000,1.0000,0.0216,0.0219,-0.0073,-0.0122,0.0000,kp5
1613,5.0000,1.0000,0.0216,0.0219,-0.0073,-0.0122,0.0000,kp5
1618,5.0000,1.0000,0.0216,0.0219,-0.0073,-0.0122,0.0000,kp5
1623,5.0000,1.0000,0.0216,0.0219,-0.0073,-0.0122,0.0000,kp5
1628,5.0000,1.0000,0.0216,0.0219,-0.0073,-0.0122,0.0000,kp5
1633,5.0000,1.0000,0.0216,0.0219,-0.0073,-0.0171,0.0000,kp5
1638,5.0000,1.0000,0.0216,0.0219,-0.0073,-0.0171,0.0000,kp5
1643,5.0000,1.0000,0.0216,0.0219,-0.0073,-0.0122,0.0000,kp5
1648,5.0000,1.0000,0.0216,0.0219,-0.0073,-0.0171,0.0000,kp5
1653,5.0000,1.0000,0.0216,0.0219,-0.0073,-0.0171,0.0000,kp5
1658,5.0000,1.0000,0.0216,0.0219,-0.0073,-0.0171,0.0000,kp5
1663,5.0000,1.0000,0.0216,0.0219,-0.0073,-0.0171,0.0000,kp5
1668,5.0000,1.0000,0.0216,0.0219,-0.0073,-0.0171,0.0000,kp5
1673,5.0000,1.0000,0.0216,0.0219,-0.0073,-0.0171,0.0000,kp5
1678,5.0000,1.0000,0.0216,0.0219,-0.0073,-0.0122,0.0000,kp5
1683,5.0000,1.0000,0.0216,0.0219,-0.0073,-0.0171,0.0000,kp5
1688,5.0000,1.0000,0.0216,0.0219,-0.0073,-0.0122,0.0000,kp5
1693,5.0000,1.0000,0.0216,0.0219,-0.0073,-0.0171,0.0000,kp5
1698,5.0000,1.0000,0.0216,0.0219,-0.0073,-0.0122,0.0000,kp5
1704,5.0000,1.0000,0.0216,0.0219,-0.0073,-0.0122,0.0000,kp5
1709,5.0000,1.0000,0.0216,0.0219,-0.0073,-0.0171,0.0000,kp5
1714,5.0000,1.0000,0.0216,0.0219,-0.0073,-0.0171,0.0000,kp5
1719,5.0000,1.0000,0.0216,0.0219,-0.0073,-0.0122,0.0000,kp5
1724,5.0000,1.0000,0.0216,0.0219,-0.0073,-0.0122,0.0000,kp5
1729,5.0000,1.0000,0.0216,0.0219,-0.0073,-0.0171,0.0000,kp5
1734,5.0000,1.0000,0.0216,0.0219,-0.0073,-0.0171,0.0000,kp5
1739,5.0000,1.0000,0.0216,0.0219,-0.0073,-0.0171,0.0000,kp5
1744,5.0000,1.0000,0.0216,0.0219,-0.0073,-0.0171,0.0000,kp5
1749,5.0000,1.0000,0.0216,0.0219,-0.0073,-0.0171,0.0000,kp5
1754,5.0000,1.0000,0.0216,0.0219,-0.0073,-0.0171,0.0000,kp5
1759,5.0000,1.0000,0.0216,0.0219,-0.0073,-0.0171,0.0000,kp5
1764,5.0000,1.0000,0.0216,0.0219,-0.0073,-0.0171,0.0000,kp5
1769,5.0000,1.0000,0.0216,0.0219,-0.0073,-0.0122,0.0000,kp5
1774,5.0000,1.0000,0.0216,0.0219,-0.0073,-0.0171,0.0000,kp5
1779,5.0000,1.0000,0.0216,0.0219,-0.0073,-0.0171,0.0000,kp5
1784,5.0000,1.0000,0.0216,0.0219,-0.0073,-0.0171,0.0000,kp5
1789,5.0000,1.0000,0.0216,0.0219,-0.0073,-0.0171,0.0000,kp5
1795,5.0000,1.0000,0.0216,0.0219,-0.0073,-0.0171,0.0000,kp5
1800,5.0000,1.0000,0.0216,0.0219,-0.0073,-0.0122,0.0000,kp5
1805,5.0000,1.0000,0.0216,0.0219,-0.0073,-0.0122,0.0000,kp5
1810,5.0000,1.0000,0.0216,0.0219,-0.0073,-0.0122,0.0000,kp5
1815,5.0000,1.0000,0.0216,0.0219,-0.0073,-0.0171,0.0000,kp5
1820,5.0000,1.0000,0.0216,0.0219,-0.0073,-0.0122,0.0000,kp5
1825,5.0000,1.0000,0.0216,0.0219,-0.0073,-0.0122,0.0000,kp5
1830,5.0000,1.0000,0.0216,0.0219,-0.0073,-0.0122,0.0000,kp5
1835,5.0000,1.0000,0.0216,0.0219,-0.0073,-0.0171,0.0000,kp5
1840,5.0000,1.0000,0.0216,0.0219,-0.0073,-0.0171,0.0000,kp5
1845,5.0000,1.0000,0.0216,0.0219,-0.0073,-0.0122,0.0000,kp5
1850,5.0000,1.0000,0.0216,0.0219,-0.0073,-0.0122,0.0000,kp5
1855,5.0000,1.0000,0.0216,0.0219,-0.0073,-0.0122,0.0000,kp5
1860,5.0000,1.0000,0.0216,0.0219,-0.0073,-0.0171,0.0000,kp5
1865,5.0000,1.0000,0.0216,0.0219,-0.0073,-0.0122,0.0000,kp5
1870,5.0000,1.0000,0.0216,0.0219,-0.0073,-0.0171,0.0000,kp5
1875,5.0000,1.0000,0.0216,0.0219,-0.0073,-0.0171,0.0000,kp5
1881,5.0000,1.0000,0.0216,0.0219,-0.0073,-0.0122,0.0000,kp5
1886,5.0000,1.0000,0.0216,0.0219,-0.0073,-0.0171,0.0000,kp5
1891,5.0000,1.0000,0.0216,0.0219,-0.0073,-0.0122,0.0000,kp5
1896,5.0000,1.0000,0.0216,0.0219,-0.0073,-0.0171,0.0000,kp5
1901,5.0000,1.0000,0.0216,0.0219,-0.0073,-0.0171,0.0000,kp5
1906,5.0000,1.0000,0.0216,0.0219,-0.0073,-0.0171,0.0000,kp5
1911,5.0000,1.0000,0.0216,0.0219,-0.0073,-0.0171,0.0000,kp5
1916,5.0000,1.0000,0.0216,0.0219,-0.0073,-0.0171,0.0000,kp5
1921,5.0000,1.0000,0.0216,0.0219,-0.0073,-0.0171,0.0000,kp5
1926,5.0000,1.0000,0.0216,0.0219,-0.0073,-0.0122,0.0000,kp5
1931,5.0000,1.0000,0.0216,0.0219,-0.0073,-0.0122,0.0000,kp5
1936,5.0000,1.0000,0.0216,0.0219,-0.0073,-0.0122,0.0000,kp5
1941,5.0000,1.0000,0.0216,0.0219,-0.0073,-0.0122,0.0000,kp5
1946,5.0000,1.0000,0.0216,0.0219,-0.0073,-0.0171,0.0000,kp5
1951,5.0000,1.0000,0.0216,0.0219,-0.0073,-0.0122,0.0000,kp5
1956,5.0000,1.0000,0.0216,0.0219,-0.0073,-0.0171,0.0000,kp5
1961,5.0000,1.0000,0.0216,0.0219,-0.0073,-0.0171,0.0000,kp5
1966,5.0000,1.0000,0.0216,0.0219,-0.0073,-0.0171,0.0000,kp5
1972,5.0000,1.0000,0.0216,0.0219,-0.0073,-0.0171,0.0000,kp5
1977,5.0000,1.0000,0.0216,0.0219,-0.0073,-0.0171,0.0000,kp5
1982,5.0000,1.0000,0.0216,0.0219,-0.0073,-0.0171,0.0000,kp5
1987,5.0000,1.0000,0.0216,0.0219,-0.0073,-0.0171,0.0000,kp5
1992,5.0000,1.0000,0.0216,0.0219,-0.0073,-0.0122,0.0000,kp5
1997,5.0000,1.0000,0.0216,0.0219,-0.0073,-0.0122,0.0000,kp5
2002,5.0000,1.0000,0.0216,0.0219,-0.0073,-0.0122,0.0000,kp5
2007,5.0000,1.0000,0.0216,0.0219,-0.0073,-0.0122,0.0000,kp5
2012,5.0000,1.0000,0.0216,0.0219,-0.0073,-0.0171,0.0000,kp5
2017,5.0000,1.0000,0.0216,0.0219,-0.0073,-0.0122,0.0000,kp5
2022,5.0000,1.0000,0.0216,0.0219,-0.0073,-0.0122,0.0000,kp5
2027,5.0000,1.0000,0.0216,0.0219,-0.0073,-0.0122,0.0000,kp5
2032,5.0000,1.0000,0.0216,0.0219,-0.0073,-0.0171,0.0000,kp5
2037,5.0000,1.0000,0.0216,0.0219,-0.0073,-0.0171,0.0000,kp5
2042,5.0000,1.0000,0.0216,0.0219,-0.0073,-0.0122,0.0000,kp5
2047,5.0000,1.0000,0.0216,0.0219,-0.0073,-0.0171,0.0000,kp5
2052,5.0000,1.0000,0.0216,0.0219,-0.0073,-0.0171,0.0000,kp5
2058,5.0000,1.0000,0.0216,0.0219,-0.0073,-0.0171,0.0000,kp5
2063,5.0000,1.0000,0.0216,0.0219,-0.0073,-0.0122,0.0000,kp5
2068,5.0000,1.0000,0.0216,0.0219,-0.0073,-0.0122,0.0000,kp5
2073,5.0000,1.0000,0.0216,0.0219,-0.0073,-0.0122,0.0000,kp5
2078,5.0000,1.0000,0.0216,0.0219,-0.0073,-0.0122,0.0000,kp5
2083,5.0000,1.0000,0.0216,0.0219,-0.0073,-0.0122,0.0000,kp5
2088,5.0000,1.0000,0.0216,0.0219,-0.0073,-0.0171,0.0000,kp5
2093,5.0000,1.0000,0.0216,0.0219,-0.0073,-0.0171,0.0000,kp5
2098,5.0000,1.0000,0.0216,0.0219,-0.0073,-0.0171,0.0000,kp5
2103,5.0000,1.0000,0.0216,0.0219,-0.0073,-0.0122,0.0000,kp5
2108,5.0000,1.0000,0.0216,0.0219,-0.0073,-0.0122,0.0000,kp5
2113,5.0000,1.0000,0.0216,0.0219,-0.0073,-0.0122,0.0000,kp5
2118,5.0000,1.0000,0.0216,0.0219,-0.0073,-0.0122,0.0000,kp5
2123,5.0000,1.0000,0.0216,0.0219,-0.0073,-0.0171,0.0000,kp5
2128,5.0000,1.0000,0.0216,0.0219,-0.0073,-0.0171,0.0000,kp5
2133,5.0000,1.0000,0.0216,0.0219,-0.0073,-0.0171,0.0000,kp5
2138,5.0000,1.0000,0.0216,0.0219,-0.0073,-0.0171,0.0000,kp5
2143,5.0000,1.0000,0.0216,0.0219,-0.0073,-0.0171,0.0000,kp5
2149,5.0000,1.0000,0.0216,0.0219,-0.0073,-0.0171,0.0000,kp5
2154,5.0000,1.0000,0.0216,0.0219,-0.0073,-0.0122,0.0000,kp5
2159,5.0000,1.0000,0.0216,0.0219,-0.0073,-0.0122,0.0000,kp5
2164,5.0000,1.0000,0.0216,0.0219,-0.0073,-0.0122,0.0000,kp5
2169,5.0000,1.0000,0.0216,0.0219,-0.0073,-0.0122,0.0000,kp5
2174,5.0000,1.0000,0.0216,0.0219,-0.0073,-0.0122,0.0000,kp5
2179,5.0000,1.0000,0.0216,0.0219,-0.0073,-0.0122,0.0000,kp5
2184,5.0000,1.0000,0.0216,0.0219,-0.0073,-0.0171,0.0000,kp5
2189,5.0000,1.0000,0.0216,0.0219,-0.0073,-0.0171,0.0000,kp5
2194,5.0000,1.0000,0.0216,0.0219,-0.0073,-0.0171,0.0000,kp5
2199,5.0000,1.0000,0.0216,0.0219,-0.0073,-0.0171,0.0000,kp5
2204,5.0000,1.0000,0.0216,0.0219,-0.0073,-0.0122,0.0000,kp5
2209,5.0000,1.0000,0.0216,0.0219,-0.0073,-0.0171,0.0000,kp5
2214,5.0000,1.0000,0.0216,0.0219,-0.0073,-0.0122,0.0000,kp5
2219,5.0000,1.0000,0.0216,0.0219,-0.0073,-0.0171,0.0000,kp5
2224,5.0000,1.0000,0.0216,0.0219,-0.0073,-0.0122,0.0000,kp5
2229,5.0000,1.0000,0.0216,0.0219,-0.0073,-0.0122,0.0000,kp5
2235,5.0000,1.0000,0.0216,0.0219,-0.0073,-0.0122,0.0000,kp5
2240,5.0000,1.0000,0.0216,0.0219,-0.0073,-0.0171,0.0000,kp5
2245,5.0000,1.0000,0.0216,0.0219,-0.0073,-0.0171,0.0000,kp5
2250,5.0000,1.0000,0.0216,0.0219,-0.0073,-0.0171,0.0000,kp5
2255,5.0000,1.0000,0.0216,0.0219,-0.0073,-0.0171,0.0000,kp5
2260,5.0000,1.0000,0.0216,0.0219,-0.0073,-0.0171,0.0000,kp5
2265,5.0000,1.0000,0.0216,0.0219,-0.0073,-0.0171,0.0000,kp5
2270,5.0000,1.0000,0.0216,0.0219,-0.0073,-0.0171,0.0000,kp5
2275,5.0000,1.0000,0.0216,0.0219,-0.0073,-0.0171,0.0000,kp5
2280,5.0000,1.0000,0.0216,0.0219,-0.0073,-0.0171,0.0000,kp5
2285,5.0000,1.0000,0.0216,0.0219,-0.0073,-0.0122,0.0000,kp5
2290,5.0000,1.0000,0.0216,0.0219,-0.0073,-0.0122,0.0000,kp5
2295,5.0000,1.0000,0.0216,0.0219,-0.0073,-0.0122,0.0000,kp5
2300,5.0000,1.0000,0.0216,0.0219,-0.0073,-0.0122,0.0000,kp5
2305,5.0000,1.0000,0.0216,0.0219,-0.0073,-0.0122,0.0000,kp5
2310,5.0000,1.0000,0.0216,0.0219,-0.0073,-0.0122,0.0000,kp5
2315,5.0000,1.0000,0.0216,0.0219,-0.0073,-0.0171,0.0000,kp5
2320,5.0000,1.0000,0.0216,0.0219,-0.0073,-0.0122,0.0000,kp5
2326,5.0000,1.0000,0.0216,0.0219,-0.0073,-0.0122,0.0000,kp5
2331,5.0000,1.0000,0.0216,0.0219,-0.0073,-0.0171,0.0000,kp5
2336,5.0000,1.0000,0.0216,0.0219,-0.0073,-0.0171,0.0000,kp5
2341,5.0000,1.0000,0.0216,0.0219,-0.0073,-0.0171,0.0000,kp5
2346,5.0000,1.0000,0.0216,0.0219,-0.0073,-0.0122,0.0000,kp5
2351,5.0000,1.0000,0.0216,0.0219,-0.0073,-0.0122,0.0000,kp5
2356,5.0000,1.0000,0.0216,0.0219,-0.0073,-0.0122,0.0000,kp5
2361,5.0000,1.0000,0.0216,0.0219,-0.0073,-0.0122,0.0000,kp5
2366,5.0000,1.0000,0.0216,0.0219,-0.0073,-0.0122,0.0000,kp5
2371,5.0000,1.0000,0.0216,0.0219,-0.0073,-0.0122,0.0000,kp5
2376,5.0000,1.0000,0.0216,0.0219,-0.0073,-0.0122,0.0000,kp5
2381,5.0000,1.0000,0.0216,0.0219,-0.0073,-0.0171,0.0000,kp5
2386,5.0000,1.0000,0.0216,0.0219,-0.0073,-0.0122,0.0000,kp5
2391,5.0000,1.0000,0.0216,0.0219,-0.0073,-0.0171,0.0000,kp5
2396,5.0000,1.0000,0.0216,0.0219,-0.0073,-0.0171,0.0000,kp5
2401,5.0000,1.0000,0.0216,0.0219,-0.0073,-0.0171,0.0000,kp5
2406,5.0000,1.0000,0.0216,0.0219,-0.0073,-0.0122,0.0000,kp5
2411,5.0000,1.0000,0.0216,0.0219,-0.0073,-0.0122,0.0000,kp5
2417,5.0000,1.0000,0.0216,0.0219,-0.0073,-0.0122,0.0000,kp5
2422,5.0000,1.0000,0.0216,0.0219,-0.0073,-0.0122,0.0000,kp5
2427,5.0000,1.0000,0.0216,0.0219,-0.0073,-0.0171,0.0000,kp5
2432,5.0000,1.0000,0.0216,0.0219,-0.0073,-0.0171,0.0000,kp5
2437,5.0000,1.0000,0.0216,0.0219,-0.0073,-0.0122,0.0000,kp5
2442,5.0000,1.0000,0.0216,0.0219,-0.0073,-0.0122,0.0000,kp5
2447,5.0000,1.0000,0.0216,0.0219,-0.0073,-0.0171,0.0000,kp5
2452,5.0000,1.0000,0.0216,0.0219,-0.0073,-0.0171,0.0000,kp5
2457,5.0000,1.0000,0.0216,0.0219,-0.0073,-0.0171,0.0000,kp5
2462,5.0000,1.0000,0.0216,0.0219,-0.0073,-0.0171,0.0000,kp5
2467,5.0000,1.0000,0.0216,0.0219,-0.0073,-0.0122,0.0000,kp5
2472,5.0000,1.0000,0.0216,0.0219,-0.0073,-0.0122,0.0000,kp5
2477,5.0000,1.0000,0.0216,0.0219,-0.0073,-0.0171,0.0000,kp5
2482,5.0000,1.0000,0.0216,0.0219,-0.0073,-0.0171,0.0000,kp5
2487,5.0000,1.0000,0.0216,0.0219,-0.0073,-0.0122,0.0000,kp5
2492,5.0000,1.0000,0.0216,0.0219,-0.0073,-0.0122,0.0000,kp5
2497,5.0000,1.0000,0.0216,0.0219,-0.0073,-0.0122,0.0000,kp5
2503,5.0000,1.0000,0.0216,0.0219,-0.0073,-0.0171,0.0000,kp5
2508,5.0000,1.0000,0.0216,0.0219,-0.0073,-0.0171,0.0000,kp5
2513,5.0000,1.0000,0.0216,0.0219,-0.0073,-0.0122,0.0000,kp5
2518,5.0000,1.0000,0.0216,0.0219,-0.0073,-0.0122,0.0000,kp5
2523,5.0000,1.0000,0.0216,0.0219,-0.0073,-0.0171,0.0000,kp5
2528,5.0000,1.0000,0.0216,0.0219,-0.0073,-0.0122,0.0000,kp5
2533,5.0000,1.0000,0.0216,0.0219,-0.0073,-0.0171,0.0000,kp5
2538,5.0000,1.0000,0.0216,0.0219,-0.0073,-0.0171,0.0000,kp5
2543,5.0000,1.0000,0.0216,0.0219,-0.0073,-0.0122,0.0000,kp5
2548,5.0000,1.0000,0.0216,0.0219,-0.0073,-0.0122,0.0000,kp5
2553,5.0000,1.0000,0.0216,0.0219,-0.0073,-0.0122,0.0000,kp5
2558,5.0000,1.0000,0.0216,0.0219,-0.0073,-0.0171,0.0000,kp5
2563,5.0000,1.0000,0.0216,0.0219,-0.0073,-0.0122,0.0000,kp5
2568,5.0000,1.0000,0.0216,0.0219,-0.0073,-0.0122,0.0000,kp5
2573,5.0000,1.0000,0.0216,0.0219,-0.0073,-0.0122,0.0000,kp5
2578,5.0000,1.0000,0.0216,0.0219,-0.0073,-0.0122,0.0000,kp5
2583,5.0000,1.0000,0.0216,0.0219,-0.0073,-0.0171,0.0000,kp5
2588,5.0000,1.0000,0.0216,0.0219,-0.0073,-0.0122,0.0000,kp5
2594,5.0000,1.0000,0.0216,0.0219,-0.0073,-0.0122,0.0000,kp5
2599,5.0000,1.0000,0.0216,0.0219,-0.0073,-0.0122,0.0000,kp5
2604,5.0000,1.0000,0.0216,0.0219,-0.0073,-0.0122,0.0000,kp5
2609,5.0000,1.0000,0.0216,0.0219,-0.0073,-0.0171,0.0000,kp5
2614,5.0000,1.0000,0.0216,0.0219,-0.0073,-0.0122,0.0000,kp5
2619,5.0000,1.0000,0.0216,0.0219,-0.0073,-0.0122,0.0000,kp5
2624,5.0000,1.0000,0.0216,0.0219,-0.0073,-0.0122,0.0000,kp5
2629,5.0000,1.0000,0.0216,0.0219,-0.0073,-0.0171,0.0000,kp5
2634,5.0000,1.0000,0.0216,0.0219,-0.0073,-0.0171,0.0000,kp5
2639,5.0000,1.0000,0.0216,0.0219,-0.0073,-0.0122,0.0000,kp5
2644,5.0000,1.0000,0.0216,0.0219,-0.0073,-0.0122,0.0000,kp5
2649,5.0000,1.0000,0.0216,0.0219,-0.0073,-0.0171,0.0000,kp5
2654,5.0000,1.0000,0.0216,0.0219,-0.0073,-0.0171,0.0000,kp5
2659,5.0000,1.0000,0.0216,0.0219,-0.0073,-0.0122,0.0000,kp5
2664,5.0000,1.0000,0.0216,0.0219,-0.0073,-0.0122,0.0000,kp5
2669,5.0000,1.0000,0.0216,0.0219,-0.0073,-0.0122,0.0000,kp5
2674,5.0000,1.0000,0.0216,0.0219,-0.0073,-0.0171,0.0000,kp5
2680,5.0000,1.0000,0.0216,0.0219,-0.0073,-0.0171,0.0000,kp5
2685,5.0000,1.0000,0.0216,0.0219,-0.0073,-0.0171,0.0000,kp5
2690,5.0000,1.0000,0.0216,0.0219,-0.0073,-0.0171,0.0000,kp5
2695,5.0000,1.0000,0.0216,0.0219,-0.0073,-0.0122,0.0000,kp5
2700,5.0000,1.0000,0.0216,0.0219,-0.0073,-0.0171,0.0000,kp5
2705,5.0000,1.0000,0.0216,0.0219,-0.0073,-0.0171,0.0000,kp5
2710,5.0000,1.0000,0.0216,0.0219,-0.0073,-0.0171,0.0000,kp5
2715,5.0000,1.0000,0.0216,0.0219,-0.0073,-0.0122,0.0000,kp5
2720,5.0000,1.0000,0.0216,0.0219,-0.0073,-0.0122,0.0000,kp5
2725,5.0000,1.0000,0.0216,0.0219,-0.0073,-0.0171,0.0000,kp5
2730,5.0000,1.0000,0.0216,0.0219,-0.0073,-0.0171,0.0000,kp5
2735,5.0000,1.0000,0.0216,0.0219,-0.0073,-0.0171,0.0000,kp5
2740,5.0000,1.0000,0.0216,0.0219,-0.0073,-0.0122,0.0000,kp5
2745,5.0000,1.0000,0.0216,0.0219,-0.0073,-0.0122,0.0000,kp5
2750,5.0000,1.0000,0.0216,0.0219,-0.0073,-0.0122,0.0000,kp5
2755,5.0000,1.0000,0.0216,0.0219,-0.0073,-0.0122,0.0000,kp5
2760,5.0000,1.0000,0.0216,0.0219,-0.0073,-0.0122,0.0000,kp5
2765,5.0000,1.0000,0.0216,0.0219,-0.0073,-0.0171,0.0000,kp5
2771,5.0000,1.0000,0.0216,0.0219,-0.0073,-0.0171,0.0000,kp5
2776,5.0000,1.0000,0.0216,0.0219,-0.0073,-0.0171,0.0000,kp5
2781,5.0000,1.0000,0.0216,0.0219,-0.0073,-0.0122,0.0000,kp5
2786,5.0000,1.0000,0.0216,0.0219,-0.0073,-0.0122,0.0000,kp5
2791,5.0000,1.0000,0.0216,0.0219,-0.0073,-0.0171,0.0000,kp5
2796,5.0000,1.0000,0.0216,0.0219,-0.0073,-0.0171,0.0000,kp5
2801,5.0000,1.0000,0.0216,0.0219,-0.0073,-0.0171,0.0000,kp5
2806,5.0000,1.0000,0.0216,0.0219,-0.0073,-0.0122,0.0000,kp5
2811,5.0000,1.0000,0.0216,0.0219,-0.0073,-0.0122,0.0000,kp5
2816,5.0000,1.0000,0.0216,0.0219,-0.0073,-0.0122,0.0000,kp5
2821,5.0000,1.0000,0.0216,0.0219,-0.0073,-0.0122,0.0000,kp5
2826,5.0000,1.0000,0.0216,0.0219,-0.0073,-0.0122,0.0000,kp5
2831,5.0000,1.0000,0.0216,0.0219,-0.0073,-0.0171,0.0000,kp5
2836,5.0000,1.0000,0.0216,0.0219,-0.0073,-0.0122,0.0000,kp5
2841,5.0000,1.0000,0.0216,0.0219,-0.0073,-0.0171,0.0000,kp5
2846,5.0000,1.0000,0.0216,0.0219,-0.0073,-0.0122,0.0000,kp5
2851,5.0000,1.0000,0.0216,0.0219,-0.0073,-0.0122,0.0000,kp5
2856,5.0000,1.0000,0.0216,0.0219,-0.0073,-0.0122,0.0000,kp5
2862,5.0000,1.0000,0.0216,0.0219,-0.0073,-0.0122,0.0000,kp5
2867,5.0000,1.0000,0.0216,0.0219,-0.0073,-0.0122,0.0000,kp5
2872,5.0000,1.0000,0.0216,0.0219,-0.0073,-0.0171,0.0000,kp5
2877,5.0000,1.0000,0.0216,0.0219,-0.0073,-0.0122,0.0000,kp5
2882,5.0000,1.0000,0.0216,0.0219,-0.0073,-0.0122,0.0000,kp5
2887,5.0000,1.0000,0.0216,0.0219,-0.0073,-0.0171,0.0000,kp5
2892,5.0000,1.0000,0.0216,0.0219,-0.0073,-0.0171,0.0000,kp5
2897,5.0000,1.0000,0.0216,0.0219,-0.0073,-0.0122,0.0000,kp5
2902,5.0000,1.0000,0.0216,0.0219,-0.0073,-0.0171,0.0000,kp5
2907,5.0000,1.0000,0.0216,0.0219,-0.0073,-0.0122,0.0000,kp5
2912,5.0000,1.0000,0.0216,0.0219,-0.0073,-0.0122,0.0000,kp5
2917,5.0000,1.0000,0.0216,0.0219,-0.0073,-0.0171,0.0000,kp5
2922,5.0000,1.0000,0.0216,0.0219,-0.0073,-0.0171,0.0000,kp5
2927,5.0000,1.0000,0.0216,0.0219,-0.0073,-0.0171,0.0000,kp5
2932,5.0000,1.0000,0.0216,0.0219,-0.0073,-0.0122,0.0000,kp5
2937,5.0000,1.0000,0.0216,0.0219,-0.0073,-0.0171,0.0000,kp5
2942,5.0000,1.0000,0.0216,0.0219,-0.0073,-0.0171,0.0000,kp5
2947,5.0000,1.0000,0.0216,0.0219,-0.0073,-0.0171,0.0000,kp5
2953,5.0000,1.0000,0.0216,0.0219,-0.0073,-0.0122,0.0000,kp5
2958,5.0000,1.0000,0.0216,0.0219,-0.0073,-0.0122,0.0000,kp5
2963,5.0000,1.0000,0.0216,0.0219,-0.0073,-0.0171,0.0000,kp5
2968,5.0000,1.0000,0.0216,0.0219,-0.0073,-0.0171,0.0000,kp5
2973,5.0000,1.0000,0.0216,0.0219,-0.0073,-0.0171,0.0000,kp5
2978,5.0000,1.0000,0.0216,0.0219,-0.0073,-0.0122,0.0000,kp5
2983,5.0000,1.0000,0.0216,0.0219,-0.0073,-0.0171,0.0000,kp5
2988,5.0000,1.0000,0.0216,0.0219,-0.0073,-0.0171,0.0000,kp5
2993,5.0000,1.0000,0.0216,0.0219,-0.0073,-0.0171,0.0000,kp5
2998,5.0000,1.0000,0.0216,0.0219,-0.0073,-0.0171,0.0000,kp5
3003,5.0000,1.0000,0.0216,0.0219,-0.0073,-0.0171,0.0000,kp5
3008,5.0000,1.0000,0.0216,0.0219,-0.0073,-0.0171,0.0000,kp5
3013,5.0000,1.0000,0.0216,0.0219,-0.0073,-0.0171,0.0000,kp5
3018,5.0000,1.0000,0.0216,0.0219,-0.0073,-0.0122,0.0000,kp5
3023,5.0000,1.0000,0.0216,0.0219,-0.0073,-0.0171,0.0000,kp5
3028,5.0000,1.0000,0.0216,0.0219,-0.0073,-0.0122,0.0000,kp5
3033,5.0000,1.0000,0.0216,0.0219,-0.0073,-0.0122,0.0000,kp5
3038,5.0000,1.0000,0.0216,0.0219,-0.0073,-0.0122,0.0000,kp5
3044,5.0000,1.0000,0.0216,0.0219,-0.0073,-0.0122,0.0000,kp5
3049,5.0000,1.0000,0.0216,0.0219,-0.0073,-0.0122,0.0000,kp5
3054,5.0000,1.0000,0.0216,0.0219,-0.0073,-0.0171,0.0000,kp5
3059,5.0000,1.0000,0.0216,0.0219,-0.0073,-0.0171,0.0000,kp5
3064,5.0000,1.0000,0.0216,0.0219,-0.0073,-0.0122,0.0000,kp5
3069,5.0000,1.0000,0.0216,0.0219,-0.0073,-0.0171,0.0000,kp5
3074,5.0000,1.0000,0.0216,0.0219,-0.0073,-0.0122,0.0000,kp5
3079,5.0000,1.0000,0.0216,0.0219,-0.0073,-0.0171,0.0000,kp5
3084,5.0000,1.0000,0.0216,0.0219,-0.0073,-0.0171,0.0000,kp5
3089,5.0000,1.0000,0.0216,0.0219,-0.0073,-0.0122,0.0000,kp5
3094,5.0000,1.0000,0.0216,0.0219,-0.0073,-0.0122,0.0000,kp5
3099,5.0000,1.0000,0.0216,0.0219,-0.0073,-0.0122,0.0000,kp5
3104,5.0000,1.0000,0.0216,0.0219,-0.0073,-0.0171,0.0000,kp5
3109,5.0000,1.0000,0.0216,0.0219,-0.0073,-0.0122,0.0000,kp5
3114,5.0000,1.0000,0.0216,0.0219,-0.0073,-0.0122,0.0000,kp5
3119,5.0000,1.0000,0.0216,0.0219,-0.0073,-0.0122,0.0000,kp5
3124,5.0000,1.0000,0.0216,0.0219,-0.0073,-0.0122,0.0000,kp5
3129,5.0000,1.0000,0.0216,0.0219,-0.0073,-0.0122,0.0000,kp5
3135,5.0000,1.0000,0.0216,0.0219,-0.0073,-0.0122,0.0000,kp5
3140,5.0000,1.0000,0.0216,0.0219,-0.0073,-0.0171,0.0000,kp5
3145,5.0000,1.0000,0.0216,0.0219,-0.0073,-0.0171,0.0000,kp5
3150,5.0000,1.0000,0.0216,0.0219,-0.0073,-0.0171,0.0000,kp5
3155,5.0000,1.0000,0.0216,0.0219,-0.0073,-0.0171,0.0000,kp5
3160,5.0000,1.0000,0.0216,0.0219,-0.0073,-0.0122,0.0000,kp5
3165,5.0000,1.0000,0.0216,0.0219,-0.0073,-0.0122,0.0000,kp5
3170,5.0000,1.0000,0.0216,0.0219,-0.0073,-0.0122,0.0000,kp5
3175,5.0000,1.0000,0.0216,0.0219,-0.0073,-0.0122,0.0000,kp5
3180,5.0000,1.0000,0.0216,0.0219,-0.0073,-0.0171,0.0000,kp5
3185,5.0000,1.0000,0.0216,0.0219,-0.0073,-0.0171,0.0000,kp5
3190,5.0000,1.0000,0.0216,0.0219,-0.0073,-0.0171,0.0000,kp5
3195,5.0000,1.0000,0.0216,0.0219,-0.0073,-0.0122,0.0000,kp5
3200,5.0000,1.0000,0.0216,0.0219,-0.0073,-0.0171,0.0000,kp5
3205,5.0000,1.0000,0.0216,0.0219,-0.0073,-0.0171,0.0000,kp5
3210,5.0000,1.0000,0.0216,0.0219,-0.0073,-0.0122,0.0000,kp5
3215,5.0000,1.0000,0.0216,0.0219,-0.0073,-0.0171,0.0000,kp5
3220,5.0000,1.0000,0.0216,0.0219,-0.0073,-0.0171,0.0000,kp5
3225,5.0000,1.0000,0.0216,0.0219,-0.0073,-0.0171,0.0000,kp5
3231,5.0000,1.0000,0.0216,0.0219,-0.0073,-0.0171,0.0000,kp5
3236,5.0000,1.0000,0.0216,0.0219,-0.0073,-0.0171,0.0000,kp5
3241,5.0000,1.0000,0.0216,0.0219,-0.0073,-0.0171,0.0000,kp5
3246,5.0000,1.0000,0.0216,0.0219,-0.0073,-0.0171,0.0000,kp5
3251,5.0000,1.0000,0.0216,0.0219,-0.0073,-0.0122,0.0000,kp5
3256,5.0000,1.0000,0.0216,0.0219,-0.0073,-0.0122,0.0000,kp5
3261,5.0000,1.0000,0.0216,0.0219,-0.0073,-0.0171,0.0000,kp5
3266,5.0000,1.0000,0.0216,0.0219,-0.0073,-0.0122,0.0000,kp5
3271,5.0000,1.0000,0.0216,0.0219,-0.0073,-0.0122,0.0000,kp5
3276,5.0000,1.0000,0.0216,0.0219,-0.0073,-0.0171,0.0000,kp5
3281,5.0000,1.0000,0.0216,0.0219,-0.0073,-0.0171,0.0000,kp5
3286,5.0000,1.0000,0.0216,0.0219,-0.0073,-0.0171,0.0000,kp5
3291,5.0000,1.0000,0.0216,0.0219,-0.0073,-0.0122,0.0000,kp5
3296,5.0000,1.0000,0.0216,0.0219,-0.0073,-0.0171,0.0000,kp5
3301,5.0000,1.0000,0.0216,0.0219,-0.0073,-0.0122,0.0000,kp5
3306,5.0000,1.0000,0.0216,0.0219,-0.0073,-0.0171,0.0000,kp5
3311,5.0000,1.0000,0.0216,0.0219,-0.0073,-0.0171,0.0000,kp5
3317,5.0000,1.0000,0.0216,0.0219,-0.0073,-0.0171,0.0000,kp5
3322,5.0000,1.0000,0.0216,0.0219,-0.0073,-0.0122,0.0000,kp5
3327,5.0000,1.0000,0.0216,0.0219,-0.0073,-0.0122,0.0000,kp5
3332,5.0000,1.0000,0.0216,0.0219,-0.0073,-0.0171,0.0000,kp5
3337,5.0000,1.0000,0.0216,0.0219,-0.0073,-0.0122,0.0000,kp5
3342,5.0000,1.0000,0.0216,0.0219,-0.0073,-0.0122,0.0000,kp5
3347,5.0000,1.0000,0.0216,0.0219,-0.0073,-0.0171,0.0000,kp5
3352,5.0000,1.0000,0.0216,0.0219,-0.0073,-0.0171,0.0000,kp5
3357,5.0000,1.0000,0.0216,0.0219,-0.0073,-0.0171,0.0000,kp5
3362,5.0000,1.0000,0.0216,0.0219,-0.0073,-0.0122,0.0000,kp5
3367,5.0000,1.0000,0.0216,0.0219,-0.0073,-0.0122,0.0000,kp5
3372,5.0000,1.0000,0.0216,0.0219,-0.0073,-0.0171,0.0000,kp5
3377,5.0000,1.0000,0.0216,0.0219,-0.0073,-0.0122,0.0000,kp5
3382,5.0000,1.0000,0.0216,0.0219,-0.0073,-0.0171,0.0000,kp5
3387,5.0000,1.0000,0.0216,0.0219,-0.0073,-0.0122,0.0000,kp5
3392,5.0000,1.0000,0.0216,0.0219,-0.0073,-0.0171,0.0000,kp5
3397,5.0000,1.0000,0.0216,0.0219,-0.0073,-0.0122,0.0000,kp5
3402,5.0000,1.0000,0.0216,0.0219,-0.0073,-0.0122,0.0000,kp5
3408,5.0000,1.0000,0.0216,0.0219,-0.0073,-0.0122,0.0000,kp5
3413,5.0000,1.0000,0.0216,0.0219,-0.0073,-0.0122,0.0000,kp5
3418,5.0000,1.0000,0.0216,0.0219,-0.0073,-0.0171,0.0000,kp5
3423,5.0000,1.0000,0.0216,0.0219,-0.0073,-0.0171,0.0000,kp5
3428,5.0000,1.0000,0.0216,0.0219,-0.0073,-0.0122,0.0000,kp5
3433,5.0000,1.0000,0.0216,0.0219,-0.0073,-0.0171,0.0000,kp5
3438,5.0000,1.0000,0.0216,0.0219,-0.0073,-0.0171,0.0000,kp5
3443,5.0000,1.0000,0.0216,0.0219,-0.0073,-0.0122,0.0000,kp5
3448,5.0000,1.0000,0.0216,0.0219,-0.0073,-0.0122,0.0000,kp5
3453,5.0000,1.0000,0.0216,0.0219,-0.0073,-0.0171,0.0000,kp5
3458,5.0000,1.0000,0.0216,0.0219,-0.0073,-0.0171,0.0000,kp5
3463,5.0000,1.0000,0.0216,0.0219,-0.0073,-0.0122,0.0000,kp5
3468,5.0000,1.0000,0.0216,0.0219,-0.0073,-0.0122,0.0000,kp5
3473,5.0000,1.0000,0.0216,0.0219,-0.0073,-0.0171,0.0000,kp5
3478,5.0000,1.0000,0.0216,0.0219,-0.0073,-0.0122,0.0000,kp5
3483,5.0000,1.0000,0.0216,0.0219,-0.0073,-0.0171,0.0000,kp5
3488,5.0000,1.0000,0.0216,0.0219,-0.0073,-0.0171,0.0000,kp5
3494,5.0000,1.0000,0.0216,0.0219,-0.0073,-0.0171,0.0000,kp5
3499,5.0000,1.0000,0.0216,0.0219,-0.0073,-0.0122,0.0000,kp5
3504,5.0000,1.0000,0.0216,0.0219,-0.0073,-0.0171,0.0000,kp5
3509,5.0000,1.0000,0.0216,0.0219,-0.0073,-0.0171,0.0000,kp5
3514,5.0000,1.0000,0.0216,0.0219,-0.0073,-0.0171,0.0000,kp5
3519,5.0000,1.0000,0.0216,0.0219,-0.0073,-0.0171,0.0000,kp5
3524,5.0000,1.0000,0.0216,0.0219,-0.0073,-0.0171,0.0000,kp5
3529,5.0000,1.0000,0.0216,0.0219,-0.0073,-0.0171,0.0000,kp5
3534,5.0000,1.0000,0.0216,0.0219,-0.0073,-0.0171,0.0000,kp5
3539,5.0000,1.0000,0.0216,0.0219,-0.0073,-0.0171,0.0000,kp5
3544,5.0000,1.0000,0.0216,0.0219,-0.0073,-0.0122,0.0000,kp5
3549,5.0000,1.0000,0.0216,0.0219,-0.0073,-0.0122,0.0000,kp5
3554,5.0000,1.0000,0.0216,0.0219,-0.0073,-0.0171,0.0000,kp5
3559,5.0000,1.0000,0.0216,0.0219,-0.0073,-0.0122,0.0000,kp5
3564,5.0000,1.0000,0.0216,0.0219,-0.0073,-0.0122,0.0000,kp5
3569,5.0000,1.0000,0.0216,0.0219,-0.0073,-0.0122,0.0000,kp5
3574,5.0000,1.0000,0.0216,0.0219,-0.0073,-0.0122,0.0000,kp5
3579,5.0000,1.0000,0.0216,0.0219,-0.0073,-0.0122,0.0000,kp5
3585,5.0000,1.0000,0.0216,0.0219,-0.0073,-0.0171,0.0000,kp5
3590,5.0000,1.0000,0.0216,0.0219,-0.0073,-0.0122,0.0000,kp5
3595,5.0000,1.0000,0.0216,0.0219,-0.0073,-0.0171,0.0000,kp5
3600,5.0000,1.0000,0.0216,0.0219,-0.0073,-0.0122,0.0000,kp5
3605,5.0000,1.0000,0.0216,0.0219,-0.0073,-0.0122,0.0000,kp5
3610,5.0000,1.0000,0.0216,0.0219,-0.0073,-0.0171,0.0000,kp5
3615,5.0000,1.0000,0.0216,0.0219,-0.0073,-0.0122,0.0000,kp5
3620,5.0000,1.0000,0.0216,0.0219,-0.0073,-0.0122,0.0000,kp5
3625,5.0000,1.0000,0.0216,0.0219,-0.0073,-0.0122,0.0000,kp5
3630,5.0000,1.0000,0.0216,0.0219,-0.0073,-0.0122,0.0000,kp5
3635,5.0000,1.0000,0.0216,0.0219,-0.0073,-0.0122,0.0000,kp5
3640,5.0000,1.0000,0.0216,0.0219,-0.0073,-0.0122,0.0000,kp5
3645,5.0000,1.0000,0.0216,0.0219,-0.0073,-0.0122,0.0000,kp5
3650,5.0000,1.0000,0.0216,0.0219,-0.0073,-0.0171,0.0000,kp5
3655,5.0000,1.0000,0.0216,0.0219,-0.0073,-0.0171,0.0000,kp5
3660,5.0000,1.0000,0.0216,0.0219,-0.0073,-0.0171,0.0000,kp5
3665,5.0000,1.0000,0.0216,0.0219,-0.0073,-0.0122,0.0000,kp5
3671,5.0000,1.0000,0.0216,0.0219,-0.0073,-0.0122,0.0000,kp5
3676,5.0000,1.0000,0.0216,0.0219,-0.0073,-0.0122,0.0000,kp5
3681,5.0000,1.0000,0.0216,0.0219,-0.0073,-0.0171,0.0000,kp5
3686,5.0000,1.0000,0.0216,0.0219,-0.0073,-0.0122,0.0000,kp5
3691,5.0000,1.0000,0.0216,0.0219,-0.0073,-0.0171,0.0000,kp5
3696,5.0000,1.0000,0.0216,0.0219,-0.0073,-0.0171,0.0000,kp5
3701,5.0000,1.0000,0.0216,0.0219,-0.0073,-0.0171,0.0000,kp5
3706,5.0000,1.0000,0.0216,0.0219,-0.0073,-0.0171,0.0000,kp5
3711,5.0000,1.0000,0.0216,0.0219,-0.0073,-0.0171,0.0000,kp5
3716,5.0000,1.0000,0.0216,0.0219,-0.0073,-0.0171,0.0000,kp5
3721,5.0000,1.0000,0.0216,0.0219,-0.0073,-0.0122,0.0000,kp5
3726,5.0000,1.0000,0.0216,0.0219,-0.0073,-0.0171,0.0000,kp5
3731,5.0000,1.0000,0.0216,0.0219,-0.0073,-0.0122,0.0000,kp5
3736,5.0000,1.0000,0.0216,0.0219,-0.0073,-0.0171,0.0000,kp5
3741,5.0000,1.0000,0.0216,0.0219,-0.0073,-0.0122,0.0000,kp5
3746,5.0000,1.0000,0.0216,0.0219,-0.0073,-0.0171,0.0000,kp5
3751,5.0000,1.0000,0.0216,0.0219,-0.0073,-0.0122,0.0000,kp5
3756,5.0000,1.0000,0.0216,0.0219,-0.0073,-0.0122,0.0000,kp5
3762,5.0000,1.0000,0.0216,0.0219,-0.0073,-0.0171,0.0000,kp5
3767,5.0000,1.0000,0.0216,0.0219,-0.0073,-0.0171,0.0000,kp5
3772,5.0000,1.0000,0.0216,0.0219,-0.0073,-0.0171,0.0000,kp5
3777,5.0000,1.0000,0.0216,0.0219,-0.0073,-0.0122,0.0000,kp5
3782,5.0000,1.0000,0.0216,0.0219,-0.0073,-0.0122,0.0000,kp5
3787,5.0000,1.0000,0.0216,0.0219,-0.0073,-0.0122,0.0000,kp5
3792,5.0000,1.0000,0.0216,0.0219,-0.0073,-0.0122,0.0000,kp5
3797,5.0000,1.0000,0.0216,0.0219,-0.0073,-0.0171,0.0000,kp5
3802,5.0000,1.0000,0.0216,0.0219,-0.0073,-0.0122,0.0000,kp5
3807,5.0000,1.0000,0.0216,0.0219,-0.0073,-0.0122,0.0000,kp5
3812,5.0000,1.0000,0.0216,0.0219,-0.0073,-0.0122,0.0000,kp5
3817,5.0000,1.0000,0.0216,0.0219,-0.0073,-0.0122,0.0000,kp5
3822,5.0000,1.0000,0.0216,0.0219,-0.0073,-0.0122,0.0000,kp5
3827,5.0000,1.0000,0.0216,0.0219,-0.0073,-0.0171,0.0000,kp5
3832,5.0000,1.0000,0.0216,0.0219,-0.0073,-0.0171,0.0000,kp5
3837,5.0000,1.0000,0.0216,0.0219,-0.0073,-0.0122,0.0000,kp5
3842,5.0000,1.0000,0.0216,0.0219,-0.0073,-0.0122,0.0000,kp5
3847,5.0000,1.0000,0.0216,0.0219,-0.0073,-0.0122,0.0000,kp5
3853,5.0000,1.0000,0.0216,0.0219,-0.0073,-0.0122,0.0000,kp5
3858,5.0000,1.0000,0.0216,0.0219,-0.0073,-0.0122,0.0000,kp5
3863,5.0000,1.0000,0.0216,0.0219,-0.0073,-0.0122,0.0000,kp5
3868,5.0000,1.0000,0.0216,0.0219,-0.0073,-0.0171,0.0000,kp5
3873,5.0000,1.0000,0.0216,0.0219,-0.0073,-0.0171,0.0000,kp5
3878,5.0000,1.0000,0.0216,0.0219,-0.0073,-0.0171,0.0000,kp5
3883,5.0000,1.0000,0.0216,0.0219,-0.0073,-0.0122,0.0000,kp5
3888,5.0000,1.0000,0.0216,0.0219,-0.0073,-0.0122,0.0000,kp5
3893,5.0000,1.0000,0.0216,0.0219,-0.0073,-0.0122,0.0000,kp5
3898,5.0000,1.0000,0.0216,0.0219,-0.0073,-0.0171,0.0000,kp5
3903,5.0000,1.0000,0.0216,0.0219,-0.0073,-0.0171,0.0000,kp5
3908,5.0000,1.0000,0.0216,0.0219,-0.0073,-0.0122,0.0000,kp5
3913,5.0000,1.0000,0.0216,0.0219,-0.0073,-0.0171,0.0000,kp5
3918,5.0000,1.0000,0.0216,0.0219,-0.0073,-0.0171,0.0000,kp5
3923,5.0000,1.0000,0.0216,0.0219,-0.0073,-0.0171,0.0000,kp5
3928,5.0000,1.0000,0.0216,0.0219,-0.0073,-0.0171,0.0000,kp5
3933,5.0000,1.0000,0.0216,0.0219,-0.0073,-0.0171,0.0000,kp5
3938,5.0000,1.0000,0.0216,0.0219,-0.0073,-0.0122,0.0000,kp5
3944,5.0000,1.0000,0.0216,0.0219,-0.0073,-0.0122,0.0000,kp5
3949,5.0000,1.0000,0.0216,0.0219,-0.0073,-0.0122,0.0000,kp5
3954,5.0000,1.0000,0.0216,0.0219,-0.0073,-0.0122,0.0000,kp5
3959,5.0000,1.0000,0.0216,0.0219,-0.0073,-0.0122,0.0000,kp5
3964,5.0000,1.0000,0.0216,0.0219,-0.0073,-0.0122,0.0000,kp5
3969,5.0000,1.0000,0.0216,0.0219,-0.0073,-0.0122,0.0000,kp5
3974,5.0000,1.0000,0.0216,0.0219,-0.0073,-0.0122,0.0000,kp5
3979,5.0000,1.0000,0.0216,0.0219,-0.0073,-0.0122,0.0000,kp5
3984,5.0000,1.0000,0.0216,0.0219,-0.0073,-0.0171,0.0000,kp5
3989,5.0000,1.0000,0.0216,0.0219,-0.0073,-0.0171,0.0000,kp5
3994,5.0000,1.0000,0.0216,0.0219,-0.0073,-0.0122,0.0000,kp5
3999,5.0000,1.0000,0.0216,0.0219,-0.0073,-0.0171,0.0000,kp5
4004,5.0000,1.0000,0.0216,0.0219,-0.0073,-0.0122,0.0000,kp5
4009,5.0000,1.0000,0.0216,0.0219,-0.0073,-0.0122,0.0000,kp5
4014,5.0000,1.0000,0.0216,0.0219,-0.0073,-0.0122,0.0000,kp5
4019,5.0000,1.0000,0.0216,0.0219,-0.0073,-0.0122,0.0000,kp5
4024,5.0000,1.0000,0.0216,0.0219,-0.0073,-0.0122,0.0000,kp5
4029,5.0000,1.0000,0.0216,0.0219,-0.0073,-0.0122,0.0000,kp5
4035,5.0000,1.0000,0.0216,0.0219,-0.0073,-0.0122,0.0000,kp5
4040,5.0000,1.0000,0.0216,0.0219,-0.0073,-0.0122,0.0000,kp5
4045,5.0000,1.0000,0.0216,0.0219,-0.0073,-0.0122,0.0000,kp5
4050,5.0000,1.0000,0.0216,0.0219,-0.0073,-0.0122,0.0000,kp5
4055,5.0000,1.0000,0.0216,0.0219,-0.0073,-0.0122,0.0000,kp5
4060,5.0000,1.0000,0.0216,0.0219,-0.0073,-0.0171,0.0000,kp5
4065,5.0000,1.0000,0.0216,0.0219,-0.0073,-0.0122,0.0000,kp5
4070,5.0000,1.0000,0.0216,0.0219,-0.0073,-0.0171,0.0000,kp5
4075,5.0000,1.0000,0.0216,0.0219,-0.0073,-0.0122,0.0000,kp5
4080,5.0000,1.0000,0.0216,0.0219,-0.0073,-0.0122,0.0000,kp5
4085,5.0000,1.0000,0.0216,0.0219,-0.0073,-0.0122,0.0000,kp5
4090,5.0000,1.0000,0.0216,0.0219,-0.0073,-0.0122,0.0000,kp5
4095,5.0000,1.0000,0.0216,0.0219,-0.0073,-0.0171,0.0000,kp5
4100,5.0000,1.0000,0.0216,0.0219,-0.0073,-0.0122,0.0000,kp5
4105,5.0000,1.0000,0.0216,0.0219,-0.0073,-0.0171,0.0000,kp5
4110,5.0000,1.0000,0.0216,0.0219,-0.0073,-0.0171,0.0000,kp5
4115,5.0000,1.0000,0.0216,0.0219,-0.0073,-0.0171,0.0000,kp5
4120,5.0000,1.0000,0.0216,0.0219,-0.0073,-0.0122,0.0000,kp5
4126,5.0000,1.0000,0.0216,0.0219,-0.0073,-0.0122,0.0000,kp5
4131,5.0000,1.0000,0.0216,0.0219,-0.0073,-0.0122,0.0000,kp5
4136,5.0000,1.0000,0.0216,0.0219,-0.0073,-0.0122,0.0000,kp5
4141,5.0000,1.0000,0.0216,0.0219,-0.0073,-0.0171,0.0000,kp5
4146,5.0000,1.0000,0.0216,0.0219,-0.0073,-0.0171,0.0000,kp5
4151,5.0000,1.0000,0.0216,0.0219,-0.0073,-0.0171,0.0000,kp5
4156,5.0000,1.0000,0.0216,0.0219,-0.0073,-0.0171,0.0000,kp5
4161,5.0000,1.0000,0.0216,0.0219,-0.0073,-0.0122,0.0000,kp5
4166,5.0000,1.0000,0.0216,0.0219,-0.0073,-0.0122,0.0000,kp5
4171,5.0000,1.0000,0.0216,0.0219,-0.0073,-0.0171,0.0000,kp5
4176,5.0000,1.0000,0.0216,0.0219,-0.0073,-0.0122,0.0000,kp5
4181,5.0000,1.0000,0.0216,0.0219,-0.0073,-0.0122,0.0000,kp5
4186,5.0000,1.0000,0.0216,0.0219,-0.0073,-0.0122,0.0000,kp5
4191,5.0000,1.0000,0.0216,0.0219,-0.0073,-0.0171,0.0000,kp5
4196,5.0000,1.0000,0.0216,0.0219,-0.0073,-0.0122,0.0000,kp5
4201,5.0000,1.0000,0.0216,0.0219,-0.0073,-0.0122,0.0000,kp5
4206,5.0000,1.0000,0.0216,0.0219,-0.0073,-0.0171,0.0000,kp5
4211,5.0000,1.0000,0.0216,0.0219,-0.0073,-0.0122,0.0000,kp5
4217,5.0000,1.0000,0.0216,0.0219,-0.0073,-0.0122,0.0000,kp5
4222,5.0000,1.0000,0.0216,0.0219,-0.0073,-0.0122,0.0000,kp5
4227,5.0000,1.0000,0.0216,0.0219,-0.0073,-0.0171,0.0000,kp5
4232,5.0000,1.0000,0.0216,0.0219,-0.0073,-0.0122,0.0000,kp5
4237,5.0000,1.0000,0.0216,0.0219,-0.0073,-0.0122,0.0000,kp5
4242,5.0000,1.0000,0.0216,0.0219,-0.0073,-0.0122,0.0000,kp5
4247,5.0000,1.0000,0.0216,0.0219,-0.0073,-0.0122,0.0000,kp5
4252,5.0000,1.0000,0.0216,0.0219,-0.0073,-0.0122,0.0000,kp5
4257,5.0000,1.0000,0.0216,0.0219,-0.0073,-0.0122,0.0000,kp5
4262,5.0000,1.0000,0.0216,0.0219,-0.0073,-0.0171,0.0000,kp5
4267,5.0000,1.0000,0.0216,0.0219,-0.0073,-0.0122,0.0000,kp5
4272,5.0000,1.0000,0.0216,0.0219,-0.0073,-0.0122,0.0000,kp5
4277,5.0000,1.0000,0.0216,0.0219,-0.0073,-0.0122,0.0000,kp5
4282,5.0000,1.0000,0.0216,0.0219,-0.0073,-0.0171,0.0000,kp5
4287,5.0000,1.0000,0.0216,0.0219,-0.0073,-0.0171,0.0000,kp5
4292,5.0000,1.0000,0.0216,0.0219,-0.0073,-0.0171,0.0000,kp5
4297,5.0000,1.0000,0.0216,0.0219,-0.0073,-0.0171,0.0000,kp5
4302,5.0000,1.0000,0.0216,0.0219,-0.0073,-0.0122,0.0000,kp5
4308,5.0000,1.0000,0.0216,0.0219,-0.0073,-0.0171,0.0000,kp5
4313,5.0000,1.0000,0.0216,0.0219,-0.0073,-0.0122,0.0000,kp5
4318,5.0000,1.0000,0.0216,0.0219,-0.0073,-0.0171,0.0000,kp5
4323,5.0000,1.0000,0.0216,0.0219,-0.0073,-0.0122,0.0000,kp5
4328,5.0000,1.0000,0.0216,0.0219,-0.0073,-0.0122,0.0000,kp5
4333,5.0000,1.0000,0.0216,0.0219,-0.0073,-0.0122,0.0000,kp5
4338,5.0000,1.0000,0.0216,0.0219,-0.0073,-0.0122,0.0000,kp5
4343,5.0000,1.0000,0.0216,0.0219,-0.0073,-0.0122,0.0000,kp5
4348,5.0000,1.0000,0.0216,0.0219,-0.0073,-0.0122,0.0000,kp5
4353,5.0000,1.0000,0.0216,0.0219,-0.0073,-0.0122,0.0000,kp5
4358,5.0000,1.0000,0.0216,0.0219,-0.0073,-0.0122,0.0000,kp5
4363,5.0000,1.0000,0.0216,0.0219,-0.0073,-0.0122,0.0000,kp5
4368,5.0000,1.0000,0.0216,0.0219,-0.0073,-0.0122,0.0000,kp5
4373,5.0000,1.0000,0.0216,0.0219,-0.0073,-0.0122,0.0000,kp5
4378,5.0000,1.0000,0.0216,0.0219,-0.0073,-0.0122,0.0000,kp5
4383,5.0000,1.0000,0.0216,0.0219,-0.0073,-0.0171,0.0000,kp5
4388,5.0000,1.0000,0.0216,0.0219,-0.0073,-0.0122,0.0000,kp5
4393,5.0000,1.0000,0.0216,0.0219,-0.0073,-0.0171,0.0000,kp5
4398,5.0000,1.0000,0.0216,0.0219,-0.0073,-0.0122,0.0000,kp5
4403,5.0000,1.0000,0.0216,0.0219,-0.0073,-0.0122,0.0000,kp5
4409,5.0000,1.0000,0.0216,0.0219,-0.0073,-0.0122,0.0000,kp5
4414,5.0000,1.0000,0.0216,0.0219,-0.0073,-0.0122,0.0000,kp5
4419,5.0000,1.0000,0.0216,0.0219,-0.0073,-0.0122,0.0000,kp5
4424,5.0000,1.0000,0.0216,0.0219,-0.0073,-0.0171,0.0000,kp5
4429,5.0000,1.0000,0.0216,0.0219,-0.0073,-0.0171,0.0000,kp5
4434,5.0000,1.0000,0.0216,0.0219,-0.0073,-0.0171,0.0000,kp5
4439,5.0000,1.0000,0.0216,0.0219,-0.0073,-0.0171,0.0000,kp5
4444,5.0000,1.0000,0.0216,0.0219,-0.0073,-0.0171,0.0000,kp5
4449,5.0000,1.0000,0.0216,0.0219,-0.0073,-0.0122,0.0000,kp5
4454,5.0000,1.0000,0.0216,0.0219,-0.0073,-0.0171,0.0000,kp5
4459,5.0000,1.0000,0.0216,0.0219,-0.0073,-0.0122,0.0000,kp5
4464,5.0000,1.0000,0.0216,0.0219,-0.0073,-0.0171,0.0000,kp5
4469,5.0000,1.0000,0.0216,0.0219,-0.0073,-0.0122,0.0000,kp5
4474,5.0000,1.0000,0.0216,0.0219,-0.0073,-0.0171,0.0000,kp5
4479,5.0000,1.0000,0.0216,0.0219,-0.0073,-0.0122,0.0000,kp5
4484,5.0000,1.0000,0.0216,0.0219,-0.0073,-0.0171,0.0000,kp5
4489,5.0000,1.0000,0.0216,0.0219,-0.0073,-0.0122,0.0000,kp5
4494,5.0000,1.0000,0.0216,0.0219,-0.0073,-0.0171,0.0000,kp5
4500,5.0000,1.0000,0.0216,0.0219,-0.0073,-0.0122,0.0000,kp5
4505,5.0000,1.0000,0.0216,0.0219,-0.0073,-0.0171,0.0000,kp5
4510,5.0000,1.0000,0.0216,0.0219,-0.0073,-0.0122,0.0000,kp5
4515,5.0000,1.0000,0.0216,0.0219,-0.0073,-0.0122,0.0000,kp5
4520,5.0000,1.0000,0.0216,0.0219,-0.0073,-0.0122,0.0000,kp5
4525,5.0000,1.0000,0.0216,0.0219,-0.0073,-0.0122,0.0000,kp5
4530,5.0000,1.0000,0.0216,0.0219,-0.0073,-0.0122,0.0000,kp5
4535,5.0000,1.0000,0.0216,0.0219,-0.0073,-0.0122,0.0000,kp5
4540,5.0000,1.0000,0.0216,0.0219,-0.0073,-0.0122,0.0000,kp5
4545,5.0000,1.0000,0.0216,0.0219,-0.0073,-0.0122,0.0000,kp5
4550,5.0000,1.0000,0.0216,0.0219,-0.0073,-0.0122,0.0000,kp5
4555,5.0000,1.0000,0.0216,0.0219,-0.0073,-0.0171,0.0000,kp5
4560,5.0000,1.0000,0.0216,0.0219,-0.0073,-0.0122,0.0000,kp5
4565,5.0000,1.0000,0.0216,0.0219,-0.0073,-0.0171,0.0000,kp5
4570,5.0000,1.0000,0.0216,0.0219,-0.0073,-0.0171,0.0000,kp5
4575,5.0000,1.0000,0.0216,0.0219,-0.0073,-0.0122,0.0000,kp5
4580,5.0000,1.0000,0.0216,0.0219,-0.0073,-0.0171,0.0000,kp5
4585,5.0000,1.0000,0.0216,0.0219,-0.0073,-0.0122,0.0000,kp5
4591,5.0000,1.0000,0.0216,0.0219,-0.0073,-0.0122,0.0000,kp5
4596,5.0000,1.0000,0.0216,0.0219,-0.0073,-0.0122,0.0000,kp5
4601,5.0000,1.0000,0.0216,0.0219,-0.0073,-0.0171,0.0000,kp5
4606,5.0000,1.0000,0.0216,0.0219,-0.0073,-0.0171,0.0000,kp5
4611,5.0000,1.0000,0.0216,0.0219,-0.0073,-0.0171,0.0000,kp5
4616,5.0000,1.0000,0.0216,0.0219,-0.0073,-0.0122,0.0000,kp5
4621,5.0000,1.0000,0.0216,0.0219,-0.0073,-0.0122,0.0000,kp5
4626,5.0000,1.0000,0.0216,0.0219,-0.0073,-0.0122,0.0000,kp5
4631,5.0000,1.0000,0.0216,0.0219,-0.0073,-0.0171,0.0000,kp5
4636,5.0000,1.0000,0.0216,0.0219,-0.0073,-0.0171,0.0000,kp5
4641,5.0000,1.0000,0.0216,0.0219,-0.0073,-0.0122,0.0000,kp5
4646,5.0000,1.0000,0.0216,0.0219,-0.0073,-0.0122,0.0000,kp5
4651,5.0000,1.0000,0.0216,0.0219,-0.0073,-0.0122,0.0000,kp5
4656,5.0000,1.0000,0.0216,0.0219,-0.0073,-0.0171,0.0000,kp5
4661,5.0000,1.0000,0.0216,0.0219,-0.0073,-0.0171,0.0000,kp5
4666,5.0000,1.0000,0.0216,0.0219,-0.0073,-0.0171,0.0000,kp5
4671,5.0000,1.0000,0.0216,0.0219,-0.0073,-0.0122,0.0000,kp5
4676,5.0000,1.0000,0.0216,0.0219,-0.0073,-0.0171,0.0000,kp5
4682,5.0000,1.0000,0.0216,0.0219,-0.0073,-0.0171,0.0000,kp5
4687,5.0000,1.0000,0.0216,0.0219,-0.0073,-0.0171,0.0000,kp5
4692,5.0000,1.0000,0.0216,0.0219,-0.0073,-0.0122,0.0000,kp5
4697,5.0000,1.0000,0.0216,0.0219,-0.0073,-0.0171,0.0000,kp5
4702,5.0000,1.0000,0.0216,0.0219,-0.0073,-0.0171,0.0000,kp5
4707,5.0000,1.0000,0.0216,0.0219,-0.0073,-0.0122,0.0000,kp5
4712,5.0000,1.0000,0.0216,0.0219,-0.0073,-0.0122,0.0000,kp5
4717,5.0000,1.0000,0.0216,0.0219,-0.0073,-0.0122,0.0000,kp5
4722,5.0000,1.0000,0.0216,0.0219,-0.0073,-0.0122,0.0000,kp5
4727,5.0000,1.0000,0.0216,0.0219,-0.0073,-0.0171,0.0000,kp5
4732,5.0000,1.0000,0.0216,0.0219,-0.0073,-0.0171,0.0000,kp5
4737,5.0000,1.0000,0.0216,0.0219,-0.0073,-0.0171,0.0000,kp5
4742,5.0000,1.0000,0.0216,0.0219,-0.0073,-0.0171,0.0000,kp5
4747,5.0000,1.0000,0.0216,0.0219,-0.0073,-0.0171,0.0000,kp5
4752,5.0000,1.0000,0.0216,0.0219,-0.0073,-0.0122,0.0000,kp5
4757,5.0000,1.0000,0.0216,0.0219,-0.0073,-0.0122,0.0000,kp5
4762,5.0000,1.0000,0.0216,0.0219,-0.0073,-0.0122,0.0000,kp5
4767,5.0000,1.0000,0.0216,0.0219,-0.0073,-0.0122,0.0000,kp5
4772,5.0000,1.0000,0.0216,0.0219,-0.0073,-0.0122,0.0000,kp5
4778,5.0000,1.0000,0.0216,0.0219,-0.0073,-0.0122,0.0000,kp5
4783,5.0000,1.0000,0.0216,0.0219,-0.0073,-0.0122,0.0000,kp5
4788,5.0000,1.0000,0.0216,0.0219,-0.0073,-0.0122,0.0000,kp5
4793,5.0000,1.0000,0.0216,0.0219,-0.0073,-0.0122,0.0000,kp5
4798,5.0000,1.0000,0.0216,0.0219,-0.0073,-0.0122,0.0000,kp5
4803,5.0000,1.0000,0.0216,0.0219,-0.0073,-0.0122,0.0000,kp5
4808,5.0000,1.0000,0.0216,0.0219,-0.0073,-0.0122,0.0000,kp5
4813,5.0000,1.0000,0.0216,0.0219,-0.0073,-0.0171,0.0000,kp5
4818,5.0000,1.0000,0.0216,0.0219,-0.0073,-0.0171,0.0000,kp5
4823,5.0000,1.0000,0.0216,0.0219,-0.0073,-0.0171,0.0000,kp5
4828,5.0000,1.0000,0.0216,0.0219,-0.0073,-0.0122,0.0000,kp5
4833,5.0000,1.0000,0.0216,0.0219,-0.0073,-0.0171,0.0000,kp5
4838,5.0000,1.0000,0.0216,0.0219,-0.0073,-0.0122,0.0000,kp5
4843,5.0000,1.0000,0.0216,0.0219,-0.0073,-0.0171,0.0000,kp5
4848,5.0000,1.0000,0.0216,0.0219,-0.0073,-0.0171,0.0000,kp5
4853,5.0000,1.0000,0.0216,0.0219,-0.0073,-0.0171,0.0000,kp5
4858,5.0000,1.0000,0.0216,0.0219,-0.0073,-0.0171,0.0000,kp5
4864,5.0000,1.0000,0.0216,0.0219,-0.0073,-0.0122,0.0000,kp5
4869,5.0000,1.0000,0.0216,0.0219,-0.0073,-0.0122,0.0000,kp5
4874,5.0000,1.0000,0.0216,0.0219,-0.0073,-0.0122,0.0000,kp5
4879,5.0000,1.0000,0.0216,0.0219,-0.0073,-0.0171,0.0000,kp5
4884,5.0000,1.0000,0.0216,0.0219,-0.0073,-0.0171,0.0000,kp5
4889,5.0000,1.0000,0.0216,0.0219,-0.0073,-0.0122,0.0000,kp5
4894,5.0000,1.0000,0.0216,0.0219,-0.0073,-0.0122,0.0000,kp5
4899,5.0000,1.0000,0.0216,0.0219,-0.0073,-0.0171,0.0000,kp5
4904,5.0000,1.0000,0.0216,0.0219,-0.0073,-0.0171,0.0000,kp5
4909,5.0000,1.0000,0.0216,0.0219,-0.0073,-0.0171,0.0000,kp5
4914,5.0000,1.0000,0.0216,0.0219,-0.0073,-0.0122,0.0000,kp5
4919,5.0000,1.0000,0.0216,0.0219,-0.0073,-0.0171,0.0000,kp5
4924,5.0000,1.0000,0.0216,0.0219,-0.0073,-0.0122,0.0000,kp5
4929,5.0000,1.0000,0.0216,0.0219,-0.0073,-0.0171,0.0000,kp5
4934,5.0000,1.0000,0.0216,0.0219,-0.0073,-0.0122,0.0000,kp5
4939,5.0000,1.0000,0.0216,0.0219,-0.0073,-0.0122,0.0000,kp5
4944,5.0000,1.0000,0.0216,0.0219,-0.0073,-0.0122,0.0000,kp5
4949,5.0000,1.0000,0.0216,0.0219,-0.0073,-0.0122,0.0000,kp5
4955,5.0000,1.0000,0.0216,0.0219,-0.0073,-0.0171,0.0000,kp5
4960,5.0000,1.0000,0.0216,0.0219,-0.0073,-0.0122,0.0000,kp5
4965,5.0000,1.0000,0.0216,0.0219,-0.0073,-0.0122,0.0000,kp5
4970,5.0000,1.0000,0.0216,0.0219,-0.0073,-0.0122,0.0000,kp5
4975,5.0000,1.0000,0.0216,0.0219,-0.0073,-0.0171,0.0000,kp5
4980,5.0000,1.0000,0.0216,0.0219,-0.0073,-0.0171,0.0000,kp5
4985,5.0000,1.0000,0.0216,0.0219,-0.0073,-0.0122,0.0000,kp5
4990,5.0000,1.0000,0.0216,0.0219,-0.0073,-0.0122,0.0000,kp5
4995,5.0000,1.0000,0.0216,0.0219,-0.0073,-0.0122,0.0000,kp5
0,10.0000,1.0000,0.0216,0.0219,-0.0073,-0.0171,0.0000,kp10
5,10.0000,1.0000,0.0216,0.0219,-0.0073,-0.0171,0.0000,kp10
10,10.0000,1.0000,0.0216,0.0219,-0.0073,-0.0122,0.0000,kp10
15,10.0000,1.0000,0.0216,0.0219,-0.0073,-0.0122,0.0000,kp10
20,10.0000,1.0000,0.0216,0.0219,-0.0073,-0.0122,0.0000,kp10
25,10.0000,1.0000,0.0216,0.0219,-0.0073,-0.0171,0.0000,kp10
30,10.0000,1.0000,0.0216,0.0219,-0.0073,-0.0171,0.0000,kp10
35,10.0000,1.0000,0.0216,0.0219,-0.0073,-0.0171,0.0000,kp10
40,10.0000,1.0000,0.0216,0.0219,-0.0073,-0.0171,0.0000,kp10
45,10.0000,1.0000,0.0216,0.0219,-0.0073,-0.0171,0.0000,kp10
50,10.0000,1.0000,0.0216,0.0219,-0.0073,-0.0122,0.0000,kp10
55,10.0000,1.0000,0.0216,0.0219,-0.0073,-0.0122,0.0000,kp10
60,10.0000,1.0000,0.0216,0.0219,-0.0073,-0.0171,0.0000,kp10
65,10.0000,1.0000,0.0216,0.0219,-0.0073,-0.0171,0.0000,kp10
70,10.0000,1.0000,0.0216,0.0219,-0.0073,-0.0171,0.0000,kp10
75,10.0000,1.0000,0.0216,0.0219,-0.0073,-0.0171,0.0000,kp10
80,10.0000,1.0000,0.0216,0.0219,-0.0073,-0.0171,0.0000,kp10
85,10.0000,1.0000,0.0216,0.0219,-0.0073,-0.0171,0.0000,kp10
91,10.0000,1.0000,0.0216,0.0219,-0.0073,-0.0171,0.0000,kp10
96,10.0000,1.0000,0.0216,0.0219,-0.0073,-0.0171,0.0000,kp10
101,10.0000,1.0000,0.0216,0.0219,-0.0073,-0.0171,0.0000,kp10
106,10.0000,1.0000,0.0216,0.0219,-0.0073,-0.0171,0.0000,kp10
111,10.0000,1.0000,0.0216,0.0219,-0.0073,-0.0171,0.0000,kp10
116,10.0000,1.0000,0.0216,0.0219,-0.0073,-0.0171,0.0000,kp10
121,10.0000,1.0000,0.0216,0.0219,-0.0073,-0.0171,0.0000,kp10
126,10.0000,1.0000,0.0216,0.0219,-0.0073,-0.0171,0.0000,kp10
131,10.0000,1.0000,0.0216,0.0219,-0.0073,-0.0171,0.0000,kp10
136,10.0000,1.0000,0.0216,0.0219,-0.0073,-0.0220,0.0000,kp10
141,10.0000,1.0000,0.0216,0.0219,-0.0073,-0.0171,0.0000,kp10
146,10.0000,1.0000,0.0216,0.0219,-0.0073,-0.0171,0.0000,kp10
151,10.0000,1.0000,0.0216,0.0219,-0.0073,-0.0171,0.0000,kp10
156,10.0000,1.0000,0.0216,0.0219,-0.0073,-0.0171,0.0000,kp10
161,10.0000,1.0000,0.0216,0.0219,-0.0073,-0.0171,0.0000,kp10
166,10.0000,1.0000,0.0216,0.0219,-0.0073,-0.0171,0.0000,kp10
171,10.0000,1.0000,0.0216,0.0219,-0.0073,-0.0171,0.0000,kp10
177,10.0000,1.0000,0.0216,0.0219,-0.0073,-0.0171,0.0000,kp10
182,10.0000,1.0000,0.0216,0.0219,-0.0073,-0.0171,0.0000,kp10
187,10.0000,1.0000,0.0216,0.0219,-0.0073,-0.0171,0.0000,kp10
192,10.0000,1.0000,0.0216,0.0219,-0.0073,-0.0171,0.0000,kp10
197,10.0000,1.0000,0.0216,0.0219,-0.0073,-0.0171,0.0000,kp10
202,10.0000,1.0000,0.0216,0.0219,-0.0073,-0.0171,0.0000,kp10
207,10.0000,1.0000,0.0216,0.0219,-0.0073,-0.0171,0.0000,kp10
212,10.0000,1.0000,0.0216,0.0219,-0.0073,-0.0171,0.0000,kp10
217,10.0000,1.0000,0.0216,0.0219,-0.0073,-0.0171,0.0000,kp10
222,10.0000,1.0000,0.0216,0.0219,-0.0073,-0.0171,0.0000,kp10
227,10.0000,1.0000,0.0216,0.0219,-0.0073,-0.0171,0.0000,kp10
232,10.0000,1.0000,0.0216,0.0219,-0.0073,-0.0171,0.0000,kp10
237,10.0000,1.0000,0.0216,0.0219,-0.0073,-0.0171,0.0000,kp10
242,10.0000,1.0000,0.0216,0.0219,-0.0073,-0.0171,0.0000,kp10
247,10.0000,1.0000,0.0216,0.0219,-0.0073,-0.0171,0.0000,kp10
252,10.0000,1.0000,0.0216,0.0219,-0.0073,-0.0171,0.0000,kp10
257,10.0000,1.0000,0.0216,0.0219,-0.0073,-0.0171,0.0000,kp10
262,10.0000,1.0000,0.0216,0.0219,-0.0073,-0.0171,0.0000,kp10
268,10.0000,1.0000,0.0216,0.0219,-0.0073,-0.0171,0.0000,kp10
273,10.0000,1.0000,0.0216,0.0219,-0.0073,-0.0171,0.0000,kp10
278,10.0000,1.0000,0.0216,0.0219,-0.0073,-0.0122,0.0000,kp10
283,10.0000,1.0000,0.0216,0.0219,-0.0073,-0.0171,0.0000,kp10
288,10.0000,1.0000,0.0216,0.0219,-0.0073,-0.0171,0.0000,kp10
293,10.0000,1.0000,0.0216,0.0219,-0.0073,-0.0171,0.0000,kp10
298,10.0000,1.0000,0.0216,0.0219,-0.0073,-0.0171,0.0000,kp10
303,10.0000,1.0000,0.0216,0.0219,-0.0073,-0.0171,0.0000,kp10
308,10.0000,1.0000,0.0216,0.0219,-0.0073,-0.0171,0.0000,kp10
313,10.0000,1.0000,0.0216,0.0219,-0.0073,-0.0171,0.0000,kp10
318,10.0000,1.0000,0.0216,0.0219,-0.0073,-0.0171,0.0000,kp10
323,10.0000,1.0000,0.0216,0.0219,-0.0073,-0.0171,0.0000,kp10
328,10.0000,1.0000,0.0216,0.0219,-0.0073,-0.0171,0.0000,kp10
333,10.0000,1.0000,0.0216,0.0219,-0.0073,-0.0171,0.0000,kp10
338,10.0000,1.0000,0.0216,0.0219,-0.0073,-0.0171,0.0000,kp10
343,10.0000,1.0000,0.0216,0.0219,-0.0073,-0.0171,0.0000,kp10
348,10.0000,1.0000,0.0216,0.0219,-0.0073,-0.0171,0.0000,kp10
353,10.0000,1.0000,0.0216,0.0219,-0.0073,-0.0171,0.0000,kp10
359,10.0000,1.0000,0.0216,0.0219,-0.0073,-0.0171,0.0000,kp10
364,10.0000,1.0000,0.0216,0.0219,-0.0073,-0.0171,0.0000,kp10
369,10.0000,1.0000,0.0216,0.0219,-0.0073,-0.0171,0.0000,kp10
374,10.0000,1.0000,0.0216,0.0219,-0.0073,-0.0171,0.0000,kp10
379,10.0000,1.0000,0.0216,0.0219,-0.0073,-0.0171,0.0000,kp10
384,10.0000,1.0000,0.0216,0.0219,-0.0073,-0.0122,0.0000,kp10
389,10.0000,1.0000,0.0216,0.0219,-0.0073,-0.0171,0.0000,kp10
394,10.0000,1.0000,0.0216,0.0219,-0.0073,-0.0171,0.0000,kp10
399,10.0000,1.0000,0.0216,0.0219,-0.0073,-0.0122,0.0000,kp10
404,10.0000,1.0000,0.0216,0.0219,-0.0073,-0.0122,0.0000,kp10
409,10.0000,1.0000,0.0216,0.0219,-0.0073,-0.0171,0.0000,kp10
414,10.0000,1.0000,0.0216,0.0219,-0.0073,-0.0171,0.0000,kp10
419,10.0000,1.0000,0.0216,0.0219,-0.0073,-0.0171,0.0000,kp10
424,10.0000,1.0000,0.0216,0.0219,-0.0073,-0.0171,0.0000,kp10
429,10.0000,1.0000,0.0216,0.0219,-0.0073,-0.0171,0.0000,kp10
434,10.0000,1.0000,0.0216,0.0219,-0.0073,-0.0122,0.0000,kp10
439,10.0000,1.0000,0.0216,0.0219,-0.0073,-0.0171,0.0000,kp10
445,10.0000,1.0000,0.0216,0.0219,-0.0073,-0.0171,0.0000,kp10
450,10.0000,1.0000,0.0216,0.0219,-0.0073,-0.0171,0.0000,kp10
455,10.0000,1.0000,0.0216,0.0219,-0.0073,-0.0171,0.0000,kp10
460,10.0000,1.0000,0.0216,0.0219,-0.0073,-0.0171,0.0000,kp10
465,10.0000,1.0000,0.0216,0.0219,-0.0073,-0.0171,0.0000,kp10
470,10.0000,1.0000,0.0216,0.0219,-0.0073,-0.0171,0.0000,kp10
475,10.0000,1.0000,0.0216,0.0219,-0.0073,-0.0171,0.0000,kp10
480,10.0000,1.0000,0.0216,0.0219,-0.0073,-0.0171,0.0000,kp10
485,10.0000,1.0000,0.0216,0.0219,-0.0073,-0.0171,0.0000,kp10
490,10.0000,1.0000,0.0216,0.0219,-0.0073,-0.0122,0.0000,kp10
495,10.0000,1.0000,0.0216,0.0219,-0.0073,-0.0171,0.0000,kp10
500,10.0000,1.0000,0.0216,0.0219,-0.0073,-0.0122,0.0000,kp10
505,10.0000,1.0000,0.0216,0.0219,-0.0073,-0.0171,0.0000,kp10
510,10.0000,1.0000,0.0216,0.0219,-0.0073,-0.0171,0.0000,kp10
515,10.0000,1.0000,0.0216,0.0219,-0.0073,-0.0171,0.0000,kp10
520,10.0000,1.0000,0.0216,0.0219,-0.0073,-0.0220,0.0000,kp10
525,10.0000,1.0000,0.0216,0.0219,-0.0073,-0.0171,0.0000,kp10
530,10.0000,1.0000,0.0216,0.0219,-0.0073,-0.0171,0.0000,kp10
536,10.0000,1.0000,0.0216,0.0219,-0.0073,-0.0171,0.0000,kp10
541,10.0000,1.0000,0.0216,0.0219,-0.0073,-0.0171,0.0000,kp10
546,10.0000,1.0000,0.0216,0.0219,-0.0073,-0.0171,0.0000,kp10
551,10.0000,1.0000,0.0216,0.0219,-0.0073,-0.0220,0.0000,kp10
556,10.0000,1.0000,0.0216,0.0219,-0.0073,-0.0171,0.0000,kp10
561,10.0000,1.0000,0.0216,0.0219,-0.0073,-0.0171,0.0000,kp10
566,10.0000,1.0000,0.0216,0.0219,-0.0073,-0.0171,0.0000,kp10
571,10.0000,1.0000,0.0216,0.0219,-0.0073,-0.0171,0.0000,kp10
576,10.0000,1.0000,0.0216,0.0219,-0.0073,-0.0171,0.0000,kp10
581,10.0000,1.0000,0.0216,0.0219,-0.0073,-0.0122,0.0000,kp10
586,10.0000,1.0000,0.0216,0.0219,-0.0073,-0.0171,0.0000,kp10
591,10.0000,1.0000,0.0216,0.0219,-0.0073,-0.0171,0.0000,kp10
596,10.0000,1.0000,0.0216,0.0219,-0.0073,-0.0171,0.0000,kp10
601,10.0000,1.0000,0.0216,0.0219,-0.0073,-0.0171,0.0000,kp10
606,10.0000,1.0000,0.0216,0.0219,-0.0073,-0.0171,0.0000,kp10
611,10.0000,1.0000,0.0216,0.0219,-0.0073,-0.0171,0.0000,kp10
616,10.0000,1.0000,0.0216,0.0219,-0.0073,-0.0171,0.0000,kp10
622,10.0000,1.0000,0.0216,0.0219,-0.0073,-0.0171,0.0000,kp10
627,10.0000,1.0000,0.0216,0.0219,-0.0073,-0.0171,0.0000,kp10
632,10.0000,1.0000,0.0216,0.0219,-0.0073,-0.0171,0.0000,kp10
637,10.0000,1.0000,0.0216,0.0219,-0.0073,-0.0171,0.0000,kp10
642,10.0000,1.0000,0.0216,0.0219,-0.0073,-0.0171,0.0000,kp10
647,10.0000,1.0000,0.0216,0.0219,-0.0073,-0.0171,0.0000,kp10
652,10.0000,1.0000,0.0216,0.0219,-0.0073,-0.0171,0.0000,kp10
657,10.0000,1.0000,0.0216,0.0219,-0.0073,-0.0122,0.0000,kp10
662,10.0000,1.0000,0.0216,0.0219,-0.0073,-0.0171,0.0000,kp10
667,10.0000,1.0000,0.0216,0.0219,-0.0073,-0.0171,0.0000,kp10
672,10.0000,1.0000,0.0216,0.0219,-0.0073,-0.0171,0.0000,kp10
677,10.0000,1.0000,0.0216,0.0219,-0.0073,-0.0171,0.0000,kp10
682,10.0000,1.0000,0.0216,0.0219,-0.0073,-0.0171,0.0000,kp10
687,10.0000,1.0000,0.0216,0.0219,-0.0073,-0.0171,0.0000,kp10
692,10.0000,1.0000,0.0216,0.0219,-0.0073,-0.0171,0.0000,kp10
697,10.0000,1.0000,0.0216,0.0219,-0.0073,-0.0171,0.0000,kp10
702,10.0000,1.0000,0.0216,0.0219,-0.0073,-0.0122,0.0000,kp10
707,10.0000,1.0000,0.0216,0.0219,-0.0073,-0.0171,0.0000,kp10
713,10.0000,1.0000,0.0216,0.0219,-0.0073,-0.0171,0.0000,kp10
718,10.0000,1.0000,0.0216,0.0219,-0.0073,-0.0171,0.0000,kp10
723,10.0000,1.0000,0.0216,0.0219,-0.0073,-0.0171,0.0000,kp10
728,10.0000,1.0000,0.0216,0.0219,-0.0073,-0.0171,0.0000,kp10
733,10.0000,1.0000,0.0216,0.0219,-0.0073,-0.0171,0.0000,kp10
738,10.0000,1.0000,0.0216,0.0219,-0.0073,-0.0171,0.0000,kp10
743,10.0000,1.0000,0.0216,0.0219,-0.0073,-0.0171,0.0000,kp10
748,10.0000,1.0000,0.0216,0.0219,-0.0073,-0.0171,0.0000,kp10
753,10.0000,1.0000,0.0216,0.0219,-0.0073,-0.0171,0.0000,kp10
758,10.0000,1.0000,0.0216,0.0219,-0.0073,-0.0171,0.0000,kp10
763,10.0000,1.0000,0.0216,0.0219,-0.0073,-0.0171,0.0000,kp10
768,10.0000,1.0000,0.0216,0.0219,-0.0073,-0.0171,0.0000,kp10
773,10.0000,1.0000,0.0216,0.0219,-0.0073,-0.0171,0.0000,kp10
778,10.0000,1.0000,0.0216,0.0219,-0.0073,-0.0171,0.0000,kp10
783,10.0000,1.0000,0.0216,0.0219,-0.0073,-0.0171,0.0000,kp10
788,10.0000,1.0000,0.0216,0.0219,-0.0073,-0.0171,0.0000,kp10
793,10.0000,1.0000,0.0216,0.0219,-0.0073,-0.0171,0.0000,kp10
798,10.0000,1.0000,0.0216,0.0219,-0.0073,-0.0171,0.0000,kp10
804,10.0000,1.0000,0.0216,0.0219,-0.0073,-0.0122,0.0000,kp10
809,10.0000,1.0000,0.0216,0.0219,-0.0073,-0.0171,0.0000,kp10
814,10.0000,1.0000,0.0216,0.0219,-0.0073,-0.0171,0.0000,kp10
819,10.0000,1.0000,0.0216,0.0219,-0.0073,-0.0171,0.0000,kp10
824,10.0000,1.0000,0.0216,0.0219,-0.0073,-0.0171,0.0000,kp10
829,10.0000,1.0000,0.0216,0.0219,-0.0073,-0.0171,0.0000,kp10
834,10.0000,1.0000,0.0216,0.0219,-0.0073,-0.0171,0.0000,kp10
839,10.0000,1.0000,0.0216,0.0219,-0.0073,-0.0171,0.0000,kp10
844,10.0000,1.0000,0.0216,0.0219,-0.0073,-0.0171,0.0000,kp10
849,10.0000,1.0000,0.0216,0.0219,-0.0073,-0.0171,0.0000,kp10
854,10.0000,1.0000,0.0216,0.0219,-0.0073,-0.0171,0.0000,kp10
859,10.0000,1.0000,0.0216,0.0219,-0.0073,-0.0122,0.0000,kp10
864,10.0000,1.0000,0.0216,0.0219,-0.0073,-0.0171,0.0000,kp10
869,10.0000,1.0000,0.0216,0.0219,-0.0073,-0.0171,0.0000,kp10
874,10.0000,1.0000,0.0216,0.0219,-0.0073,-0.0171,0.0000,kp10
879,10.0000,1.0000,0.0216,0.0219,-0.0073,-0.0122,0.0000,kp10
884,10.0000,1.0000,0.0216,0.0219,-0.0073,-0.0171,0.0000,kp10
889,10.0000,1.0000,0.0216,0.0219,-0.0073,-0.0220,0.0000,kp10
895,10.0000,1.0000,0.0216,0.0219,-0.0073,-0.0171,0.0000,kp10
900,10.0000,1.0000,0.0216,0.0219,-0.0073,-0.0171,0.0000,kp10
905,10.0000,1.0000,0.0216,0.0219,-0.0073,-0.0171,0.0000,kp10
910,10.0000,1.0000,0.0216,0.0219,-0.0073,-0.0171,0.0000,kp10
915,10.0000,1.0000,0.0216,0.0219,-0.0073,-0.0171,0.0000,kp10
920,10.0000,1.0000,0.0216,0.0219,-0.0073,-0.0171,0.0000,kp10
925,10.0000,1.0000,0.0216,0.0219,-0.0073,-0.0171,0.0000,kp10
930,10.0000,1.0000,0.0216,0.0219,-0.0073,-0.0220,0.0000,kp10
935,10.0000,1.0000,0.0216,0.0219,-0.0073,-0.0171,0.0000,kp10
940,10.0000,1.0000,0.0216,0.0219,-0.0073,-0.0171,0.0000,kp10
945,10.0000,1.0000,0.0216,0.0219,-0.0073,-0.0171,0.0000,kp10
950,10.0000,1.0000,0.0216,0.0219,-0.0073,-0.0171,0.0000,kp10
955,10.0000,1.0000,0.0216,0.0219,-0.0073,-0.0171,0.0000,kp10
960,10.0000,1.0000,0.0216,0.0219,-0.0073,-0.0171,0.0000,kp10
965,10.0000,1.0000,0.0216,0.0219,-0.0073,-0.0171,0.0000,kp10
970,10.0000,1.0000,0.0216,0.0219,-0.0073,-0.0171,0.0000,kp10
975,10.0000,1.0000,0.0216,0.0219,-0.0073,-0.0171,0.0000,kp10
980,10.0000,1.0000,0.0216,0.0219,-0.0073,-0.0171,0.0000,kp10
986,10.0000,1.0000,0.0216,0.0219,-0.0073,-0.0171,0.0000,kp10
991,10.0000,1.0000,0.0216,0.0219,-0.0073,-0.0171,0.0000,kp10
996,10.0000,1.0000,0.0216,0.0219,-0.0073,-0.0171,0.0000,kp10
1001,10.0000,1.0000,0.0216,0.0219,-0.0073,-0.0171,0.0000,kp10
1006,10.0000,1.0000,0.0216,0.0219,-0.0073,-0.0171,0.0000,kp10
1011,10.0000,1.0000,0.0216,0.0219,-0.0073,-0.0171,0.0000,kp10
1016,10.0000,1.0000,0.0216,0.0219,-0.0073,-0.0171,0.0000,kp10
1021,10.0000,1.0000,0.0216,0.0219,-0.0073,-0.0171,0.0000,kp10
1026,10.0000,1.0000,0.0216,0.0219,-0.0073,-0.0171,0.0000,kp10
1031,10.0000,1.0000,0.0216,0.0219,-0.0073,-0.0171,0.0000,kp10
1036,10.0000,1.0000,0.0216,0.0219,-0.0073,-0.0171,0.0000,kp10
1041,10.0000,1.0000,0.0216,0.0219,-0.0073,-0.0122,0.0000,kp10
1046,10.0000,1.0000,0.0216,0.0219,-0.0073,-0.0171,0.0000,kp10
1051,10.0000,1.0000,0.0216,0.0219,-0.0073,-0.0171,0.0000,kp10
1056,10.0000,1.0000,0.0216,0.0219,-0.0073,-0.0171,0.0000,kp10
1061,10.0000,1.0000,0.0216,0.0219,-0.0073,-0.0171,0.0000,kp10
1066,10.0000,1.0000,0.0216,0.0219,-0.0073,-0.0171,0.0000,kp10
1072,10.0000,1.0000,0.0216,0.0219,-0.0073,-0.0171,0.0000,kp10
1077,10.0000,1.0000,0.0216,0.0219,-0.0073,-0.0171,0.0000,kp10
1082,10.0000,1.0000,0.0216,0.0219,-0.0073,-0.0122,0.0000,kp10
1087,10.0000,1.0000,0.0216,0.0219,-0.0073,-0.0171,0.0000,kp10
1092,10.0000,1.0000,0.0216,0.0219,-0.0073,-0.0171,0.0000,kp10
1097,10.0000,1.0000,0.0216,0.0219,-0.0073,-0.0171,0.0000,kp10
1102,10.0000,1.0000,0.0216,0.0219,-0.0073,-0.0171,0.0000,kp10
1107,10.0000,1.0000,0.0216,0.0219,-0.0073,-0.0171,0.0000,kp10
1112,10.0000,1.0000,0.0216,0.0219,-0.0073,-0.0171,0.0000,kp10
1117,10.0000,1.0000,0.0216,0.0219,-0.0073,-0.0171,0.0000,kp10
1122,10.0000,1.0000,0.0216,0.0219,-0.0073,-0.0171,0.0000,kp10
1127,10.0000,1.0000,0.0216,0.0219,-0.0073,-0.0122,0.0000,kp10
1132,10.0000,1.0000,0.0216,0.0219,-0.0073,-0.0171,0.0000,kp10
1137,10.0000,1.0000,0.0216,0.0219,-0.0073,-0.0171,0.0000,kp10
1142,10.0000,1.0000,0.0216,0.0219,-0.0073,-0.0171,0.0000,kp10
1147,10.0000,1.0000,0.0216,0.0219,-0.0073,-0.0171,0.0000,kp10
1152,10.0000,1.0000,0.0216,0.0219,-0.0073,-0.0171,0.0000,kp10
1157,10.0000,1.0000,0.0216,0.0219,-0.0073,-0.0171,0.0000,kp10
1163,10.0000,1.0000,0.0216,0.0219,-0.0073,-0.0171,0.0000,kp10
1168,10.0000,1.0000,0.0216,0.0219,-0.0073,-0.0171,0.0000,kp10
1173,10.0000,1.0000,0.0216,0.0219,-0.0073,-0.0171,0.0000,kp10
1178,10.0000,1.0000,0.0216,0.0219,-0.0073,-0.0171,0.0000,kp10
1183,10.0000,1.0000,0.0216,0.0219,-0.0073,-0.0171,0.0000,kp10
1188,10.0000,1.0000,0.0216,0.0219,-0.0073,-0.0171,0.0000,kp10
1193,10.0000,1.0000,0.0216,0.0219,-0.0073,-0.0171,0.0000,kp10
1198,10.0000,1.0000,0.0216,0.0219,-0.0073,-0.0171,0.0000,kp10
1203,10.0000,1.0000,0.0216,0.0219,-0.0073,-0.0171,0.0000,kp10
1208,10.0000,1.0000,0.0216,0.0219,-0.0073,-0.0171,0.0000,kp10
1213,10.0000,1.0000,0.0216,0.0219,-0.0073,-0.0171,0.0000,kp10
1218,10.0000,1.0000,0.0216,0.0219,-0.0073,-0.0171,0.0000,kp10
1223,10.0000,1.0000,0.0216,0.0219,-0.0073,-0.0171,0.0000,kp10
1228,10.0000,1.0000,0.0216,0.0219,-0.0073,-0.0171,0.0000,kp10
1233,10.0000,1.0000,0.0216,0.0219,-0.0073,-0.0171,0.0000,kp10
1238,10.0000,1.0000,0.0216,0.0219,-0.0073,-0.0171,0.0000,kp10
1243,10.0000,1.0000,0.0216,0.0219,-0.0073,-0.0171,0.0000,kp10
1249,10.0000,1.0000,0.0216,0.0219,-0.0073,-0.0171,0.0000,kp10
1254,10.0000,1.0000,0.0216,0.0219,-0.0073,-0.0171,0.0000,kp10
1259,10.0000,1.0000,0.0216,0.0219,-0.0073,-0.0171,0.0000,kp10
1264,10.0000,1.0000,0.0216,0.0219,-0.0073,-0.0171,0.0000,kp10
1269,10.0000,1.0000,0.0216,0.0219,-0.0073,-0.0171,0.0000,kp10
1274,10.0000,1.0000,0.0216,0.0219,-0.0073,-0.0171,0.0000,kp10
1279,10.0000,1.0000,0.0216,0.0219,-0.0073,-0.0171,0.0000,kp10
1284,10.0000,1.0000,0.0216,0.0219,-0.0073,-0.0171,0.0000,kp10
1289,10.0000,1.0000,0.0216,0.0219,-0.0073,-0.0171,0.0000,kp10
1294,10.0000,1.0000,0.0216,0.0219,-0.0073,-0.0171,0.0000,kp10
1299,10.0000,1.0000,0.0216,0.0219,-0.0073,-0.0171,0.0000,kp10
1304,10.0000,1.0000,0.0216,0.0219,-0.0073,-0.0171,0.0000,kp10
1309,10.0000,1.0000,0.0216,0.0219,-0.0073,-0.0171,0.0000,kp10
1314,10.0000,1.0000,0.0216,0.0219,-0.0073,-0.0171,0.0000,kp10
1319,10.0000,1.0000,0.0216,0.0219,-0.0073,-0.0171,0.0000,kp10
1324,10.0000,1.0000,0.0216,0.0219,-0.0073,-0.0171,0.0000,kp10
1330,10.0000,1.0000,0.0216,0.0219,-0.0073,-0.0171,0.0000,kp10
1335,10.0000,1.0000,0.0216,0.0219,-0.0073,-0.0171,0.0000,kp10
1340,10.0000,1.0000,0.0216,0.0219,-0.0073,-0.0171,0.0000,kp10
1345,10.0000,1.0000,0.0216,0.0219,-0.0073,-0.0171,0.0000,kp10
1350,10.0000,1.0000,0.0216,0.0219,-0.0073,-0.0122,0.0000,kp10
1355,10.0000,1.0000,0.0216,0.0219,-0.0073,-0.0122,0.0000,kp10
1360,10.0000,1.0000,0.0216,0.0219,-0.0073,-0.0171,0.0000,kp10
1365,10.0000,1.0000,0.0216,0.0219,-0.0073,-0.0171,0.0000,kp10
1370,10.0000,1.0000,0.0216,0.0219,-0.0073,-0.0171,0.0000,kp10
1375,10.0000,1.0000,0.0216,0.0219,-0.0073,-0.0171,0.0000,kp10
1380,10.0000,1.0000,0.0216,0.0219,-0.0073,-0.0171,0.0000,kp10
1385,10.0000,1.0000,0.0216,0.0219,-0.0073,-0.0171,0.0000,kp10
1390,10.0000,1.0000,0.0216,0.0219,-0.0073,-0.0171,0.0000,kp10
1395,10.0000,1.0000,0.0216,0.0219,-0.0073,-0.0171,0.0000,kp10
1400,10.0000,1.0000,0.0216,0.0219,-0.0073,-0.0171,0.0000,kp10
1405,10.0000,1.0000,0.0216,0.0219,-0.0073,-0.0171,0.0000,kp10
1410,10.0000,1.0000,0.0216,0.0219,-0.0073,-0.0171,0.0000,kp10
1416,10.0000,1.0000,0.0216,0.0219,-0.0073,-0.0171,0.0000,kp10
1421,10.0000,1.0000,0.0216,0.0219,-0.0073,-0.0171,0.0000,kp10
1426,10.0000,1.0000,0.0216,0.0219,-0.0073,-0.0171,0.0000,kp10
1431,10.0000,1.0000,0.0216,0.0219,-0.0073,-0.0171,0.0000,kp10
1436,10.0000,1.0000,0.0216,0.0219,-0.0073,-0.0171,0.0000,kp10
1441,10.0000,1.0000,0.0216,0.0219,-0.0073,-0.0171,0.0000,kp10
1446,10.0000,1.0000,0.0216,0.0219,-0.0073,-0.0171,0.0000,kp10
1451,10.0000,1.0000,0.0216,0.0219,-0.0073,-0.0171,0.0000,kp10
1456,10.0000,1.0000,0.0216,0.0219,-0.0073,-0.0171,0.0000,kp10
1461,10.0000,1.0000,0.0216,0.0219,-0.0073,-0.0171,0.0000,kp10
1466,10.0000,1.0000,0.0216,0.0219,-0.0073,-0.0171,0.0000,kp10
1471,10.0000,1.0000,0.0216,0.0219,-0.0073,-0.0171,0.0000,kp10
1476,10.0000,1.0000,0.0216,0.0219,-0.0073,-0.0171,0.0000,kp10
1481,10.0000,1.0000,0.0216,0.0219,-0.0073,-0.0171,0.0000,kp10
1486,10.0000,1.0000,0.0216,0.0219,-0.0073,-0.0171,0.0000,kp10
1491,10.0000,1.0000,0.0216,0.0219,-0.0073,-0.0171,0.0000,kp10
1496,10.0000,1.0000,0.0216,0.0219,-0.0073,-0.0171,0.0000,kp10
1502,10.0000,1.0000,0.0216,0.0219,-0.0073,-0.0171,0.0000,kp10
1507,10.0000,1.0000,0.0216,0.0219,-0.0073,-0.0171,0.0000,kp10
1512,10.0000,1.0000,0.0216,0.0219,-0.0073,-0.0171,0.0000,kp10
1517,10.0000,1.0000,0.0216,0.0219,-0.0073,-0.0171,0.0000,kp10
1522,10.0000,1.0000,0.0216,0.0219,-0.0073,-0.0171,0.0000,kp10
1527,10.0000,1.0000,0.0216,0.0219,-0.0073,-0.0171,0.0000,kp10
1532,10.0000,1.0000,0.0216,0.0219,-0.0073,-0.0171,0.0000,kp10
1537,10.0000,1.0000,0.0216,0.0219,-0.0073,-0.0171,0.0000,kp10
1542,10.0000,1.0000,0.0216,0.0219,-0.0073,-0.0171,0.0000,kp10
1547,10.0000,1.0000,0.0216,0.0219,-0.0073,-0.0171,0.0000,kp10
1552,10.0000,1.0000,0.0216,0.0219,-0.0073,-0.0171,0.0000,kp10
1557,10.0000,1.0000,0.0216,0.0219,-0.0073,-0.0171,0.0000,kp10
1562,10.0000,1.0000,0.0216,0.0219,-0.0073,-0.0171,0.0000,kp10
1567,10.0000,1.0000,0.0216,0.0219,-0.0073,-0.0171,0.0000,kp10
1572,10.0000,1.0000,0.0216,0.0219,-0.0073,-0.0171,0.0000,kp10
1577,10.0000,1.0000,0.0216,0.0219,-0.0073,-0.0171,0.0000,kp10
1583,10.0000,1.0000,0.0216,0.0219,-0.0073,-0.0171,0.0000,kp10
1588,10.0000,1.0000,0.0216,0.0219,-0.0073,-0.0171,0.0000,kp10
1593,10.0000,1.0000,0.0216,0.0219,-0.0073,-0.0171,0.0000,kp10
1598,10.0000,1.0000,0.0216,0.0219,-0.0073,-0.0171,0.0000,kp10
1603,10.0000,1.0000,0.0216,0.0219,-0.0073,-0.0171,0.0000,kp10
1608,10.0000,1.0000,0.0216,0.0219,-0.0073,-0.0171,0.0000,kp10
1613,10.0000,1.0000,0.0216,0.0219,-0.0073,-0.0171,0.0000,kp10
1618,10.0000,1.0000,0.0216,0.0219,-0.0073,-0.0171,0.0000,kp10
1623,10.0000,1.0000,0.0216,0.0219,-0.0073,-0.0171,0.0000,kp10
1628,10.0000,1.0000,0.0216,0.0219,-0.0073,-0.0171,0.0000,kp10
1633,10.0000,1.0000,0.0216,0.0219,-0.0073,-0.0171,0.0000,kp10
1638,10.0000,1.0000,0.0216,0.0219,-0.0073,-0.0171,0.0000,kp10
1643,10.0000,1.0000,0.0216,0.0219,-0.0073,-0.0171,0.0000,kp10
1648,10.0000,1.0000,0.0216,0.0219,-0.0073,-0.0171,0.0000,kp10
1653,10.0000,1.0000,0.0216,0.0219,-0.0073,-0.0171,0.0000,kp10
1658,10.0000,1.0000,0.0216,0.0219,-0.0073,-0.0171,0.0000,kp10
1663,10.0000,1.0000,0.0216,0.0219,-0.0073,-0.0171,0.0000,kp10
1669,10.0000,1.0000,0.0216,0.0219,-0.0073,-0.0171,0.0000,kp10
1674,10.0000,1.0000,0.0216,0.0219,-0.0073,-0.0220,0.0000,kp10
1679,10.0000,1.0000,0.0216,0.0219,-0.0073,-0.0171,0.0000,kp10
1684,10.0000,1.0000,0.0216,0.0219,-0.0073,-0.0122,0.0000,kp10
1689,10.0000,1.0000,0.0216,0.0219,-0.0073,-0.0171,0.0000,kp10
1694,10.0000,1.0000,0.0216,0.0219,-0.0073,-0.0171,0.0000,kp10
1699,10.0000,1.0000,0.0216,0.0219,-0.0073,-0.0220,0.0000,kp10
1704,10.0000,1.0000,0.0216,0.0219,-0.0073,-0.0171,0.0000,kp10
1709,10.0000,1.0000,0.0216,0.0219,-0.0073,-0.0171,0.0000,kp10
1714,10.0000,1.0000,0.0216,0.0219,-0.0073,-0.0171,0.0000,kp10
1719,10.0000,1.0000,0.0216,0.0219,-0.0073,-0.0171,0.0000,kp10
1724,10.0000,1.0000,0.0216,0.0219,-0.0073,-0.0171,0.0000,kp10
1729,10.0000,1.0000,0.0216,0.0219,-0.0073,-0.0171,0.0000,kp10
1734,10.0000,1.0000,0.0216,0.0219,-0.0073,-0.0171,0.0000,kp10
1739,10.0000,1.0000,0.0216,0.0219,-0.0073,-0.0171,0.0000,kp10
1744,10.0000,1.0000,0.0216,0.0219,-0.0073,-0.0122,0.0000,kp10
1749,10.0000,1.0000,0.0216,0.0219,-0.0073,-0.0171,0.0000,kp10
1755,10.0000,1.0000,0.0216,0.0219,-0.0073,-0.0171,0.0000,kp10
1760,10.0000,1.0000,0.0216,0.0219,-0.0073,-0.0171,0.0000,kp10
1765,10.0000,1.0000,0.0216,0.0219,-0.0073,-0.0171,0.0000,kp10
1770,10.0000,1.0000,0.0216,0.0219,-0.0073,-0.0171,0.0000,kp10
1775,10.0000,1.0000,0.0216,0.0219,-0.0073,-0.0171,0.0000,kp10
1780,10.0000,1.0000,0.0216,0.0219,-0.0073,-0.0171,0.0000,kp10
1785,10.0000,1.0000,0.0216,0.0219,-0.0073,-0.0171,0.0000,kp10
1790,10.0000,1.0000,0.0216,0.0219,-0.0073,-0.0171,0.0000,kp10
1795,10.0000,1.0000,0.0216,0.0219,-0.0073,-0.0171,0.0000,kp10
1800,10.0000,1.0000,0.0216,0.0219,-0.0073,-0.0171,0.0000,kp10
1805,10.0000,1.0000,0.0216,0.0219,-0.0073,-0.0220,0.0000,kp10
1810,10.0000,1.0000,0.0216,0.0219,-0.0073,-0.0171,0.0000,kp10
1815,10.0000,1.0000,0.0216,0.0219,-0.0073,-0.0171,0.0000,kp10
1820,10.0000,1.0000,0.0216,0.0219,-0.0073,-0.0171,0.0000,kp10
1825,10.0000,1.0000,0.0216,0.0219,-0.0073,-0.0171,0.0000,kp10
1830,10.0000,1.0000,0.0216,0.0219,-0.0073,-0.0171,0.0000,kp10
1835,10.0000,1.0000,0.0216,0.0219,-0.0073,-0.0171,0.0000,kp10
1841,10.0000,1.0000,0.0216,0.0219,-0.0073,-0.0171,0.0000,kp10
1846,10.0000,1.0000,0.0216,0.0219,-0.0073,-0.0171,0.0000,kp10
1851,10.0000,1.0000,0.0216,0.0219,-0.0073,-0.0171,0.0000,kp10
1856,10.0000,1.0000,0.0216,0.0219,-0.0073,-0.0171,0.0000,kp10
1861,10.0000,1.0000,0.0216,0.0219,-0.0073,-0.0122,0.0000,kp10
1866,10.0000,1.0000,0.0216,0.0219,-0.0073,-0.0171,0.0000,kp10
1871,10.0000,1.0000,0.0216,0.0219,-0.0073,-0.0171,0.0000,kp10
1876,10.0000,1.0000,0.0216,0.0219,-0.0073,-0.0171,0.0000,kp10
1881,10.0000,1.0000,0.0216,0.0219,-0.0073,-0.0171,0.0000,kp10
1886,10.0000,1.0000,0.0216,0.0219,-0.0073,-0.0171,0.0000,kp10
1891,10.0000,1.0000,0.0216,0.0219,-0.0073,-0.0171,0.0000,kp10
1896,10.0000,1.0000,0.0216,0.0219,-0.0073,-0.0171,0.0000,kp10
1901,10.0000,1.0000,0.0216,0.0219,-0.0073,-0.0171,0.0000,kp10
1906,10.0000,1.0000,0.0216,0.0219,-0.0073,-0.0171,0.0000,kp10
1911,10.0000,1.0000,0.0216,0.0219,-0.0073,-0.0171,0.0000,kp10
1916,10.0000,1.0000,0.0216,0.0219,-0.0073,-0.0171,0.0000,kp10
1921,10.0000,1.0000,0.0216,0.0219,-0.0073,-0.0171,0.0000,kp10
1926,10.0000,1.0000,0.0216,0.0219,-0.0073,-0.0171,0.0000,kp10
1931,10.0000,1.0000,0.0216,0.0219,-0.0073,-0.0171,0.0000,kp10
1937,10.0000,1.0000,0.0216,0.0219,-0.0073,-0.0171,0.0000,kp10
1942,10.0000,1.0000,0.0216,0.0219,-0.0073,-0.0171,0.0000,kp10
1947,10.0000,1.0000,0.0216,0.0219,-0.0073,-0.0171,0.0000,kp10
1952,10.0000,1.0000,0.0216,0.0219,-0.0073,-0.0171,0.0000,kp10
1957,10.0000,1.0000,0.0216,0.0219,-0.0073,-0.0220,0.0000,kp10
1962,10.0000,1.0000,0.0216,0.0219,-0.0073,-0.0220,0.0000,kp10
1967,10.0000,1.0000,0.0216,0.0219,-0.0073,-0.0171,0.0000,kp10
1972,10.0000,1.0000,0.0216,0.0219,-0.0073,-0.0171,0.0000,kp10
1977,10.0000,1.0000,0.0216,0.0219,-0.0073,-0.0171,0.0000,kp10
1982,10.0000,1.0000,0.0216,0.0219,-0.0073,-0.0171,0.0000,kp10
1987,10.0000,1.0000,0.0216,0.0219,-0.0073,-0.0171,0.0000,kp10
1992,10.0000,1.0000,0.0216,0.0219,-0.0073,-0.0171,0.0000,kp10
1997,10.0000,1.0000,0.0216,0.0219,-0.0073,-0.0171,0.0000,kp10
2002,10.0000,1.0000,0.0216,0.0219,-0.0073,-0.0171,0.0000,kp10
2007,10.0000,1.0000,0.0216,0.0219,-0.0073,-0.0171,0.0000,kp10
2012,10.0000,1.0000,0.0216,0.0219,-0.0073,-0.0171,0.0000,kp10
2017,10.0000,1.0000,0.0216,0.0219,-0.0073,-0.0171,0.0000,kp10
2022,10.0000,1.0000,0.0216,0.0219,-0.0073,-0.0171,0.0000,kp10
2028,10.0000,1.0000,0.0216,0.0219,-0.0073,-0.0171,0.0000,kp10
2033,10.0000,1.0000,0.0216,0.0219,-0.0073,-0.0171,0.0000,kp10
2038,10.0000,1.0000,0.0216,0.0219,-0.0073,-0.0171,0.0000,kp10
2043,10.0000,1.0000,0.0216,0.0219,-0.0073,-0.0171,0.0000,kp10
2048,10.0000,1.0000,0.0216,0.0219,-0.0073,-0.0171,0.0000,kp10
2053,10.0000,1.0000,0.0216,0.0219,-0.0073,-0.0171,0.0000,kp10
2058,10.0000,1.0000,0.0216,0.0219,-0.0073,-0.0171,0.0000,kp10
2063,10.0000,1.0000,0.0216,0.0219,-0.0073,-0.0171,0.0000,kp10
2068,10.0000,1.0000,0.0216,0.0219,-0.0073,-0.0122,0.0000,kp10
2073,10.0000,1.0000,0.0216,0.0219,-0.0073,-0.0122,0.0000,kp10
2078,10.0000,1.0000,0.0216,0.0219,-0.0073,-0.0171,0.0000,kp10
2083,10.0000,1.0000,0.0216,0.0219,-0.0073,-0.0171,0.0000,kp10
2088,10.0000,1.0000,0.0216,0.0219,-0.0073,-0.0171,0.0000,kp10
2093,10.0000,1.0000,0.0216,0.0219,-0.0073,-0.0171,0.0000,kp10
2098,10.0000,1.0000,0.0216,0.0219,-0.0073,-0.0171,0.0000,kp10
2103,10.0000,1.0000,0.0216,0.0219,-0.0073,-0.0171,0.0000,kp10
2108,10.0000,1.0000,0.0216,0.0219,-0.0073,-0.0171,0.0000,kp10
2113,10.0000,1.0000,0.0216,0.0219,-0.0073,-0.0171,0.0000,kp10
2119,10.0000,1.0000,0.0216,0.0219,-0.0073,-0.0171,0.0000,kp10
2124,10.0000,1.0000,0.0216,0.0219,-0.0073,-0.0171,0.0000,kp10
2129,10.0000,1.0000,0.0216,0.0219,-0.0073,-0.0171,0.0000,kp10
2134,10.0000,1.0000,0.0216,0.0219,-0.0073,-0.0171,0.0000,kp10
2139,10.0000,1.0000,0.0216,0.0219,-0.0073,-0.0171,0.0000,kp10
2144,10.0000,1.0000,0.0216,0.0219,-0.0073,-0.0171,0.0000,kp10
2149,10.0000,1.0000,0.0216,0.0219,-0.0073,-0.0171,0.0000,kp10
2154,10.0000,1.0000,0.0216,0.0219,-0.0073,-0.0171,0.0000,kp10
2159,10.0000,1.0000,0.0216,0.0219,-0.0073,-0.0171,0.0000,kp10
2164,10.0000,1.0000,0.0216,0.0219,-0.0073,-0.0171,0.0000,kp10
2169,10.0000,1.0000,0.0216,0.0219,-0.0073,-0.0171,0.0000,kp10
2174,10.0000,1.0000,0.0216,0.0219,-0.0073,-0.0171,0.0000,kp10
2179,10.0000,1.0000,0.0216,0.0219,-0.0073,-0.0171,0.0000,kp10
2184,10.0000,1.0000,0.0216,0.0219,-0.0073,-0.0171,0.0000,kp10
2189,10.0000,1.0000,0.0216,0.0219,-0.0073,-0.0171,0.0000,kp10
2194,10.0000,1.0000,0.0216,0.0219,-0.0073,-0.0171,0.0000,kp10
2199,10.0000,1.0000,0.0216,0.0219,-0.0073,-0.0171,0.0000,kp10
2205,10.0000,1.0000,0.0216,0.0219,-0.0073,-0.0171,0.0000,kp10
2210,10.0000,1.0000,0.0216,0.0219,-0.0073,-0.0171,0.0000,kp10
2215,10.0000,1.0000,0.0216,0.0219,-0.0073,-0.0171,0.0000,kp10
2220,10.0000,1.0000,0.0216,0.0219,-0.0073,-0.0171,0.0000,kp10
2225,10.0000,1.0000,0.0216,0.0219,-0.0073,-0.0171,0.0000,kp10
2230,10.0000,1.0000,0.0216,0.0219,-0.0073,-0.0122,0.0000,kp10
2235,10.0000,1.0000,0.0216,0.0219,-0.0073,-0.0171,0.0000,kp10
2240,10.0000,1.0000,0.0216,0.0219,-0.0073,-0.0122,0.0000,kp10
2245,10.0000,1.0000,0.0216,0.0219,-0.0073,-0.0171,0.0000,kp10
2250,10.0000,1.0000,0.0216,0.0219,-0.0073,-0.0171,0.0000,kp10
2255,10.0000,1.0000,0.0216,0.0219,-0.0073,-0.0171,0.0000,kp10
2260,10.0000,1.0000,0.0216,0.0219,-0.0073,-0.0171,0.0000,kp10
2265,10.0000,1.0000,0.0216,0.0219,-0.0073,-0.0171,0.0000,kp10
2270,10.0000,1.0000,0.0216,0.0219,-0.0073,-0.0171,0.0000,kp10
2275,10.0000,1.0000,0.0216,0.0219,-0.0073,-0.0122,0.0000,kp10
2280,10.0000,1.0000,0.0216,0.0219,-0.0073,-0.0171,0.0000,kp10
2285,10.0000,1.0000,0.0216,0.0219,-0.0073,-0.0171,0.0000,kp10
2290,10.0000,1.0000,0.0216,0.0219,-0.0073,-0.0171,0.0000,kp10
2296,10.0000,1.0000,0.0216,0.0219,-0.0073,-0.0171,0.0000,kp10
2301,10.0000,1.0000,0.0216,0.0219,-0.0073,-0.0171,0.0000,kp10
2306,10.0000,1.0000,0.0216,0.0219,-0.0073,-0.0171,0.0000,kp10
2311,10.0000,1.0000,0.0216,0.0219,-0.0073,-0.0171,0.0000,kp10
2316,10.0000,1.0000,0.0216,0.0219,-0.0073,-0.0220,0.0000,kp10
2321,10.0000,1.0000,0.0216,0.0219,-0.0073,-0.0220,0.0000,kp10
2326,10.0000,1.0000,0.0216,0.0219,-0.0073,-0.0171,0.0000,kp10
2331,10.0000,1.0000,0.0216,0.0219,-0.0073,-0.0171,0.0000,kp10
2336,10.0000,1.0000,0.0216,0.0219,-0.0073,-0.0171,0.0000,kp10
2341,10.0000,1.0000,0.0216,0.0219,-0.0073,-0.0171,0.0000,kp10
2346,10.0000,1.0000,0.0216,0.0219,-0.0073,-0.0171,0.0000,kp10
2351,10.0000,1.0000,0.0216,0.0219,-0.0073,-0.0220,0.0000,kp10
2356,10.0000,1.0000,0.0216,0.0219,-0.0073,-0.0171,0.0000,kp10
2361,10.0000,1.0000,0.0216,0.0219,-0.0073,-0.0171,0.0000,kp10
2366,10.0000,1.0000,0.0216,0.0219,-0.0073,-0.0171,0.0000,kp10
2371,10.0000,1.0000,0.0216,0.0219,-0.0073,-0.0171,0.0000,kp10
2376,10.0000,1.0000,0.0216,0.0219,-0.0073,-0.0171,0.0000,kp10
2381,10.0000,1.0000,0.0216,0.0219,-0.0073,-0.0171,0.0000,kp10
2387,10.0000,1.0000,0.0216,0.0219,-0.0073,-0.0171,0.0000,kp10
2392,10.0000,1.0000,0.0216,0.0219,-0.0073,-0.0171,0.0000,kp10
2397,10.0000,1.0000,0.0216,0.0219,-0.0073,-0.0171,0.0000,kp10
2402,10.0000,1.0000,0.0216,0.0219,-0.0073,-0.0171,0.0000,kp10
2407,10.0000,1.0000,0.0216,0.0219,-0.0073,-0.0171,0.0000,kp10
2412,10.0000,1.0000,0.0216,0.0219,-0.0073,-0.0171,0.0000,kp10
2417,10.0000,1.0000,0.0216,0.0219,-0.0073,-0.0122,0.0000,kp10
2422,10.0000,1.0000,0.0216,0.0219,-0.0073,-0.0171,0.0000,kp10
2427,10.0000,1.0000,0.0216,0.0219,-0.0073,-0.0171,0.0000,kp10
2432,10.0000,1.0000,0.0216,0.0219,-0.0073,-0.0171,0.0000,kp10
2437,10.0000,1.0000,0.0216,0.0219,-0.0073,-0.0171,0.0000,kp10
2442,10.0000,1.0000,0.0216,0.0219,-0.0073,-0.0171,0.0000,kp10
2447,10.0000,1.0000,0.0216,0.0219,-0.0073,-0.0171,0.0000,kp10
2452,10.0000,1.0000,0.0216,0.0219,-0.0073,-0.0171,0.0000,kp10
2457,10.0000,1.0000,0.0216,0.0219,-0.0073,-0.0171,0.0000,kp10
2462,10.0000,1.0000,0.0216,0.0219,-0.0073,-0.0171,0.0000,kp10
2467,10.0000,1.0000,0.0216,0.0219,-0.0073,-0.0171,0.0000,kp10
2473,10.0000,1.0000,0.0216,0.0219,-0.0073,-0.0171,0.0000,kp10
2478,10.0000,1.0000,0.0216,0.0219,-0.0073,-0.0122,0.0000,kp10
2483,10.0000,1.0000,0.0216,0.0219,-0.0073,-0.0171,0.0000,kp10
2488,10.0000,1.0000,0.0216,0.0219,-0.0073,-0.0171,0.0000,kp10
2493,10.0000,1.0000,0.0216,0.0219,-0.0073,-0.0171,0.0000,kp10
2498,10.0000,1.0000,0.0216,0.0219,-0.0073,-0.0171,0.0000,kp10
2503,10.0000,1.0000,0.0216,0.0219,-0.0073,-0.0171,0.0000,kp10
2508,10.0000,1.0000,0.0216,0.0219,-0.0073,-0.0171,0.0000,kp10
2513,10.0000,1.0000,0.0216,0.0219,-0.0073,-0.0171,0.0000,kp10
2518,10.0000,1.0000,0.0216,0.0219,-0.0073,-0.0171,0.0000,kp10
2523,10.0000,1.0000,0.0216,0.0219,-0.0073,-0.0171,0.0000,kp10
2528,10.0000,1.0000,0.0216,0.0219,-0.0073,-0.0171,0.0000,kp10
2533,10.0000,1.0000,0.0216,0.0219,-0.0073,-0.0171,0.0000,kp10
2538,10.0000,1.0000,0.0216,0.0219,-0.0073,-0.0171,0.0000,kp10
2543,10.0000,1.0000,0.0216,0.0219,-0.0073,-0.0220,0.0000,kp10
2548,10.0000,1.0000,0.0216,0.0219,-0.0073,-0.0220,0.0000,kp10
2553,10.0000,1.0000,0.0216,0.0219,-0.0073,-0.0171,0.0000,kp10
2558,10.0000,1.0000,0.0216,0.0219,-0.0073,-0.0171,0.0000,kp10
2564,10.0000,1.0000,0.0216,0.0219,-0.0073,-0.0171,0.0000,kp10
2569,10.0000,1.0000,0.0216,0.0219,-0.0073,-0.0171,0.0000,kp10
2574,10.0000,1.0000,0.0216,0.0219,-0.0073,-0.0171,0.0000,kp10
2579,10.0000,1.0000,0.0216,0.0219,-0.0073,-0.0171,0.0000,kp10
2584,10.0000,1.0000,0.0216,0.0219,-0.0073,-0.0171,0.0000,kp10
2589,10.0000,1.0000,0.0216,0.0219,-0.0073,-0.0171,0.0000,kp10
2594,10.0000,1.0000,0.0216,0.0219,-0.0073,-0.0171,0.0000,kp10
2599,10.0000,1.0000,0.0216,0.0219,-0.0073,-0.0171,0.0000,kp10
2604,10.0000,1.0000,0.0216,0.0219,-0.0073,-0.0171,0.0000,kp10
2609,10.0000,1.0000,0.0216,0.0219,-0.0073,-0.0171,0.0000,kp10
2614,10.0000,1.0000,0.0216,0.0219,-0.0073,-0.0171,0.0000,kp10
2619,10.0000,1.0000,0.0216,0.0219,-0.0073,-0.0171,0.0000,kp10
2624,10.0000,1.0000,0.0216,0.0219,-0.0073,-0.0171,0.0000,kp10
2629,10.0000,1.0000,0.0216,0.0219,-0.0073,-0.0171,0.0000,kp10
2634,10.0000,1.0000,0.0216,0.0219,-0.0073,-0.0171,0.0000,kp10
2639,10.0000,1.0000,0.0216,0.0219,-0.0073,-0.0171,0.0000,kp10
2644,10.0000,1.0000,0.0216,0.0219,-0.0073,-0.0171,0.0000,kp10
2649,10.0000,1.0000,0.0216,0.0219,-0.0073,-0.0171,0.0000,kp10
2655,10.0000,1.0000,0.0216,0.0219,-0.0073,-0.0171,0.0000,kp10
2660,10.0000,1.0000,0.0216,0.0219,-0.0073,-0.0171,0.0000,kp10
2665,10.0000,1.0000,0.0216,0.0219,-0.0073,-0.0171,0.0000,kp10
2670,10.0000,1.0000,0.0216,0.0219,-0.0073,-0.0171,0.0000,kp10
2675,10.0000,1.0000,0.0216,0.0219,-0.0073,-0.0171,0.0000,kp10
2680,10.0000,1.0000,0.0216,0.0219,-0.0073,-0.0171,0.0000,kp10
2685,10.0000,1.0000,0.0216,0.0219,-0.0073,-0.0171,0.0000,kp10
2690,10.0000,1.0000,0.0216,0.0219,-0.0073,-0.0171,0.0000,kp10
2695,10.0000,1.0000,0.0216,0.0219,-0.0073,-0.0171,0.0000,kp10
2700,10.0000,1.0000,0.0216,0.0219,-0.0073,-0.0171,0.0000,kp10
2705,10.0000,1.0000,0.0216,0.0219,-0.0073,-0.0171,0.0000,kp10
2710,10.0000,1.0000,0.0216,0.0219,-0.0073,-0.0171,0.0000,kp10
2715,10.0000,1.0000,0.0216,0.0219,-0.0073,-0.0220,0.0000,kp10
2720,10.0000,1.0000,0.0216,0.0219,-0.0073,-0.0171,0.0000,kp10
2725,10.0000,1.0000,0.0216,0.0219,-0.0073,-0.0171,0.0000,kp10
2730,10.0000,1.0000,0.0216,0.0219,-0.0073,-0.0122,0.0000,kp10
2735,10.0000,1.0000,0.0216,0.0219,-0.0073,-0.0171,0.0000,kp10
2740,10.0000,1.0000,0.0216,0.0219,-0.0073,-0.0171,0.0000,kp10
2746,10.0000,1.0000,0.0216,0.0219,-0.0073,-0.0171,0.0000,kp10
2751,10.0000,1.0000,0.0216,0.0219,-0.0073,-0.0171,0.0000,kp10
2756,10.0000,1.0000,0.0216,0.0219,-0.0073,-0.0171,0.0000,kp10
2761,10.0000,1.0000,0.0216,0.0219,-0.0073,-0.0171,0.0000,kp10
2766,10.0000,1.0000,0.0216,0.0219,-0.0073,-0.0171,0.0000,kp10
2771,10.0000,1.0000,0.0216,0.0219,-0.0073,-0.0171,0.0000,kp10
2776,10.0000,1.0000,0.0216,0.0219,-0.0073,-0.0171,0.0000,kp10
2781,10.0000,1.0000,0.0216,0.0219,-0.0073,-0.0171,0.0000,kp10
2786,10.0000,1.0000,0.0216,0.0219,-0.0073,-0.0171,0.0000,kp10
2791,10.0000,1.0000,0.0216,0.0219,-0.0073,-0.0171,0.0000,kp10
2796,10.0000,1.0000,0.0216,0.0219,-0.0073,-0.0171,0.0000,kp10
2801,10.0000,1.0000,0.0216,0.0219,-0.0073,-0.0122,0.0000,kp10
2806,10.0000,1.0000,0.0216,0.0219,-0.0073,-0.0171,0.0000,kp10
2811,10.0000,1.0000,0.0216,0.0219,-0.0073,-0.0171,0.0000,kp10
2816,10.0000,1.0000,0.0216,0.0219,-0.0073,-0.0171,0.0000,kp10
2821,10.0000,1.0000,0.0216,0.0219,-0.0073,-0.0171,0.0000,kp10
2826,10.0000,1.0000,0.0216,0.0219,-0.0073,-0.0171,0.0000,kp10
2832,10.0000,1.0000,0.0216,0.0219,-0.0073,-0.0171,0.0000,kp10
2837,10.0000,1.0000,0.0216,0.0219,-0.0073,-0.0122,0.0000,kp10
2842,10.0000,1.0000,0.0216,0.0219,-0.0073,-0.0171,0.0000,kp10
2847,10.0000,1.0000,0.0216,0.0219,-0.0073,-0.0171,0.0000,kp10
2852,10.0000,1.0000,0.0216,0.0219,-0.0073,-0.0171,0.0000,kp10
2857,10.0000,1.0000,0.0216,0.0219,-0.0073,-0.0171,0.0000,kp10
2862,10.0000,1.0000,0.0216,0.0219,-0.0073,-0.0171,0.0000,kp10
2867,10.0000,1.0000,0.0216,0.0219,-0.0073,-0.0171,0.0000,kp10
2872,10.0000,1.0000,0.0216,0.0219,-0.0073,-0.0171,0.0000,kp10
2877,10.0000,1.0000,0.0216,0.0219,-0.0073,-0.0171,0.0000,kp10
2882,10.0000,1.0000,0.0216,0.0219,-0.0073,-0.0171,0.0000,kp10
2887,10.0000,1.0000,0.0216,0.0219,-0.0073,-0.0171,0.0000,kp10
2892,10.0000,1.0000,0.0216,0.0219,-0.0073,-0.0171,0.0000,kp10
2897,10.0000,1.0000,0.0216,0.0219,-0.0073,-0.0171,0.0000,kp10
2902,10.0000,1.0000,0.0216,0.0219,-0.0073,-0.0171,0.0000,kp10
2907,10.0000,1.0000,0.0216,0.0219,-0.0073,-0.0171,0.0000,kp10
2912,10.0000,1.0000,0.0216,0.0219,-0.0073,-0.0171,0.0000,kp10
2917,10.0000,1.0000,0.0216,0.0219,-0.0073,-0.0171,0.0000,kp10
2923,10.0000,1.0000,0.0216,0.0219,-0.0073,-0.0171,0.0000,kp10
2928,10.0000,1.0000,0.0216,0.0219,-0.0073,-0.0171,0.0000,kp10
2933,10.0000,1.0000,0.0216,0.0219,-0.0073,-0.0122,0.0000,kp10
2938,10.0000,1.0000,0.0216,0.0219,-0.0073,-0.0171,0.0000,kp10
2943,10.0000,1.0000,0.0216,0.0219,-0.0073,-0.0171,0.0000,kp10
2948,10.0000,1.0000,0.0216,0.0219,-0.0073,-0.0171,0.0000,kp10
2953,10.0000,1.0000,0.0216,0.0219,-0.0073,-0.0171,0.0000,kp10
2958,10.0000,1.0000,0.0216,0.0219,-0.0073,-0.0171,0.0000,kp10
2963,10.0000,1.0000,0.0216,0.0219,-0.0073,-0.0171,0.0000,kp10
2968,10.0000,1.0000,0.0216,0.0219,-0.0073,-0.0171,0.0000,kp10
2973,10.0000,1.0000,0.0216,0.0219,-0.0073,-0.0171,0.0000,kp10
2978,10.0000,1.0000,0.0216,0.0219,-0.0073,-0.0171,0.0000,kp10
2983,10.0000,1.0000,0.0216,0.0219,-0.0073,-0.0171,0.0000,kp10
2988,10.0000,1.0000,0.0216,0.0219,-0.0073,-0.0171,0.0000,kp10
2993,10.0000,1.0000,0.0216,0.0219,-0.0073,-0.0171,0.0000,kp10
2998,10.0000,1.0000,0.0216,0.0219,-0.0073,-0.0171,0.0000,kp10
3003,10.0000,1.0000,0.0216,0.0219,-0.0073,-0.0220,0.0000,kp10
3008,10.0000,1.0000,0.0216,0.0219,-0.0073,-0.0171,0.0000,kp10
3014,10.0000,1.0000,0.0216,0.0219,-0.0073,-0.0171,0.0000,kp10
3019,10.0000,1.0000,0.0216,0.0219,-0.0073,-0.0171,0.0000,kp10
3024,10.0000,1.0000,0.0216,0.0219,-0.0073,-0.0171,0.0000,kp10
3029,10.0000,1.0000,0.0216,0.0219,-0.0073,-0.0171,0.0000,kp10
3034,10.0000,1.0000,0.0216,0.0219,-0.0073,-0.0171,0.0000,kp10
3039,10.0000,1.0000,0.0216,0.0219,-0.0073,-0.0171,0.0000,kp10
3044,10.0000,1.0000,0.0216,0.0219,-0.0073,-0.0220,0.0000,kp10
3049,10.0000,1.0000,0.0216,0.0219,-0.0073,-0.0171,0.0000,kp10
3054,10.0000,1.0000,0.0216,0.0219,-0.0073,-0.0171,0.0000,kp10
3059,10.0000,1.0000,0.0216,0.0219,-0.0073,-0.0171,0.0000,kp10
3064,10.0000,1.0000,0.0216,0.0219,-0.0073,-0.0171,0.0000,kp10
3069,10.0000,1.0000,0.0216,0.0219,-0.0073,-0.0171,0.0000,kp10
3074,10.0000,1.0000,0.0216,0.0219,-0.0073,-0.0171,0.0000,kp10
3079,10.0000,1.0000,0.0216,0.0219,-0.0073,-0.0171,0.0000,kp10
3084,10.0000,1.0000,0.0216,0.0219,-0.0073,-0.0171,0.0000,kp10
3089,10.0000,1.0000,0.0216,0.0219,-0.0073,-0.0171,0.0000,kp10
3094,10.0000,1.0000,0.0216,0.0219,-0.0073,-0.0171,0.0000,kp10
3099,10.0000,1.0000,0.0216,0.0219,-0.0073,-0.0171,0.0000,kp10
3105,10.0000,1.0000,0.0216,0.0219,-0.0073,-0.0171,0.0000,kp10
3110,10.0000,1.0000,0.0216,0.0219,-0.0073,-0.0171,0.0000,kp10
3115,10.0000,1.0000,0.0216,0.0219,-0.0073,-0.0171,0.0000,kp10
3120,10.0000,1.0000,0.0216,0.0219,-0.0073,-0.0171,0.0000,kp10
3125,10.0000,1.0000,0.0216,0.0219,-0.0073,-0.0171,0.0000,kp10
3130,10.0000,1.0000,0.0216,0.0219,-0.0073,-0.0171,0.0000,kp10
3135,10.0000,1.0000,0.0216,0.0219,-0.0073,-0.0171,0.0000,kp10
3140,10.0000,1.0000,0.0216,0.0219,-0.0073,-0.0171,0.0000,kp10
3145,10.0000,1.0000,0.0216,0.0219,-0.0073,-0.0171,0.0000,kp10
3150,10.0000,1.0000,0.0216,0.0219,-0.0073,-0.0171,0.0000,kp10
3155,10.0000,1.0000,0.0216,0.0219,-0.0073,-0.0171,0.0000,kp10
3160,10.0000,1.0000,0.0216,0.0219,-0.0073,-0.0171,0.0000,kp10
3165,10.0000,1.0000,0.0216,0.0219,-0.0073,-0.0171,0.0000,kp10
3170,10.0000,1.0000,0.0216,0.0219,-0.0073,-0.0171,0.0000,kp10
3175,10.0000,1.0000,0.0216,0.0219,-0.0073,-0.0171,0.0000,kp10
3180,10.0000,1.0000,0.0216,0.0219,-0.0073,-0.0122,0.0000,kp10
3185,10.0000,1.0000,0.0216,0.0219,-0.0073,-0.0171,0.0000,kp10
3191,10.0000,1.0000,0.0216,0.0219,-0.0073,-0.0171,0.0000,kp10
3196,10.0000,1.0000,0.0216,0.0219,-0.0073,-0.0171,0.0000,kp10
3201,10.0000,1.0000,0.0216,0.0219,-0.0073,-0.0171,0.0000,kp10
3206,10.0000,1.0000,0.0216,0.0219,-0.0073,-0.0171,0.0000,kp10
3211,10.0000,1.0000,0.0216,0.0219,-0.0073,-0.0220,0.0000,kp10
3216,10.0000,1.0000,0.0216,0.0219,-0.0073,-0.0171,0.0000,kp10
3221,10.0000,1.0000,0.0216,0.0219,-0.0073,-0.0171,0.0000,kp10
3226,10.0000,1.0000,0.0216,0.0219,-0.0073,-0.0171,0.0000,kp10
3231,10.0000,1.0000,0.0216,0.0219,-0.0073,-0.0171,0.0000,kp10
3236,10.0000,1.0000,0.0216,0.0219,-0.0073,-0.0171,0.0000,kp10
3241,10.0000,1.0000,0.0216,0.0219,-0.0073,-0.0171,0.0000,kp10
3246,10.0000,1.0000,0.0216,0.0219,-0.0073,-0.0220,0.0000,kp10
3251,10.0000,1.0000,0.0216,0.0219,-0.0073,-0.0171,0.0000,kp10
3256,10.0000,1.0000,0.0216,0.0219,-0.0073,-0.0171,0.0000,kp10
3261,10.0000,1.0000,0.0216,0.0219,-0.0073,-0.0171,0.0000,kp10
3266,10.0000,1.0000,0.0216,0.0219,-0.0073,-0.0171,0.0000,kp10
3271,10.0000,1.0000,0.0216,0.0219,-0.0073,-0.0171,0.0000,kp10
3276,10.0000,1.0000,0.0216,0.0219,-0.0073,-0.0171,0.0000,kp10
3282,10.0000,1.0000,0.0216,0.0219,-0.0073,-0.0171,0.0000,kp10
3287,10.0000,1.0000,0.0216,0.0219,-0.0073,-0.0171,0.0000,kp10
3292,10.0000,1.0000,0.0216,0.0219,-0.0073,-0.0171,0.0000,kp10
3297,10.0000,1.0000,0.0216,0.0219,-0.0073,-0.0220,0.0000,kp10
3302,10.0000,1.0000,0.0216,0.0219,-0.0073,-0.0171,0.0000,kp10
3307,10.0000,1.0000,0.0216,0.0219,-0.0073,-0.0171,0.0000,kp10
3312,10.0000,1.0000,0.0216,0.0219,-0.0073,-0.0171,0.0000,kp10
3317,10.0000,1.0000,0.0216,0.0219,-0.0073,-0.0171,0.0000,kp10
3322,10.0000,1.0000,0.0216,0.0219,-0.0073,-0.0171,0.0000,kp10
3327,10.0000,1.0000,0.0216,0.0219,-0.0073,-0.0171,0.0000,kp10
3332,10.0000,1.0000,0.0216,0.0219,-0.0073,-0.0171,0.0000,kp10
3337,10.0000,1.0000,0.0216,0.0219,-0.0073,-0.0122,0.0000,kp10
3342,10.0000,1.0000,0.0216,0.0219,-0.0073,-0.0171,0.0000,kp10
3347,10.0000,1.0000,0.0216,0.0219,-0.0073,-0.0171,0.0000,kp10
3352,10.0000,1.0000,0.0216,0.0219,-0.0073,-0.0171,0.0000,kp10
3357,10.0000,1.0000,0.0216,0.0219,-0.0073,-0.0171,0.0000,kp10
3362,10.0000,1.0000,0.0216,0.0219,-0.0073,-0.0171,0.0000,kp10
3367,10.0000,1.0000,0.0216,0.0219,-0.0073,-0.0171,0.0000,kp10
3373,10.0000,1.0000,0.0216,0.0219,-0.0073,-0.0171,0.0000,kp10
3378,10.0000,1.0000,0.0216,0.0219,-0.0073,-0.0171,0.0000,kp10
3383,10.0000,1.0000,0.0216,0.0219,-0.0073,-0.0171,0.0000,kp10
3388,10.0000,1.0000,0.0216,0.0219,-0.0073,-0.0171,0.0000,kp10
3393,10.0000,1.0000,0.0216,0.0219,-0.0073,-0.0171,0.0000,kp10
3398,10.0000,1.0000,0.0216,0.0219,-0.0073,-0.0171,0.0000,kp10
3403,10.0000,1.0000,0.0216,0.0219,-0.0073,-0.0171,0.0000,kp10
3408,10.0000,1.0000,0.0216,0.0219,-0.0073,-0.0122,0.0000,kp10
3413,10.0000,1.0000,0.0216,0.0219,-0.0073,-0.0171,0.0000,kp10
3418,10.0000,1.0000,0.0216,0.0219,-0.0073,-0.0171,0.0000,kp10
3423,10.0000,1.0000,0.0216,0.0219,-0.0073,-0.0171,0.0000,kp10
3428,10.0000,1.0000,0.0216,0.0219,-0.0073,-0.0171,0.0000,kp10
3433,10.0000,1.0000,0.0216,0.0219,-0.0073,-0.0171,0.0000,kp10
3438,10.0000,1.0000,0.0216,0.0219,-0.0073,-0.0171,0.0000,kp10
3443,10.0000,1.0000,0.0216,0.0219,-0.0073,-0.0171,0.0000,kp10
3448,10.0000,1.0000,0.0216,0.0219,-0.0073,-0.0171,0.0000,kp10
3453,10.0000,1.0000,0.0216,0.0219,-0.0073,-0.0171,0.0000,kp10
3458,10.0000,1.0000,0.0216,0.0219,-0.0073,-0.0171,0.0000,kp10
3464,10.0000,1.0000,0.0216,0.0219,-0.0073,-0.0171,0.0000,kp10
3469,10.0000,1.0000,0.0216,0.0219,-0.0073,-0.0171,0.0000,kp10
3474,10.0000,1.0000,0.0216,0.0219,-0.0073,-0.0171,0.0000,kp10
3479,10.0000,1.0000,0.0216,0.0219,-0.0073,-0.0171,0.0000,kp10
3484,10.0000,1.0000,0.0216,0.0219,-0.0073,-0.0171,0.0000,kp10
3489,10.0000,1.0000,0.0216,0.0219,-0.0073,-0.0171,0.0000,kp10
3494,10.0000,1.0000,0.0216,0.0219,-0.0073,-0.0171,0.0000,kp10
3499,10.0000,1.0000,0.0216,0.0219,-0.0073,-0.0171,0.0000,kp10
3504,10.0000,1.0000,0.0216,0.0219,-0.0073,-0.0171,0.0000,kp10
3509,10.0000,1.0000,0.0216,0.0219,-0.0073,-0.0171,0.0000,kp10
3514,10.0000,1.0000,0.0216,0.0219,-0.0073,-0.0171,0.0000,kp10
3519,10.0000,1.0000,0.0216,0.0219,-0.0073,-0.0171,0.0000,kp10
3524,10.0000,1.0000,0.0216,0.0219,-0.0073,-0.0171,0.0000,kp10
3529,10.0000,1.0000,0.0216,0.0219,-0.0073,-0.0171,0.0000,kp10
3534,10.0000,1.0000,0.0216,0.0219,-0.0073,-0.0171,0.0000,kp10
3539,10.0000,1.0000,0.0216,0.0219,-0.0073,-0.0171,0.0000,kp10
3544,10.0000,1.0000,0.0216,0.0219,-0.0073,-0.0171,0.0000,kp10
3549,10.0000,1.0000,0.0216,0.0219,-0.0073,-0.0171,0.0000,kp10
3555,10.0000,1.0000,0.0216,0.0219,-0.0073,-0.0171,0.0000,kp10
3560,10.0000,1.0000,0.0216,0.0219,-0.0073,-0.0171,0.0000,kp10
3565,10.0000,1.0000,0.0216,0.0219,-0.0073,-0.0171,0.0000,kp10
3570,10.0000,1.0000,0.0216,0.0219,-0.0073,-0.0171,0.0000,kp10
3575,10.0000,1.0000,0.0216,0.0219,-0.0073,-0.0171,0.0000,kp10
3580,10.0000,1.0000,0.0216,0.0219,-0.0073,-0.0171,0.0000,kp10
3585,10.0000,1.0000,0.0216,0.0219,-0.0073,-0.0171,0.0000,kp10
3590,10.0000,1.0000,0.0216,0.0219,-0.0073,-0.0171,0.0000,kp10
3595,10.0000,1.0000,0.0216,0.0219,-0.0073,-0.0220,0.0000,kp10
3600,10.0000,1.0000,0.0216,0.0219,-0.0073,-0.0171,0.0000,kp10
3605,10.0000,1.0000,0.0216,0.0219,-0.0073,-0.0171,0.0000,kp10
3610,10.0000,1.0000,0.0216,0.0219,-0.0073,-0.0171,0.0000,kp10
3615,10.0000,1.0000,0.0216,0.0219,-0.0073,-0.0171,0.0000,kp10
3620,10.0000,1.0000,0.0216,0.0219,-0.0073,-0.0171,0.0000,kp10
3625,10.0000,1.0000,0.0216,0.0219,-0.0073,-0.0171,0.0000,kp10
3630,10.0000,1.0000,0.0216,0.0219,-0.0073,-0.0171,0.0000,kp10
3635,10.0000,1.0000,0.0216,0.0219,-0.0073,-0.0171,0.0000,kp10
3641,10.0000,1.0000,0.0216,0.0219,-0.0073,-0.0171,0.0000,kp10
3646,10.0000,1.0000,0.0216,0.0219,-0.0073,-0.0171,0.0000,kp10
3651,10.0000,1.0000,0.0216,0.0219,-0.0073,-0.0171,0.0000,kp10
3656,10.0000,1.0000,0.0216,0.0219,-0.0073,-0.0171,0.0000,kp10
3661,10.0000,1.0000,0.0216,0.0219,-0.0073,-0.0171,0.0000,kp10
3666,10.0000,1.0000,0.0216,0.0219,-0.0073,-0.0122,0.0000,kp10
3671,10.0000,1.0000,0.0216,0.0219,-0.0073,-0.0171,0.0000,kp10
3676,10.0000,1.0000,0.0216,0.0219,-0.0073,-0.0171,0.0000,kp10
3681,10.0000,1.0000,0.0216,0.0219,-0.0073,-0.0171,0.0000,kp10
3686,10.0000,1.0000,0.0216,0.0219,-0.0073,-0.0171,0.0000,kp10
3691,10.0000,1.0000,0.0216,0.0219,-0.0073,-0.0171,0.0000,kp10
3696,10.0000,1.0000,0.0216,0.0219,-0.0073,-0.0171,0.0000,kp10
3701,10.0000,1.0000,0.0216,0.0219,-0.0073,-0.0171,0.0000,kp10
3706,10.0000,1.0000,0.0216,0.0219,-0.0073,-0.0171,0.0000,kp10
3711,10.0000,1.0000,0.0216,0.0219,-0.0073,-0.0171,0.0000,kp10
3716,10.0000,1.0000,0.0216,0.0219,-0.0073,-0.0171,0.0000,kp10
3721,10.0000,1.0000,0.0216,0.0219,-0.0073,-0.0171,0.0000,kp10
3726,10.0000,1.0000,0.0216,0.0219,-0.0073,-0.0171,0.0000,kp10
3732,10.0000,1.0000,0.0216,0.0219,-0.0073,-0.0171,0.0000,kp10
3737,10.0000,1.0000,0.0216,0.0219,-0.0073,-0.0171,0.0000,kp10
3742,10.0000,1.0000,0.0216,0.0219,-0.0073,-0.0171,0.0000,kp10
3747,10.0000,1.0000,0.0216,0.0219,-0.0073,-0.0171,0.0000,kp10
3752,10.0000,1.0000,0.0216,0.0219,-0.0073,-0.0171,0.0000,kp10
3757,10.0000,1.0000,0.0216,0.0219,-0.0073,-0.0122,0.0000,kp10
3762,10.0000,1.0000,0.0216,0.0219,-0.0073,-0.0171,0.0000,kp10
3767,10.0000,1.0000,0.0216,0.0219,-0.0073,-0.0171,0.0000,kp10
3772,10.0000,1.0000,0.0216,0.0219,-0.0073,-0.0171,0.0000,kp10
3777,10.0000,1.0000,0.0216,0.0219,-0.0073,-0.0171,0.0000,kp10
3782,10.0000,1.0000,0.0216,0.0219,-0.0073,-0.0171,0.0000,kp10
3787,10.0000,1.0000,0.0216,0.0219,-0.0073,-0.0171,0.0000,kp10
3792,10.0000,1.0000,0.0216,0.0219,-0.0073,-0.0171,0.0000,kp10
3797,10.0000,1.0000,0.0216,0.0219,-0.0073,-0.0171,0.0000,kp10
3802,10.0000,1.0000,0.0216,0.0219,-0.0073,-0.0171,0.0000,kp10
3807,10.0000,1.0000,0.0216,0.0219,-0.0073,-0.0171,0.0000,kp10
3812,10.0000,1.0000,0.0216,0.0219,-0.0073,-0.0171,0.0000,kp10
3817,10.0000,1.0000,0.0216,0.0219,-0.0073,-0.0171,0.0000,kp10
3823,10.0000,1.0000,0.0216,0.0219,-0.0073,-0.0171,0.0000,kp10
3828,10.0000,1.0000,0.0216,0.0219,-0.0073,-0.0171,0.0000,kp10
3833,10.0000,1.0000,0.0216,0.0219,-0.0073,-0.0171,0.0000,kp10
3838,10.0000,1.0000,0.0216,0.0219,-0.0073,-0.0171,0.0000,kp10
3843,10.0000,1.0000,0.0216,0.0219,-0.0073,-0.0171,0.0000,kp10
3848,10.0000,1.0000,0.0216,0.0219,-0.0073,-0.0171,0.0000,kp10
3853,10.0000,1.0000,0.0216,0.0219,-0.0073,-0.0171,0.0000,kp10
3858,10.0000,1.0000,0.0216,0.0219,-0.0073,-0.0171,0.0000,kp10
3863,10.0000,1.0000,0.0216,0.0219,-0.0073,-0.0171,0.0000,kp10
3868,10.0000,1.0000,0.0216,0.0219,-0.0073,-0.0171,0.0000,kp10
3873,10.0000,1.0000,0.0216,0.0219,-0.0073,-0.0171,0.0000,kp10
3878,10.0000,1.0000,0.0216,0.0219,-0.0073,-0.0171,0.0000,kp10
3883,10.0000,1.0000,0.0216,0.0219,-0.0073,-0.0171,0.0000,kp10
3888,10.0000,1.0000,0.0216,0.0219,-0.0073,-0.0122,0.0000,kp10
3893,10.0000,1.0000,0.0216,0.0219,-0.0073,-0.0171,0.0000,kp10
3898,10.0000,1.0000,0.0216,0.0219,-0.0073,-0.0171,0.0000,kp10
3903,10.0000,1.0000,0.0216,0.0219,-0.0073,-0.0171,0.0000,kp10
3909,10.0000,1.0000,0.0216,0.0219,-0.0073,-0.0171,0.0000,kp10
3914,10.0000,1.0000,0.0216,0.0219,-0.0073,-0.0171,0.0000,kp10
3919,10.0000,1.0000,0.0216,0.0219,-0.0073,-0.0171,0.0000,kp10
3924,10.0000,1.0000,0.0216,0.0219,-0.0073,-0.0122,0.0000,kp10
3929,10.0000,1.0000,0.0216,0.0219,-0.0073,-0.0171,0.0000,kp10
3934,10.0000,1.0000,0.0216,0.0219,-0.0073,-0.0171,0.0000,kp10
3939,10.0000,1.0000,0.0216,0.0219,-0.0073,-0.0171,0.0000,kp10
3944,10.0000,1.0000,0.0216,0.0219,-0.0073,-0.0171,0.0000,kp10
3949,10.0000,1.0000,0.0216,0.0219,-0.0073,-0.0171,0.0000,kp10
3954,10.0000,1.0000,0.0216,0.0219,-0.0073,-0.0171,0.0000,kp10
3959,10.0000,1.0000,0.0216,0.0219,-0.0073,-0.0171,0.0000,kp10
3964,10.0000,1.0000,0.0216,0.0219,-0.0073,-0.0171,0.0000,kp10
3969,10.0000,1.0000,0.0216,0.0219,-0.0073,-0.0171,0.0000,kp10
3974,10.0000,1.0000,0.0216,0.0219,-0.0073,-0.0171,0.0000,kp10
3979,10.0000,1.0000,0.0216,0.0219,-0.0073,-0.0122,0.0000,kp10
3984,10.0000,1.0000,0.0216,0.0219,-0.0073,-0.0171,0.0000,kp10
3989,10.0000,1.0000,0.0216,0.0219,-0.0073,-0.0171,0.0000,kp10
3994,10.0000,1.0000,0.0216,0.0219,-0.0073,-0.0171,0.0000,kp10
4000,10.0000,1.0000,0.0216,0.0219,-0.0073,-0.0171,0.0000,kp10
4005,10.0000,1.0000,0.0216,0.0219,-0.0073,-0.0171,0.0000,kp10
4010,10.0000,1.0000,0.0216,0.0219,-0.0073,-0.0171,0.0000,kp10
4015,10.0000,1.0000,0.0216,0.0219,-0.0073,-0.0171,0.0000,kp10
4020,10.0000,1.0000,0.0216,0.0219,-0.0073,-0.0171,0.0000,kp10
4025,10.0000,1.0000,0.0216,0.0219,-0.0073,-0.0171,0.0000,kp10
4030,10.0000,1.0000,0.0216,0.0219,-0.0073,-0.0171,0.0000,kp10
4035,10.0000,1.0000,0.0216,0.0219,-0.0073,-0.0171,0.0000,kp10
4040,10.0000,1.0000,0.0216,0.0219,-0.0073,-0.0171,0.0000,kp10
4045,10.0000,1.0000,0.0216,0.0219,-0.0073,-0.0171,0.0000,kp10
4050,10.0000,1.0000,0.0216,0.0219,-0.0073,-0.0171,0.0000,kp10
4055,10.0000,1.0000,0.0216,0.0219,-0.0073,-0.0171,0.0000,kp10
4060,10.0000,1.0000,0.0216,0.0219,-0.0073,-0.0171,0.0000,kp10
4065,10.0000,1.0000,0.0216,0.0219,-0.0073,-0.0171,0.0000,kp10
4070,10.0000,1.0000,0.0216,0.0219,-0.0073,-0.0122,0.0000,kp10
4075,10.0000,1.0000,0.0216,0.0219,-0.0073,-0.0171,0.0000,kp10
4080,10.0000,1.0000,0.0216,0.0219,-0.0073,-0.0171,0.0000,kp10
4086,10.0000,1.0000,0.0216,0.0219,-0.0073,-0.0171,0.0000,kp10
4091,10.0000,1.0000,0.0216,0.0219,-0.0073,-0.0171,0.0000,kp10
4096,10.0000,1.0000,0.0216,0.0219,-0.0073,-0.0171,0.0000,kp10
4101,10.0000,1.0000,0.0216,0.0219,-0.0073,-0.0171,0.0000,kp10
4106,10.0000,1.0000,0.0216,0.0219,-0.0073,-0.0171,0.0000,kp10
4111,10.0000,1.0000,0.0216,0.0219,-0.0073,-0.0171,0.0000,kp10
4116,10.0000,1.0000,0.0216,0.0219,-0.0073,-0.0171,0.0000,kp10
4121,10.0000,1.0000,0.0216,0.0219,-0.0073,-0.0171,0.0000,kp10
4126,10.0000,1.0000,0.0216,0.0219,-0.0073,-0.0220,0.0000,kp10
4131,10.0000,1.0000,0.0216,0.0219,-0.0073,-0.0171,0.0000,kp10
4136,10.0000,1.0000,0.0216,0.0219,-0.0073,-0.0171,0.0000,kp10
4141,10.0000,1.0000,0.0216,0.0219,-0.0073,-0.0122,0.0000,kp10
4146,10.0000,1.0000,0.0216,0.0219,-0.0073,-0.0171,0.0000,kp10
4151,10.0000,1.0000,0.0216,0.0219,-0.0073,-0.0171,0.0000,kp10
4156,10.0000,1.0000,0.0216,0.0219,-0.0073,-0.0171,0.0000,kp10
4161,10.0000,1.0000,0.0216,0.0219,-0.0073,-0.0171,0.0000,kp10
4166,10.0000,1.0000,0.0216,0.0219,-0.0073,-0.0171,0.0000,kp10
4171,10.0000,1.0000,0.0216,0.0219,-0.0073,-0.0171,0.0000,kp10
4177,10.0000,1.0000,0.0216,0.0219,-0.0073,-0.0171,0.0000,kp10
4182,10.0000,1.0000,0.0216,0.0219,-0.0073,-0.0171,0.0000,kp10
4187,10.0000,1.0000,0.0216,0.0219,-0.0073,-0.0171,0.0000,kp10
4192,10.0000,1.0000,0.0216,0.0219,-0.0073,-0.0171,0.0000,kp10
4197,10.0000,1.0000,0.0216,0.0219,-0.0073,-0.0171,0.0000,kp10
4202,10.0000,1.0000,0.0216,0.0219,-0.0073,-0.0171,0.0000,kp10
4207,10.0000,1.0000,0.0216,0.0219,-0.0073,-0.0171,0.0000,kp10
4212,10.0000,1.0000,0.0216,0.0219,-0.0073,-0.0171,0.0000,kp10
4217,10.0000,1.0000,0.0216,0.0219,-0.0073,-0.0171,0.0000,kp10
4222,10.0000,1.0000,0.0216,0.0219,-0.0073,-0.0171,0.0000,kp10
4227,10.0000,1.0000,0.0216,0.0219,-0.0073,-0.0171,0.0000,kp10
4232,10.0000,1.0000,0.0216,0.0219,-0.0073,-0.0171,0.0000,kp10
4237,10.0000,1.0000,0.0216,0.0219,-0.0073,-0.0171,0.0000,kp10
4242,10.0000,1.0000,0.0216,0.0219,-0.0073,-0.0171,0.0000,kp10
4247,10.0000,1.0000,0.0216,0.0219,-0.0073,-0.0171,0.0000,kp10
4252,10.0000,1.0000,0.0216,0.0219,-0.0073,-0.0171,0.0000,kp10
4257,10.0000,1.0000,0.0216,0.0219,-0.0073,-0.0171,0.0000,kp10
4262,10.0000,1.0000,0.0216,0.0219,-0.0073,-0.0171,0.0000,kp10
4268,10.0000,1.0000,0.0216,0.0219,-0.0073,-0.0171,0.0000,kp10
4273,10.0000,1.0000,0.0216,0.0219,-0.0073,-0.0171,0.0000,kp10
4278,10.0000,1.0000,0.0216,0.0219,-0.0073,-0.0171,0.0000,kp10
4283,10.0000,1.0000,0.0216,0.0219,-0.0073,-0.0171,0.0000,kp10
4288,10.0000,1.0000,0.0216,0.0219,-0.0073,-0.0171,0.0000,kp10
4293,10.0000,1.0000,0.0216,0.0219,-0.0073,-0.0171,0.0000,kp10
4298,10.0000,1.0000,0.0216,0.0219,-0.0073,-0.0171,0.0000,kp10
4303,10.0000,1.0000,0.0216,0.0219,-0.0073,-0.0171,0.0000,kp10
4308,10.0000,1.0000,0.0216,0.0219,-0.0073,-0.0171,0.0000,kp10
4313,10.0000,1.0000,0.0216,0.0219,-0.0073,-0.0171,0.0000,kp10
4318,10.0000,1.0000,0.0216,0.0219,-0.0073,-0.0171,0.0000,kp10
4323,10.0000,1.0000,0.0216,0.0219,-0.0073,-0.0171,0.0000,kp10
4328,10.0000,1.0000,0.0216,0.0219,-0.0073,-0.0171,0.0000,kp10
4333,10.0000,1.0000,0.0216,0.0219,-0.0073,-0.0171,0.0000,kp10
4338,10.0000,1.0000,0.0216,0.0219,-0.0073,-0.0171,0.0000,kp10
4343,10.0000,1.0000,0.0216,0.0219,-0.0073,-0.0171,0.0000,kp10
4348,10.0000,1.0000,0.0216,0.0219,-0.0073,-0.0171,0.0000,kp10
4354,10.0000,1.0000,0.0216,0.0219,-0.0073,-0.0171,0.0000,kp10
4359,10.0000,1.0000,0.0216,0.0219,-0.0073,-0.0171,0.0000,kp10
4364,10.0000,1.0000,0.0216,0.0219,-0.0073,-0.0171,0.0000,kp10
4369,10.0000,1.0000,0.0216,0.0219,-0.0073,-0.0171,0.0000,kp10
4374,10.0000,1.0000,0.0216,0.0219,-0.0073,-0.0171,0.0000,kp10
4379,10.0000,1.0000,0.0216,0.0219,-0.0073,-0.0171,0.0000,kp10
4384,10.0000,1.0000,0.0216,0.0219,-0.0073,-0.0171,0.0000,kp10
4389,10.0000,1.0000,0.0216,0.0219,-0.0073,-0.0171,0.0000,kp10
4394,10.0000,1.0000,0.0216,0.0219,-0.0073,-0.0171,0.0000,kp10
4399,10.0000,1.0000,0.0216,0.0219,-0.0073,-0.0171,0.0000,kp10
4404,10.0000,1.0000,0.0216,0.0219,-0.0073,-0.0171,0.0000,kp10
4409,10.0000,1.0000,0.0216,0.0219,-0.0073,-0.0171,0.0000,kp10
4414,10.0000,1.0000,0.0216,0.0219,-0.0073,-0.0171,0.0000,kp10
4419,10.0000,1.0000,0.0216,0.0219,-0.0073,-0.0171,0.0000,kp10
4424,10.0000,1.0000,0.0216,0.0219,-0.0073,-0.0171,0.0000,kp10
4429,10.0000,1.0000,0.0216,0.0219,-0.0073,-0.0171,0.0000,kp10
4434,10.0000,1.0000,0.0216,0.0219,-0.0073,-0.0122,0.0000,kp10
4439,10.0000,1.0000,0.0216,0.0219,-0.0073,-0.0171,0.0000,kp10
4445,10.0000,1.0000,0.0216,0.0219,-0.0073,-0.0171,0.0000,kp10
4450,10.0000,1.0000,0.0216,0.0219,-0.0073,-0.0171,0.0000,kp10
4455,10.0000,1.0000,0.0216,0.0219,-0.0073,-0.0171,0.0000,kp10
4460,10.0000,1.0000,0.0216,0.0219,-0.0073,-0.0171,0.0000,kp10
4465,10.0000,1.0000,0.0216,0.0219,-0.0073,-0.0171,0.0000,kp10
4470,10.0000,1.0000,0.0216,0.0219,-0.0073,-0.0171,0.0000,kp10
4475,10.0000,1.0000,0.0216,0.0219,-0.0073,-0.0171,0.0000,kp10
4480,10.0000,1.0000,0.0216,0.0219,-0.0073,-0.0171,0.0000,kp10
4485,10.0000,1.0000,0.0216,0.0219,-0.0073,-0.0171,0.0000,kp10
4490,10.0000,1.0000,0.0216,0.0219,-0.0073,-0.0171,0.0000,kp10
4495,10.0000,1.0000,0.0216,0.0219,-0.0073,-0.0171,0.0000,kp10
4500,10.0000,1.0000,0.0216,0.0219,-0.0073,-0.0171,0.0000,kp10
4505,10.0000,1.0000,0.0216,0.0219,-0.0073,-0.0171,0.0000,kp10
4510,10.0000,1.0000,0.0216,0.0219,-0.0073,-0.0171,0.0000,kp10
4515,10.0000,1.0000,0.0216,0.0219,-0.0073,-0.0171,0.0000,kp10
4520,10.0000,1.0000,0.0216,0.0219,-0.0073,-0.0171,0.0000,kp10
4525,10.0000,1.0000,0.0216,0.0219,-0.0073,-0.0171,0.0000,kp10
4531,10.0000,1.0000,0.0216,0.0219,-0.0073,-0.0171,0.0000,kp10
4536,10.0000,1.0000,0.0216,0.0219,-0.0073,-0.0171,0.0000,kp10
4541,10.0000,1.0000,0.0216,0.0219,-0.0073,-0.0171,0.0000,kp10
4546,10.0000,1.0000,0.0216,0.0219,-0.0073,-0.0171,0.0000,kp10
4551,10.0000,1.0000,0.0216,0.0219,-0.0073,-0.0171,0.0000,kp10
4556,10.0000,1.0000,0.0216,0.0219,-0.0073,-0.0171,0.0000,kp10
4561,10.0000,1.0000,0.0216,0.0219,-0.0073,-0.0122,0.0000,kp10
4566,10.0000,1.0000,0.0216,0.0219,-0.0073,-0.0122,0.0000,kp10
4571,10.0000,1.0000,0.0216,0.0219,-0.0073,-0.0171,0.0000,kp10
4576,10.0000,1.0000,0.0216,0.0219,-0.0073,-0.0122,0.0000,kp10
4581,10.0000,1.0000,0.0216,0.0219,-0.0073,-0.0122,0.0000,kp10
4586,10.0000,1.0000,0.0216,0.0219,-0.0073,-0.0122,0.0000,kp10
4591,10.0000,1.0000,0.0216,0.0219,-0.0073,-0.0171,0.0000,kp10
4596,10.0000,1.0000,0.0216,0.0219,-0.0073,-0.0171,0.0000,kp10
4601,10.0000,1.0000,0.0216,0.0219,-0.0073,-0.0171,0.0000,kp10
4606,10.0000,1.0000,0.0216,0.0219,-0.0073,-0.0171,0.0000,kp10
4611,10.0000,1.0000,0.0216,0.0219,-0.0073,-0.0171,0.0000,kp10
4616,10.0000,1.0000,0.0216,0.0219,-0.0073,-0.0171,0.0000,kp10
4622,10.0000,1.0000,0.0216,0.0219,-0.0073,-0.0171,0.0000,kp10
4627,10.0000,1.0000,0.0216,0.0219,-0.0073,-0.0171,0.0000,kp10
4632,10.0000,1.0000,0.0216,0.0219,-0.0073,-0.0171,0.0000,kp10
4637,10.0000,1.0000,0.0216,0.0219,-0.0073,-0.0171,0.0000,kp10
4642,10.0000,1.0000,0.0216,0.0219,-0.0073,-0.0171,0.0000,kp10
4647,10.0000,1.0000,0.0216,0.0219,-0.0073,-0.0171,0.0000,kp10
4652,10.0000,1.0000,0.0216,0.0219,-0.0073,-0.0171,0.0000,kp10
4657,10.0000,1.0000,0.0216,0.0219,-0.0073,-0.0171,0.0000,kp10
4662,10.0000,1.0000,0.0216,0.0219,-0.0073,-0.0122,0.0000,kp10
4667,10.0000,1.0000,0.0216,0.0219,-0.0073,-0.0122,0.0000,kp10
4672,10.0000,1.0000,0.0216,0.0219,-0.0073,-0.0171,0.0000,kp10
4677,10.0000,1.0000,0.0216,0.0219,-0.0073,-0.0171,0.0000,kp10
4682,10.0000,1.0000,0.0216,0.0219,-0.0073,-0.0171,0.0000,kp10
4687,10.0000,1.0000,0.0216,0.0219,-0.0073,-0.0171,0.0000,kp10
4692,10.0000,1.0000,0.0216,0.0219,-0.0073,-0.0171,0.0000,kp10
4697,10.0000,1.0000,0.0216,0.0219,-0.0073,-0.0171,0.0000,kp10
4702,10.0000,1.0000,0.0216,0.0219,-0.0073,-0.0171,0.0000,kp10
4708,10.0000,1.0000,0.0216,0.0219,-0.0073,-0.0171,0.0000,kp10
4713,10.0000,1.0000,0.0216,0.0219,-0.0073,-0.0171,0.0000,kp10
4718,10.0000,1.0000,0.0216,0.0219,-0.0073,-0.0171,0.0000,kp10
4723,10.0000,1.0000,0.0216,0.0219,-0.0073,-0.0171,0.0000,kp10
4728,10.0000,1.0000,0.0216,0.0219,-0.0073,-0.0171,0.0000,kp10
4733,10.0000,1.0000,0.0216,0.0219,-0.0073,-0.0171,0.0000,kp10
4738,10.0000,1.0000,0.0216,0.0219,-0.0073,-0.0171,0.0000,kp10
4743,10.0000,1.0000,0.0216,0.0219,-0.0073,-0.0122,0.0000,kp10
4748,10.0000,1.0000,0.0216,0.0219,-0.0073,-0.0171,0.0000,kp10
4753,10.0000,1.0000,0.0216,0.0219,-0.0073,-0.0171,0.0000,kp10
4758,10.0000,1.0000,0.0216,0.0219,-0.0073,-0.0171,0.0000,kp10
4763,10.0000,1.0000,0.0216,0.0219,-0.0073,-0.0171,0.0000,kp10
4768,10.0000,1.0000,0.0216,0.0219,-0.0073,-0.0171,0.0000,kp10
4773,10.0000,1.0000,0.0216,0.0219,-0.0073,-0.0171,0.0000,kp10
4778,10.0000,1.0000,0.0216,0.0219,-0.0073,-0.0122,0.0000,kp10
4783,10.0000,1.0000,0.0216,0.0219,-0.0073,-0.0171,0.0000,kp10
4788,10.0000,1.0000,0.0216,0.0219,-0.0073,-0.0171,0.0000,kp10
4793,10.0000,1.0000,0.0216,0.0219,-0.0073,-0.0171,0.0000,kp10
4799,10.0000,1.0000,0.0216,0.0219,-0.0073,-0.0171,0.0000,kp10
4804,10.0000,1.0000,0.0216,0.0219,-0.0073,-0.0171,0.0000,kp10
4809,10.0000,1.0000,0.0216,0.0219,-0.0073,-0.0171,0.0000,kp10
4814,10.0000,1.0000,0.0216,0.0219,-0.0073,-0.0171,0.0000,kp10
4819,10.0000,1.0000,0.0216,0.0219,-0.0073,-0.0171,0.0000,kp10
4824,10.0000,1.0000,0.0216,0.0219,-0.0073,-0.0171,0.0000,kp10
4829,10.0000,1.0000,0.0216,0.0219,-0.0073,-0.0171,0.0000,kp10
4834,10.0000,1.0000,0.0216,0.0219,-0.0073,-0.0171,0.0000,kp10
4839,10.0000,1.0000,0.0216,0.0219,-0.0073,-0.0171,0.0000,kp10
4844,10.0000,1.0000,0.0216,0.0219,-0.0073,-0.0171,0.0000,kp10
4849,10.0000,1.0000,0.0216,0.0219,-0.0073,-0.0171,0.0000,kp10
4854,10.0000,1.0000,0.0216,0.0219,-0.0073,-0.0171,0.0000,kp10
4859,10.0000,1.0000,0.0216,0.0219,-0.0073,-0.0171,0.0000,kp10
4864,10.0000,1.0000,0.0216,0.0219,-0.0073,-0.0171,0.0000,kp10
4869,10.0000,1.0000,0.0216,0.0219,-0.0073,-0.0171,0.0000,kp10
4874,10.0000,1.0000,0.0216,0.0219,-0.0073,-0.0171,0.0000,kp10
4879,10.0000,1.0000,0.0216,0.0219,-0.0073,-0.0171,0.0000,kp10
4884,10.0000,1.0000,0.0216,0.0219,-0.0073,-0.0171,0.0000,kp10
4890,10.0000,1.0000,0.0216,0.0219,-0.0073,-0.0171,0.0000,kp10
4895,10.0000,1.0000,0.0216,0.0219,-0.0073,-0.0171,0.0000,kp10
4900,10.0000,1.0000,0.0216,0.0219,-0.0073,-0.0171,0.0000,kp10
4905,10.0000,1.0000,0.0216,0.0219,-0.0073,-0.0171,0.0000,kp10
4910,10.0000,1.0000,0.0216,0.0219,-0.0073,-0.0171,0.0000,kp10
4915,10.0000,1.0000,0.0216,0.0219,-0.0073,-0.0171,0.0000,kp10
4920,10.0000,1.0000,0.0216,0.0219,-0.0073,-0.0171,0.0000,kp10
4925,10.0000,1.0000,0.0216,0.0219,-0.0073,-0.0171,0.0000,kp10
4930,10.0000,1.0000,0.0216,0.0219,-0.0073,-0.0171,0.0000,kp10
4935,10.0000,1.0000,0.0216,0.0219,-0.0073,-0.0171,0.0000,kp10
4940,10.0000,1.0000,0.0216,0.0219,-0.0073,-0.0122,0.0000,kp10
4945,10.0000,1.0000,0.0216,0.0219,-0.0073,-0.0171,0.0000,kp10
4950,10.0000,1.0000,0.0216,0.0219,-0.0073,-0.0171,0.0000,kp10
4955,10.0000,1.0000,0.0216,0.0219,-0.0073,-0.0171,0.0000,kp10
4960,10.0000,1.0000,0.0216,0.0219,-0.0073,-0.0171,0.0000,kp10
4965,10.0000,1.0000,0.0216,0.0219,-0.0073,-0.0171,0.0000,kp10
4970,10.0000,1.0000,0.0216,0.0219,-0.0073,-0.0171,0.0000,kp10
4975,10.0000,1.0000,0.0216,0.0219,-0.0073,-0.0171,0.0000,kp10
4980,10.0000,1.0000,0.0216,0.0219,-0.0073,-0.0171,0.0000,kp10
4986,10.0000,1.0000,0.0216,0.0219,-0.0073,-0.0171,0.0000,kp10
4991,10.0000,1.0000,0.0216,0.0219,-0.0073,-0.0171,0.0000,kp10
4996,10.0000,1.0000,0.0216,0.0219,-0.0073,-0.0171,0.0000,kp10
0,20.0000,1.0000,0.0216,0.0219,-0.0073,-0.0171,0.0000,kp20
5,20.0000,1.0000,0.0216,0.0219,-0.0073,-0.0171,0.0000,kp20
10,20.0000,1.0000,0.0216,0.0219,-0.0073,-0.0171,0.0000,kp20
15,20.0000,1.0000,0.0216,0.0219,-0.0073,-0.0171,0.0000,kp20
20,20.0000,1.0000,0.0216,0.0219,-0.0073,-0.0171,0.0000,kp20
25,20.0000,1.0000,0.0216,0.0219,-0.0073,-0.0171,0.0000,kp20
30,20.0000,1.0000,0.0216,0.0219,-0.0073,-0.0171,0.0000,kp20
35,20.0000,1.0000,0.0216,0.0219,-0.0073,-0.0171,0.0000,kp20
40,20.0000,1.0000,0.0216,0.0219,-0.0073,-0.0171,0.0000,kp20
45,20.0000,1.0000,0.0216,0.0219,-0.0073,-0.0171,0.0000,kp20
50,20.0000,1.0000,0.0216,0.0219,-0.0073,-0.0220,0.0000,kp20
55,20.0000,1.0000,0.0216,0.0219,-0.0073,-0.0220,0.0000,kp20
60,20.0000,1.0000,0.0216,0.0219,-0.0073,-0.0220,0.0000,kp20
65,20.0000,1.0000,0.0216,0.0219,-0.0073,-0.0220,0.0000,kp20
70,20.0000,1.0000,0.0216,0.0219,-0.0073,-0.0220,0.0000,kp20
75,20.0000,1.0000,0.0216,0.0219,-0.0073,-0.0220,0.0000,kp20
80,20.0000,1.0000,0.0216,0.0219,-0.0073,-0.0171,0.0000,kp20
85,20.0000,1.0000,0.0216,0.0219,-0.0073,-0.0220,0.0000,kp20
90,20.0000,1.0000,0.0216,0.0219,-0.0073,-0.0220,0.0000,kp20
96,20.0000,1.0000,0.0216,0.0219,-0.0073,-0.0220,0.0000,kp20
101,20.0000,1.0000,0.0216,0.0219,-0.0073,-0.0220,0.0000,kp20
106,20.0000,1.0000,0.0216,0.0219,-0.0073,-0.0220,0.0000,kp20
111,20.0000,1.0000,0.0216,0.0219,-0.0073,-0.0220,0.0000,kp20
116,20.0000,1.0000,0.0216,0.0219,-0.0073,-0.0220,0.0000,kp20
121,20.0000,1.0000,0.0216,0.0219,-0.0073,-0.0220,0.0000,kp20
126,20.0000,1.0000,0.0216,0.0219,-0.0073,-0.0220,0.0000,kp20
131,20.0000,1.0000,0.0216,0.0219,-0.0073,-0.0220,0.0000,kp20
136,20.0000,1.0000,0.0216,0.0219,-0.0073,-0.0220,0.0000,kp20
141,20.0000,1.0000,0.0216,0.0219,-0.0073,-0.0220,0.0000,kp20
146,20.0000,1.0000,0.0216,0.0219,-0.0073,-0.0220,0.0000,kp20
151,20.0000,1.0000,0.0216,0.0219,-0.0073,-0.0220,0.0000,kp20
156,20.0000,1.0000,0.0216,0.0219,-0.0073,-0.0171,0.0000,kp20
161,20.0000,1.0000,0.0216,0.0219,-0.0073,-0.0220,0.0000,kp20
166,20.0000,1.0000,0.0216,0.0219,-0.0073,-0.0220,0.0000,kp20
171,20.0000,1.0000,0.0216,0.0219,-0.0073,-0.0171,0.0000,kp20
176,20.0000,1.0000,0.0216,0.0219,-0.0073,-0.0220,0.0000,kp20
181,20.0000,1.0000,0.0216,0.0219,-0.0073,-0.0220,0.0000,kp20
187,20.0000,1.0000,0.0216,0.0219,-0.0073,-0.0220,0.0000,kp20
192,20.0000,1.0000,0.0216,0.0219,-0.0073,-0.0220,0.0000,kp20
197,20.0000,1.0000,0.0216,0.0219,-0.0073,-0.0220,0.0000,kp20
202,20.0000,1.0000,0.0216,0.0219,-0.0073,-0.0220,0.0000,kp20
207,20.0000,1.0000,0.0216,0.0219,-0.0073,-0.0220,0.0000,kp20
212,20.0000,1.0000,0.0216,0.0219,-0.0073,-0.0220,0.0000,kp20
217,20.0000,1.0000,0.0216,0.0219,-0.0073,-0.0220,0.0000,kp20
222,20.0000,1.0000,0.0216,0.0219,-0.0073,-0.0220,0.0000,kp20
227,20.0000,1.0000,0.0216,0.0219,-0.0073,-0.0220,0.0000,kp20
232,20.0000,1.0000,0.0216,0.0219,-0.0073,-0.0220,0.0000,kp20
237,20.0000,1.0000,0.0216,0.0219,-0.0073,-0.0220,0.0000,kp20
242,20.0000,1.0000,0.0216,0.0219,-0.0073,-0.0220,0.0000,kp20
247,20.0000,1.0000,0.0216,0.0219,-0.0073,-0.0220,0.0000,kp20
252,20.0000,1.0000,0.0216,0.0219,-0.0073,-0.0220,0.0000,kp20
257,20.0000,1.0000,0.0216,0.0219,-0.0073,-0.0220,0.0000,kp20
262,20.0000,1.0000,0.0216,0.0219,-0.0073,-0.0220,0.0000,kp20
267,20.0000,1.0000,0.0216,0.0219,-0.0073,-0.0220,0.0000,kp20
273,20.0000,1.0000,0.0216,0.0219,-0.0073,-0.0220,0.0000,kp20
278,20.0000,1.0000,0.0216,0.0219,-0.0073,-0.0220,0.0000,kp20
283,20.0000,1.0000,0.0216,0.0219,-0.0073,-0.0220,0.0000,kp20
288,20.0000,1.0000,0.0216,0.0219,-0.0073,-0.0171,0.0000,kp20
293,20.0000,1.0000,0.0216,0.0219,-0.0073,-0.0171,0.0000,kp20
298,20.0000,1.0000,0.0216,0.0219,-0.0073,-0.0220,0.0000,kp20
303,20.0000,1.0000,0.0216,0.0219,-0.0073,-0.0220,0.0000,kp20
308,20.0000,1.0000,0.0216,0.0219,-0.0073,-0.0220,0.0000,kp20
313,20.0000,1.0000,0.0216,0.0219,-0.0073,-0.0220,0.0000,kp20
318,20.0000,1.0000,0.0216,0.0219,-0.0073,-0.0220,0.0000,kp20
323,20.0000,1.0000,0.0216,0.0219,-0.0073,-0.0220,0.0000,kp20
328,20.0000,1.0000,0.0216,0.0219,-0.0073,-0.0171,0.0000,kp20
333,20.0000,1.0000,0.0216,0.0219,-0.0073,-0.0220,0.0000,kp20
338,20.0000,1.0000,0.0216,0.0219,-0.0073,-0.0220,0.0000,kp20
343,20.0000,1.0000,0.0216,0.0219,-0.0073,-0.0220,0.0000,kp20
348,20.0000,1.0000,0.0216,0.0219,-0.0073,-0.0220,0.0000,kp20
353,20.0000,1.0000,0.0216,0.0219,-0.0073,-0.0220,0.0000,kp20
358,20.0000,1.0000,0.0216,0.0219,-0.0073,-0.0220,0.0000,kp20
364,20.0000,1.0000,0.0216,0.0219,-0.0073,-0.0220,0.0000,kp20
369,20.0000,1.0000,0.0216,0.0219,-0.0073,-0.0220,0.0000,kp20
374,20.0000,1.0000,0.0216,0.0219,-0.0073,-0.0220,0.0000,kp20
379,20.0000,1.0000,0.0216,0.0219,-0.0073,-0.0220,0.0000,kp20
384,20.0000,1.0000,0.0216,0.0219,-0.0073,-0.0220,0.0000,kp20
389,20.0000,1.0000,0.0216,0.0219,-0.0073,-0.0220,0.0000,kp20
394,20.0000,1.0000,0.0216,0.0219,-0.0073,-0.0220,0.0000,kp20
399,20.0000,1.0000,0.0216,0.0219,-0.0073,-0.0220,0.0000,kp20
404,20.0000,1.0000,0.0216,0.0219,-0.0073,-0.0220,0.0000,kp20
409,20.0000,1.0000,0.0216,0.0219,-0.0073,-0.0220,0.0000,kp20
414,20.0000,1.0000,0.0216,0.0219,-0.0073,-0.0171,0.0000,kp20
419,20.0000,1.0000,0.0216,0.0219,-0.0073,-0.0171,0.0000,kp20
424,20.0000,1.0000,0.0216,0.0219,-0.0073,-0.0220,0.0000,kp20
429,20.0000,1.0000,0.0216,0.0219,-0.0073,-0.0171,0.0000,kp20
434,20.0000,1.0000,0.0216,0.0219,-0.0073,-0.0220,0.0000,kp20
439,20.0000,1.0000,0.0216,0.0219,-0.0073,-0.0220,0.0000,kp20
444,20.0000,1.0000,0.0216,0.0219,-0.0073,-0.0220,0.0000,kp20
449,20.0000,1.0000,0.0216,0.0219,-0.0073,-0.0220,0.0000,kp20
455,20.0000,1.0000,0.0216,0.0219,-0.0073,-0.0171,0.0000,kp20
460,20.0000,1.0000,0.0216,0.0219,-0.0073,-0.0220,0.0000,kp20
465,20.0000,1.0000,0.0216,0.0219,-0.0073,-0.0220,0.0000,kp20
470,20.0000,1.0000,0.0216,0.0219,-0.0073,-0.0220,0.0000,kp20
475,20.0000,1.0000,0.0216,0.0219,-0.0073,-0.0220,0.0000,kp20
480,20.0000,1.0000,0.0216,0.0219,-0.0073,-0.0220,0.0000,kp20
485,20.0000,1.0000,0.0216,0.0219,-0.0073,-0.0220,0.0000,kp20
490,20.0000,1.0000,0.0216,0.0219,-0.0073,-0.0220,0.0000,kp20
495,20.0000,1.0000,0.0216,0.0219,-0.0073,-0.0220,0.0000,kp20
500,20.0000,1.0000,0.0216,0.0219,-0.0073,-0.0220,0.0000,kp20
505,20.0000,1.0000,0.0216,0.0219,-0.0073,-0.0220,0.0000,kp20
510,20.0000,1.0000,0.0216,0.0219,-0.0073,-0.0220,0.0000,kp20
515,20.0000,1.0000,0.0216,0.0219,-0.0073,-0.0220,0.0000,kp20
520,20.0000,1.0000,0.0216,0.0219,-0.0073,-0.0220,0.0000,kp20
525,20.0000,1.0000,0.0216,0.0219,-0.0073,-0.0220,0.0000,kp20
530,20.0000,1.0000,0.0216,0.0219,-0.0073,-0.0220,0.0000,kp20
535,20.0000,1.0000,0.0216,0.0219,-0.0073,-0.0220,0.0000,kp20
541,20.0000,1.0000,0.0216,0.0219,-0.0073,-0.0220,0.0000,kp20
546,20.0000,1.0000,0.0216,0.0219,-0.0073,-0.0220,0.0000,kp20
551,20.0000,1.0000,0.0216,0.0219,-0.0073,-0.0220,0.0000,kp20
556,20.0000,1.0000,0.0216,0.0219,-0.0073,-0.0171,0.0000,kp20
561,20.0000,1.0000,0.0216,0.0219,-0.0073,-0.0220,0.0000,kp20
566,20.0000,1.0000,0.0216,0.0219,-0.0073,-0.0220,0.0000,kp20
571,20.0000,1.0000,0.0216,0.0219,-0.0073,-0.0220,0.0000,kp20
576,20.0000,1.0000,0.0216,0.0219,-0.0073,-0.0220,0.0000,kp20
581,20.0000,1.0000,0.0216,0.0219,-0.0073,-0.0171,0.0000,kp20
586,20.0000,1.0000,0.0216,0.0219,-0.0073,-0.0171,0.0000,kp20
591,20.0000,1.0000,0.0216,0.0219,-0.0073,-0.0220,0.0000,kp20
596,20.0000,1.0000,0.0216,0.0219,-0.0073,-0.0220,0.0000,kp20
601,20.0000,1.0000,0.0216,0.0219,-0.0073,-0.0220,0.0000,kp20
606,20.0000,1.0000,0.0216,0.0219,-0.0073,-0.0220,0.0000,kp20
611,20.0000,1.0000,0.0216,0.0219,-0.0073,-0.0220,0.0000,kp20
616,20.0000,1.0000,0.0216,0.0219,-0.0073,-0.0220,0.0000,kp20
621,20.0000,1.0000,0.0216,0.0219,-0.0073,-0.0220,0.0000,kp20
626,20.0000,1.0000,0.0216,0.0219,-0.0073,-0.0220,0.0000,kp20
632,20.0000,1.0000,0.0216,0.0219,-0.0073,-0.0220,0.0000,kp20
637,20.0000,1.0000,0.0216,0.0219,-0.0073,-0.0171,0.0000,kp20
642,20.0000,1.0000,0.0216,0.0219,-0.0073,-0.0220,0.0000,kp20
647,20.0000,1.0000,0.0216,0.0219,-0.0073,-0.0220,0.0000,kp20
652,20.0000,1.0000,0.0216,0.0219,-0.0073,-0.0220,0.0000,kp20
657,20.0000,1.0000,0.0216,0.0219,-0.0073,-0.0220,0.0000,kp20
662,20.0000,1.0000,0.0216,0.0219,-0.0073,-0.0220,0.0000,kp20
667,20.0000,1.0000,0.0216,0.0219,-0.0073,-0.0220,0.0000,kp20
672,20.0000,1.0000,0.0216,0.0219,-0.0073,-0.0220,0.0000,kp20
677,20.0000,1.0000,0.0216,0.0219,-0.0073,-0.0220,0.0000,kp20
682,20.0000,1.0000,0.0216,0.0219,-0.0073,-0.0220,0.0000,kp20
687,20.0000,1.0000,0.0216,0.0219,-0.0073,-0.0220,0.0000,kp20
692,20.0000,1.0000,0.0216,0.0219,-0.0073,-0.0220,0.0000,kp20
697,20.0000,1.0000,0.0216,0.0219,-0.0073,-0.0220,0.0000,kp20
702,20.0000,1.0000,0.0216,0.0219,-0.0073,-0.0220,0.0000,kp20
707,20.0000,1.0000,0.0216,0.0219,-0.0073,-0.0220,0.0000,kp20
712,20.0000,1.0000,0.0216,0.0219,-0.0073,-0.0220,0.0000,kp20
718,20.0000,1.0000,0.0216,0.0219,-0.0073,-0.0220,0.0000,kp20
723,20.0000,1.0000,0.0216,0.0219,-0.0073,-0.0171,0.0000,kp20
728,20.0000,1.0000,0.0216,0.0219,-0.0073,-0.0220,0.0000,kp20
733,20.0000,1.0000,0.0216,0.0219,-0.0073,-0.0220,0.0000,kp20
738,20.0000,1.0000,0.0216,0.0219,-0.0073,-0.0171,0.0000,kp20
743,20.0000,1.0000,0.0216,0.0219,-0.0073,-0.0220,0.0000,kp20
748,20.0000,1.0000,0.0216,0.0219,-0.0073,-0.0220,0.0000,kp20
753,20.0000,1.0000,0.0216,0.0219,-0.0073,-0.0220,0.0000,kp20
758,20.0000,1.0000,0.0216,0.0219,-0.0073,-0.0269,0.0000,kp20
763,20.0000,1.0000,0.0216,0.0219,-0.0073,-0.0220,0.0000,kp20
768,20.0000,1.0000,0.0216,0.0219,-0.0073,-0.0220,0.0000,kp20
773,20.0000,1.0000,0.0216,0.0219,-0.0073,-0.0220,0.0000,kp20
778,20.0000,1.0000,0.0216,0.0219,-0.0073,-0.0220,0.0000,kp20
783,20.0000,1.0000,0.0216,0.0219,-0.0073,-0.0220,0.0000,kp20
788,20.0000,1.0000,0.0216,0.0219,-0.0073,-0.0220,0.0000,kp20
793,20.0000,1.0000,0.0216,0.0219,-0.0073,-0.0220,0.0000,kp20
798,20.0000,1.0000,0.0216,0.0219,-0.0073,-0.0220,0.0000,kp20
803,20.0000,1.0000,0.0216,0.0219,-0.0073,-0.0220,0.0000,kp20
808,20.0000,1.0000,0.0216,0.0219,-0.0073,-0.0220,0.0000,kp20
814,20.0000,1.0000,0.0216,0.0219,-0.0073,-0.0220,0.0000,kp20
819,20.0000,1.0000,0.0216,0.0219,-0.0073,-0.0220,0.0000,kp20
824,20.0000,1.0000,0.0216,0.0219,-0.0073,-0.0220,0.0000,kp20
829,20.0000,1.0000,0.0216,0.0219,-0.0073,-0.0220,0.0000,kp20
834,20.0000,1.0000,0.0216,0.0219,-0.0073,-0.0220,0.0000,kp20
839,20.0000,1.0000,0.0216,0.0219,-0.0073,-0.0220,0.0000,kp20
844,20.0000,1.0000,0.0216,0.0219,-0.0073,-0.0171,0.0000,kp20
849,20.0000,1.0000,0.0216,0.0219,-0.0073,-0.0220,0.0000,kp20
854,20.0000,1.0000,0.0216,0.0219,-0.0073,-0.0220,0.0000,kp20
859,20.0000,1.0000,0.0216,0.0219,-0.0073,-0.0220,0.0000,kp20
864,20.0000,1.0000,0.0216,0.0219,-0.0073,-0.0220,0.0000,kp20
869,20.0000,1.0000,0.0216,0.0219,-0.0073,-0.0220,0.0000,kp20
874,20.0000,1.0000,0.0216,0.0219,-0.0073,-0.0220,0.0000,kp20
879,20.0000,1.0000,0.0216,0.0219,-0.0073,-0.0220,0.0000,kp20
884,20.0000,1.0000,0.0216,0.0219,-0.0073,-0.0220,0.0000,kp20
889,20.0000,1.0000,0.0216,0.0219,-0.0073,-0.0220,0.0000,kp20
894,20.0000,1.0000,0.0216,0.0219,-0.0073,-0.0220,0.0000,kp20
900,20.0000,1.0000,0.0216,0.0219,-0.0073,-0.0220,0.0000,kp20
905,20.0000,1.0000,0.0216,0.0219,-0.0073,-0.0220,0.0000,kp20
910,20.0000,1.0000,0.0216,0.0219,-0.0073,-0.0220,0.0000,kp20
915,20.0000,1.0000,0.0216,0.0219,-0.0073,-0.0220,0.0000,kp20
920,20.0000,1.0000,0.0216,0.0219,-0.0073,-0.0220,0.0000,kp20
925,20.0000,1.0000,0.0216,0.0219,-0.0073,-0.0220,0.0000,kp20
930,20.0000,1.0000,0.0216,0.0219,-0.0073,-0.0220,0.0000,kp20
935,20.0000,1.0000,0.0216,0.0219,-0.0073,-0.0220,0.0000,kp20
940,20.0000,1.0000,0.0216,0.0219,-0.0073,-0.0220,0.0000,kp20
945,20.0000,1.0000,0.0216,0.0219,-0.0073,-0.0220,0.0000,kp20
950,20.0000,1.0000,0.0216,0.0219,-0.0073,-0.0220,0.0000,kp20
955,20.0000,1.0000,0.0216,0.0219,-0.0073,-0.0220,0.0000,kp20
960,20.0000,1.0000,0.0216,0.0219,-0.0073,-0.0220,0.0000,kp20
965,20.0000,1.0000,0.0216,0.0219,-0.0073,-0.0220,0.0000,kp20
970,20.0000,1.0000,0.0216,0.0219,-0.0073,-0.0220,0.0000,kp20
975,20.0000,1.0000,0.0216,0.0219,-0.0073,-0.0220,0.0000,kp20
980,20.0000,1.0000,0.0216,0.0219,-0.0073,-0.0171,0.0000,kp20
985,20.0000,1.0000,0.0216,0.0219,-0.0073,-0.0220,0.0000,kp20
991,20.0000,1.0000,0.0216,0.0219,-0.0073,-0.0220,0.0000,kp20
996,20.0000,1.0000,0.0216,0.0219,-0.0073,-0.0220,0.0000,kp20
1001,20.0000,1.0000,0.0216,0.0219,-0.0073,-0.0220,0.0000,kp20
1006,20.0000,1.0000,0.0216,0.0219,-0.0073,-0.0220,0.0000,kp20
1011,20.0000,1.0000,0.0216,0.0219,-0.0073,-0.0220,0.0000,kp20
1016,20.0000,1.0000,0.0216,0.0219,-0.0073,-0.0220,0.0000,kp20
1021,20.0000,1.0000,0.0216,0.0219,-0.0073,-0.0220,0.0000,kp20
1026,20.0000,1.0000,0.0216,0.0219,-0.0073,-0.0220,0.0000,kp20
1031,20.0000,1.0000,0.0216,0.0219,-0.0073,-0.0171,0.0000,kp20
1036,20.0000,1.0000,0.0216,0.0219,-0.0073,-0.0220,0.0000,kp20
1041,20.0000,1.0000,0.0216,0.0219,-0.0073,-0.0220,0.0000,kp20
1046,20.0000,1.0000,0.0216,0.0219,-0.0073,-0.0220,0.0000,kp20
1051,20.0000,1.0000,0.0216,0.0219,-0.0073,-0.0220,0.0000,kp20
1056,20.0000,1.0000,0.0216,0.0219,-0.0073,-0.0220,0.0000,kp20
1061,20.0000,1.0000,0.0216,0.0219,-0.0073,-0.0220,0.0000,kp20
1066,20.0000,1.0000,0.0216,0.0219,-0.0073,-0.0220,0.0000,kp20
1071,20.0000,1.0000,0.0216,0.0219,-0.0073,-0.0171,0.0000,kp20
1077,20.0000,1.0000,0.0216,0.0219,-0.0073,-0.0220,0.0000,kp20
1082,20.0000,1.0000,0.0216,0.0219,-0.0073,-0.0220,0.0000,kp20
1087,20.0000,1.0000,0.0216,0.0219,-0.0073,-0.0220,0.0000,kp20
1092,20.0000,1.0000,0.0216,0.0219,-0.0073,-0.0220,0.0000,kp20
1097,20.0000,1.0000,0.0216,0.0219,-0.0073,-0.0220,0.0000,kp20
1102,20.0000,1.0000,0.0216,0.0219,-0.0073,-0.0220,0.0000,kp20
1107,20.0000,1.0000,0.0216,0.0219,-0.0073,-0.0220,0.0000,kp20
1112,20.0000,1.0000,0.0216,0.0219,-0.0073,-0.0220,0.0000,kp20
1117,20.0000,1.0000,0.0216,0.0219,-0.0073,-0.0220,0.0000,kp20
1122,20.0000,1.0000,0.0216,0.0219,-0.0073,-0.0220,0.0000,kp20
1127,20.0000,1.0000,0.0216,0.0219,-0.0073,-0.0220,0.0000,kp20
1132,20.0000,1.0000,0.0216,0.0219,-0.0073,-0.0220,0.0000,kp20
1137,20.0000,1.0000,0.0216,0.0219,-0.0073,-0.0220,0.0000,kp20
1142,20.0000,1.0000,0.0216,0.0219,-0.0073,-0.0220,0.0000,kp20
1147,20.0000,1.0000,0.0216,0.0219,-0.0073,-0.0220,0.0000,kp20
1152,20.0000,1.0000,0.0216,0.0219,-0.0073,-0.0220,0.0000,kp20
1157,20.0000,1.0000,0.0216,0.0219,-0.0073,-0.0171,0.0000,kp20
1163,20.0000,1.0000,0.0216,0.0219,-0.0073,-0.0220,0.0000,kp20
1168,20.0000,1.0000,0.0216,0.0219,-0.0073,-0.0220,0.0000,kp20
1173,20.0000,1.0000,0.0216,0.0219,-0.0073,-0.0220,0.0000,kp20
1178,20.0000,1.0000,0.0216,0.0219,-0.0073,-0.0220,0.0000,kp20
1183,20.0000,1.0000,0.0216,0.0219,-0.0073,-0.0220,0.0000,kp20
1188,20.0000,1.0000,0.0216,0.0219,-0.0073,-0.0220,0.0000,kp20
1193,20.0000,1.0000,0.0216,0.0219,-0.0073,-0.0220,0.0000,kp20
1198,20.0000,1.0000,0.0216,0.0219,-0.0073,-0.0220,0.0000,kp20
1203,20.0000,1.0000,0.0216,0.0219,-0.0073,-0.0220,0.0000,kp20
1208,20.0000,1.0000,0.0216,0.0219,-0.0073,-0.0171,0.0000,kp20
1213,20.0000,1.0000,0.0216,0.0219,-0.0073,-0.0220,0.0000,kp20
1218,20.0000,1.0000,0.0216,0.0219,-0.0073,-0.0220,0.0000,kp20
1223,20.0000,1.0000,0.0216,0.0219,-0.0073,-0.0220,0.0000,kp20
1228,20.0000,1.0000,0.0216,0.0219,-0.0073,-0.0220,0.0000,kp20
1233,20.0000,1.0000,0.0216,0.0219,-0.0073,-0.0220,0.0000,kp20
1238,20.0000,1.0000,0.0216,0.0219,-0.0073,-0.0220,0.0000,kp20
1243,20.0000,1.0000,0.0216,0.0219,-0.0073,-0.0220,0.0000,kp20
1248,20.0000,1.0000,0.0216,0.0219,-0.0073,-0.0220,0.0000,kp20
1254,20.0000,1.0000,0.0216,0.0219,-0.0073,-0.0220,0.0000,kp20
1259,20.0000,1.0000,0.0216,0.0219,-0.0073,-0.0220,0.0000,kp20
1264,20.0000,1.0000,0.0216,0.0219,-0.0073,-0.0220,0.0000,kp20
1269,20.0000,1.0000,0.0216,0.0219,-0.0073,-0.0220,0.0000,kp20
1274,20.0000,1.0000,0.0216,0.0219,-0.0073,-0.0171,0.0000,kp20
1279,20.0000,1.0000,0.0216,0.0219,-0.0073,-0.0220,0.0000,kp20
1284,20.0000,1.0000,0.0216,0.0219,-0.0073,-0.0269,0.0000,kp20
1289,20.0000,1.0000,0.0216,0.0219,-0.0073,-0.0269,0.0000,kp20
1294,20.0000,1.0000,0.0216,0.0219,-0.0073,-0.0220,0.0000,kp20
1299,20.0000,1.0000,0.0216,0.0219,-0.0073,-0.0220,0.0000,kp20
1304,20.0000,1.0000,0.0216,0.0219,-0.0073,-0.0220,0.0000,kp20
1309,20.0000,1.0000,0.0216,0.0219,-0.0073,-0.0220,0.0000,kp20
1314,20.0000,1.0000,0.0216,0.0219,-0.0073,-0.0220,0.0000,kp20
1319,20.0000,1.0000,0.0216,0.0219,-0.0073,-0.0220,0.0000,kp20
1324,20.0000,1.0000,0.0216,0.0219,-0.0073,-0.0220,0.0000,kp20
1329,20.0000,1.0000,0.0216,0.0219,-0.0073,-0.0220,0.0000,kp20
1334,20.0000,1.0000,0.0216,0.0219,-0.0073,-0.0220,0.0000,kp20
1340,20.0000,1.0000,0.0216,0.0219,-0.0073,-0.0171,0.0000,kp20
1345,20.0000,1.0000,0.0216,0.0219,-0.0073,-0.0220,0.0000,kp20
1350,20.0000,1.0000,0.0216,0.0219,-0.0073,-0.0220,0.0000,kp20
1355,20.0000,1.0000,0.0216,0.0219,-0.0073,-0.0220,0.0000,kp20
1360,20.0000,1.0000,0.0216,0.0219,-0.0073,-0.0220,0.0000,kp20
1365,20.0000,1.0000,0.0216,0.0219,-0.0073,-0.0220,0.0000,kp20
1370,20.0000,1.0000,0.0216,0.0219,-0.0073,-0.0220,0.0000,kp20
1375,20.0000,1.0000,0.0216,0.0219,-0.0073,-0.0220,0.0000,kp20
1380,20.0000,1.0000,0.0216,0.0219,-0.0073,-0.0220,0.0000,kp20
1385,20.0000,1.0000,0.0216,0.0219,-0.0073,-0.0220,0.0000,kp20
1390,20.0000,1.0000,0.0216,0.0219,-0.0073,-0.0220,0.0000,kp20
1395,20.0000,1.0000,0.0216,0.0219,-0.0073,-0.0220,0.0000,kp20
1400,20.0000,1.0000,0.0216,0.0219,-0.0073,-0.0220,0.0000,kp20
1405,20.0000,1.0000,0.0216,0.0219,-0.0073,-0.0220,0.0000,kp20
1410,20.0000,1.0000,0.0216,0.0219,-0.0073,-0.0220,0.0000,kp20
1415,20.0000,1.0000,0.0216,0.0219,-0.0073,-0.0220,0.0000,kp20
1420,20.0000,1.0000,0.0216,0.0219,-0.0073,-0.0220,0.0000,kp20
1425,20.0000,1.0000,0.0216,0.0219,-0.0073,-0.0220,0.0000,kp20
1431,20.0000,1.0000,0.0216,0.0219,-0.0073,-0.0220,0.0000,kp20
1436,20.0000,1.0000,0.0216,0.0219,-0.0073,-0.0171,0.0000,kp20
1441,20.0000,1.0000,0.0216,0.0219,-0.0073,-0.0171,0.0000,kp20
1446,20.0000,1.0000,0.0216,0.0219,-0.0073,-0.0220,0.0000,kp20
1451,20.0000,1.0000,0.0216,0.0219,-0.0073,-0.0220,0.0000,kp20
1456,20.0000,1.0000,0.0216,0.0219,-0.0073,-0.0220,0.0000,kp20
1461,20.0000,1.0000,0.0216,0.0219,-0.0073,-0.0171,0.0000,kp20
1466,20.0000,1.0000,0.0216,0.0219,-0.0073,-0.0220,0.0000,kp20
1471,20.0000,1.0000,0.0216,0.0219,-0.0073,-0.0220,0.0000,kp20
1476,20.0000,1.0000,0.0216,0.0219,-0.0073,-0.0171,0.0000,kp20
1481,20.0000,1.0000,0.0216,0.0219,-0.0073,-0.0220,0.0000,kp20
1486,20.0000,1.0000,0.0216,0.0219,-0.0073,-0.0220,0.0000,kp20
1491,20.0000,1.0000,0.0216,0.0219,-0.0073,-0.0220,0.0000,kp20
1496,20.0000,1.0000,0.0216,0.0219,-0.0073,-0.0171,0.0000,kp20
1501,20.0000,1.0000,0.0216,0.0219,-0.0073,-0.0220,0.0000,kp20
1506,20.0000,1.0000,0.0216,0.0219,-0.0073,-0.0220,0.0000,kp20
1511,20.0000,1.0000,0.0216,0.0219,-0.0073,-0.0220,0.0000,kp20
1516,20.0000,1.0000,0.0216,0.0216,-0.0073,-0.0171,0.0000,kp20
1522,20.0000,1.0000,0.0216,0.0216,-0.0073,-0.0171,0.0000,kp20
1527,20.0000,1.0000,0.0216,0.0216,-0.0073,-0.0220,0.0000,kp20
1532,20.0000,1.0000,0.0216,0.0216,-0.0073,-0.0171,0.0000,kp20
1537,20.0000,1.0000,0.0216,0.0216,-0.0073,-0.0171,0.0000,kp20
1542,20.0000,1.0000,0.0216,0.0216,-0.0073,-0.0171,0.0000,kp20
1547,20.0000,1.0000,0.0216,0.0216,-0.0073,-0.0220,0.0000,kp20
1552,20.0000,1.0000,0.0216,0.0216,-0.0073,-0.0171,0.0000,kp20
1557,20.0000,1.0000,0.0216,0.0216,-0.0073,-0.0220,0.0000,kp20
1562,20.0000,1.0000,0.0216,0.0216,-0.0073,-0.0171,0.0000,kp20
1567,20.0000,1.0000,0.0216,0.0216,-0.0073,-0.0220,0.0000,kp20
1572,20.0000,1.0000,0.0216,0.0216,-0.0073,-0.0220,0.0000,kp20
1577,20.0000,1.0000,0.0216,0.0216,-0.0073,-0.0171,0.0000,kp20
1582,20.0000,1.0000,0.0216,0.0216,-0.0073,-0.0220,0.0000,kp20
1587,20.0000,1.0000,0.0216,0.0216,-0.0073,-0.0171,0.0000,kp20
1592,20.0000,1.0000,0.0216,0.0216,-0.0073,-0.0220,0.0000,kp20
1597,20.0000,1.0000,0.0216,0.0216,-0.0073,-0.0220,0.0000,kp20
1602,20.0000,1.0000,0.0216,0.0216,-0.0073,-0.0220,0.0000,kp20
1608,20.0000,1.0000,0.0216,0.0216,-0.0073,-0.0171,0.0000,kp20
1613,20.0000,1.0000,0.0216,0.0216,-0.0073,-0.0171,0.0000,kp20
1618,20.0000,1.0000,0.0216,0.0216,-0.0073,-0.0171,0.0000,kp20
1623,20.0000,1.0000,0.0216,0.0216,-0.0073,-0.0171,0.0000,kp20
1628,20.0000,1.0000,0.0216,0.0216,-0.0073,-0.0171,0.0000,kp20
1633,20.0000,1.0000,0.0216,0.0216,-0.0073,-0.0171,0.0000,kp20
1638,20.0000,1.0000,0.0216,0.0216,-0.0073,-0.0171,0.0000,kp20
1643,20.0000,1.0000,0.0216,0.0216,-0.0073,-0.0220,0.0000,kp20
1648,20.0000,1.0000,0.0216,0.0216,-0.0073,-0.0171,0.0000,kp20
1653,20.0000,1.0000,0.0216,0.0216,-0.0073,-0.0171,0.0000,kp20
1658,20.0000,1.0000,0.0216,0.0216,-0.0073,-0.0171,0.0000,kp20
1663,20.0000,1.0000,0.0216,0.0216,-0.0073,-0.0171,0.0000,kp20
1668,20.0000,1.0000,0.0216,0.0216,-0.0073,-0.0171,0.0000,kp20
1673,20.0000,1.0000,0.0216,0.0216,-0.0073,-0.0171,0.0000,kp20
1678,20.0000,1.0000,0.0216,0.0216,-0.0073,-0.0171,0.0000,kp20
1683,20.0000,1.0000,0.0216,0.0216,-0.0073,-0.0220,0.0000,kp20
1688,20.0000,1.0000,0.0216,0.0216,-0.0073,-0.0171,0.0000,kp20
1693,20.0000,1.0000,0.0216,0.0216,-0.0073,-0.0171,0.0000,kp20
1699,20.0000,1.0000,0.0216,0.0216,-0.0073,-0.0171,0.0000,kp20
1704,20.0000,1.0000,0.0216,0.0216,-0.0073,-0.0171,0.0000,kp20
1709,20.0000,1.0000,0.0216,0.0216,-0.0073,-0.0171,0.0000,kp20
1714,20.0000,1.0000,0.0216,0.0216,-0.0073,-0.0220,0.0000,kp20
1719,20.0000,1.0000,0.0216,0.0216,-0.0073,-0.0220,0.0000,kp20
1724,20.0000,1.0000,0.0216,0.0216,-0.0073,-0.0220,0.0000,kp20
1729,20.0000,1.0000,0.0216,0.0216,-0.0073,-0.0171,0.0000,kp20
1734,20.0000,1.0000,0.0216,0.0216,-0.0073,-0.0171,0.0000,kp20
1739,20.0000,1.0000,0.0216,0.0216,-0.0073,-0.0171,0.0000,kp20
1744,20.0000,1.0000,0.0216,0.0216,-0.0073,-0.0171,0.0000,kp20
1749,20.0000,1.0000,0.0216,0.0216,-0.0073,-0.0171,0.0000,kp20
1754,20.0000,1.0000,0.0216,0.0216,-0.0073,-0.0171,0.0000,kp20
1759,20.0000,1.0000,0.0216,0.0216,-0.0073,-0.0171,0.0000,kp20
1764,20.0000,1.0000,0.0216,0.0216,-0.0073,-0.0220,0.0000,kp20
1769,20.0000,1.0000,0.0216,0.0216,-0.0073,-0.0171,0.0000,kp20
1774,20.0000,1.0000,0.0216,0.0216,-0.0073,-0.0220,0.0000,kp20
1779,20.0000,1.0000,0.0216,0.0216,-0.0073,-0.0171,0.0000,kp20
1784,20.0000,1.0000,0.0216,0.0216,-0.0073,-0.0171,0.0000,kp20
1790,20.0000,1.0000,0.0216,0.0216,-0.0073,-0.0171,0.0000,kp20
1795,20.0000,1.0000,0.0216,0.0216,-0.0073,-0.0220,0.0000,kp20
1800,20.0000,1.0000,0.0216,0.0216,-0.0073,-0.0171,0.0000,kp20
1805,20.0000,1.0000,0.0216,0.0216,-0.0073,-0.0171,0.0000,kp20
1810,20.0000,1.0000,0.0216,0.0216,-0.0073,-0.0171,0.0000,kp20
1815,20.0000,1.0000,0.0216,0.0216,-0.0073,-0.0171,0.0000,kp20
1820,20.0000,1.0000,0.0216,0.0216,-0.0073,-0.0171,0.0000,kp20
1825,20.0000,1.0000,0.0216,0.0216,-0.0073,-0.0171,0.0000,kp20
1830,20.0000,1.0000,0.0216,0.0216,-0.0073,-0.0171,0.0000,kp20
1835,20.0000,1.0000,0.0216,0.0216,-0.0073,-0.0171,0.0000,kp20
1840,20.0000,1.0000,0.0216,0.0216,-0.0073,-0.0171,0.0000,kp20
1845,20.0000,1.0000,0.0216,0.0216,-0.0073,-0.0171,0.0000,kp20
1850,20.0000,1.0000,0.0216,0.0216,-0.0073,-0.0171,0.0000,kp20
1855,20.0000,1.0000,0.0216,0.0216,-0.0073,-0.0171,0.0000,kp20
1860,20.0000,1.0000,0.0216,0.0216,-0.0073,-0.0171,0.0000,kp20
1865,20.0000,1.0000,0.0216,0.0216,-0.0073,-0.0171,0.0000,kp20
1870,20.0000,1.0000,0.0216,0.0216,-0.0073,-0.0171,0.0000,kp20
1875,20.0000,1.0000,0.0216,0.0216,-0.0073,-0.0171,0.0000,kp20
1881,20.0000,1.0000,0.0216,0.0216,-0.0073,-0.0171,0.0000,kp20
1886,20.0000,1.0000,0.0216,0.0216,-0.0073,-0.0122,0.0000,kp20
1891,20.0000,1.0000,0.0216,0.0216,-0.0073,-0.0171,0.0000,kp20
1896,20.0000,1.0000,0.0216,0.0216,-0.0073,-0.0171,0.0000,kp20
1901,20.0000,1.0000,0.0216,0.0216,-0.0073,-0.0171,0.0000,kp20
1906,20.0000,1.0000,0.0216,0.0216,-0.0073,-0.0171,0.0000,kp20
1911,20.0000,1.0000,0.0216,0.0216,-0.0073,-0.0171,0.0000,kp20
1916,20.0000,1.0000,0.0216,0.0216,-0.0073,-0.0122,0.0000,kp20
1921,20.0000,1.0000,0.0216,0.0216,-0.0073,-0.0171,0.0000,kp20
1926,20.0000,1.0000,0.0216,0.0216,-0.0073,-0.0171,0.0000,kp20
1931,20.0000,1.0000,0.0216,0.0216,-0.0073,-0.0171,0.0000,kp20
1936,20.0000,1.0000,0.0216,0.0216,-0.0073,-0.0171,0.0000,kp20
1941,20.0000,1.0000,0.0216,0.0216,-0.0073,-0.0171,0.0000,kp20
1946,20.0000,1.0000,0.0216,0.0216,-0.0073,-0.0171,0.0000,kp20
1951,20.0000,1.0000,0.0216,0.0216,-0.0073,-0.0171,0.0000,kp20
1956,20.0000,1.0000,0.0216,0.0216,-0.0073,-0.0171,0.0000,kp20
1961,20.0000,1.0000,0.0216,0.0216,-0.0073,-0.0220,0.0000,kp20
1967,20.0000,1.0000,0.0216,0.0216,-0.0073,-0.0171,0.0000,kp20
1972,20.0000,1.0000,0.0216,0.0216,-0.0073,-0.0171,0.0000,kp20
1977,20.0000,1.0000,0.0216,0.0216,-0.0073,-0.0171,0.0000,kp20
1982,20.0000,1.0000,0.0216,0.0216,-0.0073,-0.0171,0.0000,kp20
1987,20.0000,1.0000,0.0216,0.0216,-0.0073,-0.0171,0.0000,kp20
1992,20.0000,1.0000,0.0216,0.0216,-0.0073,-0.0171,0.0000,kp20
1997,20.0000,1.0000,0.0216,0.0216,-0.0073,-0.0171,0.0000,kp20
2002,20.0000,1.0000,0.0216,0.0216,-0.0073,-0.0171,0.0000,kp20
2007,20.0000,1.0000,0.0216,0.0216,-0.0073,-0.0122,0.0000,kp20
2012,20.0000,1.0000,0.0216,0.0216,-0.0073,-0.0171,0.0000,kp20
2017,20.0000,1.0000,0.0216,0.0216,-0.0073,-0.0171,0.0000,kp20
2022,20.0000,1.0000,0.0216,0.0216,-0.0073,-0.0220,0.0000,kp20
2027,20.0000,1.0000,0.0216,0.0216,-0.0073,-0.0171,0.0000,kp20
2032,20.0000,1.0000,0.0216,0.0216,-0.0073,-0.0171,0.0000,kp20
2037,20.0000,1.0000,0.0216,0.0216,-0.0073,-0.0220,0.0000,kp20
2042,20.0000,1.0000,0.0216,0.0216,-0.0073,-0.0171,0.0000,kp20
2047,20.0000,1.0000,0.0216,0.0216,-0.0073,-0.0171,0.0000,kp20
2052,20.0000,1.0000,0.0216,0.0216,-0.0073,-0.0122,0.0000,kp20
2058,20.0000,1.0000,0.0216,0.0216,-0.0073,-0.0171,0.0000,kp20
2063,20.0000,1.0000,0.0216,0.0216,-0.0073,-0.0171,0.0000,kp20
2068,20.0000,1.0000,0.0216,0.0216,-0.0073,-0.0171,0.0000,kp20
2073,20.0000,1.0000,0.0216,0.0216,-0.0073,-0.0171,0.0000,kp20
2078,20.0000,1.0000,0.0216,0.0216,-0.0073,-0.0220,0.0000,kp20
2083,20.0000,1.0000,0.0216,0.0216,-0.0073,-0.0171,0.0000,kp20
2088,20.0000,1.0000,0.0216,0.0216,-0.0073,-0.0171,0.0000,kp20
2093,20.0000,1.0000,0.0216,0.0216,-0.0073,-0.0171,0.0000,kp20
2098,20.0000,1.0000,0.0216,0.0216,-0.0073,-0.0171,0.0000,kp20
2103,20.0000,1.0000,0.0216,0.0216,-0.0073,-0.0171,0.0000,kp20
2108,20.0000,1.0000,0.0216,0.0216,-0.0073,-0.0122,0.0000,kp20
2113,20.0000,1.0000,0.0216,0.0216,-0.0073,-0.0171,0.0000,kp20
2118,20.0000,1.0000,0.0216,0.0216,-0.0073,-0.0171,0.0000,kp20
2123,20.0000,1.0000,0.0216,0.0216,-0.0073,-0.0171,0.0000,kp20
2128,20.0000,1.0000,0.0216,0.0216,-0.0073,-0.0171,0.0000,kp20
2133,20.0000,1.0000,0.0216,0.0216,-0.0073,-0.0171,0.0000,kp20
2138,20.0000,1.0000,0.0216,0.0216,-0.0073,-0.0171,0.0000,kp20
2143,20.0000,1.0000,0.0216,0.0216,-0.0073,-0.0171,0.0000,kp20
2148,20.0000,1.0000,0.0216,0.0216,-0.0073,-0.0220,0.0000,kp20
2154,20.0000,1.0000,0.0216,0.0216,-0.0073,-0.0171,0.0000,kp20
2159,20.0000,1.0000,0.0216,0.0216,-0.0073,-0.0122,0.0000,kp20
2164,20.0000,1.0000,0.0216,0.0216,-0.0073,-0.0171,0.0000,kp20
2169,20.0000,1.0000,0.0216,0.0216,-0.0073,-0.0122,0.0000,kp20
2174,20.0000,1.0000,0.0216,0.0216,-0.0073,-0.0122,0.0000,kp20
2179,20.0000,1.0000,0.0216,0.0216,-0.0073,-0.0171,0.0000,kp20
2184,20.0000,1.0000,0.0216,0.0216,-0.0073,-0.0122,0.0000,kp20
2189,20.0000,1.0000,0.0216,0.0216,-0.0073,-0.0122,0.0000,kp20
2194,20.0000,1.0000,0.0216,0.0216,-0.0073,-0.0171,0.0000,kp20
2199,20.0000,1.0000,0.0216,0.0216,-0.0073,-0.0171,0.0000,kp20
2204,20.0000,1.0000,0.0216,0.0216,-0.0073,-0.0122,0.0000,kp20
2209,20.0000,1.0000,0.0216,0.0216,-0.0073,-0.0171,0.0000,kp20
2214,20.0000,1.0000,0.0216,0.0216,-0.0073,-0.0171,0.0000,kp20
2219,20.0000,1.0000,0.0216,0.0216,-0.0073,-0.0171,0.0000,kp20
2224,20.0000,1.0000,0.0216,0.0216,-0.0073,-0.0171,0.0000,kp20
2229,20.0000,1.0000,0.0216,0.0216,-0.0073,-0.0171,0.0000,kp20
2234,20.0000,1.0000,0.0216,0.0216,-0.0073,-0.0171,0.0000,kp20
2239,20.0000,1.0000,0.0216,0.0216,-0.0073,-0.0122,0.0000,kp20
2245,20.0000,1.0000,0.0216,0.0216,-0.0073,-0.0171,0.0000,kp20
2250,20.0000,1.0000,0.0216,0.0216,-0.0073,-0.0171,0.0000,kp20
2255,20.0000,1.0000,0.0216,0.0216,-0.0073,-0.0171,0.0000,kp20
2260,20.0000,1.0000,0.0216,0.0216,-0.0073,-0.0171,0.0000,kp20
2265,20.0000,1.0000,0.0216,0.0216,-0.0073,-0.0171,0.0000,kp20
2270,20.0000,1.0000,0.0216,0.0216,-0.0073,-0.0171,0.0000,kp20
2275,20.0000,1.0000,0.0216,0.0216,-0.0073,-0.0122,0.0000,kp20
2280,20.0000,1.0000,0.0216,0.0216,-0.0073,-0.0171,0.0000,kp20
2285,20.0000,1.0000,0.0216,0.0216,-0.0073,-0.0122,0.0000,kp20
2290,20.0000,1.0000,0.0216,0.0216,-0.0073,-0.0171,0.0000,kp20
2295,20.0000,1.0000,0.0216,0.0216,-0.0073,-0.0171,0.0000,kp20
2300,20.0000,1.0000,0.0216,0.0216,-0.0073,-0.0171,0.0000,kp20
2305,20.0000,1.0000,0.0216,0.0216,-0.0073,-0.0171,0.0000,kp20
2310,20.0000,1.0000,0.0216,0.0216,-0.0073,-0.0171,0.0000,kp20
2315,20.0000,1.0000,0.0216,0.0216,-0.0073,-0.0171,0.0000,kp20
2320,20.0000,1.0000,0.0216,0.0216,-0.0073,-0.0171,0.0000,kp20
2325,20.0000,1.0000,0.0216,0.0216,-0.0073,-0.0171,0.0000,kp20
2330,20.0000,1.0000,0.0216,0.0216,-0.0073,-0.0171,0.0000,kp20
2336,20.0000,1.0000,0.0216,0.0216,-0.0073,-0.0171,0.0000,kp20
2341,20.0000,1.0000,0.0216,0.0216,-0.0073,-0.0171,0.0000,kp20
2346,20.0000,1.0000,0.0216,0.0216,-0.0073,-0.0171,0.0000,kp20
2351,20.0000,1.0000,0.0216,0.0216,-0.0073,-0.0122,0.0000,kp20
2356,20.0000,1.0000,0.0216,0.0216,-0.0073,-0.0122,0.0000,kp20
2361,20.0000,1.0000,0.0216,0.0216,-0.0073,-0.0171,0.0000,kp20
2366,20.0000,1.0000,0.0216,0.0216,-0.0073,-0.0171,0.0000,kp20
2371,20.0000,1.0000,0.0216,0.0216,-0.0073,-0.0122,0.0000,kp20
2376,20.0000,1.0000,0.0216,0.0216,-0.0073,-0.0122,0.0000,kp20
2381,20.0000,1.0000,0.0216,0.0216,-0.0073,-0.0171,0.0000,kp20
2386,20.0000,1.0000,0.0216,0.0216,-0.0073,-0.0122,0.0000,kp20
2391,20.0000,1.0000,0.0216,0.0216,-0.0073,-0.0171,0.0000,kp20
2396,20.0000,1.0000,0.0216,0.0216,-0.0073,-0.0122,0.0000,kp20
2401,20.0000,1.0000,0.0216,0.0216,-0.0073,-0.0171,0.0000,kp20
2406,20.0000,1.0000,0.0216,0.0216,-0.0073,-0.0171,0.0000,kp20
2411,20.0000,1.0000,0.0216,0.0216,-0.0073,-0.0171,0.0000,kp20
2416,20.0000,1.0000,0.0216,0.0216,-0.0073,-0.0122,0.0000,kp20
2422,20.0000,1.0000,0.0216,0.0216,-0.0073,-0.0122,0.0000,kp20
2427,20.0000,1.0000,0.0216,0.0216,-0.0073,-0.0122,0.0000,kp20
2432,20.0000,1.0000,0.0216,0.0216,-0.0073,-0.0122,0.0000,kp20
2437,20.0000,1.0000,0.0216,0.0216,-0.0073,-0.0122,0.0000,kp20
2442,20.0000,1.0000,0.0216,0.0216,-0.0073,-0.0122,0.0000,kp20
2447,20.0000,1.0000,0.0216,0.0216,-0.0073,-0.0122,0.0000,kp20
2452,20.0000,1.0000,0.0216,0.0216,-0.0073,-0.0171,0.0000,kp20
2457,20.0000,1.0000,0.0216,0.0216,-0.0073,-0.0171,0.0000,kp20
2462,20.0000,1.0000,0.0216,0.0216,-0.0073,-0.0171,0.0000,kp20
2467,20.0000,1.0000,0.0216,0.0216,-0.0073,-0.0171,0.0000,kp20
2472,20.0000,1.0000,0.0216,0.0216,-0.0073,-0.0122,0.0000,kp20
2477,20.0000,1.0000,0.0216,0.0216,-0.0073,-0.0122,0.0000,kp20
2482,20.0000,1.0000,0.0216,0.0216,-0.0073,-0.0171,0.0000,kp20
2487,20.0000,1.0000,0.0216,0.0216,-0.0073,-0.0171,0.0000,kp20
2492,20.0000,1.0000,0.0216,0.0216,-0.0073,-0.0171,0.0000,kp20
2497,20.0000,1.0000,0.0216,0.0216,-0.0073,-0.0171,0.0000,kp20
2502,20.0000,1.0000,0.0216,0.0216,-0.0073,-0.0171,0.0000,kp20
2508,20.0000,1.0000,0.0216,0.0216,-0.0073,-0.0171,0.0000,kp20
2513,20.0000,1.0000,0.0216,0.0216,-0.0073,-0.0122,0.0000,kp20
2518,20.0000,1.0000,0.0216,0.0216,-0.0073,-0.0171,0.0000,kp20
2523,20.0000,1.0000,0.0216,0.0216,-0.0073,-0.0171,0.0000,kp20
2528,20.0000,1.0000,0.0216,0.0216,-0.0073,-0.0122,0.0000,kp20
2533,20.0000,1.0000,0.0216,0.0216,-0.0073,-0.0122,0.0000,kp20
2538,20.0000,1.0000,0.0216,0.0216,-0.0073,-0.0122,0.0000,kp20
2543,20.0000,1.0000,0.0216,0.0216,-0.0073,-0.0171,0.0000,kp20
2548,20.0000,1.0000,0.0216,0.0216,-0.0073,-0.0171,0.0000,kp20
2553,20.0000,1.0000,0.0216,0.0216,-0.0073,-0.0122,0.0000,kp20
2558,20.0000,1.0000,0.0216,0.0216,-0.0073,-0.0171,0.0000,kp20
2563,20.0000,1.0000,0.0216,0.0216,-0.0073,-0.0171,0.0000,kp20
2568,20.0000,1.0000,0.0216,0.0216,-0.0073,-0.0171,0.0000,kp20
2573,20.0000,1.0000,0.0216,0.0216,-0.0073,-0.0171,0.0000,kp20
2578,20.0000,1.0000,0.0216,0.0216,-0.0073,-0.0171,0.0000,kp20
2583,20.0000,1.0000,0.0216,0.0216,-0.0073,-0.0171,0.0000,kp20
2588,20.0000,1.0000,0.0216,0.0216,-0.0073,-0.0171,0.0000,kp20
2593,20.0000,1.0000,0.0216,0.0216,-0.0073,-0.0171,0.0000,kp20
2599,20.0000,1.0000,0.0216,0.0216,-0.0073,-0.0220,0.0000,kp20
2604,20.0000,1.0000,0.0216,0.0216,-0.0073,-0.0171,0.0000,kp20
2609,20.0000,1.0000,0.0216,0.0216,-0.0073,-0.0171,0.0000,kp20
2614,20.0000,1.0000,0.0216,0.0216,-0.0073,-0.0220,0.0000,kp20
2619,20.0000,1.0000,0.0216,0.0216,-0.0073,-0.0171,0.0000,kp20
2624,20.0000,1.0000,0.0216,0.0216,-0.0073,-0.0171,0.0000,kp20
2629,20.0000,1.0000,0.0216,0.0216,-0.0073,-0.0171,0.0000,kp20
2634,20.0000,1.0000,0.0216,0.0216,-0.0073,-0.0171,0.0000,kp20
2639,20.0000,1.0000,0.0216,0.0216,-0.0073,-0.0220,0.0000,kp20
2644,20.0000,1.0000,0.0216,0.0216,-0.0073,-0.0220,0.0000,kp20
2649,20.0000,1.0000,0.0216,0.0216,-0.0073,-0.0171,0.0000,kp20
2654,20.0000,1.0000,0.0216,0.0216,-0.0073,-0.0171,0.0000,kp20
2659,20.0000,1.0000,0.0216,0.0216,-0.0073,-0.0171,0.0000,kp20
2664,20.0000,1.0000,0.0216,0.0216,-0.0073,-0.0171,0.0000,kp20
2669,20.0000,1.0000,0.0216,0.0216,-0.0073,-0.0171,0.0000,kp20
2674,20.0000,1.0000,0.0216,0.0216,-0.0073,-0.0220,0.0000,kp20
2679,20.0000,1.0000,0.0216,0.0216,-0.0073,-0.0171,0.0000,kp20
2685,20.0000,1.0000,0.0216,0.0216,-0.0073,-0.0220,0.0000,kp20
2690,20.0000,1.0000,0.0216,0.0216,-0.0073,-0.0171,0.0000,kp20
2695,20.0000,1.0000,0.0216,0.0216,-0.0073,-0.0220,0.0000,kp20
2700,20.0000,1.0000,0.0216,0.0216,-0.0073,-0.0220,0.0000,kp20
2705,20.0000,1.0000,0.0216,0.0216,-0.0073,-0.0220,0.0000,kp20
2710,20.0000,1.0000,0.0216,0.0216,-0.0073,-0.0220,0.0000,kp20
2715,20.0000,1.0000,0.0216,0.0216,-0.0073,-0.0171,0.0000,kp20
2720,20.0000,1.0000,0.0216,0.0219,-0.0073,-0.0220,0.0000,kp20
2725,20.0000,1.0000,0.0216,0.0219,-0.0073,-0.0220,0.0000,kp20
2730,20.0000,1.0000,0.0216,0.0219,-0.0073,-0.0220,0.0000,kp20
2735,20.0000,1.0000,0.0216,0.0219,-0.0073,-0.0171,0.0000,kp20
2740,20.0000,1.0000,0.0216,0.0219,-0.0073,-0.0220,0.0000,kp20
2745,20.0000,1.0000,0.0216,0.0219,-0.0073,-0.0220,0.0000,kp20
2750,20.0000,1.0000,0.0216,0.0219,-0.0073,-0.0220,0.0000,kp20
2755,20.0000,1.0000,0.0216,0.0219,-0.0073,-0.0220,0.0000,kp20
2760,20.0000,1.0000,0.0216,0.0219,-0.0073,-0.0171,0.0000,kp20
2765,20.0000,1.0000,0.0216,0.0219,-0.0073,-0.0171,0.0000,kp20
2770,20.0000,1.0000,0.0216,0.0219,-0.0073,-0.0220,0.0000,kp20
2776,20.0000,1.0000,0.0216,0.0219,-0.0073,-0.0220,0.0000,kp20
2781,20.0000,1.0000,0.0216,0.0219,-0.0073,-0.0171,0.0000,kp20
2786,20.0000,1.0000,0.0216,0.0219,-0.0073,-0.0220,0.0000,kp20
2791,20.0000,1.0000,0.0216,0.0219,-0.0073,-0.0220,0.0000,kp20
2796,20.0000,1.0000,0.0216,0.0219,-0.0073,-0.0220,0.0000,kp20
2801,20.0000,1.0000,0.0216,0.0219,-0.0073,-0.0220,0.0000,kp20
2806,20.0000,1.0000,0.0216,0.0219,-0.0073,-0.0220,0.0000,kp20
2811,20.0000,1.0000,0.0216,0.0219,-0.0073,-0.0220,0.0000,kp20
2816,20.0000,1.0000,0.0216,0.0219,-0.0073,-0.0220,0.0000,kp20
2821,20.0000,1.0000,0.0216,0.0219,-0.0073,-0.0220,0.0000,kp20
2826,20.0000,1.0000,0.0216,0.0219,-0.0073,-0.0171,0.0000,kp20
2831,20.0000,1.0000,0.0216,0.0219,-0.0073,-0.0171,0.0000,kp20
2836,20.0000,1.0000,0.0216,0.0219,-0.0073,-0.0220,0.0000,kp20
2841,20.0000,1.0000,0.0216,0.0219,-0.0073,-0.0220,0.0000,kp20
2846,20.0000,1.0000,0.0216,0.0219,-0.0073,-0.0220,0.0000,kp20
2851,20.0000,1.0000,0.0216,0.0219,-0.0073,-0.0220,0.0000,kp20
2856,20.0000,1.0000,0.0216,0.0219,-0.0073,-0.0220,0.0000,kp20
2862,20.0000,1.0000,0.0216,0.0219,-0.0073,-0.0220,0.0000,kp20
2867,20.0000,1.0000,0.0216,0.0219,-0.0073,-0.0220,0.0000,kp20
2872,20.0000,1.0000,0.0216,0.0219,-0.0073,-0.0269,0.0000,kp20
2877,20.0000,1.0000,0.0216,0.0219,-0.0073,-0.0220,0.0000,kp20
2882,20.0000,1.0000,0.0216,0.0219,-0.0073,-0.0220,0.0000,kp20
2887,20.0000,1.0000,0.0216,0.0219,0.0073,-0.0220,0.0000,kp20
2892,20.0000,1.0000,0.0216,0.0219,-0.0073,-0.0220,0.0000,kp20
2897,20.0000,1.0000,0.0216,0.0219,-0.0073,-0.0220,0.0000,kp20
2902,20.0000,1.0000,0.0216,0.0219,-0.0073,-0.0220,0.0000,kp20
2907,20.0000,1.0000,0.0216,0.0219,-0.0073,-0.0269,0.0000,kp20
2912,20.0000,1.0000,0.0216,0.0219,-0.0073,-0.0220,0.0000,kp20
2917,20.0000,1.0000,0.0216,0.0219,-0.0073,-0.0269,0.0000,kp20
2922,20.0000,1.0000,0.0216,0.0219,-0.0073,-0.0269,0.0000,kp20
2927,20.0000,1.0000,0.0216,0.0219,0.0073,-0.0269,0.0000,kp20
2932,20.0000,1.0000,0.0216,0.0219,-0.0073,-0.0269,0.0000,kp20
2937,20.0000,1.0000,0.0216,0.0219,-0.0073,-0.0269,0.0000,kp20
2942,20.0000,1.0000,0.0216,0.0219,-0.0073,-0.0220,0.0000,kp20
2947,20.0000,1.0000,0.0216,0.0219,-0.0073,-0.0269,0.0000,kp20
2953,20.0000,1.0000,0.0216,0.0219,-0.0073,-0.0220,0.0000,kp20
2958,20.0000,1.0000,0.0216,0.0219,-0.0073,-0.0269,0.0000,kp20
2963,20.0000,1.0000,0.0216,0.0219,-0.0073,-0.0269,0.0000,kp20
2968,20.0000,1.0000,0.0216,0.0219,-0.0073,-0.0269,0.0000,kp20
2973,20.0000,1.0000,0.0216,0.0219,-0.0073,-0.0220,0.0000,kp20
2978,20.0000,1.0000,0.0216,0.0219,-0.0073,-0.0220,0.0000,kp20
2983,20.0000,1.0000,0.0216,0.0219,-0.0073,-0.0269,0.0000,kp20
2988,20.0000,1.0000,0.0216,0.0219,-0.0073,-0.0269,0.0000,kp20
2993,20.0000,1.0000,0.0216,0.0219,-0.0073,-0.0269,0.0000,kp20
2998,20.0000,1.0000,0.0216,0.0219,-0.0073,-0.0269,0.0000,kp20
3003,20.0000,1.0000,0.0216,0.0219,-0.0073,-0.0269,0.0000,kp20
3008,20.0000,1.0000,0.0216,0.0219,-0.0073,-0.0269,0.0000,kp20
3013,20.0000,1.0000,0.0216,0.0219,-0.0073,-0.0269,0.0000,kp20
3018,20.0000,1.0000,0.0216,0.0219,-0.0073,-0.0269,0.0000,kp20
3023,20.0000,1.0000,0.0216,0.0219,-0.0073,-0.0269,0.0000,kp20
3028,20.0000,1.0000,0.0216,0.0219,-0.0073,-0.0269,0.0000,kp20
3033,20.0000,1.0000,0.0216,0.0219,-0.0073,-0.0269,0.0000,kp20
3038,20.0000,1.0000,0.0216,0.0219,-0.0073,-0.0269,0.0000,kp20
3044,20.0000,1.0000,0.0216,0.0219,-0.0073,-0.0269,0.0000,kp20
3049,20.0000,1.0000,0.0216,0.0219,-0.0073,-0.0269,0.0000,kp20
3054,20.0000,1.0000,0.0216,0.0219,-0.0073,-0.0269,0.0000,kp20
3059,20.0000,1.0000,0.0216,0.0219,-0.0073,-0.0269,0.0000,kp20
3064,20.0000,1.0000,0.0216,0.0219,-0.0073,-0.0317,0.0000,kp20
3069,20.0000,1.0000,0.0216,0.0219,-0.0073,-0.0269,0.0000,kp20
3074,20.0000,1.0000,0.0216,0.0219,-0.0073,-0.0269,0.0000,kp20
3079,20.0000,1.0000,0.0216,0.0219,-0.0073,-0.0269,0.0000,kp20
3084,20.0000,1.0000,0.0216,0.0219,-0.0073,-0.0269,0.0000,kp20
3089,20.0000,1.0000,0.0216,0.0219,-0.0073,-0.0269,0.0000,kp20
3094,20.0000,1.0000,0.0216,0.0219,-0.0073,-0.0269,0.0000,kp20
3099,20.0000,1.0000,0.0216,0.0219,-0.0073,-0.0317,0.0000,kp20
3104,20.0000,1.0000,0.0216,0.0219,-0.0073,-0.0317,0.0000,kp20
3109,20.0000,1.0000,0.0216,0.0223,0.0073,-0.0317,0.0000,kp20
3114,20.0000,1.0000,0.0216,0.0223,-0.0073,-0.0317,0.0000,kp20
3119,20.0000,1.0000,0.0216,0.0223,-0.0073,-0.0269,0.0000,kp20
3124,20.0000,1.0000,0.0216,0.0223,-0.0073,-0.0269,0.0000,kp20
3129,20.0000,1.0000,0.0216,0.0223,-0.0073,-0.0269,0.0000,kp20
3134,20.0000,1.0000,0.0216,0.0223,-0.0073,-0.0317,0.0000,kp20
3140,20.0000,1.0000,0.0216,0.0223,-0.0073,-0.0317,0.0000,kp20
3145,20.0000,1.0000,0.0216,0.0223,-0.0073,-0.0317,0.0000,kp20
3150,20.0000,1.0000,0.0216,0.0223,-0.0073,-0.0269,0.0000,kp20
3155,20.0000,1.0000,0.0216,0.0223,-0.0073,-0.0269,0.0000,kp20
3160,20.0000,1.0000,0.0216,0.0223,-0.0073,-0.0269,0.0000,kp20
3165,20.0000,1.0000,0.0216,0.0223,-0.0073,-0.0269,0.0000,kp20
3170,20.0000,1.0000,0.0216,0.0223,-0.0073,-0.0317,0.0000,kp20
3175,20.0000,1.0000,0.0216,0.0223,-0.0073,-0.0269,0.0000,kp20
3180,20.0000,1.0000,0.0216,0.0223,-0.0073,-0.0317,0.0000,kp20
3185,20.0000,1.0000,0.0216,0.0223,-0.0073,-0.0317,0.0000,kp20
3190,20.0000,1.0000,0.0216,0.0223,-0.0073,-0.0317,0.0000,kp20
3195,20.0000,1.0000,0.0216,0.0223,-0.0073,-0.0269,0.0000,kp20
3200,20.0000,1.0000,0.0216,0.0223,-0.0073,-0.0317,0.0000,kp20
3205,20.0000,1.0000,0.0216,0.0223,-0.0073,-0.0317,0.0000,kp20
3210,20.0000,1.0000,0.0216,0.0223,-0.0073,-0.0317,0.0000,kp20
3215,20.0000,1.0000,0.0216,0.0223,-0.0073,-0.0317,0.0000,kp20
3220,20.0000,1.0000,0.0216,0.0223,-0.0073,-0.0317,0.0000,kp20
3225,20.0000,1.0000,0.0216,0.0223,-0.0073,-0.0317,0.0000,kp20
3230,20.0000,1.0000,0.0216,0.0223,-0.0073,-0.0269,0.0000,kp20
3236,20.0000,1.0000,0.0216,0.0223,-0.0073,-0.0317,0.0000,kp20
3241,20.0000,1.0000,0.0216,0.0223,-0.0073,-0.0317,0.0000,kp20
3246,20.0000,1.0000,0.0216,0.0223,-0.0073,-0.0317,0.0000,kp20
3251,20.0000,1.0000,0.0216,0.0223,-0.0073,-0.0317,0.0000,kp20
3256,20.0000,1.0000,0.0216,0.0223,-0.0073,-0.0317,0.0000,kp20
3261,20.0000,1.0000,0.0216,0.0223,-0.0073,-0.0269,0.0000,kp20
3266,20.0000,1.0000,0.0216,0.0223,-0.0073,-0.0317,0.0000,kp20
3271,20.0000,1.0000,0.0216,0.0223,-0.0073,-0.0317,0.0000,kp20
3276,20.0000,1.0000,0.0216,0.0223,-0.0073,-0.0317,0.0000,kp20
3281,20.0000,1.0000,0.0216,0.0223,-0.0073,-0.0317,0.0000,kp20
3286,20.0000,1.0000,0.0216,0.0223,-0.0073,-0.0317,0.0000,kp20
3291,20.0000,1.0000,0.0216,0.0223,-0.0073,-0.0317,0.0000,kp20
3296,20.0000,1.0000,0.0216,0.0223,-0.0073,-0.0317,0.0000,kp20
3301,20.0000,1.0000,0.0216,0.0223,-0.0073,-0.0317,0.0000,kp20
3306,20.0000,1.0000,0.0216,0.0223,-0.0073,-0.0317,0.0000,kp20
3311,20.0000,1.0000,0.0216,0.0223,-0.0073,-0.0317,0.0000,kp20
3316,20.0000,1.0000,0.0216,0.0223,-0.0073,-0.0317,0.0000,kp20
3321,20.0000,1.0000,0.0216,0.0223,-0.0073,-0.0269,0.0000,kp20
3327,20.0000,1.0000,0.0216,0.0223,-0.0073,-0.0269,0.0000,kp20
3332,20.0000,1.0000,0.0216,0.0223,-0.0073,-0.0269,0.0000,kp20
3337,20.0000,1.0000,0.0216,0.0223,-0.0073,-0.0317,0.0000,kp20
3342,20.0000,1.0000,0.0216,0.0223,-0.0073,-0.0317,0.0000,kp20
3347,20.0000,1.0000,0.0216,0.0223,-0.0073,-0.0269,0.0000,kp20
3352,20.0000,1.0000,0.0216,0.0223,-0.0073,-0.0317,0.0000,kp20
3357,20.0000,1.0000,0.0216,0.0223,-0.0073,-0.0317,0.0000,kp20
3362,20.0000,1.0000,0.0216,0.0223,-0.0073,-0.0317,0.0000,kp20
3367,20.0000,1.0000,0.0216,0.0223,-0.0073,-0.0317,0.0000,kp20
3372,20.0000,1.0000,0.0216,0.0223,-0.0073,-0.0317,0.0000,kp20
3377,20.0000,1.0000,0.0216,0.0223,-0.0073,-0.0317,0.0000,kp20
3382,20.0000,1.0000,0.0216,0.0223,-0.0073,-0.0317,0.0000,kp20
3387,20.0000,1.0000,0.0216,0.0223,-0.0073,-0.0317,0.0000,kp20
3392,20.0000,1.0000,0.0216,0.0223,-0.0073,-0.0317,0.0000,kp20
3397,20.0000,1.0000,0.0216,0.0223,-0.0073,-0.0317,0.0000,kp20
3402,20.0000,1.0000,0.0216,0.0223,-0.0073,-0.0317,0.0000,kp20
3407,20.0000,1.0000,0.0216,0.0223,-0.0073,-0.0366,0.0000,kp20
3413,20.0000,1.0000,0.0216,0.0223,-0.0073,-0.0317,0.0000,kp20
3418,20.0000,1.0000,0.0216,0.0223,-0.0073,-0.0317,0.0000,kp20
3423,20.0000,1.0000,0.0216,0.0223,-0.0073,-0.0317,0.0000,kp20
3428,20.0000,1.0000,0.0216,0.0223,-0.0073,-0.0366,0.0000,kp20
3433,20.0000,1.0000,0.0216,0.0223,-0.0073,-0.0366,0.0000,kp20
3438,20.0000,1.0000,0.0216,0.0223,-0.0073,-0.0317,0.0000,kp20
3443,20.0000,1.0000,0.0216,0.0223,-0.0073,-0.0317,0.0000,kp20
3448,20.0000,1.0000,0.0216,0.0223,-0.0073,-0.0317,0.0000,kp20
3453,20.0000,1.0000,0.0216,0.0223,-0.0073,-0.0317,0.0000,kp20
3458,20.0000,1.0000,0.0216,0.0223,-0.0073,-0.0317,0.0000,kp20
3463,20.0000,1.0000,0.0216,0.0223,-0.0073,-0.0317,0.0000,kp20
3468,20.0000,1.0000,0.0216,0.0223,-0.0073,-0.0317,0.0000,kp20
3473,20.0000,1.0000,0.0216,0.0223,-0.0073,-0.0317,0.0000,kp20
3478,20.0000,1.0000,0.0216,0.0223,-0.0073,-0.0317,0.0000,kp20
3483,20.0000,1.0000,0.0216,0.0223,-0.0073,-0.0317,0.0000,kp20
3488,20.0000,1.0000,0.0216,0.0223,-0.0073,-0.0366,0.0000,kp20
3493,20.0000,1.0000,0.0216,0.0223,-0.0073,-0.0366,0.0000,kp20
3498,20.0000,1.0000,0.0216,0.0223,-0.0073,-0.0366,0.0000,kp20
3504,20.0000,1.0000,0.0216,0.0223,0.0073,-0.0366,0.0000,kp20
3509,20.0000,1.0000,0.0216,0.0223,-0.0073,-0.0366,0.0000,kp20
3514,20.0000,1.0000,0.0216,0.0223,-0.0073,-0.0366,0.0000,kp20
3519,20.0000,1.0000,0.0216,0.0223,-0.0073,-0.0366,0.0000,kp20
3524,20.0000,1.0000,0.0216,0.0223,-0.0073,-0.0366,0.0000,kp20
3529,20.0000,1.0000,0.0216,0.0227,-0.0073,-0.0366,0.0000,kp20
3534,20.0000,1.0000,0.0216,0.0227,-0.0073,-0.0317,0.0000,kp20
3539,20.0000,1.0000,0.0216,0.0227,-0.0073,-0.0317,0.0000,kp20
3544,20.0000,1.0000,0.0216,0.0227,-0.0073,-0.0317,0.0000,kp20
3549,20.0000,1.0000,0.0216,0.0227,-0.0073,-0.0366,0.0000,kp20
3554,20.0000,1.0000,0.0216,0.0227,-0.0073,-0.0366,0.0000,kp20
3559,20.0000,1.0000,0.0216,0.0227,-0.0073,-0.0366,0.0000,kp20
3564,20.0000,1.0000,0.0216,0.0227,-0.0073,-0.0366,0.0000,kp20
3569,20.0000,1.0000,0.0216,0.0227,-0.0073,-0.0366,0.0000,kp20
3574,20.0000,1.0000,0.0216,0.0227,-0.0073,-0.0366,0.0000,kp20
3579,20.0000,1.0000,0.0216,0.0227,-0.0073,-0.0366,0.0000,kp20
3584,20.0000,1.0000,0.0216,0.0227,-0.0073,-0.0366,0.0000,kp20
3589,20.0000,1.0000,0.0216,0.0227,-0.0073,-0.0366,0.0000,kp20
3595,20.0000,1.0000,0.0216,0.0227,-0.0073,-0.0366,0.0000,kp20
3600,20.0000,1.0000,0.0216,0.0227,-0.0073,-0.0415,0.0000,kp20
3605,20.0000,1.0000,0.0216,0.0227,-0.0073,-0.0366,0.0000,kp20
3610,20.0000,1.0000,0.0216,0.0227,-0.0073,-0.0366,0.0000,kp20
3615,20.0000,1.0000,0.0216,0.0227,-0.0073,-0.0366,0.0000,kp20
3620,20.0000,1.0000,0.0216,0.0227,-0.0073,-0.0366,0.0000,kp20
3625,20.0000,1.0000,0.0216,0.0227,-0.0073,-0.0366,0.0000,kp20
3630,20.0000,1.0000,0.0216,0.0227,-0.0073,-0.0415,0.0000,kp20
3635,20.0000,1.0000,0.0216,0.0227,-0.0073,-0.0366,0.0000,kp20
3640,20.0000,1.0000,0.0216,0.0227,-0.0073,-0.0366,0.0000,kp20
3645,20.0000,1.0000,0.0216,0.0227,-0.0073,-0.0415,0.0000,kp20
3650,20.0000,1.0000,0.0216,0.0227,-0.0073,-0.0366,0.0000,kp20
3655,20.0000,1.0000,0.0216,0.0227,-0.0073,-0.0415,0.0000,kp20
3660,20.0000,1.0000,0.0216,0.0227,-0.0073,-0.0415,0.0000,kp20
3665,20.0000,1.0000,0.0216,0.0227,-0.0073,-0.0415,0.0000,kp20
3670,20.0000,1.0000,0.0216,0.0227,-0.0073,-0.0366,0.0000,kp20
3675,20.0000,1.0000,0.0216,0.0227,-0.0073,-0.0415,0.0000,kp20
3680,20.0000,1.0000,0.0216,0.0227,-0.0073,-0.0415,0.0000,kp20
3686,20.0000,1.0000,0.0216,0.0227,-0.0073,-0.0415,0.0000,kp20
3691,20.0000,1.0000,0.0216,0.0227,0.0073,-0.0415,0.0000,kp20
3696,20.0000,1.0000,0.0216,0.0227,-0.0073,-0.0415,0.0000,kp20
3701,20.0000,1.0000,0.0216,0.0227,-0.0073,-0.0464,0.0000,kp20
3706,20.0000,1.0000,0.0216,0.0227,0.0073,-0.0415,0.0000,kp20
3711,20.0000,1.0000,0.0216,0.0227,-0.0073,-0.0415,0.0000,kp20
3716,20.0000,1.0000,0.0216,0.0227,-0.0073,-0.0464,0.0000,kp20
3721,20.0000,1.0000,0.0216,0.0227,-0.0073,-0.0415,0.0000,kp20
3726,20.0000,1.0000,0.0216,0.0227,-0.0073,-0.0415,0.0000,kp20
3731,20.0000,1.0000,0.0216,0.0227,-0.0073,-0.0464,0.0000,kp20
3736,20.0000,1.0000,0.0216,0.0227,-0.0073,-0.0464,0.0000,kp20
3741,20.0000,1.0000,0.0216,0.0227,-0.0073,-0.0464,0.0000,kp20
3746,20.0000,1.0000,0.0216,0.0231,-0.0073,-0.0464,0.0000,kp20
3751,20.0000,1.0000,0.0216,0.0231,-0.0073,-0.0464,0.0000,kp20
3756,20.0000,1.0000,0.0216,0.0231,-0.0073,-0.0415,0.0000,kp20
3761,20.0000,1.0000,0.0216,0.0231,-0.0073,-0.0464,0.0000,kp20
3766,20.0000,1.0000,0.0216,0.0231,-0.0073,-0.0464,0.0000,kp20
3771,20.0000,1.0000,0.0216,0.0231,-0.0073,-0.0415,0.0000,kp20
3776,20.0000,1.0000,0.0216,0.0231,0.0073,-0.0415,0.0000,kp20
3782,20.0000,1.0000,0.0216,0.0231,-0.0073,-0.0464,0.0000,kp20
3787,20.0000,1.0000,0.0216,0.0231,-0.0073,-0.0464,0.0000,kp20
3792,20.0000,1.0000,0.0216,0.0231,-0.0073,-0.0464,0.0000,kp20
3797,20.0000,1.0000,0.0216,0.0231,-0.0073,-0.0513,0.0000,kp20
3802,20.0000,1.0000,0.0216,0.0231,-0.0073,-0.0464,0.0000,kp20
3807,20.0000,1.0000,0.0216,0.0231,-0.0073,-0.0513,0.0000,kp20
3812,20.0000,1.0000,0.0216,0.0231,-0.0073,-0.0464,0.0000,kp20
3817,20.0000,1.0000,0.0216,0.0231,-0.0073,-0.0464,0.0000,kp20
3822,20.0000,1.0000,0.0216,0.0231,-0.0073,-0.0464,0.0000,kp20
3827,20.0000,1.0000,0.0216,0.0231,-0.0073,-0.0513,0.0000,kp20
3832,20.0000,1.0000,0.0216,0.0231,-0.0073,-0.0513,0.0000,kp20
3837,20.0000,1.0000,0.0216,0.0231,-0.0073,-0.0513,0.0000,kp20
3842,20.0000,1.0000,0.0216,0.0231,-0.0073,-0.0513,0.0000,kp20
3847,20.0000,1.0000,0.0216,0.0231,-0.0073,-0.0513,0.0000,kp20
3852,20.0000,1.0000,0.0216,0.0231,-0.0073,-0.0513,0.0000,kp20
3857,20.0000,1.0000,0.0216,0.0231,-0.0073,-0.0513,0.0000,kp20
3862,20.0000,1.0000,0.0216,0.0231,-0.0073,-0.0513,0.0000,kp20
3867,20.0000,1.0000,0.0216,0.0231,-0.0073,-0.0513,0.0000,kp20
3873,20.0000,1.0000,0.0216,0.0231,-0.0073,-0.0513,0.0000,kp20
3878,20.0000,1.0000,0.0216,0.0235,-0.0073,-0.0562,0.0000,kp20
3883,20.0000,1.0000,0.0216,0.0235,-0.0073,-0.0562,0.0000,kp20
3888,20.0000,1.0000,0.0216,0.0235,-0.0073,-0.0562,0.0000,kp20
3893,20.0000,1.0000,0.0216,0.0235,0.0073,-0.0562,0.0000,kp20
3898,20.0000,1.0000,0.0216,0.0235,-0.0073,-0.0611,0.0000,kp20
3903,20.0000,1.0000,0.0216,0.0235,0.0073,-0.0611,0.0000,kp20
3908,20.0000,1.0000,0.0216,0.0235,0.0073,-0.0611,0.0000,kp20
3913,20.0000,1.0000,0.0216,0.0235,0.0073,-0.0611,0.0000,kp20
3918,20.0000,1.0000,0.0216,0.0238,0.0073,-0.0659,0.0000,kp20
3923,20.0000,1.0000,0.0216,0.0238,0.0073,-0.0659,0.0000,kp20
3928,20.0000,1.0000,0.0216,0.0238,0.0220,-0.0757,0.0000,kp20
3933,20.0000,1.0000,0.0216,0.0238,0.0073,-0.0806,0.0000,kp20
3938,20.0000,1.0000,0.0216,0.0242,0.0220,-0.0855,0.0000,kp20
3943,20.0000,1.0000,0.0216,0.0242,0.0220,-0.0904,0.0000,kp20
3948,20.0000,1.0000,0.0216,0.0246,0.0220,-0.0952,0.0000,kp20
3953,20.0000,1.0000,0.0216,0.0246,0.0220,-0.1001,0.0000,kp20
3959,20.0000,1.0000,0.0216,0.0246,0.0073,-0.0952,0.0000,kp20
3964,20.0000,1.0000,0.0216,0.0250,-0.0073,-0.0952,0.0000,kp20
3969,20.0000,1.0000,0.0216,0.0250,0.0073,-0.0952,0.0000,kp20
3974,20.0000,1.0000,0.0216,0.0250,-0.0073,-0.0904,0.0000,kp20
3979,20.0000,1.0000,0.0216,0.0250,-0.0073,-0.0904,0.0000,kp20
3984,20.0000,1.0000,0.0216,0.0250,-0.0073,-0.0855,0.0000,kp20
3989,20.0000,1.0000,0.0216,0.0250,-0.0073,-0.0855,0.0000,kp20
3994,20.0000,1.0000,0.0216,0.0250,-0.0073,-0.0904,0.0000,kp20
3999,20.0000,1.0000,0.0216,0.0250,-0.0073,-0.0855,0.0000,kp20
4004,20.0000,1.0000,0.0216,0.0250,-0.0073,-0.0855,0.0000,kp20
4009,20.0000,1.0000,0.0216,0.0250,-0.0073,-0.0855,0.0000,kp20
4014,20.0000,1.0000,0.0216,0.0250,-0.0073,-0.0855,0.0000,kp20
4019,20.0000,1.0000,0.0216,0.0250,-0.0073,-0.0855,0.0000,kp20
4024,20.0000,1.0000,0.0216,0.0250,-0.0073,-0.0855,0.0000,kp20
4029,20.0000,1.0000,0.0216,0.0250,-0.0073,-0.0806,0.0000,kp20
4034,20.0000,1.0000,0.0216,0.0250,-0.0073,-0.0855,0.0000,kp20
4039,20.0000,1.0000,0.0216,0.0250,-0.0073,-0.0806,0.0000,kp20
4044,20.0000,1.0000,0.0216,0.0250,-0.0073,-0.0855,0.0000,kp20
4049,20.0000,1.0000,0.0216,0.0250,-0.0073,-0.0855,0.0000,kp20
4055,20.0000,1.0000,0.0216,0.0250,-0.0073,-0.0855,0.0000,kp20
4060,20.0000,1.0000,0.0216,0.0250,-0.0073,-0.0806,0.0000,kp20
4065,20.0000,1.0000,0.0216,0.0250,-0.0073,-0.0855,0.0000,kp20
4070,20.0000,1.0000,0.0216,0.0250,-0.0073,-0.0855,0.0000,kp20
4075,20.0000,1.0000,0.0216,0.0250,-0.0073,-0.0855,0.0000,kp20
4080,20.0000,1.0000,0.0216,0.0250,-0.0073,-0.0855,0.0000,kp20
4085,20.0000,1.0000,0.0216,0.0250,-0.0073,-0.0855,0.0000,kp20
4090,20.0000,1.0000,0.0216,0.0250,-0.0073,-0.0855,0.0000,kp20
4095,20.0000,1.0000,0.0216,0.0250,-0.0073,-0.0855,0.0000,kp20
4100,20.0000,1.0000,0.0216,0.0250,-0.0073,-0.0855,0.0000,kp20
4105,20.0000,1.0000,0.0216,0.0250,-0.0073,-0.0855,0.0000,kp20
4110,20.0000,1.0000,0.0216,0.0250,-0.0073,-0.0806,0.0000,kp20
4115,20.0000,1.0000,0.0216,0.0250,-0.0073,-0.0855,0.0000,kp20
4120,20.0000,1.0000,0.0216,0.0250,0.0073,-0.0855,0.0000,kp20
4125,20.0000,1.0000,0.0216,0.0250,-0.0073,-0.0806,0.0000,kp20
4130,20.0000,1.0000,0.0216,0.0250,-0.0073,-0.0855,0.0000,kp20
4135,20.0000,1.0000,0.0216,0.0250,-0.0073,-0.0904,0.0000,kp20
4140,20.0000,1.0000,0.0216,0.0250,-0.0073,-0.0855,0.0000,kp20
4146,20.0000,1.0000,0.0216,0.0250,-0.0073,-0.0855,0.0000,kp20
4151,20.0000,1.0000,0.0216,0.0250,-0.0073,-0.0855,0.0000,kp20
4156,20.0000,1.0000,0.0216,0.0250,-0.0073,-0.0855,0.0000,kp20
4161,20.0000,1.0000,0.0216,0.0250,-0.0073,-0.0904,0.0000,kp20
4166,20.0000,1.0000,0.0216,0.0250,-0.0073,-0.0904,0.0000,kp20
4171,20.0000,1.0000,0.0216,0.0250,-0.0073,-0.0855,0.0000,kp20
4176,20.0000,1.0000,0.0216,0.0250,-0.0073,-0.0855,0.0000,kp20
4181,20.0000,1.0000,0.0216,0.0250,-0.0073,-0.0855,0.0000,kp20
4186,20.0000,1.0000,0.0216,0.0250,-0.0073,-0.0855,0.0000,kp20
4191,20.0000,1.0000,0.0216,0.0250,-0.0073,-0.0855,0.0000,kp20
4196,20.0000,1.0000,0.0216,0.0250,-0.0073,-0.0855,0.0000,kp20
4201,20.0000,1.0000,0.0216,0.0250,-0.0073,-0.0855,0.0000,kp20
4206,20.0000,1.0000,0.0216,0.0250,-0.0073,-0.0855,0.0000,kp20
4211,20.0000,1.0000,0.0216,0.0250,-0.0073,-0.0855,0.0000,kp20
4216,20.0000,1.0000,0.0216,0.0250,-0.0073,-0.0855,0.0000,kp20
4221,20.0000,1.0000,0.0216,0.0250,-0.0073,-0.0855,0.0000,kp20
4226,20.0000,1.0000,0.0216,0.0250,-0.0073,-0.0855,0.0000,kp20
4231,20.0000,1.0000,0.0216,0.0250,-0.0220,-0.0904,0.0000,kp20
4237,20.0000,1.0000,0.0216,0.0250,0.0073,-0.0806,0.0000,kp20
4242,20.0000,1.0000,0.0216,0.0250,-0.0073,-0.0806,0.0000,kp20
4247,20.0000,1.0000,0.0216,0.0250,-0.0073,-0.0855,0.0000,kp20
4252,20.0000,1.0000,0.0216,0.0250,-0.0073,-0.0904,0.0000,kp20
4257,20.0000,1.0000,0.0216,0.0250,-0.0073,-0.0904,0.0000,kp20
4262,20.0000,1.0000,0.0216,0.0250,-0.0073,-0.0855,0.0000,kp20
4267,20.0000,1.0000,0.0216,0.0250,-0.0073,-0.0855,0.0000,kp20
4272,20.0000,1.0000,0.0216,0.0250,-0.0073,-0.0855,0.0000,kp20
4277,20.0000,1.0000,0.0216,0.0250,-0.0073,-0.0855,0.0000,kp20
4282,20.0000,1.0000,0.0216,0.0250,-0.0073,-0.0855,0.0000,kp20
4287,20.0000,1.0000,0.0216,0.0250,-0.0073,-0.0855,0.0000,kp20
4292,20.0000,1.0000,0.0216,0.0250,-0.0073,-0.0855,0.0000,kp20
4297,20.0000,1.0000,0.0216,0.0250,-0.0073,-0.0855,0.0000,kp20
4302,20.0000,1.0000,0.0216,0.0250,-0.0073,-0.0855,0.0000,kp20
4307,20.0000,1.0000,0.0216,0.0250,-0.0073,-0.0855,0.0000,kp20
4312,20.0000,1.0000,0.0216,0.0250,-0.0073,-0.0855,0.0000,kp20
4317,20.0000,1.0000,0.0216,0.0250,-0.0073,-0.0855,0.0000,kp20
4323,20.0000,1.0000,0.0216,0.0250,-0.0073,-0.0855,0.0000,kp20
4328,20.0000,1.0000,0.0216,0.0250,-0.0073,-0.0855,0.0000,kp20
4333,20.0000,1.0000,0.0216,0.0250,-0.0073,-0.0855,0.0000,kp20
4338,20.0000,1.0000,0.0216,0.0250,-0.0073,-0.0855,0.0000,kp20
4343,20.0000,1.0000,0.0216,0.0250,-0.0073,-0.0855,0.0000,kp20
4348,20.0000,1.0000,0.0216,0.0250,-0.0073,-0.0855,0.0000,kp20
4353,20.0000,1.0000,0.0216,0.0250,-0.0073,-0.0855,0.0000,kp20
4358,20.0000,1.0000,0.0216,0.0250,-0.0073,-0.0855,0.0000,kp20
4363,20.0000,1.0000,0.0216,0.0250,-0.0073,-0.0855,0.0000,kp20
4368,20.0000,1.0000,0.0216,0.0250,-0.0073,-0.0855,0.0000,kp20
4373,20.0000,1.0000,0.0216,0.0250,-0.0073,-0.0855,0.0000,kp20
4378,20.0000,1.0000,0.0216,0.0250,-0.0073,-0.0855,0.0000,kp20
4383,20.0000,1.0000,0.0216,0.0250,-0.0073,-0.0855,0.0000,kp20
4388,20.0000,1.0000,0.0216,0.0250,-0.0073,-0.0855,0.0000,kp20
4393,20.0000,1.0000,0.0216,0.0250,-0.0073,-0.0855,0.0000,kp20
4398,20.0000,1.0000,0.0216,0.0250,-0.0073,-0.0855,0.0000,kp20
4403,20.0000,1.0000,0.0216,0.0250,-0.0073,-0.0855,0.0000,kp20
4408,20.0000,1.0000,0.0216,0.0250,-0.0073,-0.0855,0.0000,kp20
4414,20.0000,1.0000,0.0216,0.0250,-0.0073,-0.0855,0.0000,kp20
4419,20.0000,1.0000,0.0216,0.0250,-0.0073,-0.0855,0.0000,kp20
4424,20.0000,1.0000,0.0216,0.0250,-0.0073,-0.0855,0.0000,kp20
4429,20.0000,1.0000,0.0216,0.0250,-0.0073,-0.0855,0.0000,kp20
4434,20.0000,1.0000,0.0216,0.0250,-0.0073,-0.0855,0.0000,kp20
4439,20.0000,1.0000,0.0216,0.0250,-0.0073,-0.0855,0.0000,kp20
4444,20.0000,1.0000,0.0216,0.0250,-0.0073,-0.0855,0.0000,kp20
4449,20.0000,1.0000,0.0216,0.0250,-0.0073,-0.0806,0.0000,kp20
4454,20.0000,1.0000,0.0216,0.0250,-0.0073,-0.0855,0.0000,kp20
4459,20.0000,1.0000,0.0216,0.0250,-0.0073,-0.0855,0.0000,kp20
4464,20.0000,1.0000,0.0216,0.0250,-0.0073,-0.0806,0.0000,kp20
4469,20.0000,1.0000,0.0216,0.0250,-0.0073,-0.0855,0.0000,kp20
4474,20.0000,1.0000,0.0216,0.0250,-0.0073,-0.0904,0.0000,kp20
4479,20.0000,1.0000,0.0216,0.0250,-0.0073,-0.0904,0.0000,kp20
4484,20.0000,1.0000,0.0216,0.0250,-0.0073,-0.0855,0.0000,kp20
4489,20.0000,1.0000,0.0216,0.0250,-0.0073,-0.0855,0.0000,kp20
4494,20.0000,1.0000,0.0216,0.0250,-0.0073,-0.0855,0.0000,kp20
4499,20.0000,1.0000,0.0216,0.0250,-0.0073,-0.0855,0.0000,kp20
4505,20.0000,1.0000,0.0216,0.0250,-0.0073,-0.0855,0.0000,kp20
4510,20.0000,1.0000,0.0216,0.0250,-0.0073,-0.0855,0.0000,kp20
4515,20.0000,1.0000,0.0216,0.0250,-0.0073,-0.0855,0.0000,kp20
4520,20.0000,1.0000,0.0216,0.0250,-0.0073,-0.0855,0.0000,kp20
4525,20.0000,1.0000,0.0216,0.0250,-0.0073,-0.0855,0.0000,kp20
4530,20.0000,1.0000,0.0216,0.0250,-0.0073,-0.0855,0.0000,kp20
4535,20.0000,1.0000,0.0216,0.0250,-0.0073,-0.0855,0.0000,kp20
4540,20.0000,1.0000,0.0216,0.0250,-0.0073,-0.0855,0.0000,kp20
4545,20.0000,1.0000,0.0216,0.0250,-0.0220,-0.0806,0.0000,kp20
4550,20.0000,1.0000,0.0216,0.0250,-0.0073,-0.0806,0.0000,kp20
4555,20.0000,1.0000,0.0216,0.0250,-0.0073,-0.0855,0.0000,kp20
4560,20.0000,1.0000,0.0216,0.0250,-0.0073,-0.0855,0.0000,kp20
4565,20.0000,1.0000,0.0216,0.0250,-0.0073,-0.0806,0.0000,kp20
4570,20.0000,1.0000,0.0216,0.0250,-0.0073,-0.0855,0.0000,kp20
4575,20.0000,1.0000,0.0216,0.0250,-0.0073,-0.0806,0.0000,kp20
4580,20.0000,1.0000,0.0216,0.0250,-0.0073,-0.0806,0.0000,kp20
4585,20.0000,1.0000,0.0216,0.0250,-0.0073,-0.0806,0.0000,kp20
4590,20.0000,1.0000,0.0216,0.0250,-0.0073,-0.0806,0.0000,kp20
4596,20.0000,1.0000,0.0216,0.0250,-0.0073,-0.0806,0.0000,kp20
4601,20.0000,1.0000,0.0216,0.0250,-0.0073,-0.0806,0.0000,kp20
4606,20.0000,1.0000,0.0216,0.0250,-0.0073,-0.0806,0.0000,kp20
4611,20.0000,1.0000,0.0216,0.0250,-0.0073,-0.0806,0.0000,kp20
4616,20.0000,1.0000,0.0216,0.0250,-0.0073,-0.0806,0.0000,kp20
4621,20.0000,1.0000,0.0216,0.0250,-0.0073,-0.0855,0.0000,kp20
4626,20.0000,1.0000,0.0216,0.0250,-0.0073,-0.0806,0.0000,kp20
4631,20.0000,1.0000,0.0216,0.0246,-0.0073,-0.0806,0.0000,kp20
4636,20.0000,1.0000,0.0216,0.0246,-0.0073,-0.0806,0.0000,kp20
4641,20.0000,1.0000,0.0216,0.0246,-0.0073,-0.0806,0.0000,kp20
4646,20.0000,1.0000,0.0216,0.0246,-0.0073,-0.0757,0.0000,kp20
4651,20.0000,1.0000,0.0216,0.0246,-0.0073,-0.0757,0.0000,kp20
4656,20.0000,1.0000,0.0216,0.0246,-0.0073,-0.0757,0.0000,kp20
4661,20.0000,1.0000,0.0216,0.0246,-0.0073,-0.0757,0.0000,kp20
4666,20.0000,1.0000,0.0216,0.0246,-0.0073,-0.0757,0.0000,kp20
4671,20.0000,1.0000,0.0216,0.0246,-0.0220,-0.0757,0.0000,kp20
4676,20.0000,1.0000,0.0216,0.0246,-0.0073,-0.0708,0.0000,kp20
4681,20.0000,1.0000,0.0216,0.0246,-0.0073,-0.0757,0.0000,kp20
4687,20.0000,1.0000,0.0216,0.0246,-0.0073,-0.0757,0.0000,kp20
4692,20.0000,1.0000,0.0216,0.0246,-0.0073,-0.0757,0.0000,kp20
4697,20.0000,1.0000,0.0216,0.0246,-0.0073,-0.0757,0.0000,kp20
4702,20.0000,1.0000,0.0216,0.0246,-0.0073,-0.0757,0.0000,kp20
4707,20.0000,1.0000,0.0216,0.0246,-0.0220,-0.0757,0.0000,kp20
4712,20.0000,1.0000,0.0216,0.0246,-0.0073,-0.0708,0.0000,kp20
4717,20.0000,1.0000,0.0216,0.0246,-0.0073,-0.0708,0.0000,kp20
4722,20.0000,1.0000,0.0216,0.0246,-0.0220,-0.0757,0.0000,kp20
4727,20.0000,1.0000,0.0216,0.0246,-0.0073,-0.0708,0.0000,kp20
4732,20.0000,1.0000,0.0216,0.0246,-0.0073,-0.0708,0.0000,kp20
4737,20.0000,1.0000,0.0216,0.0246,-0.0073,-0.0708,0.0000,kp20
4742,20.0000,1.0000,0.0216,0.0246,-0.0073,-0.0708,0.0000,kp20
4747,20.0000,1.0000,0.0216,0.0242,-0.0073,-0.0708,0.0000,kp20
4752,20.0000,1.0000,0.0216,0.0242,-0.0073,-0.0708,0.0000,kp20
4757,20.0000,1.0000,0.0216,0.0242,-0.0073,-0.0708,0.0000,kp20
4762,20.0000,1.0000,0.0216,0.0242,-0.0073,-0.0708,0.0000,kp20
4767,20.0000,1.0000,0.0216,0.0242,-0.0073,-0.0708,0.0000,kp20
4773,20.0000,1.0000,0.0216,0.0242,-0.0073,-0.0708,0.0000,kp20
4778,20.0000,1.0000,0.0216,0.0242,-0.0073,-0.0659,0.0000,kp20
4783,20.0000,1.0000,0.0216,0.0242,-0.0220,-0.0708,0.0000,kp20
4788,20.0000,1.0000,0.0216,0.0242,-0.0073,-0.0708,0.0000,kp20
4793,20.0000,1.0000,0.0216,0.0242,-0.0073,-0.0708,0.0000,kp20
4798,20.0000,1.0000,0.0216,0.0242,-0.0073,-0.0659,0.0000,kp20
4803,20.0000,1.0000,0.0216,0.0242,-0.0073,-0.0708,0.0000,kp20
4808,20.0000,1.0000,0.0216,0.0242,-0.0073,-0.0659,0.0000,kp20
4813,20.0000,1.0000,0.0216,0.0242,-0.0073,-0.0708,0.0000,kp20
4818,20.0000,1.0000,0.0216,0.0242,-0.0220,-0.0708,0.0000,kp20
4823,20.0000,1.0000,0.0216,0.0242,-0.0073,-0.0659,0.0000,kp20
4828,20.0000,1.0000,0.0216,0.0242,-0.0073,-0.0708,0.0000,kp20
4833,20.0000,1.0000,0.0216,0.0242,-0.0073,-0.0708,0.0000,kp20
4838,20.0000,1.0000,0.0216,0.0242,-0.0073,-0.0659,0.0000,kp20
4843,20.0000,1.0000,0.0216,0.0242,-0.0073,-0.0708,0.0000,kp20
4848,20.0000,1.0000,0.0216,0.0242,-0.0073,-0.0708,0.0000,kp20
4853,20.0000,1.0000,0.0216,0.0242,-0.0073,-0.0659,0.0000,kp20
4858,20.0000,1.0000,0.0216,0.0242,-0.0220,-0.0659,0.0000,kp20
4864,20.0000,1.0000,0.0216,0.0242,-0.0073,-0.0708,0.0000,kp20
4869,20.0000,1.0000,0.0216,0.0242,-0.0073,-0.0659,0.0000,kp20
4874,20.0000,1.0000,0.0216,0.0242,-0.0073,-0.0659,0.0000,kp20
4879,20.0000,1.0000,0.0216,0.0242,-0.0073,-0.0708,0.0000,kp20
4884,20.0000,1.0000,0.0216,0.0242,-0.0073,-0.0708,0.0000,kp20
4889,20.0000,1.0000,0.0216,0.0242,-0.0073,-0.0659,0.0000,kp20
4894,20.0000,1.0000,0.0216,0.0242,-0.0073,-0.0659,0.0000,kp20
4899,20.0000,1.0000,0.0216,0.0242,-0.0073,-0.0659,0.0000,kp20
4904,20.0000,1.0000,0.0216,0.0242,-0.0073,-0.0659,0.0000,kp20
4909,20.0000,1.0000,0.0216,0.0242,-0.0073,-0.0659,0.0000,kp20
4914,20.0000,1.0000,0.0216,0.0242,-0.0073,-0.0659,0.0000,kp20
4919,20.0000,1.0000,0.0216,0.0242,-0.0073,-0.0659,0.0000,kp20
4924,20.0000,1.0000,0.0216,0.0242,-0.0073,-0.0611,0.0000,kp20
4929,20.0000,1.0000,0.0216,0.0242,-0.0073,-0.0659,0.0000,kp20
4934,20.0000,1.0000,0.0216,0.0242,-0.0073,-0.0659,0.0000,kp20
4939,20.0000,1.0000,0.0216,0.0242,-0.0073,-0.0659,0.0000,kp20
4944,20.0000,1.0000,0.0216,0.0238,-0.0073,-0.0659,0.0000,kp20
4949,20.0000,1.0000,0.0216,0.0238,-0.0073,-0.0659,0.0000,kp20
4954,20.0000,1.0000,0.0216,0.0238,-0.0220,-0.0659,0.0000,kp20
4960,20.0000,1.0000,0.0216,0.0238,-0.0073,-0.0659,0.0000,kp20
4965,20.0000,1.0000,0.0216,0.0238,-0.0073,-0.0611,0.0000,kp20
4970,20.0000,1.0000,0.0216,0.0238,-0.0073,-0.0659,0.0000,kp20
4975,20.0000,1.0000,0.0216,0.0238,-0.0073,-0.0659,0.0000,kp20
4980,20.0000,1.0000,0.0216,0.0238,-0.0073,-0.0611,0.0000,kp20
4985,20.0000,1.0000,0.0216,0.0238,-0.0073,-0.0659,0.0000,kp20
4990,20.0000,1.0000,0.0216,0.0238,-0.0073,-0.0611,0.0000,kp20
4995,20.0000,1.0000,0.0216,0.0238,-0.0073,-0.0659,0.0000,kp20
0,50.0000,1.0000,0.0216,0.0238,-0.0073,-0.0659,0.0000,kp50
5,50.0000,1.0000,0.0216,0.0238,-0.0073,-0.0659,0.0000,kp50
10,50.0000,1.0000,0.0216,0.0238,-0.0073,-0.0611,0.0000,kp50
15,50.0000,1.0000,0.0216,0.0238,-0.0073,-0.0611,0.0000,kp50
20,50.0000,1.0000,0.0216,0.0238,-0.0073,-0.0611,0.0000,kp50
25,50.0000,1.0000,0.0216,0.0238,-0.0073,-0.0611,0.0000,kp50
30,50.0000,1.0000,0.0216,0.0238,-0.0073,-0.0659,0.0000,kp50
35,50.0000,1.0000,0.0216,0.0238,-0.0513,-0.0757,0.0000,kp50
40,50.0000,1.0000,0.0216,0.0235,-0.0952,-0.0757,0.0000,kp50
45,50.0000,1.0000,0.0216,0.0231,-0.0806,-0.0562,0.0000,kp50
50,50.0000,1.0000,0.0216,0.0227,-0.0806,-0.0415,0.0000,kp50
55,50.0000,1.0000,0.0216,0.0223,-0.0366,-0.0415,0.0000,kp50
60,50.0000,1.0000,0.0216,0.0223,-0.0073,-0.0513,0.0000,kp50
65,50.0000,1.0000,0.0216,0.0223,-0.0073,-0.0562,0.0000,kp50
70,50.0000,1.0000,0.0216,0.0223,-0.0073,-0.0562,0.0000,kp50
75,50.0000,1.0000,0.0216,0.0223,-0.0073,-0.0611,0.0000,kp50
80,50.0000,1.0000,0.0216,0.0223,-0.0073,-0.0611,0.0000,kp50
85,50.0000,1.0000,0.0216,0.0223,-0.0073,-0.0659,0.0000,kp50
90,50.0000,1.0000,0.0216,0.0223,-0.0073,-0.0611,0.0000,kp50
96,50.0000,1.0000,0.0216,0.0223,-0.0073,-0.0611,0.0000,kp50
101,50.0000,1.0000,0.0216,0.0223,-0.0073,-0.0611,0.0000,kp50
106,50.0000,1.0000,0.0216,0.0223,-0.0073,-0.0562,0.0000,kp50
111,50.0000,1.0000,0.0216,0.0223,-0.0073,-0.0611,0.0000,kp50
116,50.0000,1.0000,0.0216,0.0223,-0.0073,-0.0611,0.0000,kp50
121,50.0000,1.0000,0.0216,0.0223,-0.0073,-0.0611,0.0000,kp50
126,50.0000,1.0000,0.0216,0.0223,-0.0073,-0.0611,0.0000,kp50
131,50.0000,1.0000,0.0216,0.0223,-0.0073,-0.0611,0.0000,kp50
136,50.0000,1.0000,0.0216,0.0223,-0.0073,-0.0611,0.0000,kp50
141,50.0000,1.0000,0.0216,0.0223,-0.0073,-0.0611,0.0000,kp50
146,50.0000,1.0000,0.0216,0.0223,-0.0073,-0.0611,0.0000,kp50
151,50.0000,1.0000,0.0216,0.0223,-0.0073,-0.0611,0.0000,kp50
156,50.0000,1.0000,0.0216,0.0223,-0.0073,-0.0611,0.0000,kp50
161,50.0000,1.0000,0.0216,0.0223,-0.0073,-0.0611,0.0000,kp50
166,50.0000,1.0000,0.0216,0.0223,-0.0073,-0.0611,0.0000,kp50
171,50.0000,1.0000,0.0216,0.0223,-0.0073,-0.0611,0.0000,kp50
176,50.0000,1.0000,0.0216,0.0223,-0.0073,-0.0611,0.0000,kp50
181,50.0000,1.0000,0.0216,0.0223,-0.0073,-0.0611,0.0000,kp50
186,50.0000,1.0000,0.0216,0.0223,-0.0073,-0.0611,0.0000,kp50
192,50.0000,1.0000,0.0216,0.0223,-0.0073,-0.0611,0.0000,kp50
197,50.0000,1.0000,0.0216,0.0223,-0.0073,-0.0611,0.0000,kp50
202,50.0000,1.0000,0.0216,0.0223,-0.0073,-0.0611,0.0000,kp50
207,50.0000,1.0000,0.0216,0.0223,-0.0073,-0.0611,0.0000,kp50
212,50.0000,1.0000,0.0216,0.0223,-0.0073,-0.0611,0.0000,kp50
217,50.0000,1.0000,0.0216,0.0223,-0.0073,-0.0611,0.0000,kp50
222,50.0000,1.0000,0.0216,0.0223,-0.0073,-0.0611,0.0000,kp50
227,50.0000,1.0000,0.0216,0.0223,-0.0073,-0.0611,0.0000,kp50
232,50.0000,1.0000,0.0216,0.0223,-0.0073,-0.0611,0.0000,kp50
237,50.0000,1.0000,0.0216,0.0223,-0.0073,-0.0611,0.0000,kp50
242,50.0000,1.0000,0.0216,0.0223,-0.0073,-0.0611,0.0000,kp50
247,50.0000,1.0000,0.0216,0.0223,-0.0073,-0.0659,0.0000,kp50
252,50.0000,1.0000,0.0216,0.0223,-0.0073,-0.0659,0.0000,kp50
257,50.0000,1.0000,0.0216,0.0223,-0.0073,-0.0659,0.0000,kp50
262,50.0000,1.0000,0.0216,0.0223,-0.0073,-0.0611,0.0000,kp50
267,50.0000,1.0000,0.0216,0.0223,-0.0073,-0.0611,0.0000,kp50
272,50.0000,1.0000,0.0216,0.0223,-0.0073,-0.0611,0.0000,kp50
277,50.0000,1.0000,0.0216,0.0223,-0.0073,-0.0611,0.0000,kp50
283,50.0000,1.0000,0.0216,0.0223,-0.0073,-0.0659,0.0000,kp50
288,50.0000,1.0000,0.0216,0.0223,-0.0073,-0.0659,0.0000,kp50
293,50.0000,1.0000,0.0216,0.0223,-0.0073,-0.0611,0.0000,kp50
298,50.0000,1.0000,0.0216,0.0223,-0.0073,-0.0611,0.0000,kp50
303,50.0000,1.0000,0.0216,0.0223,-0.0073,-0.0611,0.0000,kp50
308,50.0000,1.0000,0.0216,0.0223,-0.0073,-0.0611,0.0000,kp50
313,50.0000,1.0000,0.0216,0.0223,-0.0073,-0.0611,0.0000,kp50
318,50.0000,1.0000,0.0216,0.0223,-0.0073,-0.0611,0.0000,kp50
323,50.0000,1.0000,0.0216,0.0223,-0.0073,-0.0611,0.0000,kp50
328,50.0000,1.0000,0.0216,0.0223,-0.0073,-0.0611,0.0000,kp50
333,50.0000,1.0000,0.0216,0.0223,-0.0073,-0.0611,0.0000,kp50
338,50.0000,1.0000,0.0216,0.0223,-0.0073,-0.0611,0.0000,kp50
343,50.0000,1.0000,0.0216,0.0223,-0.0073,-0.0611,0.0000,kp50
348,50.0000,1.0000,0.0216,0.0223,-0.0073,-0.0611,0.0000,kp50
353,50.0000,1.0000,0.0216,0.0223,-0.0073,-0.0611,0.0000,kp50
358,50.0000,1.0000,0.0216,0.0223,-0.0073,-0.0611,0.0000,kp50
363,50.0000,1.0000,0.0216,0.0223,-0.0073,-0.0611,0.0000,kp50
368,50.0000,1.0000,0.0216,0.0223,-0.0073,-0.0611,0.0000,kp50
374,50.0000,1.0000,0.0216,0.0223,-0.0073,-0.0611,0.0000,kp50
379,50.0000,1.0000,0.0216,0.0223,-0.0073,-0.0611,0.0000,kp50
384,50.0000,1.0000,0.0216,0.0223,-0.0073,-0.0611,0.0000,kp50
389,50.0000,1.0000,0.0216,0.0223,-0.0073,-0.0611,0.0000,kp50
394,50.0000,1.0000,0.0216,0.0223,-0.0073,-0.0611,0.0000,kp50
399,50.0000,1.0000,0.0216,0.0223,-0.0073,-0.0611,0.0000,kp50
404,50.0000,1.0000,0.0216,0.0223,-0.0073,-0.0611,0.0000,kp50
409,50.0000,1.0000,0.0216,0.0223,-0.0073,-0.0611,0.0000,kp50
414,50.0000,1.0000,0.0216,0.0223,-0.0073,-0.0611,0.0000,kp50
419,50.0000,1.0000,0.0216,0.0223,-0.0073,-0.0611,0.0000,kp50
424,50.0000,1.0000,0.0216,0.0223,-0.0073,-0.0611,0.0000,kp50
429,50.0000,1.0000,0.0216,0.0223,-0.0073,-0.0611,0.0000,kp50
434,50.0000,1.0000,0.0216,0.0223,-0.0073,-0.0611,0.0000,kp50
439,50.0000,1.0000,0.0216,0.0223,-0.0073,-0.0611,0.0000,kp50
444,50.0000,1.0000,0.0216,0.0223,-0.0073,-0.0611,0.0000,kp50
449,50.0000,1.0000,0.0216,0.0223,-0.0073,-0.0611,0.0000,kp50
454,50.0000,1.0000,0.0216,0.0223,-0.0073,-0.0562,0.0000,kp50
459,50.0000,1.0000,0.0216,0.0223,-0.0073,-0.0562,0.0000,kp50
465,50.0000,1.0000,0.0216,0.0223,-0.0073,-0.0611,0.0000,kp50
470,50.0000,1.0000,0.0216,0.0223,-0.0073,-0.0611,0.0000,kp50
475,50.0000,1.0000,0.0216,0.0223,-0.0073,-0.0562,0.0000,kp50
480,50.0000,1.0000,0.0216,0.0223,-0.0073,-0.0562,0.0000,kp50
485,50.0000,1.0000,0.0216,0.0223,-0.0073,-0.0562,0.0000,kp50
490,50.0000,1.0000,0.0216,0.0223,-0.0073,-0.0562,0.0000,kp50
495,50.0000,1.0000,0.0216,0.0223,-0.0073,-0.0562,0.0000,kp50
500,50.0000,1.0000,0.0216,0.0223,-0.0073,-0.0562,0.0000,kp50
505,50.0000,1.0000,0.0216,0.0223,-0.0073,-0.0611,0.0000,kp50
510,50.0000,1.0000,0.0216,0.0223,-0.0073,-0.0562,0.0000,kp50
515,50.0000,1.0000,0.0216,0.0223,-0.0073,-0.0513,0.0000,kp50
520,50.0000,1.0000,0.0216,0.0223,-0.0073,-0.0562,0.0000,kp50
525,50.0000,1.0000,0.0216,0.0223,-0.0073,-0.0513,0.0000,kp50
530,50.0000,1.0000,0.0216,0.0223,-0.0073,-0.0562,0.0000,kp50
535,50.0000,1.0000,0.0216,0.0223,-0.0073,-0.0562,0.0000,kp50
540,50.0000,1.0000,0.0216,0.0223,-0.0073,-0.0513,0.0000,kp50
545,50.0000,1.0000,0.0216,0.0223,-0.0073,-0.0562,0.0000,kp50
551,50.0000,1.0000,0.0216,0.0223,-0.0073,-0.0513,0.0000,kp50
556,50.0000,1.0000,0.0216,0.0223,-0.0073,-0.0513,0.0000,kp50
561,50.0000,1.0000,0.0216,0.0223,-0.0073,-0.0513,0.0000,kp50
566,50.0000,1.0000,0.0216,0.0223,-0.0073,-0.0513,0.0000,kp50
571,50.0000,1.0000,0.0216,0.0223,-0.0073,-0.0513,0.0000,kp50
576,50.0000,1.0000,0.0216,0.0223,-0.0073,-0.0513,0.0000,kp50
581,50.0000,1.0000,0.0216,0.0223,-0.0073,-0.0513,0.0000,kp50
586,50.0000,1.0000,0.0216,0.0223,-0.0073,-0.0562,0.0000,kp50
591,50.0000,1.0000,0.0216,0.0223,-0.0073,-0.0513,0.0000,kp50
596,50.0000,1.0000,0.0216,0.0223,-0.0073,-0.0513,0.0000,kp50
601,50.0000,1.0000,0.0216,0.0223,-0.0073,-0.0513,0.0000,kp50
606,50.0000,1.0000,0.0216,0.0223,-0.0073,-0.0513,0.0000,kp50
611,50.0000,1.0000,0.0216,0.0223,-0.0073,-0.0513,0.0000,kp50
616,50.0000,1.0000,0.0216,0.0219,-0.0073,-0.0513,0.0000,kp50
621,50.0000,1.0000,0.0216,0.0219,-0.0073,-0.0513,0.0000,kp50
626,50.0000,1.0000,0.0216,0.0219,-0.0073,-0.0513,0.0000,kp50
631,50.0000,1.0000,0.0216,0.0219,-0.0073,-0.0513,0.0000,kp50
637,50.0000,1.0000,0.0216,0.0219,-0.0073,-0.0513,0.0000,kp50
642,50.0000,1.0000,0.0216,0.0219,-0.0073,-0.0464,0.0000,kp50
647,50.0000,1.0000,0.0216,0.0219,-0.0073,-0.0513,0.0000,kp50
652,50.0000,1.0000,0.0216,0.0219,-0.0073,-0.0464,0.0000,kp50
657,50.0000,1.0000,0.0216,0.0219,-0.0073,-0.0464,0.0000,kp50
662,50.0000,1.0000,0.0216,0.0219,-0.0073,-0.0464,0.0000,kp50
667,50.0000,1.0000,0.0216,0.0219,-0.0073,-0.0464,0.0000,kp50
672,50.0000,1.0000,0.0216,0.0219,-0.0073,-0.0464,0.0000,kp50
677,50.0000,1.0000,0.0216,0.0219,-0.0073,-0.0415,0.0000,kp50
682,50.0000,1.0000,0.0216,0.0219,-0.0073,-0.0415,0.0000,kp50
687,50.0000,1.0000,0.0216,0.0219,-0.0073,-0.0415,0.0000,kp50
692,50.0000,1.0000,0.0216,0.0219,-0.0073,-0.0464,0.0000,kp50
697,50.0000,1.0000,0.0216,0.0219,-0.0073,-0.0464,0.0000,kp50
702,50.0000,1.0000,0.0216,0.0219,-0.0073,-0.0464,0.0000,kp50
707,50.0000,1.0000,0.0216,0.0219,-0.0073,-0.0415,0.0000,kp50
712,50.0000,1.0000,0.0216,0.0219,-0.0073,-0.0415,0.0000,kp50
717,50.0000,1.0000,0.0216,0.0219,-0.0073,-0.0464,0.0000,kp50
722,50.0000,1.0000,0.0216,0.0219,-0.0073,-0.0415,0.0000,kp50
728,50.0000,1.0000,0.0216,0.0219,-0.0073,-0.0415,0.0000,kp50
733,50.0000,1.0000,0.0216,0.0219,-0.0073,-0.0415,0.0000,kp50
738,50.0000,1.0000,0.0216,0.0219,-0.0073,-0.0415,0.0000,kp50
743,50.0000,1.0000,0.0216,0.0219,-0.0073,-0.0415,0.0000,kp50
748,50.0000,1.0000,0.0216,0.0219,-0.0073,-0.0415,0.0000,kp50
753,50.0000,1.0000,0.0216,0.0219,-0.0073,-0.0415,0.0000,kp50
758,50.0000,1.0000,0.0216,0.0219,-0.0073,-0.0415,0.0000,kp50
763,50.0000,1.0000,0.0216,0.0219,-0.0073,-0.0366,0.0000,kp50
768,50.0000,1.0000,0.0216,0.0219,-0.0073,-0.0366,0.0000,kp50
773,50.0000,1.0000,0.0216,0.0219,-0.0073,-0.0366,0.0000,kp50
778,50.0000,1.0000,0.0216,0.0219,-0.0073,-0.0366,0.0000,kp50
783,50.0000,1.0000,0.0216,0.0219,-0.0073,-0.0366,0.0000,kp50
788,50.0000,1.0000,0.0216,0.0219,-0.0073,-0.0366,0.0000,kp50
793,50.0000,1.0000,0.0216,0.0219,-0.0073,-0.0366,0.0000,kp50
798,50.0000,1.0000,0.0216,0.0219,-0.0073,-0.0366,0.0000,kp50
803,50.0000,1.0000,0.0216,0.0219,-0.0073,-0.0366,0.0000,kp50
808,50.0000,1.0000,0.0216,0.0219,-0.0073,-0.0366,0.0000,kp50
813,50.0000,1.0000,0.0216,0.0219,-0.0073,-0.0366,0.0000,kp50
819,50.0000,1.0000,0.0216,0.0219,-0.0073,-0.0317,0.0000,kp50
824,50.0000,1.0000,0.0216,0.0219,-0.0073,-0.0317,0.0000,kp50
829,50.0000,1.0000,0.0216,0.0219,-0.0073,-0.0366,0.0000,kp50
834,50.0000,1.0000,0.0216,0.0219,-0.0073,-0.0317,0.0000,kp50
839,50.0000,1.0000,0.0216,0.0219,-0.0073,-0.0317,0.0000,kp50
844,50.0000,1.0000,0.0216,0.0219,-0.0073,-0.0317,0.0000,kp50
849,50.0000,1.0000,0.0216,0.0219,-0.0073,-0.0317,0.0000,kp50
854,50.0000,1.0000,0.0216,0.0219,-0.0073,-0.0317,0.0000,kp50
859,50.0000,1.0000,0.0216,0.0219,-0.0073,-0.0317,0.0000,kp50
864,50.0000,1.0000,0.0216,0.0216,-0.0073,-0.0317,0.0000,kp50
869,50.0000,1.0000,0.0216,0.0216,-0.0073,-0.0317,0.0000,kp50
874,50.0000,1.0000,0.0216,0.0216,-0.0073,-0.0317,0.0000,kp50
879,50.0000,1.0000,0.0216,0.0216,-0.0073,-0.0317,0.0000,kp50
884,50.0000,1.0000,0.0216,0.0216,-0.0073,-0.0317,0.0000,kp50
889,50.0000,1.0000,0.0216,0.0216,-0.0073,-0.0269,0.0000,kp50
894,50.0000,1.0000,0.0216,0.0216,-0.0073,-0.0317,0.0000,kp50
899,50.0000,1.0000,0.0216,0.0216,-0.0073,-0.0317,0.0000,kp50
905,50.0000,1.0000,0.0216,0.0216,-0.0073,-0.0269,0.0000,kp50
910,50.0000,1.0000,0.0216,0.0216,-0.0073,-0.0317,0.0000,kp50
915,50.0000,1.0000,0.0216,0.0216,-0.0073,-0.0269,0.0000,kp50
920,50.0000,1.0000,0.0216,0.0216,-0.0073,-0.0317,0.0000,kp50
925,50.0000,1.0000,0.0216,0.0216,-0.0073,-0.0317,0.0000,kp50
930,50.0000,1.0000,0.0216,0.0216,-0.0073,-0.0317,0.0000,kp50
935,50.0000,1.0000,0.0216,0.0216,-0.0073,-0.0317,0.0000,kp50
940,50.0000,1.0000,0.0216,0.0216,-0.0073,-0.0317,0.0000,kp50
945,50.0000,1.0000,0.0216,0.0216,-0.0073,-0.0317,0.0000,kp50
950,50.0000,1.0000,0.0216,0.0216,-0.0073,-0.0317,0.0000,kp50
955,50.0000,1.0000,0.0216,0.0216,-0.0073,-0.0269,0.0000,kp50
960,50.0000,1.0000,0.0216,0.0216,-0.0073,-0.0317,0.0000,kp50
965,50.0000,1.0000,0.0216,0.0216,-0.0073,-0.0269,0.0000,kp50
970,50.0000,1.0000,0.0216,0.0216,-0.0073,-0.0269,0.0000,kp50
975,50.0000,1.0000,0.0216,0.0216,-0.0073,-0.0317,0.0000,kp50
980,50.0000,1.0000,0.0216,0.0216,-0.0073,-0.0269,0.0000,kp50
985,50.0000,1.0000,0.0216,0.0216,-0.0073,-0.0317,0.0000,kp50
990,50.0000,1.0000,0.0216,0.0216,-0.0073,-0.0317,0.0000,kp50
996,50.0000,1.0000,0.0216,0.0216,-0.0073,-0.0269,0.0000,kp50
1001,50.0000,1.0000,0.0216,0.0216,-0.0073,-0.0317,0.0000,kp50
1006,50.0000,1.0000,0.0216,0.0216,-0.0073,-0.0317,0.0000,kp50
1011,50.0000,1.0000,0.0216,0.0216,-0.0073,-0.0269,0.0000,kp50
1016,50.0000,1.0000,0.0216,0.0216,-0.0073,-0.0269,0.0000,kp50
1021,50.0000,1.0000,0.0216,0.0216,-0.0073,-0.0269,0.0000,kp50
1026,50.0000,1.0000,0.0216,0.0216,-0.0073,-0.0269,0.0000,kp50
1031,50.0000,1.0000,0.0216,0.0216,-0.0073,-0.0269,0.0000,kp50
1036,50.0000,1.0000,0.0216,0.0216,-0.0073,-0.0317,0.0000,kp50
1041,50.0000,1.0000,0.0216,0.0216,-0.0073,-0.0269,0.0000,kp50
1046,50.0000,1.0000,0.0216,0.0216,-0.0073,-0.0269,0.0000,kp50
1051,50.0000,1.0000,0.0216,0.0216,-0.0073,-0.0269,0.0000,kp50
1056,50.0000,1.0000,0.0216,0.0216,-0.0073,-0.0269,0.0000,kp50
1061,50.0000,1.0000,0.0216,0.0216,-0.0073,-0.0269,0.0000,kp50
1066,50.0000,1.0000,0.0216,0.0216,-0.0073,-0.0317,0.0000,kp50
1071,50.0000,1.0000,0.0216,0.0216,-0.0073,-0.0269,0.0000,kp50
1076,50.0000,1.0000,0.0216,0.0216,-0.0073,-0.0269,0.0000,kp50
1081,50.0000,1.0000,0.0216,0.0216,-0.0073,-0.0269,0.0000,kp50
1087,50.0000,1.0000,0.0216,0.0216,-0.0073,-0.0269,0.0000,kp50
1092,50.0000,1.0000,0.0216,0.0216,-0.0073,-0.0317,0.0000,kp50
1097,50.0000,1.0000,0.0216,0.0216,-0.0073,-0.0317,0.0000,kp50
1102,50.0000,1.0000,0.0216,0.0219,0.0073,-0.0317,0.0000,kp50
1107,50.0000,1.0000,0.0216,0.0219,-0.0073,-0.0317,0.0000,kp50
1112,50.0000,1.0000,0.0216,0.0219,-0.0073,-0.0366,0.0000,kp50
1117,50.0000,1.0000,0.0216,0.0219,-0.0073,-0.0317,0.0000,kp50
1122,50.0000,1.0000,0.0216,0.0219,-0.0073,-0.0317,0.0000,kp50
1127,50.0000,1.0000,0.0216,0.0219,-0.0073,-0.0317,0.0000,kp50
1132,50.0000,1.0000,0.0216,0.0219,-0.0073,-0.0317,0.0000,kp50
1137,50.0000,1.0000,0.0216,0.0219,-0.0073,-0.0317,0.0000,kp50
1142,50.0000,1.0000,0.0216,0.0219,-0.0073,-0.0317,0.0000,kp50
1147,50.0000,1.0000,0.0216,0.0219,-0.0073,-0.0317,0.0000,kp50
1152,50.0000,1.0000,0.0216,0.0219,-0.0073,-0.0317,0.0000,kp50
1157,50.0000,1.0000,0.0216,0.0219,-0.0073,-0.0317,0.0000,kp50
1162,50.0000,1.0000,0.0216,0.0219,-0.0073,-0.0366,0.0000,kp50
1167,50.0000,1.0000,0.0216,0.0219,-0.0073,-0.0317,0.0000,kp50
1172,50.0000,1.0000,0.0216,0.0219,-0.0073,-0.0317,0.0000,kp50
1178,50.0000,1.0000,0.0216,0.0219,-0.0073,-0.0317,0.0000,kp50
1183,50.0000,1.0000,0.0216,0.0219,-0.0073,-0.0317,0.0000,kp50
1188,50.0000,1.0000,0.0216,0.0219,-0.0073,-0.0317,0.0000,kp50
1193,50.0000,1.0000,0.0216,0.0219,-0.0073,-0.0317,0.0000,kp50
1198,50.0000,1.0000,0.0216,0.0219,-0.0073,-0.0317,0.0000,kp50
1203,50.0000,1.0000,0.0216,0.0219,-0.0073,-0.0366,0.0000,kp50
1208,50.0000,1.0000,0.0216,0.0219,-0.0073,-0.0317,0.0000,kp50
1213,50.0000,1.0000,0.0216,0.0219,-0.0073,-0.0317,0.0000,kp50
1218,50.0000,1.0000,0.0216,0.0219,-0.0073,-0.0317,0.0000,kp50
1223,50.0000,1.0000,0.0216,0.0219,-0.0073,-0.0317,0.0000,kp50
1228,50.0000,1.0000,0.0216,0.0219,-0.0073,-0.0317,0.0000,kp50
1233,50.0000,1.0000,0.0216,0.0219,-0.0073,-0.0317,0.0000,kp50
1238,50.0000,1.0000,0.0216,0.0219,-0.0073,-0.0366,0.0000,kp50
1243,50.0000,1.0000,0.0216,0.0219,-0.0073,-0.0317,0.0000,kp50
1248,50.0000,1.0000,0.0216,0.0219,-0.0073,-0.0317,0.0000,kp50
1253,50.0000,1.0000,0.0216,0.0219,-0.0073,-0.0317,0.0000,kp50
1258,50.0000,1.0000,0.0216,0.0219,-0.0073,-0.0317,0.0000,kp50
1264,50.0000,1.0000,0.0216,0.0219,-0.0073,-0.0317,0.0000,kp50
1269,50.0000,1.0000,0.0216,0.0219,-0.0073,-0.0317,0.0000,kp50
1274,50.0000,1.0000,0.0216,0.0219,-0.0073,-0.0317,0.0000,kp50
1279,50.0000,1.0000,0.0216,0.0219,-0.0073,-0.0317,0.0000,kp50
1284,50.0000,1.0000,0.0216,0.0219,-0.0073,-0.0317,0.0000,kp50
1289,50.0000,1.0000,0.0216,0.0219,-0.0073,-0.0317,0.0000,kp50
1294,50.0000,1.0000,0.0216,0.0219,-0.0073,-0.0317,0.0000,kp50
1299,50.0000,1.0000,0.0216,0.0219,-0.0073,-0.0317,0.0000,kp50
1304,50.0000,1.0000,0.0216,0.0219,-0.0073,-0.0366,0.0000,kp50
1309,50.0000,1.0000,0.0216,0.0219,-0.0073,-0.0366,0.0000,kp50
1314,50.0000,1.0000,0.0216,0.0219,-0.0073,-0.0366,0.0000,kp50
1319,50.0000,1.0000,0.0216,0.0219,-0.0073,-0.0366,0.0000,kp50
1324,50.0000,1.0000,0.0216,0.0219,-0.0073,-0.0317,0.0000,kp50
1329,50.0000,1.0000,0.0216,0.0219,-0.0073,-0.0366,0.0000,kp50
1334,50.0000,1.0000,0.0216,0.0219,-0.0073,-0.0317,0.0000,kp50
1339,50.0000,1.0000,0.0216,0.0219,-0.0073,-0.0317,0.0000,kp50
1344,50.0000,1.0000,0.0216,0.0219,-0.0073,-0.0366,0.0000,kp50
1350,50.0000,1.0000,0.0216,0.0219,-0.0073,-0.0317,0.0000,kp50
1355,50.0000,1.0000,0.0216,0.0219,-0.0073,-0.0317,0.0000,kp50
1360,50.0000,1.0000,0.0216,0.0219,-0.0073,-0.0317,0.0000,kp50
1365,50.0000,1.0000,0.0216,0.0219,-0.0073,-0.0317,0.0000,kp50
1370,50.0000,1.0000,0.0216,0.0219,-0.0073,-0.0317,0.0000,kp50
1375,50.0000,1.0000,0.0216,0.0219,-0.0073,-0.0317,0.0000,kp50
1380,50.0000,1.0000,0.0216,0.0219,-0.0073,-0.0317,0.0000,kp50
1385,50.0000,1.0000,0.0216,0.0219,-0.0073,-0.0317,0.0000,kp50
1390,50.0000,1.0000,0.0216,0.0219,-0.0073,-0.0366,0.0000,kp50
1395,50.0000,1.0000,0.0216,0.0219,-0.0073,-0.0366,0.0000,kp50
1400,50.0000,1.0000,0.0216,0.0219,-0.0073,-0.0317,0.0000,kp50
1405,50.0000,1.0000,0.0216,0.0219,-0.0073,-0.0317,0.0000,kp50
1410,50.0000,1.0000,0.0216,0.0219,-0.0073,-0.0366,0.0000,kp50
1415,50.0000,1.0000,0.0216,0.0219,-0.0073,-0.0317,0.0000,kp50
1420,50.0000,1.0000,0.0216,0.0219,-0.0073,-0.0366,0.0000,kp50
1425,50.0000,1.0000,0.0216,0.0219,-0.0073,-0.0317,0.0000,kp50
1430,50.0000,1.0000,0.0216,0.0219,-0.0073,-0.0317,0.0000,kp50
1435,50.0000,1.0000,0.0216,0.0219,-0.0073,-0.0317,0.0000,kp50
1441,50.0000,1.0000,0.0216,0.0219,-0.0073,-0.0317,0.0000,kp50
1446,50.0000,1.0000,0.0216,0.0219,-0.0073,-0.0317,0.0000,kp50
1451,50.0000,1.0000,0.0216,0.0219,-0.0073,-0.0366,0.0000,kp50
1456,50.0000,1.0000,0.0216,0.0219,-0.0073,-0.0366,0.0000,kp50
1461,50.0000,1.0000,0.0216,0.0219,-0.0073,-0.0366,0.0000,kp50
1466,50.0000,1.0000,0.0216,0.0219,-0.0073,-0.0317,0.0000,kp50
1471,50.0000,1.0000,0.0216,0.0219,-0.0073,-0.0366,0.0000,kp50
1476,50.0000,1.0000,0.0216,0.0219,-0.0073,-0.0317,0.0000,kp50
1481,50.0000,1.0000,0.0216,0.0219,-0.0073,-0.0366,0.0000,kp50
1486,50.0000,1.0000,0.0216,0.0219,-0.0073,-0.0317,0.0000,kp50
1491,50.0000,1.0000,0.0216,0.0219,-0.0073,-0.0317,0.0000,kp50
1496,50.0000,1.0000,0.0216,0.0219,-0.0073,-0.0317,0.0000,kp50
1501,50.0000,1.0000,0.0216,0.0219,-0.0073,-0.0317,0.0000,kp50
1506,50.0000,1.0000,0.0216,0.0219,-0.0073,-0.0366,0.0000,kp50
1511,50.0000,1.0000,0.0216,0.0219,-0.0073,-0.0317,0.0000,kp50
1516,50.0000,1.0000,0.0216,0.0219,-0.0073,-0.0317,0.0000,kp50
1521,50.0000,1.0000,0.0216,0.0219,-0.0073,-0.0317,0.0000,kp50
1526,50.0000,1.0000,0.0216,0.0219,-0.0073,-0.0366,0.0000,kp50
1532,50.0000,1.0000,0.0216,0.0219,-0.0073,-0.0366,0.0000,kp50
1537,50.0000,1.0000,0.0216,0.0219,-0.0073,-0.0366,0.0000,kp50
1542,50.0000,1.0000,0.0216,0.0219,-0.0073,-0.0366,0.0000,kp50
1547,50.0000,1.0000,0.0216,0.0219,-0.0073,-0.0317,0.0000,kp50
1552,50.0000,1.0000,0.0216,0.0219,-0.0073,-0.0366,0.0000,kp50
1557,50.0000,1.0000,0.0216,0.0219,-0.0073,-0.0366,0.0000,kp50
1562,50.0000,1.0000,0.0216,0.0219,-0.0073,-0.0366,0.0000,kp50
1567,50.0000,1.0000,0.0216,0.0219,-0.0073,-0.0366,0.0000,kp50
1572,50.0000,1.0000,0.0216,0.0219,-0.0073,-0.0366,0.0000,kp50
1577,50.0000,1.0000,0.0216,0.0219,-0.0073,-0.0317,0.0000,kp50
1582,50.0000,1.0000,0.0216,0.0219,-0.0073,-0.0366,0.0000,kp50
1587,50.0000,1.0000,0.0216,0.0219,-0.0073,-0.0366,0.0000,kp50
1592,50.0000,1.0000,0.0216,0.0219,-0.0073,-0.0366,0.0000,kp50
1597,50.0000,1.0000,0.0216,0.0219,-0.0073,-0.0317,0.0000,kp50
1602,50.0000,1.0000,0.0216,0.0219,-0.0073,-0.0317,0.0000,kp50
1607,50.0000,1.0000,0.0216,0.0219,-0.0073,-0.0317,0.0000,kp50
1612,50.0000,1.0000,0.0216,0.0219,-0.0073,-0.0366,0.0000,kp50
1618,50.0000,1.0000,0.0216,0.0219,-0.0073,-0.0317,0.0000,kp50
1623,50.0000,1.0000,0.0216,0.0219,-0.0073,-0.0366,0.0000,kp50
1628,50.0000,1.0000,0.0216,0.0219,-0.0073,-0.0366,0.0000,kp50
1633,50.0000,1.0000,0.0216,0.0219,-0.0073,-0.0317,0.0000,kp50
1638,50.0000,1.0000,0.0216,0.0219,-0.0073,-0.0366,0.0000,kp50
1643,50.0000,1.0000,0.0216,0.0219,-0.0073,-0.0366,0.0000,kp50
1648,50.0000,1.0000,0.0216,0.0219,-0.0073,-0.0366,0.0000,kp50
1653,50.0000,1.0000,0.0216,0.0219,-0.0073,-0.0366,0.0000,kp50
1658,50.0000,1.0000,0.0216,0.0219,-0.0073,-0.0317,0.0000,kp50
1663,50.0000,1.0000,0.0216,0.0219,-0.0073,-0.0366,0.0000,kp50
1668,50.0000,1.0000,0.0216,0.0219,-0.0073,-0.0366,0.0000,kp50
1673,50.0000,1.0000,0.0216,0.0219,-0.0073,-0.0317,0.0000,kp50
1678,50.0000,1.0000,0.0216,0.0219,-0.0073,-0.0366,0.0000,kp50
1683,50.0000,1.0000,0.0216,0.0219,-0.0073,-0.0366,0.0000,kp50
1688,50.0000,1.0000,0.0216,0.0219,-0.0073,-0.0366,0.0000,kp50
1693,50.0000,1.0000,0.0216,0.0219,-0.0073,-0.0366,0.0000,kp50
1698,50.0000,1.0000,0.0216,0.0219,-0.0073,-0.0366,0.0000,kp50
1703,50.0000,1.0000,0.0216,0.0219,-0.0073,-0.0366,0.0000,kp50
1709,50.0000,1.0000,0.0216,0.0219,-0.0073,-0.0366,0.0000,kp50
1714,50.0000,1.0000,0.0216,0.0219,-0.0073,-0.0366,0.0000,kp50
1719,50.0000,1.0000,0.0216,0.0219,-0.0073,-0.0317,0.0000,kp50
1724,50.0000,1.0000,0.0216,0.0219,-0.0073,-0.0366,0.0000,kp50
1729,50.0000,1.0000,0.0216,0.0219,-0.0073,-0.0366,0.0000,kp50
1734,50.0000,1.0000,0.0216,0.0219,-0.0073,-0.0317,0.0000,kp50
1739,50.0000,1.0000,0.0216,0.0219,-0.0073,-0.0317,0.0000,kp50
1744,50.0000,1.0000,0.0216,0.0219,-0.0073,-0.0366,0.0000,kp50
1749,50.0000,1.0000,0.0216,0.0219,-0.0073,-0.0317,0.0000,kp50
1754,50.0000,1.0000,0.0216,0.0219,-0.0073,-0.0317,0.0000,kp50
1759,50.0000,1.0000,0.0216,0.0219,-0.0073,-0.0317,0.0000,kp50
1764,50.0000,1.0000,0.0216,0.0219,-0.0073,-0.0317,0.0000,kp50
1769,50.0000,1.0000,0.0216,0.0219,-0.0073,-0.0317,0.0000,kp50
1774,50.0000,1.0000,0.0216,0.0219,-0.0073,-0.0366,0.0000,kp50
1779,50.0000,1.0000,0.0216,0.0219,-0.0073,-0.0317,0.0000,kp50
1784,50.0000,1.0000,0.0216,0.0219,-0.0073,-0.0366,0.0000,kp50
1789,50.0000,1.0000,0.0216,0.0219,-0.0073,-0.0317,0.0000,kp50
1794,50.0000,1.0000,0.0216,0.0219,-0.0073,-0.0317,0.0000,kp50
1800,50.0000,1.0000,0.0216,0.0219,-0.0073,-0.0317,0.0000,kp50
1805,50.0000,1.0000,0.0216,0.0219,-0.0073,-0.0366,0.0000,kp50
1810,50.0000,1.0000,0.0216,0.0219,-0.0073,-0.0366,0.0000,kp50
1815,50.0000,1.0000,0.0216,0.0219,-0.0073,-0.0317,0.0000,kp50
1820,50.0000,1.0000,0.0216,0.0219,-0.0073,-0.0317,0.0000,kp50
1825,50.0000,1.0000,0.0216,0.0219,-0.0073,-0.0366,0.0000,kp50
1830,50.0000,1.0000,0.0216,0.0219,-0.0073,-0.0366,0.0000,kp50
1835,50.0000,1.0000,0.0216,0.0219,-0.0073,-0.0317,0.0000,kp50
1840,50.0000,1.0000,0.0216,0.0219,-0.0073,-0.0317,0.0000,kp50
1845,50.0000,1.0000,0.0216,0.0219,-0.0073,-0.0317,0.0000,kp50
1850,50.0000,1.0000,0.0216,0.0219,-0.0073,-0.0317,0.0000,kp50
1855,50.0000,1.0000,0.0216,0.0219,-0.0073,-0.0317,0.0000,kp50
1860,50.0000,1.0000,0.0216,0.0219,-0.0073,-0.0317,0.0000,kp50
1865,50.0000,1.0000,0.0216,0.0219,-0.0073,-0.0317,0.0000,kp50
1870,50.0000,1.0000,0.0216,0.0219,-0.0073,-0.0366,0.0000,kp50
1875,50.0000,1.0000,0.0216,0.0219,-0.0073,-0.0366,0.0000,kp50
1880,50.0000,1.0000,0.0216,0.0219,-0.0073,-0.0317,0.0000,kp50
1885,50.0000,1.0000,0.0216,0.0219,-0.0073,-0.0317,0.0000,kp50
1891,50.0000,1.0000,0.0216,0.0219,-0.0073,-0.0317,0.0000,kp50
1896,50.0000,1.0000,0.0216,0.0219,-0.0073,-0.0317,0.0000,kp50
1901,50.0000,1.0000,0.0216,0.0219,-0.0073,-0.0317,0.0000,kp50
1906,50.0000,1.0000,0.0216,0.0216,-0.0073,-0.0317,0.0000,kp50
1911,50.0000,1.0000,0.0216,0.0216,-0.0073,-0.0269,0.0000,kp50
1916,50.0000,1.0000,0.0216,0.0216,-0.0073,-0.0317,0.0000,kp50
1921,50.0000,1.0000,0.0216,0.0216,-0.0073,-0.0317,0.0000,kp50
1926,50.0000,1.0000,0.0216,0.0216,-0.0073,-0.0317,0.0000,kp50
1931,50.0000,1.0000,0.0216,0.0216,-0.0073,-0.0317,0.0000,kp50
1936,50.0000,1.0000,0.0216,0.0216,-0.0073,-0.0317,0.0000,kp50
1941,50.0000,1.0000,0.0216,0.0216,-0.0073,-0.0317,0.0000,kp50
1946,50.0000,1.0000,0.0216,0.0216,-0.0073,-0.0317,0.0000,kp50
1951,50.0000,1.0000,0.0216,0.0216,-0.0073,-0.0317,0.0000,kp50
1956,50.0000,1.0000,0.0216,0.0216,-0.0073,-0.0317,0.0000,kp50
1961,50.0000,1.0000,0.0216,0.0216,-0.0073,-0.0317,0.0000,kp50
1966,50.0000,1.0000,0.0216,0.0216,-0.0073,-0.0317,0.0000,kp50
1971,50.0000,1.0000,0.0216,0.0216,-0.0073,-0.0317,0.0000,kp50
1976,50.0000,1.0000,0.0216,0.0216,-0.0073,-0.0317,0.0000,kp50
1982,50.0000,1.0000,0.0216,0.0216,-0.0073,-0.0317,0.0000,kp50
1987,50.0000,1.0000,0.0216,0.0216,-0.0073,-0.0317,0.0000,kp50
1992,50.0000,1.0000,0.0216,0.0216,-0.0073,-0.0317,0.0000,kp50
1997,50.0000,1.0000,0.0216,0.0216,-0.0073,-0.0317,0.0000,kp50
2002,50.0000,1.0000,0.0216,0.0216,-0.0073,-0.0269,0.0000,kp50
2007,50.0000,1.0000,0.0216,0.0216,-0.0073,-0.0269,0.0000,kp50
2012,50.0000,1.0000,0.0216,0.0216,-0.0073,-0.0317,0.0000,kp50
2017,50.0000,1.0000,0.0216,0.0216,-0.0073,-0.0317,0.0000,kp50
2022,50.0000,1.0000,0.0216,0.0216,-0.0073,-0.0317,0.0000,kp50
2027,50.0000,1.0000,0.0216,0.0216,-0.0073,-0.0317,0.0000,kp50
2032,50.0000,1.0000,0.0216,0.0216,-0.0073,-0.0269,0.0000,kp50
2037,50.0000,1.0000,0.0216,0.0216,-0.0073,-0.0317,0.0000,kp50
2042,50.0000,1.0000,0.0216,0.0216,-0.0073,-0.0317,0.0000,kp50
2047,50.0000,1.0000,0.0216,0.0216,-0.0073,-0.0317,0.0000,kp50
2052,50.0000,1.0000,0.0216,0.0216,-0.0073,-0.0317,0.0000,kp50
2057,50.0000,1.0000,0.0216,0.0216,-0.0073,-0.0317,0.0000,kp50
2062,50.0000,1.0000,0.0216,0.0216,-0.0073,-0.0317,0.0000,kp50
2067,50.0000,1.0000,0.0216,0.0216,-0.0073,-0.0317,0.0000,kp50
2073,50.0000,1.0000,0.0216,0.0216,-0.0073,-0.0317,0.0000,kp50
2078,50.0000,1.0000,0.0216,0.0216,-0.0073,-0.0317,0.0000,kp50
2083,50.0000,1.0000,0.0216,0.0216,-0.0073,-0.0317,0.0000,kp50
2088,50.0000,1.0000,0.0216,0.0216,-0.0073,-0.0317,0.0000,kp50
2093,50.0000,1.0000,0.0216,0.0216,-0.0073,-0.0317,0.0000,kp50
2098,50.0000,1.0000,0.0216,0.0219,-0.0073,-0.0317,0.0000,kp50
2103,50.0000,1.0000,0.0216,0.0219,-0.0073,-0.0317,0.0000,kp50
2108,50.0000,1.0000,0.0216,0.0219,-0.0073,-0.0317,0.0000,kp50
2113,50.0000,1.0000,0.0216,0.0219,-0.0073,-0.0317,0.0000,kp50
2118,50.0000,1.0000,0.0216,0.0219,-0.0073,-0.0317,0.0000,kp50
2123,50.0000,1.0000,0.0216,0.0219,-0.0073,-0.0317,0.0000,kp50
2128,50.0000,1.0000,0.0216,0.0219,-0.0073,-0.0317,0.0000,kp50
2133,50.0000,1.0000,0.0216,0.0219,-0.0073,-0.0366,0.0000,kp50
2138,50.0000,1.0000,0.0216,0.0219,-0.0073,-0.0366,0.0000,kp50
2143,50.0000,1.0000,0.0216,0.0219,-0.0073,-0.0317,0.0000,kp50
2148,50.0000,1.0000,0.0216,0.0219,-0.0073,-0.0317,0.0000,kp50
2153,50.0000,1.0000,0.0216,0.0219,-0.0073,-0.0317,0.0000,kp50
2158,50.0000,1.0000,0.0216,0.0219,-0.0073,-0.0317,0.0000,kp50
2164,50.0000,1.0000,0.0216,0.0219,-0.0073,-0.0366,0.0000,kp50
2169,50.0000,1.0000,0.0216,0.0219,-0.0073,-0.0366,0.0000,kp50
2174,50.0000,1.0000,0.0216,0.0219,-0.0073,-0.0366,0.0000,kp50
2179,50.0000,1.0000,0.0216,0.0219,-0.0073,-0.0317,0.0000,kp50
2184,50.0000,1.0000,0.0216,0.0219,-0.0073,-0.0366,0.0000,kp50
2189,50.0000,1.0000,0.0216,0.0219,-0.0073,-0.0366,0.0000,kp50
2194,50.0000,1.0000,0.0216,0.0219,-0.0073,-0.0366,0.0000,kp50
2199,50.0000,1.0000,0.0216,0.0219,-0.0073,-0.0366,0.0000,kp50
2204,50.0000,1.0000,0.0216,0.0219,-0.0073,-0.0366,0.0000,kp50
2209,50.0000,1.0000,0.0216,0.0219,-0.0073,-0.0317,0.0000,kp50
2214,50.0000,1.0000,0.0216,0.0219,-0.0073,-0.0366,0.0000,kp50
2219,50.0000,1.0000,0.0216,0.0219,-0.0073,-0.0366,0.0000,kp50
2224,50.0000,1.0000,0.0216,0.0219,-0.0073,-0.0366,0.0000,kp50
2229,50.0000,1.0000,0.0216,0.0219,-0.0073,-0.0366,0.0000,kp50
2234,50.0000,1.0000,0.0216,0.0219,-0.0073,-0.0366,0.0000,kp50
2239,50.0000,1.0000,0.0216,0.0219,-0.0073,-0.0366,0.0000,kp50
2244,50.0000,1.0000,0.0216,0.0219,-0.0073,-0.0366,0.0000,kp50
2250,50.0000,1.0000,0.0216,0.0219,-0.0073,-0.0366,0.0000,kp50
2255,50.0000,1.0000,0.0216,0.0219,-0.0073,-0.0366,0.0000,kp50
2260,50.0000,1.0000,0.0216,0.0219,-0.0073,-0.0366,0.0000,kp50
2265,50.0000,1.0000,0.0216,0.0219,-0.0073,-0.0366,0.0000,kp50
2270,50.0000,1.0000,0.0216,0.0219,-0.0073,-0.0366,0.0000,kp50
2275,50.0000,1.0000,0.0216,0.0219,-0.0073,-0.0366,0.0000,kp50
2280,50.0000,1.0000,0.0216,0.0219,-0.0073,-0.0366,0.0000,kp50
2285,50.0000,1.0000,0.0216,0.0219,-0.0073,-0.0366,0.0000,kp50
2290,50.0000,1.0000,0.0216,0.0219,-0.0073,-0.0366,0.0000,kp50
2295,50.0000,1.0000,0.0216,0.0219,-0.0073,-0.0366,0.0000,kp50
2300,50.0000,1.0000,0.0216,0.0219,-0.0073,-0.0415,0.0000,kp50
2305,50.0000,1.0000,0.0216,0.0219,-0.0073,-0.0415,0.0000,kp50
2310,50.0000,1.0000,0.0216,0.0219,-0.0073,-0.0415,0.0000,kp50
2315,50.0000,1.0000,0.0216,0.0219,-0.0073,-0.0366,0.0000,kp50
2320,50.0000,1.0000,0.0216,0.0219,-0.0073,-0.0366,0.0000,kp50
2325,50.0000,1.0000,0.0216,0.0219,-0.0073,-0.0366,0.0000,kp50
2330,50.0000,1.0000,0.0216,0.0219,-0.0073,-0.0415,0.0000,kp50
2335,50.0000,1.0000,0.0216,0.0219,-0.0073,-0.0366,0.0000,kp50
2341,50.0000,1.0000,0.0216,0.0219,-0.0073,-0.0366,0.0000,kp50
2346,50.0000,1.0000,0.0216,0.0219,-0.0073,-0.0366,0.0000,kp50
2351,50.0000,1.0000,0.0216,0.0219,-0.0073,-0.0415,0.0000,kp50
2356,50.0000,1.0000,0.0216,0.0219,-0.0073,-0.0415,0.0000,kp50
2361,50.0000,1.0000,0.0216,0.0219,-0.0073,-0.0366,0.0000,kp50
2366,50.0000,1.0000,0.0216,0.0219,-0.0073,-0.0415,0.0000,kp50
2371,50.0000,1.0000,0.0216,0.0219,-0.0073,-0.0415,0.0000,kp50
2376,50.0000,1.0000,0.0216,0.0219,-0.0073,-0.0415,0.0000,kp50
2381,50.0000,1.0000,0.0216,0.0219,-0.0073,-0.0366,0.0000,kp50
2386,50.0000,1.0000,0.0216,0.0219,-0.0073,-0.0366,0.0000,kp50
2391,50.0000,1.0000,0.0216,0.0219,-0.0073,-0.0415,0.0000,kp50
2396,50.0000,1.0000,0.0216,0.0219,-0.0073,-0.0415,0.0000,kp50
2401,50.0000,1.0000,0.0216,0.0219,-0.0073,-0.0415,0.0000,kp50
2406,50.0000,1.0000,0.0216,0.0219,-0.0073,-0.0415,0.0000,kp50
2411,50.0000,1.0000,0.0216,0.0219,-0.0073,-0.0415,0.0000,kp50
2416,50.0000,1.0000,0.0216,0.0219,-0.0073,-0.0415,0.0000,kp50
2421,50.0000,1.0000,0.0216,0.0219,-0.0073,-0.0415,0.0000,kp50
2426,50.0000,1.0000,0.0216,0.0219,-0.0073,-0.0415,0.0000,kp50
2432,50.0000,1.0000,0.0216,0.0219,-0.0073,-0.0415,0.0000,kp50
2437,50.0000,1.0000,0.0216,0.0219,-0.0073,-0.0415,0.0000,kp50
2442,50.0000,1.0000,0.0216,0.0219,-0.0073,-0.0415,0.0000,kp50
2447,50.0000,1.0000,0.0216,0.0219,-0.0073,-0.0415,0.0000,kp50
2452,50.0000,1.0000,0.0216,0.0219,-0.0073,-0.0464,0.0000,kp50
2457,50.0000,1.0000,0.0216,0.0219,-0.0073,-0.0415,0.0000,kp50
2462,50.0000,1.0000,0.0216,0.0219,-0.0073,-0.0415,0.0000,kp50
2467,50.0000,1.0000,0.0216,0.0219,-0.0073,-0.0415,0.0000,kp50
2472,50.0000,1.0000,0.0216,0.0219,-0.0073,-0.0415,0.0000,kp50
2477,50.0000,1.0000,0.0216,0.0219,-0.0073,-0.0415,0.0000,kp50
2482,50.0000,1.0000,0.0216,0.0219,-0.0073,-0.0415,0.0000,kp50
2487,50.0000,1.0000,0.0216,0.0219,-0.0073,-0.0415,0.0000,kp50
2492,50.0000,1.0000,0.0216,0.0219,-0.0073,-0.0415,0.0000,kp50
2497,50.0000,1.0000,0.0216,0.0219,-0.0073,-0.0415,0.0000,kp50
2502,50.0000,1.0000,0.0216,0.0219,-0.0073,-0.0415,0.0000,kp50
2507,50.0000,1.0000,0.0216,0.0219,-0.0073,-0.0415,0.0000,kp50
2512,50.0000,1.0000,0.0216,0.0219,-0.0073,-0.0415,0.0000,kp50
2518,50.0000,1.0000,0.0216,0.0219,-0.0073,-0.0415,0.0000,kp50
2523,50.0000,1.0000,0.0216,0.0219,-0.0073,-0.0415,0.0000,kp50
2528,50.0000,1.0000,0.0216,0.0219,-0.0073,-0.0415,0.0000,kp50
2533,50.0000,1.0000,0.0216,0.0219,-0.0073,-0.0415,0.0000,kp50
2538,50.0000,1.0000,0.0216,0.0219,-0.0073,-0.0415,0.0000,kp50
2543,50.0000,1.0000,0.0216,0.0219,-0.0073,-0.0415,0.0000,kp50
2548,50.0000,1.0000,0.0216,0.0219,-0.0073,-0.0415,0.0000,kp50
2553,50.0000,1.0000,0.0216,0.0219,-0.0073,-0.0415,0.0000,kp50
2558,50.0000,1.0000,0.0216,0.0219,-0.0073,-0.0415,0.0000,kp50
2563,50.0000,1.0000,0.0216,0.0219,-0.0073,-0.0415,0.0000,kp50
2568,50.0000,1.0000,0.0216,0.0219,-0.0073,-0.0415,0.0000,kp50
2573,50.0000,1.0000,0.0216,0.0219,-0.0073,-0.0415,0.0000,kp50
2578,50.0000,1.0000,0.0216,0.0219,-0.0073,-0.0415,0.0000,kp50
2583,50.0000,1.0000,0.0216,0.0219,-0.0073,-0.0415,0.0000,kp50
2588,50.0000,1.0000,0.0216,0.0219,-0.0073,-0.0415,0.0000,kp50
2593,50.0000,1.0000,0.0216,0.0219,-0.0073,-0.0415,0.0000,kp50
2598,50.0000,1.0000,0.0216,0.0219,-0.0073,-0.0415,0.0000,kp50
2603,50.0000,1.0000,0.0216,0.0219,-0.0073,-0.0415,0.0000,kp50
2609,50.0000,1.0000,0.0216,0.0219,-0.0073,-0.0415,0.0000,kp50
2614,50.0000,1.0000,0.0216,0.0219,-0.0073,-0.0415,0.0000,kp50
2619,50.0000,1.0000,0.0216,0.0219,-0.0073,-0.0415,0.0000,kp50
2624,50.0000,1.0000,0.0216,0.0219,-0.0073,-0.0415,0.0000,kp50
2629,50.0000,1.0000,0.0216,0.0219,-0.0073,-0.0415,0.0000,kp50
2634,50.0000,1.0000,0.0216,0.0219,-0.0073,-0.0415,0.0000,kp50
2639,50.0000,1.0000,0.0216,0.0219,-0.0073,-0.0415,0.0000,kp50
2644,50.0000,1.0000,0.0216,0.0219,-0.0073,-0.0366,0.0000,kp50
2649,50.0000,1.0000,0.0216,0.0219,-0.0073,-0.0366,0.0000,kp50
2654,50.0000,1.0000,0.0216,0.0219,-0.0073,-0.0366,0.0000,kp50
2659,50.0000,1.0000,0.0216,0.0219,-0.0073,-0.0415,0.0000,kp50
2664,50.0000,1.0000,0.0216,0.0219,-0.0073,-0.0366,0.0000,kp50
2669,50.0000,1.0000,0.0216,0.0219,-0.0073,-0.0415,0.0000,kp50
2674,50.0000,1.0000,0.0216,0.0219,-0.0073,-0.0415,0.0000,kp50
2679,50.0000,1.0000,0.0216,0.0219,-0.0073,-0.0366,0.0000,kp50
2684,50.0000,1.0000,0.0216,0.0219,-0.0073,-0.0366,0.0000,kp50
2689,50.0000,1.0000,0.0216,0.0219,-0.0073,-0.0366,0.0000,kp50
2694,50.0000,1.0000,0.0216,0.0219,-0.0073,-0.0366,0.0000,kp50
2700,50.0000,1.0000,0.0216,0.0219,-0.0073,-0.0366,0.0000,kp50
2705,50.0000,1.0000,0.0216,0.0219,-0.0073,-0.0366,0.0000,kp50
2710,50.0000,1.0000,0.0216,0.0219,-0.0073,-0.0366,0.0000,kp50
2715,50.0000,1.0000,0.0216,0.0219,-0.0073,-0.0366,0.0000,kp50
2720,50.0000,1.0000,0.0216,0.0219,-0.0073,-0.0366,0.0000,kp50
2725,50.0000,1.0000,0.0216,0.0219,-0.0073,-0.0366,0.0000,kp50
2730,50.0000,1.0000,0.0216,0.0219,-0.0073,-0.0366,0.0000,kp50
2735,50.0000,1.0000,0.0216,0.0219,-0.0073,-0.0366,0.0000,kp50
2740,50.0000,1.0000,0.0216,0.0219,-0.0073,-0.0366,0.0000,kp50
2745,50.0000,1.0000,0.0216,0.0219,-0.0073,-0.0366,0.0000,kp50
2750,50.0000,1.0000,0.0216,0.0219,-0.0073,-0.0366,0.0000,kp50
2755,50.0000,1.0000,0.0216,0.0219,-0.0073,-0.0366,0.0000,kp50
2760,50.0000,1.0000,0.0216,0.0219,-0.0073,-0.0366,0.0000,kp50
2765,50.0000,1.0000,0.0216,0.0219,-0.0073,-0.0366,0.0000,kp50
2770,50.0000,1.0000,0.0216,0.0219,-0.0073,-0.0366,0.0000,kp50
2775,50.0000,1.0000,0.0216,0.0219,-0.0220,-0.0415,0.0000,kp50
2780,50.0000,1.0000,0.0216,0.0219,0.0220,-0.0366,0.0000,kp50
2785,50.0000,1.0000,0.0216,0.0219,-0.0220,-0.0415,0.0000,kp50
2791,50.0000,1.0000,0.0216,0.0219,-0.0073,-0.0415,0.0000,kp50
2796,50.0000,1.0000,0.0216,0.0219,0.0073,-0.0366,0.0000,kp50
2801,50.0000,1.0000,0.0216,0.0219,-0.0366,-0.0366,0.0000,kp50
2806,50.0000,1.0000,0.0216,0.0219,-0.0073,-0.0415,0.0000,kp50
2811,50.0000,1.0000,0.0216,0.0219,0.0073,-0.0366,0.0000,kp50
2816,50.0000,1.0000,0.0216,0.0219,-0.0073,-0.0415,0.0000,kp50
2821,50.0000,1.0000,0.0216,0.0219,-0.0073,-0.0415,0.0000,kp50
2826,50.0000,1.0000,0.0216,0.0219,-0.0073,-0.0415,0.0000,kp50
2831,50.0000,1.0000,0.0216,0.0219,-0.0073,-0.0415,0.0000,kp50
2836,50.0000,1.0000,0.0216,0.0219,-0.0073,-0.0415,0.0000,kp50
2841,50.0000,1.0000,0.0216,0.0219,-0.0073,-0.0415,0.0000,kp50
2846,50.0000,1.0000,0.0216,0.0219,-0.0073,-0.0415,0.0000,kp50
2851,50.0000,1.0000,0.0216,0.0219,-0.0073,-0.0415,0.0000,kp50
2856,50.0000,1.0000,0.0216,0.0219,-0.0073,-0.0415,0.0000,kp50
2861,50.0000,1.0000,0.0216,0.0219,-0.0073,-0.0415,0.0000,kp50
2866,50.0000,1.0000,0.0216,0.0219,-0.0073,-0.0415,0.0000,kp50
2871,50.0000,1.0000,0.0216,0.0219,-0.0073,-0.0415,0.0000,kp50
2877,50.0000,1.0000,0.0216,0.0219,-0.0073,-0.0415,0.0000,kp50
2882,50.0000,1.0000,0.0216,0.0219,-0.0073,-0.0415,0.0000,kp50
2887,50.0000,1.0000,0.0216,0.0219,-0.0073,-0.0415,0.0000,kp50
2892,50.0000,1.0000,0.0216,0.0219,-0.0073,-0.0366,0.0000,kp50
2897,50.0000,1.0000,0.0216,0.0219,-0.0073,-0.0415,0.0000,kp50
2902,50.0000,1.0000,0.0216,0.0219,-0.0073,-0.0415,0.0000,kp50
2907,50.0000,1.0000,0.0216,0.0219,-0.0073,-0.0415,0.0000,kp50
2912,50.0000,1.0000,0.0216,0.0219,-0.0073,-0.0415,0.0000,kp50
2917,50.0000,1.0000,0.0216,0.0219,-0.0073,-0.0415,0.0000,kp50
2922,50.0000,1.0000,0.0216,0.0219,-0.0073,-0.0366,0.0000,kp50
2927,50.0000,1.0000,0.0216,0.0219,-0.0073,-0.0415,0.0000,kp50
2932,50.0000,1.0000,0.0216,0.0219,-0.0073,-0.0415,0.0000,kp50
2937,50.0000,1.0000,0.0216,0.0219,-0.0073,-0.0415,0.0000,kp50
2942,50.0000,1.0000,0.0216,0.0219,-0.0073,-0.0415,0.0000,kp50
2947,50.0000,1.0000,0.0216,0.0219,-0.0073,-0.0415,0.0000,kp50
2952,50.0000,1.0000,0.0216,0.0219,-0.0073,-0.0366,0.0000,kp50
2957,50.0000,1.0000,0.0216,0.0219,-0.0073,-0.0415,0.0000,kp50
2962,50.0000,1.0000,0.0216,0.0219,-0.0073,-0.0415,0.0000,kp50
2968,50.0000,1.0000,0.0216,0.0219,-0.0073,-0.0366,0.0000,kp50
2973,50.0000,1.0000,0.0216,0.0219,-0.0073,-0.0415,0.0000,kp50
2978,50.0000,1.0000,0.0216,0.0219,-0.0073,-0.0415,0.0000,kp50
2983,50.0000,1.0000,0.0216,0.0219,-0.0073,-0.0415,0.0000,kp50
2988,50.0000,1.0000,0.0216,0.0219,-0.0073,-0.0415,0.0000,kp50
2993,50.0000,1.0000,0.0216,0.0219,-0.0073,-0.0415,0.0000,kp50
2998,50.0000,1.0000,0.0216,0.0219,-0.0073,-0.0415,0.0000,kp50
3003,50.0000,1.0000,0.0216,0.0219,-0.0073,-0.0415,0.0000,kp50
3008,50.0000,1.0000,0.0216,0.0219,-0.0073,-0.0415,0.0000,kp50
3013,50.0000,1.0000,0.0216,0.0219,-0.0073,-0.0415,0.0000,kp50
3018,50.0000,1.0000,0.0216,0.0219,-0.0073,-0.0415,0.0000,kp50
3023,50.0000,1.0000,0.0216,0.0219,-0.0073,-0.0415,0.0000,kp50
3028,50.0000,1.0000,0.0216,0.0219,-0.0073,-0.0415,0.0000,kp50
3033,50.0000,1.0000,0.0216,0.0219,-0.0073,-0.0415,0.0000,kp50
3038,50.0000,1.0000,0.0216,0.0219,-0.0073,-0.0415,0.0000,kp50
3043,50.0000,1.0000,0.0216,0.0219,-0.0073,-0.0415,0.0000,kp50
3048,50.0000,1.0000,0.0216,0.0219,-0.0073,-0.0415,0.0000,kp50
3054,50.0000,1.0000,0.0216,0.0219,-0.0073,-0.0415,0.0000,kp50
3059,50.0000,1.0000,0.0216,0.0219,-0.0073,-0.0415,0.0000,kp50
3064,50.0000,1.0000,0.0216,0.0219,-0.0073,-0.0415,0.0000,kp50
3069,50.0000,1.0000,0.0216,0.0219,-0.0073,-0.0415,0.0000,kp50
3074,50.0000,1.0000,0.0216,0.0219,-0.0073,-0.0415,0.0000,kp50
3079,50.0000,1.0000,0.0216,0.0219,-0.0073,-0.0366,0.0000,kp50
3084,50.0000,1.0000,0.0216,0.0219,-0.0073,-0.0415,0.0000,kp50
3089,50.0000,1.0000,0.0216,0.0219,-0.0073,-0.0415,0.0000,kp50
3094,50.0000,1.0000,0.0216,0.0219,-0.0073,-0.0415,0.0000,kp50
3099,50.0000,1.0000,0.0216,0.0219,-0.0073,-0.0415,0.0000,kp50
3104,50.0000,1.0000,0.0216,0.0219,-0.0073,-0.0415,0.0000,kp50
3109,50.0000,1.0000,0.0216,0.0219,-0.0073,-0.0415,0.0000,kp50
3114,50.0000,1.0000,0.0216,0.0219,-0.0073,-0.0415,0.0000,kp50
3119,50.0000,1.0000,0.0216,0.0219,-0.0073,-0.0415,0.0000,kp50
3124,50.0000,1.0000,0.0216,0.0219,-0.0073,-0.0415,0.0000,kp50
3129,50.0000,1.0000,0.0216,0.0219,-0.0073,-0.0415,0.0000,kp50
3134,50.0000,1.0000,0.0216,0.0219,-0.0073,-0.0415,0.0000,kp50
3139,50.0000,1.0000,0.0216,0.0219,-0.0073,-0.0415,0.0000,kp50
3145,50.0000,1.0000,0.0216,0.0219,-0.0073,-0.0415,0.0000,kp50
3150,50.0000,1.0000,0.0216,0.0219,-0.0073,-0.0415,0.0000,kp50
3155,50.0000,1.0000,0.0216,0.0219,-0.0073,-0.0415,0.0000,kp50
3160,50.0000,1.0000,0.0216,0.0219,-0.0073,-0.0415,0.0000,kp50
3165,50.0000,1.0000,0.0216,0.0219,-0.0073,-0.0415,0.0000,kp50
3170,50.0000,1.0000,0.0216,0.0219,-0.0073,-0.0415,0.0000,kp50
3175,50.0000,1.0000,0.0216,0.0219,-0.0073,-0.0415,0.0000,kp50
3180,50.0000,1.0000,0.0216,0.0219,-0.0073,-0.0415,0.0000,kp50
3185,50.0000,1.0000,0.0216,0.0219,-0.0073,-0.0415,0.0000,kp50
3190,50.0000,1.0000,0.0216,0.0219,-0.0073,-0.0415,0.0000,kp50
3195,50.0000,1.0000,0.0216,0.0219,-0.0073,-0.0415,0.0000,kp50
3200,50.0000,1.0000,0.0216,0.0219,-0.0073,-0.0415,0.0000,kp50
3205,50.0000,1.0000,0.0216,0.0219,-0.0073,-0.0415,0.0000,kp50
3210,50.0000,1.0000,0.0216,0.0219,-0.0073,-0.0415,0.0000,kp50
3215,50.0000,1.0000,0.0216,0.0219,-0.0073,-0.0415,0.0000,kp50
3220,50.0000,1.0000,0.0216,0.0219,-0.0073,-0.0415,0.0000,kp50
3225,50.0000,1.0000,0.0216,0.0219,-0.0073,-0.0464,0.0000,kp50
3231,50.0000,1.0000,0.0216,0.0219,-0.0073,-0.0415,0.0000,kp50
3236,50.0000,1.0000,0.0216,0.0219,-0.0073,-0.0415,0.0000,kp50
3241,50.0000,1.0000,0.0216,0.0219,-0.0073,-0.0366,0.0000,kp50
3246,50.0000,1.0000,0.0216,0.0219,-0.0073,-0.0415,0.0000,kp50
3251,50.0000,1.0000,0.0216,0.0219,-0.0073,-0.0415,0.0000,kp50
3256,50.0000,1.0000,0.0216,0.0219,-0.0073,-0.0415,0.0000,kp50
3261,50.0000,1.0000,0.0216,0.0219,-0.0073,-0.0415,0.0000,kp50
3266,50.0000,1.0000,0.0216,0.0219,-0.0073,-0.0415,0.0000,kp50
3271,50.0000,1.0000,0.0216,0.0219,-0.0073,-0.0415,0.0000,kp50
3276,50.0000,1.0000,0.0216,0.0219,-0.0073,-0.0415,0.0000,kp50
3281,50.0000,1.0000,0.0216,0.0219,-0.0073,-0.0415,0.0000,kp50
3286,50.0000,1.0000,0.0216,0.0219,-0.0073,-0.0415,0.0000,kp50
3291,50.0000,1.0000,0.0216,0.0219,-0.0073,-0.0415,0.0000,kp50
3296,50.0000,1.0000,0.0216,0.0219,-0.0073,-0.0415,0.0000,kp50
3301,50.0000,1.0000,0.0216,0.0219,-0.0073,-0.0415,0.0000,kp50
3306,50.0000,1.0000,0.0216,0.0219,-0.0073,-0.0415,0.0000,kp50
3311,50.0000,1.0000,0.0216,0.0219,-0.0073,-0.0464,0.0000,kp50
3316,50.0000,1.0000,0.0216,0.0219,-0.0073,-0.0415,0.0000,kp50
3322,50.0000,1.0000,0.0216,0.0219,-0.0073,-0.0415,0.0000,kp50
3327,50.0000,1.0000,0.0216,0.0219,-0.0073,-0.0415,0.0000,kp50
3332,50.0000,1.0000,0.0216,0.0219,-0.0073,-0.0415,0.0000,kp50
3337,50.0000,1.0000,0.0216,0.0219,-0.0073,-0.0415,0.0000,kp50
3342,50.0000,1.0000,0.0216,0.0219,-0.0073,-0.0415,0.0000,kp50
3347,50.0000,1.0000,0.0216,0.0219,-0.0073,-0.0415,0.0000,kp50
3352,50.0000,1.0000,0.0216,0.0219,-0.0073,-0.0415,0.0000,kp50
3357,50.0000,1.0000,0.0216,0.0219,-0.0073,-0.0415,0.0000,kp50
3362,50.0000,1.0000,0.0216,0.0219,-0.0073,-0.0415,0.0000,kp50
3367,50.0000,1.0000,0.0216,0.0219,-0.0073,-0.0415,0.0000,kp50
3372,50.0000,1.0000,0.0216,0.0219,-0.0073,-0.0415,0.0000,kp50
3377,50.0000,1.0000,0.0216,0.0219,-0.0073,-0.0415,0.0000,kp50
3382,50.0000,1.0000,0.0216,0.0219,-0.0073,-0.0415,0.0000,kp50
3387,50.0000,1.0000,0.0216,0.0219,-0.0073,-0.0415,0.0000,kp50
3392,50.0000,1.0000,0.0216,0.0219,-0.0073,-0.0366,0.0000,kp50
3397,50.0000,1.0000,0.0216,0.0219,-0.0073,-0.0415,0.0000,kp50
3402,50.0000,1.0000,0.0216,0.0219,-0.0073,-0.0415,0.0000,kp50
3408,50.0000,1.0000,0.0216,0.0219,-0.0073,-0.0415,0.0000,kp50
3413,50.0000,1.0000,0.0216,0.0219,-0.0073,-0.0415,0.0000,kp50
3418,50.0000,1.0000,0.0216,0.0219,-0.0073,-0.0415,0.0000,kp50
3423,50.0000,1.0000,0.0216,0.0219,-0.0073,-0.0415,0.0000,kp50
3428,50.0000,1.0000,0.0216,0.0219,-0.0073,-0.0415,0.0000,kp50
3433,50.0000,1.0000,0.0216,0.0219,-0.0073,-0.0415,0.0000,kp50
3438,50.0000,1.0000,0.0216,0.0219,-0.0073,-0.0415,0.0000,kp50
3443,50.0000,1.0000,0.0216,0.0219,-0.0073,-0.0415,0.0000,kp50
3448,50.0000,1.0000,0.0216,0.0219,-0.0073,-0.0415,0.0000,kp50
3453,50.0000,1.0000,0.0216,0.0219,-0.0073,-0.0366,0.0000,kp50
3458,50.0000,1.0000,0.0216,0.0219,-0.0073,-0.0415,0.0000,kp50
3463,50.0000,1.0000,0.0216,0.0219,-0.0073,-0.0415,0.0000,kp50
3468,50.0000,1.0000,0.0216,0.0219,-0.0073,-0.0415,0.0000,kp50
3473,50.0000,1.0000,0.0216,0.0219,-0.0073,-0.0415,0.0000,kp50
3478,50.0000,1.0000,0.0216,0.0219,-0.0073,-0.0415,0.0000,kp50
3483,50.0000,1.0000,0.0216,0.0219,-0.0073,-0.0415,0.0000,kp50
3488,50.0000,1.0000,0.0216,0.0219,-0.0073,-0.0415,0.0000,kp50
3493,50.0000,1.0000,0.0216,0.0219,-0.0073,-0.0415,0.0000,kp50
3499,50.0000,1.0000,0.0216,0.0219,-0.0073,-0.0415,0.0000,kp50
3504,50.0000,1.0000,0.0216,0.0219,-0.0073,-0.0415,0.0000,kp50
3509,50.0000,1.0000,0.0216,0.0219,-0.0073,-0.0415,0.0000,kp50
3514,50.0000,1.0000,0.0216,0.0219,-0.0073,-0.0415,0.0000,kp50
3519,50.0000,1.0000,0.0216,0.0219,-0.0073,-0.0415,0.0000,kp50
3524,50.0000,1.0000,0.0216,0.0219,-0.0073,-0.0415,0.0000,kp50
3529,50.0000,1.0000,0.0216,0.0219,-0.0073,-0.0415,0.0000,kp50
3534,50.0000,1.0000,0.0216,0.0219,-0.0073,-0.0415,0.0000,kp50
3539,50.0000,1.0000,0.0216,0.0219,-0.0073,-0.0415,0.0000,kp50
3544,50.0000,1.0000,0.0216,0.0219,-0.0073,-0.0415,0.0000,kp50
3549,50.0000,1.0000,0.0216,0.0219,-0.0073,-0.0366,0.0000,kp50
3554,50.0000,1.0000,0.0216,0.0219,-0.0073,-0.0366,0.0000,kp50
3559,50.0000,1.0000,0.0216,0.0219,-0.0073,-0.0415,0.0000,kp50
3564,50.0000,1.0000,0.0216,0.0219,-0.0073,-0.0415,0.0000,kp50
3569,50.0000,1.0000,0.0216,0.0219,-0.0073,-0.0415,0.0000,kp50
3574,50.0000,1.0000,0.0216,0.0219,-0.0073,-0.0415,0.0000,kp50
3579,50.0000,1.0000,0.0216,0.0219,-0.0073,-0.0415,0.0000,kp50
3584,50.0000,1.0000,0.0216,0.0219,-0.0073,-0.0415,0.0000,kp50
3590,50.0000,1.0000,0.0216,0.0219,-0.0073,-0.0415,0.0000,kp50
3595,50.0000,1.0000,0.0216,0.0219,-0.0073,-0.0415,0.0000,kp50
3600,50.0000,1.0000,0.0216,0.0219,-0.0073,-0.0415,0.0000,kp50
3605,50.0000,1.0000,0.0216,0.0219,-0.0073,-0.0415,0.0000,kp50
3610,50.0000,1.0000,0.0216,0.0219,-0.0073,-0.0415,0.0000,kp50
3615,50.0000,1.0000,0.0216,0.0219,-0.0073,-0.0415,0.0000,kp50
3620,50.0000,1.0000,0.0216,0.0219,-0.0073,-0.0415,0.0000,kp50
3625,50.0000,1.0000,0.0216,0.0219,-0.0073,-0.0366,0.0000,kp50
3630,50.0000,1.0000,0.0216,0.0219,-0.0073,-0.0366,0.0000,kp50
3635,50.0000,1.0000,0.0216,0.0219,-0.0073,-0.0415,0.0000,kp50
3640,50.0000,1.0000,0.0216,0.0219,-0.0073,-0.0415,0.0000,kp50
3645,50.0000,1.0000,0.0216,0.0219,-0.0073,-0.0415,0.0000,kp50
3650,50.0000,1.0000,0.0216,0.0219,-0.0073,-0.0415,0.0000,kp50
3655,50.0000,1.0000,0.0216,0.0219,-0.0073,-0.0415,0.0000,kp50
3660,50.0000,1.0000,0.0216,0.0219,-0.0073,-0.0415,0.0000,kp50
3665,50.0000,1.0000,0.0216,0.0219,-0.0073,-0.0415,0.0000,kp50
3670,50.0000,1.0000,0.0216,0.0219,-0.0073,-0.0415,0.0000,kp50
3675,50.0000,1.0000,0.0216,0.0219,-0.0073,-0.0415,0.0000,kp50
3681,50.0000,1.0000,0.0216,0.0219,-0.0073,-0.0415,0.0000,kp50
3686,50.0000,1.0000,0.0216,0.0219,-0.0073,-0.0415,0.0000,kp50
3691,50.0000,1.0000,0.0216,0.0219,-0.0073,-0.0415,0.0000,kp50
3696,50.0000,1.0000,0.0216,0.0219,-0.0073,-0.0415,0.0000,kp50
3701,50.0000,1.0000,0.0216,0.0219,-0.0073,-0.0415,0.0000,kp50
3706,50.0000,1.0000,0.0216,0.0219,-0.0073,-0.0415,0.0000,kp50
3711,50.0000,1.0000,0.0216,0.0219,-0.0073,-0.0415,0.0000,kp50
3716,50.0000,1.0000,0.0216,0.0219,-0.0073,-0.0415,0.0000,kp50
3721,50.0000,1.0000,0.0216,0.0219,-0.0073,-0.0415,0.0000,kp50
3726,50.0000,1.0000,0.0216,0.0219,-0.0073,-0.0366,0.0000,kp50
3731,50.0000,1.0000,0.0216,0.0219,-0.0073,-0.0415,0.0000,kp50
3736,50.0000,1.0000,0.0216,0.0219,-0.0073,-0.0415,0.0000,kp50
3741,50.0000,1.0000,0.0216,0.0219,-0.0073,-0.0415,0.0000,kp50
3746,50.0000,1.0000,0.0216,0.0219,-0.0073,-0.0415,0.0000,kp50
3751,50.0000,1.0000,0.0216,0.0219,-0.0073,-0.0415,0.0000,kp50
3756,50.0000,1.0000,0.0216,0.0219,-0.0073,-0.0415,0.0000,kp50
3761,50.0000,1.0000,0.0216,0.0219,-0.0073,-0.0415,0.0000,kp50
3766,50.0000,1.0000,0.0216,0.0219,-0.0073,-0.0415,0.0000,kp50
3772,50.0000,1.0000,0.0216,0.0219,-0.0073,-0.0366,0.0000,kp50
3777,50.0000,1.0000,0.0216,0.0219,-0.0073,-0.0366,0.0000,kp50
3782,50.0000,1.0000,0.0216,0.0219,-0.0073,-0.0366,0.0000,kp50
3787,50.0000,1.0000,0.0216,0.0219,-0.0073,-0.0366,0.0000,kp50
3792,50.0000,1.0000,0.0216,0.0219,-0.0073,-0.0366,0.0000,kp50
3797,50.0000,1.0000,0.0216,0.0219,-0.0073,-0.0366,0.0000,kp50
3802,50.0000,1.0000,0.0216,0.0219,-0.0073,-0.0415,0.0000,kp50
3807,50.0000,1.0000,0.0216,0.0219,-0.0073,-0.0366,0.0000,kp50
3812,50.0000,1.0000,0.0216,0.0219,-0.0073,-0.0366,0.0000,kp50
3817,50.0000,1.0000,0.0216,0.0219,-0.0073,-0.0366,0.0000,kp50
3822,50.0000,1.0000,0.0216,0.0219,-0.0073,-0.0366,0.0000,kp50
3827,50.0000,1.0000,0.0216,0.0219,-0.0073,-0.0366,0.0000,kp50
3832,50.0000,1.0000,0.0216,0.0219,-0.0073,-0.0366,0.0000,kp50
3837,50.0000,1.0000,0.0216,0.0219,-0.0073,-0.0366,0.0000,kp50
3842,50.0000,1.0000,0.0216,0.0219,-0.0073,-0.0366,0.0000,kp50
3847,50.0000,1.0000,0.0216,0.0219,-0.0073,-0.0366,0.0000,kp50
3852,50.0000,1.0000,0.0216,0.0219,-0.0073,-0.0415,0.0000,kp50
3857,50.0000,1.0000,0.0216,0.0219,-0.0073,-0.0366,0.0000,kp50
3863,50.0000,1.0000,0.0216,0.0219,-0.0073,-0.0415,0.0000,kp50
3868,50.0000,1.0000,0.0216,0.0219,-0.0073,-0.0415,0.0000,kp50
3873,50.0000,1.0000,0.0216,0.0219,-0.0073,-0.0366,0.0000,kp50
3878,50.0000,1.0000,0.0216,0.0219,-0.0073,-0.0366,0.0000,kp50
3883,50.0000,1.0000,0.0216,0.0219,-0.0073,-0.0366,0.0000,kp50
3888,50.0000,1.0000,0.0216,0.0219,-0.0073,-0.0366,0.0000,kp50
3893,50.0000,1.0000,0.0216,0.0219,-0.0073,-0.0366,0.0000,kp50
3898,50.0000,1.0000,0.0216,0.0219,-0.0073,-0.0366,0.0000,kp50
3903,50.0000,1.0000,0.0216,0.0219,-0.0073,-0.0366,0.0000,kp50
3908,50.0000,1.0000,0.0216,0.0219,-0.0073,-0.0415,0.0000,kp50
3913,50.0000,1.0000,0.0216,0.0219,-0.0073,-0.0366,0.0000,kp50
3918,50.0000,1.0000,0.0216,0.0219,-0.0073,-0.0366,0.0000,kp50
3923,50.0000,1.0000,0.0216,0.0219,-0.0073,-0.0366,0.0000,kp50
3928,50.0000,1.0000,0.0216,0.0219,-0.0073,-0.0366,0.0000,kp50
3933,50.0000,1.0000,0.0216,0.0219,-0.0073,-0.0366,0.0000,kp50
3938,50.0000,1.0000,0.0216,0.0219,-0.0073,-0.0366,0.0000,kp50
3943,50.0000,1.0000,0.0216,0.0219,-0.0073,-0.0366,0.0000,kp50
3948,50.0000,1.0000,0.0216,0.0219,-0.0073,-0.0366,0.0000,kp50
3954,50.0000,1.0000,0.0216,0.0219,-0.0073,-0.0366,0.0000,kp50
3959,50.0000,1.0000,0.0216,0.0219,-0.0073,-0.0366,0.0000,kp50
3964,50.0000,1.0000,0.0216,0.0219,-0.0073,-0.0366,0.0000,kp50
3969,50.0000,1.0000,0.0216,0.0219,-0.0073,-0.0366,0.0000,kp50
3974,50.0000,1.0000,0.0216,0.0219,-0.0073,-0.0366,0.0000,kp50
3979,50.0000,1.0000,0.0216,0.0219,-0.0073,-0.0366,0.0000,kp50
3984,50.0000,1.0000,0.0216,0.0219,-0.0073,-0.0366,0.0000,kp50
3989,50.0000,1.0000,0.0216,0.0219,-0.0073,-0.0366,0.0000,kp50
3994,50.0000,1.0000,0.0216,0.0219,-0.0073,-0.0366,0.0000,kp50
3999,50.0000,1.0000,0.0216,0.0219,-0.0073,-0.0366,0.0000,kp50
4004,50.0000,1.0000,0.0216,0.0219,-0.0073,-0.0415,0.0000,kp50
4009,50.0000,1.0000,0.0216,0.0219,-0.0073,-0.0366,0.0000,kp50
4014,50.0000,1.0000,0.0216,0.0219,-0.0073,-0.0415,0.0000,kp50
4019,50.0000,1.0000,0.0216,0.0219,-0.0073,-0.0415,0.0000,kp50
4024,50.0000,1.0000,0.0216,0.0219,-0.0073,-0.0415,0.0000,kp50
4029,50.0000,1.0000,0.0216,0.0219,-0.0073,-0.0415,0.0000,kp50
4034,50.0000,1.0000,0.0216,0.0219,-0.0073,-0.0415,0.0000,kp50
4040,50.0000,1.0000,0.0216,0.0219,-0.0073,-0.0415,0.0000,kp50
4045,50.0000,1.0000,0.0216,0.0219,-0.0073,-0.0415,0.0000,kp50
4050,50.0000,1.0000,0.0216,0.0219,-0.0073,-0.0415,0.0000,kp50
4055,50.0000,1.0000,0.0216,0.0219,-0.0073,-0.0415,0.0000,kp50
4060,50.0000,1.0000,0.0216,0.0219,-0.0073,-0.0415,0.0000,kp50
4065,50.0000,1.0000,0.0216,0.0219,-0.0073,-0.0415,0.0000,kp50
4070,50.0000,1.0000,0.0216,0.0219,-0.0073,-0.0415,0.0000,kp50
4075,50.0000,1.0000,0.0216,0.0219,-0.0073,-0.0415,0.0000,kp50
4080,50.0000,1.0000,0.0216,0.0219,-0.0073,-0.0415,0.0000,kp50
4085,50.0000,1.0000,0.0216,0.0219,-0.0073,-0.0415,0.0000,kp50
4090,50.0000,1.0000,0.0216,0.0219,-0.0073,-0.0464,0.0000,kp50
4095,50.0000,1.0000,0.0216,0.0219,-0.0073,-0.0415,0.0000,kp50
4100,50.0000,1.0000,0.0216,0.0219,-0.0073,-0.0464,0.0000,kp50
4105,50.0000,1.0000,0.0216,0.0219,-0.0073,-0.0464,0.0000,kp50
4110,50.0000,1.0000,0.0216,0.0219,-0.0073,-0.0464,0.0000,kp50
4115,50.0000,1.0000,0.0216,0.0219,-0.0073,-0.0415,0.0000,kp50
4120,50.0000,1.0000,0.0216,0.0219,-0.0073,-0.0464,0.0000,kp50
4125,50.0000,1.0000,0.0216,0.0219,-0.0073,-0.0464,0.0000,kp50
4131,50.0000,1.0000,0.0216,0.0219,-0.0073,-0.0464,0.0000,kp50
4136,50.0000,1.0000,0.0216,0.0219,-0.0073,-0.0464,0.0000,kp50
4141,50.0000,1.0000,0.0216,0.0219,-0.0073,-0.0464,0.0000,kp50
4146,50.0000,1.0000,0.0216,0.0219,-0.0073,-0.0464,0.0000,kp50
4151,50.0000,1.0000,0.0216,0.0219,-0.0073,-0.0464,0.0000,kp50
4156,50.0000,1.0000,0.0216,0.0219,-0.0073,-0.0464,0.0000,kp50
4161,50.0000,1.0000,0.0216,0.0219,-0.0073,-0.0464,0.0000,kp50
4166,50.0000,1.0000,0.0216,0.0219,-0.0073,-0.0464,0.0000,kp50
4171,50.0000,1.0000,0.0216,0.0219,-0.0073,-0.0464,0.0000,kp50
4176,50.0000,1.0000,0.0216,0.0219,-0.0073,-0.0464,0.0000,kp50
4181,50.0000,1.0000,0.0216,0.0219,-0.0073,-0.0464,0.0000,kp50
4186,50.0000,1.0000,0.0216,0.0219,-0.0073,-0.0464,0.0000,kp50
4191,50.0000,1.0000,0.0216,0.0219,-0.0073,-0.0464,0.0000,kp50
4196,50.0000,1.0000,0.0216,0.0219,-0.0073,-0.0464,0.0000,kp50
4201,50.0000,1.0000,0.0216,0.0219,-0.0073,-0.0464,0.0000,kp50
4206,50.0000,1.0000,0.0216,0.0219,-0.0073,-0.0464,0.0000,kp50
4211,50.0000,1.0000,0.0216,0.0219,-0.0073,-0.0464,0.0000,kp50
4217,50.0000,1.0000,0.0216,0.0219,-0.0073,-0.0464,0.0000,kp50
4222,50.0000,1.0000,0.0216,0.0219,-0.0073,-0.0464,0.0000,kp50
4227,50.0000,1.0000,0.0216,0.0219,-0.0073,-0.0464,0.0000,kp50
4232,50.0000,1.0000,0.0216,0.0219,-0.0073,-0.0464,0.0000,kp50
4237,50.0000,1.0000,0.0216,0.0219,-0.0073,-0.0464,0.0000,kp50
4242,50.0000,1.0000,0.0216,0.0219,-0.0073,-0.0464,0.0000,kp50
4247,50.0000,1.0000,0.0216,0.0219,-0.0073,-0.0464,0.0000,kp50
4252,50.0000,1.0000,0.0216,0.0219,-0.0073,-0.0464,0.0000,kp50
4257,50.0000,1.0000,0.0216,0.0219,-0.0073,-0.0464,0.0000,kp50
4262,50.0000,1.0000,0.0216,0.0219,-0.0073,-0.0464,0.0000,kp50
4267,50.0000,1.0000,0.0216,0.0219,-0.0073,-0.0464,0.0000,kp50
4272,50.0000,1.0000,0.0216,0.0219,-0.0073,-0.0464,0.0000,kp50
4277,50.0000,1.0000,0.0216,0.0219,-0.0073,-0.0464,0.0000,kp50
4282,50.0000,1.0000,0.0216,0.0219,-0.0073,-0.0464,0.0000,kp50
4287,50.0000,1.0000,0.0216,0.0219,-0.0073,-0.0464,0.0000,kp50
4292,50.0000,1.0000,0.0216,0.0219,-0.0073,-0.0464,0.0000,kp50
4297,50.0000,1.0000,0.0216,0.0219,-0.0073,-0.0464,0.0000,kp50
4302,50.0000,1.0000,0.0216,0.0219,-0.0073,-0.0513,0.0000,kp50
4308,50.0000,1.0000,0.0216,0.0219,-0.0073,-0.0513,0.0000,kp50
4313,50.0000,1.0000,0.0216,0.0219,-0.0073,-0.0464,0.0000,kp50
4318,50.0000,1.0000,0.0216,0.0219,-0.0073,-0.0464,0.0000,kp50
4323,50.0000,1.0000,0.0216,0.0219,-0.0073,-0.0464,0.0000,kp50
4328,50.0000,1.0000,0.0216,0.0219,-0.0073,-0.0464,0.0000,kp50
4333,50.0000,1.0000,0.0216,0.0219,-0.0073,-0.0464,0.0000,kp50
4338,50.0000,1.0000,0.0216,0.0219,-0.0073,-0.0464,0.0000,kp50
4343,50.0000,1.0000,0.0216,0.0219,-0.0073,-0.0415,0.0000,kp50
4348,50.0000,1.0000,0.0216,0.0219,-0.0073,-0.0415,0.0000,kp50
4353,50.0000,1.0000,0.0216,0.0219,-0.0073,-0.0464,0.0000,kp50
4358,50.0000,1.0000,0.0216,0.0219,-0.0073,-0.0464,0.0000,kp50
4363,50.0000,1.0000,0.0216,0.0219,-0.0073,-0.0464,0.0000,kp50
4368,50.0000,1.0000,0.0216,0.0219,-0.0073,-0.0464,0.0000,kp50
4373,50.0000,1.0000,0.0216,0.0219,-0.0073,-0.0415,0.0000,kp50
4378,50.0000,1.0000,0.0216,0.0219,-0.0073,-0.0464,0.0000,kp50
4383,50.0000,1.0000,0.0216,0.0219,-0.0073,-0.0415,0.0000,kp50
4388,50.0000,1.0000,0.0216,0.0219,-0.0073,-0.0415,0.0000,kp50
4393,50.0000,1.0000,0.0216,0.0219,-0.0073,-0.0415,0.0000,kp50
4399,50.0000,1.0000,0.0216,0.0219,-0.0073,-0.0415,0.0000,kp50
4404,50.0000,1.0000,0.0216,0.0219,-0.0073,-0.0415,0.0000,kp50
4409,50.0000,1.0000,0.0216,0.0219,-0.0073,-0.0415,0.0000,kp50
4414,50.0000,1.0000,0.0216,0.0219,-0.0073,-0.0415,0.0000,kp50
4419,50.0000,1.0000,0.0216,0.0219,-0.0073,-0.0415,0.0000,kp50
4424,50.0000,1.0000,0.0216,0.0219,-0.0073,-0.0415,0.0000,kp50
4429,50.0000,1.0000,0.0216,0.0219,-0.0073,-0.0415,0.0000,kp50
4434,50.0000,1.0000,0.0216,0.0219,-0.0073,-0.0415,0.0000,kp50
4439,50.0000,1.0000,0.0216,0.0219,-0.0073,-0.0415,0.0000,kp50
4444,50.0000,1.0000,0.0216,0.0219,-0.0073,-0.0415,0.0000,kp50
4449,50.0000,1.0000,0.0216,0.0219,-0.0073,-0.0366,0.0000,kp50
4454,50.0000,1.0000,0.0216,0.0219,-0.0073,-0.0415,0.0000,kp50
4459,50.0000,1.0000,0.0216,0.0219,-0.0073,-0.0366,0.0000,kp50
4464,50.0000,1.0000,0.0216,0.0219,-0.0073,-0.0415,0.0000,kp50
4469,50.0000,1.0000,0.0216,0.0219,-0.0073,-0.0415,0.0000,kp50
4474,50.0000,1.0000,0.0216,0.0219,-0.0073,-0.0366,0.0000,kp50
4479,50.0000,1.0000,0.0216,0.0219,-0.0073,-0.0415,0.0000,kp50
4484,50.0000,1.0000,0.0216,0.0219,-0.0073,-0.0366,0.0000,kp50
4490,50.0000,1.0000,0.0216,0.0219,-0.0073,-0.0366,0.0000,kp50
4495,50.0000,1.0000,0.0216,0.0219,-0.0073,-0.0415,0.0000,kp50
4500,50.0000,1.0000,0.0216,0.0219,-0.0073,-0.0415,0.0000,kp50
4505,50.0000,1.0000,0.0216,0.0219,-0.0073,-0.0415,0.0000,kp50
4510,50.0000,1.0000,0.0216,0.0219,-0.0073,-0.0366,0.0000,kp50
4515,50.0000,1.0000,0.0216,0.0219,-0.0073,-0.0415,0.0000,kp50
4520,50.0000,1.0000,0.0216,0.0219,-0.0073,-0.0366,0.0000,kp50
4525,50.0000,1.0000,0.0216,0.0219,-0.0073,-0.0415,0.0000,kp50
4530,50.0000,1.0000,0.0216,0.0219,-0.0073,-0.0415,0.0000,kp50
4535,50.0000,1.0000,0.0216,0.0219,-0.0073,-0.0415,0.0000,kp50
4540,50.0000,1.0000,0.0216,0.0219,-0.0073,-0.0366,0.0000,kp50
4545,50.0000,1.0000,0.0216,0.0219,-0.0073,-0.0366,0.0000,kp50
4550,50.0000,1.0000,0.0216,0.0219,-0.0073,-0.0366,0.0000,kp50
4555,50.0000,1.0000,0.0216,0.0219,-0.0073,-0.0366,0.0000,kp50
4560,50.0000,1.0000,0.0216,0.0219,-0.0073,-0.0366,0.0000,kp50
4565,50.0000,1.0000,0.0216,0.0219,-0.0073,-0.0366,0.0000,kp50
4570,50.0000,1.0000,0.0216,0.0219,-0.0073,-0.0366,0.0000,kp50
4575,50.0000,1.0000,0.0216,0.0219,-0.0073,-0.0366,0.0000,kp50
4580,50.0000,1.0000,0.0216,0.0219,-0.0073,-0.0366,0.0000,kp50
4586,50.0000,1.0000,0.0216,0.0219,-0.0073,-0.0415,0.0000,kp50
4591,50.0000,1.0000,0.0216,0.0219,-0.0073,-0.0366,0.0000,kp50
4596,50.0000,1.0000,0.0216,0.0219,-0.0073,-0.0366,0.0000,kp50
4601,50.0000,1.0000,0.0216,0.0219,-0.0073,-0.0415,0.0000,kp50
4606,50.0000,1.0000,0.0216,0.0219,-0.0073,-0.0366,0.0000,kp50
4611,50.0000,1.0000,0.0216,0.0219,-0.0073,-0.0366,0.0000,kp50
4616,50.0000,1.0000,0.0216,0.0219,-0.0073,-0.0366,0.0000,kp50
4621,50.0000,1.0000,0.0216,0.0219,-0.0073,-0.0366,0.0000,kp50
4626,50.0000,1.0000,0.0216,0.0219,-0.0073,-0.0366,0.0000,kp50
4631,50.0000,1.0000,0.0216,0.0219,-0.0073,-0.0366,0.0000,kp50
4636,50.0000,1.0000,0.0216,0.0219,-0.0073,-0.0366,0.0000,kp50
4641,50.0000,1.0000,0.0216,0.0219,-0.0073,-0.0366,0.0000,kp50
4646,50.0000,1.0000,0.0216,0.0219,-0.0073,-0.0366,0.0000,kp50
4651,50.0000,1.0000,0.0216,0.0219,-0.0073,-0.0366,0.0000,kp50
4656,50.0000,1.0000,0.0216,0.0219,-0.0073,-0.0366,0.0000,kp50
4661,50.0000,1.0000,0.0216,0.0219,-0.0073,-0.0366,0.0000,kp50
4666,50.0000,1.0000,0.0216,0.0219,-0.0073,-0.0366,0.0000,kp50
4671,50.0000,1.0000,0.0216,0.0219,-0.0073,-0.0366,0.0000,kp50
4677,50.0000,1.0000,0.0216,0.0219,-0.0073,-0.0366,0.0000,kp50
4682,50.0000,1.0000,0.0216,0.0219,-0.0073,-0.0366,0.0000,kp50
4687,50.0000,1.0000,0.0216,0.0219,-0.0073,-0.0366,0.0000,kp50
4692,50.0000,1.0000,0.0216,0.0219,-0.0073,-0.0366,0.0000,kp50
4697,50.0000,1.0000,0.0216,0.0219,-0.0073,-0.0366,0.0000,kp50
4702,50.0000,1.0000,0.0216,0.0219,-0.0073,-0.0366,0.0000,kp50
4707,50.0000,1.0000,0.0216,0.0219,-0.0073,-0.0366,0.0000,kp50
4712,50.0000,1.0000,0.0216,0.0219,-0.0073,-0.0366,0.0000,kp50
4717,50.0000,1.0000,0.0216,0.0219,-0.0073,-0.0366,0.0000,kp50
4722,50.0000,1.0000,0.0216,0.0219,-0.0073,-0.0366,0.0000,kp50
4727,50.0000,1.0000,0.0216,0.0219,-0.0073,-0.0366,0.0000,kp50
4732,50.0000,1.0000,0.0216,0.0219,-0.0073,-0.0366,0.0000,kp50
4737,50.0000,1.0000,0.0216,0.0219,-0.0073,-0.0366,0.0000,kp50
4742,50.0000,1.0000,0.0216,0.0219,-0.0073,-0.0366,0.0000,kp50
4747,50.0000,1.0000,0.0216,0.0219,-0.0073,-0.0366,0.0000,kp50
4752,50.0000,1.0000,0.0216,0.0219,-0.0073,-0.0366,0.0000,kp50
4757,50.0000,1.0000,0.0216,0.0219,-0.0073,-0.0415,0.0000,kp50
4763,50.0000,1.0000,0.0216,0.0219,-0.0073,-0.0366,0.0000,kp50
4768,50.0000,1.0000,0.0216,0.0219,-0.0073,-0.0366,0.0000,kp50
4773,50.0000,1.0000,0.0216,0.0219,-0.0073,-0.0415,0.0000,kp50
4778,50.0000,1.0000,0.0216,0.0219,-0.0073,-0.0415,0.0000,kp50
4783,50.0000,1.0000,0.0216,0.0219,-0.0073,-0.0415,0.0000,kp50
4788,50.0000,1.0000,0.0216,0.0219,-0.0073,-0.0415,0.0000,kp50
4793,50.0000,1.0000,0.0216,0.0219,-0.0073,-0.0415,0.0000,kp50
4798,50.0000,1.0000,0.0216,0.0219,-0.0073,-0.0366,0.0000,kp50
4803,50.0000,1.0000,0.0216,0.0219,-0.0073,-0.0415,0.0000,kp50
4808,50.0000,1.0000,0.0216,0.0219,-0.0073,-0.0415,0.0000,kp50
4813,50.0000,1.0000,0.0216,0.0219,-0.0073,-0.0415,0.0000,kp50
4818,50.0000,1.0000,0.0216,0.0219,-0.0073,-0.0415,0.0000,kp50
4823,50.0000,1.0000,0.0216,0.0219,-0.0073,-0.0415,0.0000,kp50
4828,50.0000,1.0000,0.0216,0.0219,-0.0073,-0.0415,0.0000,kp50
4833,50.0000,1.0000,0.0216,0.0219,-0.0073,-0.0415,0.0000,kp50
4838,50.0000,1.0000,0.0216,0.0219,-0.0073,-0.0415,0.0000,kp50
4843,50.0000,1.0000,0.0216,0.0219,-0.0073,-0.0464,0.0000,kp50
4848,50.0000,1.0000,0.0216,0.0219,-0.0073,-0.0464,0.0000,kp50
4854,50.0000,1.0000,0.0216,0.0219,-0.0073,-0.0415,0.0000,kp50
4859,50.0000,1.0000,0.0216,0.0219,-0.0073,-0.0464,0.0000,kp50
4864,50.0000,1.0000,0.0216,0.0219,-0.0073,-0.0415,0.0000,kp50
4869,50.0000,1.0000,0.0216,0.0219,-0.0073,-0.0415,0.0000,kp50
4874,50.0000,1.0000,0.0216,0.0219,-0.0073,-0.0464,0.0000,kp50
4879,50.0000,1.0000,0.0216,0.0219,-0.0073,-0.0464,0.0000,kp50
4884,50.0000,1.0000,0.0216,0.0219,-0.0073,-0.0464,0.0000,kp50
4889,50.0000,1.0000,0.0216,0.0219,-0.0073,-0.0464,0.0000,kp50
4894,50.0000,1.0000,0.0216,0.0219,-0.0073,-0.0464,0.0000,kp50
4899,50.0000,1.0000,0.0216,0.0219,0.0073,-0.0415,0.0000,kp50
4904,50.0000,1.0000,0.0216,0.0219,-0.0073,-0.0464,0.0000,kp50
4909,50.0000,1.0000,0.0216,0.0219,-0.0073,-0.0464,0.0000,kp50
4914,50.0000,1.0000,0.0216,0.0219,-0.0073,-0.0464,0.0000,kp50
4919,50.0000,1.0000,0.0216,0.0219,-0.0073,-0.0464,0.0000,kp50
4924,50.0000,1.0000,0.0216,0.0219,-0.0073,-0.0464,0.0000,kp50
4929,50.0000,1.0000,0.0216,0.0219,-0.0073,-0.0464,0.0000,kp50
4934,50.0000,1.0000,0.0216,0.0219,-0.0073,-0.0464,0.0000,kp50
4939,50.0000,1.0000,0.0216,0.0219,-0.0073,-0.0464,0.0000,kp50
4945,50.0000,1.0000,0.0216,0.0219,-0.0073,-0.0513,0.0000,kp50
4950,50.0000,1.0000,0.0216,0.0219,-0.0073,-0.0464,0.0000,kp50
4955,50.0000,1.0000,0.0216,0.0219,-0.0073,-0.0464,0.0000,kp50
4960,50.0000,1.0000,0.0216,0.0219,-0.0073,-0.0464,0.0000,kp50
4965,50.0000,1.0000,0.0216,0.0219,-0.0073,-0.0464,0.0000,kp50
4970,50.0000,1.0000,0.0216,0.0219,-0.0073,-0.0464,0.0000,kp50
4975,50.0000,1.0000,0.0216,0.0219,-0.0073,-0.0464,0.0000,kp50
4980,50.0000,1.0000,0.0216,0.0219,-0.0073,-0.0464,0.0000,kp50
4985,50.0000,1.0000,0.0216,0.0219,-0.0073,-0.0464,0.0000,kp50
4990,50.0000,1.0000,0.0216,0.0219,-0.0073,-0.0464,0.0000,kp50
4995,50.0000,1.0000,0.0216,0.0219,-0.0073,-0.0464,0.0000,kp50
0,100.0000,1.0000,0.0216,0.0219,-0.0073,-0.0464,0.0000,kp100
5,100.0000,1.0000,0.0216,0.0219,-0.0073,-0.0464,0.0000,kp100
10,100.0000,1.0000,0.0216,0.0219,-0.0073,-0.0464,0.0000,kp100
15,100.0000,1.0000,0.0216,0.0219,-0.0073,-0.0464,0.0000,kp100
20,100.0000,1.0000,0.0216,0.0219,-0.0073,-0.0464,0.0000,kp100
25,100.0000,1.0000,0.0216,0.0219,-0.0073,-0.0464,0.0000,kp100
30,100.0000,1.0000,0.0216,0.0219,-0.0073,-0.0464,0.0000,kp100
35,100.0000,1.0000,0.0216,0.0219,-0.0220,-0.0513,0.0000,kp100
40,100.0000,1.0000,0.0216,0.0219,-0.0220,-0.0562,0.0000,kp100
45,100.0000,1.0000,0.0216,0.0219,-0.0073,-0.0611,0.0000,kp100
50,100.0000,1.0000,0.0216,0.0219,-0.0073,-0.0611,0.0000,kp100
55,100.0000,1.0000,0.0216,0.0219,-0.0220,-0.0659,0.0000,kp100
60,100.0000,1.0000,0.0216,0.0219,-0.0073,-0.0659,0.0000,kp100
65,100.0000,1.0000,0.0216,0.0219,-0.0073,-0.0659,0.0000,kp100
70,100.0000,1.0000,0.0216,0.0219,-0.0073,-0.0659,0.0000,kp100
75,100.0000,1.0000,0.0216,0.0219,-0.0073,-0.0659,0.0000,kp100
80,100.0000,1.0000,0.0216,0.0219,-0.0073,-0.0659,0.0000,kp100
85,100.0000,1.0000,0.0216,0.0219,-0.0073,-0.0659,0.0000,kp100
91,100.0000,1.0000,0.0216,0.0219,-0.0073,-0.0659,0.0000,kp100
96,100.0000,1.0000,0.0216,0.0219,-0.0073,-0.0659,0.0000,kp100
101,100.0000,1.0000,0.0216,0.0219,-0.0073,-0.0659,0.0000,kp100
106,100.0000,1.0000,0.0216,0.0219,-0.0073,-0.0611,0.0000,kp100
111,100.0000,1.0000,0.0216,0.0219,-0.0073,-0.0611,0.0000,kp100
116,100.0000,1.0000,0.0216,0.0219,-0.0073,-0.0611,0.0000,kp100
121,100.0000,1.0000,0.0216,0.0219,-0.0073,-0.0611,0.0000,kp100
126,100.0000,1.0000,0.0216,0.0219,-0.0073,-0.0611,0.0000,kp100
131,100.0000,1.0000,0.0216,0.0219,-0.0073,-0.0611,0.0000,kp100
136,100.0000,1.0000,0.0216,0.0219,-0.0073,-0.0611,0.0000,kp100
141,100.0000,1.0000,0.0216,0.0219,-0.0073,-0.0611,0.0000,kp100
146,100.0000,1.0000,0.0216,0.0219,-0.0073,-0.0562,0.0000,kp100
151,100.0000,1.0000,0.0216,0.0219,-0.0073,-0.0562,0.0000,kp100
156,100.0000,1.0000,0.0216,0.0219,-0.0073,-0.0562,0.0000,kp100
161,100.0000,1.0000,0.0216,0.0219,-0.0073,-0.0611,0.0000,kp100
166,100.0000,1.0000,0.0216,0.0219,-0.0073,-0.0562,0.0000,kp100
171,100.0000,1.0000,0.0216,0.0219,-0.0073,-0.0562,0.0000,kp100
176,100.0000,1.0000,0.0216,0.0219,-0.0073,-0.0562,0.0000,kp100
182,100.0000,1.0000,0.0216,0.0219,-0.0073,-0.0562,0.0000,kp100
187,100.0000,1.0000,0.0216,0.0219,-0.0073,-0.0562,0.0000,kp100
192,100.0000,1.0000,0.0216,0.0219,-0.0073,-0.0513,0.0000,kp100
197,100.0000,1.0000,0.0216,0.0219,-0.0073,-0.0513,0.0000,kp100
202,100.0000,1.0000,0.0216,0.0219,-0.0073,-0.0513,0.0000,kp100
207,100.0000,1.0000,0.0216,0.0219,-0.0073,-0.0513,0.0000,kp100
212,100.0000,1.0000,0.0216,0.0219,-0.0073,-0.0513,0.0000,kp100
217,100.0000,1.0000,0.0216,0.0219,-0.0073,-0.0562,0.0000,kp100
222,100.0000,1.0000,0.0216,0.0219,-0.0073,-0.0562,0.0000,kp100
227,100.0000,1.0000,0.0216,0.0219,-0.0073,-0.0513,0.0000,kp100
232,100.0000,1.0000,0.0216,0.0219,-0.0073,-0.0513,0.0000,kp100
237,100.0000,1.0000,0.0216,0.0219,-0.0073,-0.0513,0.0000,kp100
242,100.0000,1.0000,0.0216,0.0219,-0.0073,-0.0513,0.0000,kp100
247,100.0000,1.0000,0.0216,0.0219,-0.0073,-0.0513,0.0000,kp100
252,100.0000,1.0000,0.0216,0.0219,-0.0073,-0.0562,0.0000,kp100
257,100.0000,1.0000,0.0216,0.0219,-0.0073,-0.0513,0.0000,kp100
262,100.0000,1.0000,0.0216,0.0219,-0.0073,-0.0513,0.0000,kp100
267,100.0000,1.0000,0.0216,0.0219,-0.0073,-0.0513,0.0000,kp100
273,100.0000,1.0000,0.0216,0.0219,-0.0073,-0.0513,0.0000,kp100
278,100.0000,1.0000,0.0216,0.0219,-0.0073,-0.0464,0.0000,kp100
283,100.0000,1.0000,0.0216,0.0219,-0.0073,-0.0513,0.0000,kp100
288,100.0000,1.0000,0.0216,0.0219,-0.0073,-0.0513,0.0000,kp100
293,100.0000,1.0000,0.0216,0.0219,-0.0073,-0.0513,0.0000,kp100
298,100.0000,1.0000,0.0216,0.0219,-0.0073,-0.0513,0.0000,kp100
303,100.0000,1.0000,0.0216,0.0219,-0.0073,-0.0513,0.0000,kp100
308,100.0000,1.0000,0.0216,0.0219,-0.0073,-0.0513,0.0000,kp100
313,100.0000,1.0000,0.0216,0.0219,-0.0073,-0.0513,0.0000,kp100
318,100.0000,1.0000,0.0216,0.0219,-0.0073,-0.0513,0.0000,kp100
323,100.0000,1.0000,0.0216,0.0219,-0.0073,-0.0513,0.0000,kp100
328,100.0000,1.0000,0.0216,0.0219,-0.0073,-0.0513,0.0000,kp100
333,100.0000,1.0000,0.0216,0.0219,-0.0073,-0.0513,0.0000,kp100
338,100.0000,1.0000,0.0216,0.0219,-0.0073,-0.0513,0.0000,kp100
343,100.0000,1.0000,0.0216,0.0219,-0.0073,-0.0513,0.0000,kp100
348,100.0000,1.0000,0.0216,0.0219,-0.0073,-0.0513,0.0000,kp100
353,100.0000,1.0000,0.0216,0.0219,-0.0073,-0.0513,0.0000,kp100
359,100.0000,1.0000,0.0216,0.0219,-0.0073,-0.0513,0.0000,kp100
364,100.0000,1.0000,0.0216,0.0219,-0.0073,-0.0513,0.0000,kp100
369,100.0000,1.0000,0.0216,0.0219,-0.0073,-0.0513,0.0000,kp100
374,100.0000,1.0000,0.0216,0.0219,-0.0073,-0.0513,0.0000,kp100
379,100.0000,1.0000,0.0216,0.0219,-0.0073,-0.0513,0.0000,kp100
384,100.0000,1.0000,0.0216,0.0219,-0.0073,-0.0513,0.0000,kp100
389,100.0000,1.0000,0.0216,0.0219,-0.0073,-0.0513,0.0000,kp100
394,100.0000,1.0000,0.0216,0.0219,-0.0073,-0.0513,0.0000,kp100
399,100.0000,1.0000,0.0216,0.0219,-0.0073,-0.0513,0.0000,kp100
404,100.0000,1.0000,0.0216,0.0219,-0.0073,-0.0513,0.0000,kp100
409,100.0000,1.0000,0.0216,0.0219,-0.0073,-0.0513,0.0000,kp100
414,100.0000,1.0000,0.0216,0.0219,-0.0073,-0.0513,0.0000,kp100
419,100.0000,1.0000,0.0216,0.0219,-0.0073,-0.0513,0.0000,kp100
424,100.0000,1.0000,0.0216,0.0219,-0.0073,-0.0513,0.0000,kp100
429,100.0000,1.0000,0.0216,0.0219,-0.0073,-0.0562,0.0000,kp100
434,100.0000,1.0000,0.0216,0.0219,-0.0073,-0.0513,0.0000,kp100
439,100.0000,1.0000,0.0216,0.0219,-0.0073,-0.0513,0.0000,kp100
444,100.0000,1.0000,0.0216,0.0219,-0.0073,-0.0513,0.0000,kp100
450,100.0000,1.0000,0.0216,0.0219,-0.0073,-0.0513,0.0000,kp100
455,100.0000,1.0000,0.0216,0.0219,-0.0073,-0.0513,0.0000,kp100
460,100.0000,1.0000,0.0216,0.0219,-0.0073,-0.0513,0.0000,kp100
465,100.0000,1.0000,0.0216,0.0219,-0.0073,-0.0513,0.0000,kp100
470,100.0000,1.0000,0.0216,0.0219,-0.0073,-0.0513,0.0000,kp100
475,100.0000,1.0000,0.0216,0.0219,-0.0073,-0.0513,0.0000,kp100
480,100.0000,1.0000,0.0216,0.0219,-0.0073,-0.0562,0.0000,kp100
485,100.0000,1.0000,0.0216,0.0219,-0.0073,-0.0562,0.0000,kp100
490,100.0000,1.0000,0.0216,0.0219,-0.0073,-0.0562,0.0000,kp100
495,100.0000,1.0000,0.0216,0.0219,-0.0073,-0.0562,0.0000,kp100
500,100.0000,1.0000,0.0216,0.0219,-0.0073,-0.0562,0.0000,kp100
505,100.0000,1.0000,0.0216,0.0219,-0.0073,-0.0562,0.0000,kp100
510,100.0000,1.0000,0.0216,0.0219,-0.0073,-0.0562,0.0000,kp100
515,100.0000,1.0000,0.0216,0.0219,-0.0073,-0.0562,0.0000,kp100
520,100.0000,1.0000,0.0216,0.0219,-0.0073,-0.0562,0.0000,kp100
525,100.0000,1.0000,0.0216,0.0219,-0.0073,-0.0562,0.0000,kp100
530,100.0000,1.0000,0.0216,0.0219,-0.0073,-0.0562,0.0000,kp100
536,100.0000,1.0000,0.0216,0.0219,-0.0073,-0.0562,0.0000,kp100
541,100.0000,1.0000,0.0216,0.0219,-0.0073,-0.0562,0.0000,kp100
546,100.0000,1.0000,0.0216,0.0219,-0.0073,-0.0611,0.0000,kp100
551,100.0000,1.0000,0.0216,0.0219,-0.0073,-0.0611,0.0000,kp100
556,100.0000,1.0000,0.0216,0.0219,-0.0073,-0.0611,0.0000,kp100
561,100.0000,1.0000,0.0216,0.0219,-0.0073,-0.0611,0.0000,kp100
566,100.0000,1.0000,0.0216,0.0219,-0.0073,-0.0611,0.0000,kp100
571,100.0000,1.0000,0.0216,0.0219,-0.0073,-0.0611,0.0000,kp100
576,100.0000,1.0000,0.0216,0.0219,-0.0073,-0.0611,0.0000,kp100
581,100.0000,1.0000,0.0216,0.0219,-0.0073,-0.0659,0.0000,kp100
586,100.0000,1.0000,0.0216,0.0219,-0.0073,-0.0611,0.0000,kp100
591,100.0000,1.0000,0.0216,0.0219,-0.0073,-0.0659,0.0000,kp100
596,100.0000,1.0000,0.0216,0.0219,-0.0073,-0.0659,0.0000,kp100
601,100.0000,1.0000,0.0216,0.0219,-0.0073,-0.0659,0.0000,kp100
606,100.0000,1.0000,0.0216,0.0219,-0.0073,-0.0659,0.0000,kp100
611,100.0000,1.0000,0.0216,0.0219,-0.0073,-0.0659,0.0000,kp100
616,100.0000,1.0000,0.0216,0.0219,-0.0073,-0.0659,0.0000,kp100
621,100.0000,1.0000,0.0216,0.0219,-0.0073,-0.0659,0.0000,kp100
627,100.0000,1.0000,0.0216,0.0219,-0.0073,-0.0659,0.0000,kp100
632,100.0000,1.0000,0.0216,0.0219,-0.0073,-0.0659,0.0000,kp100
637,100.0000,1.0000,0.0216,0.0219,-0.0073,-0.0659,0.0000,kp100
642,100.0000,1.0000,0.0216,0.0219,-0.0073,-0.0659,0.0000,kp100
647,100.0000,1.0000,0.0216,0.0219,-0.0073,-0.0611,0.0000,kp100
652,100.0000,1.0000,0.0216,0.0219,-0.0073,-0.0659,0.0000,kp100
657,100.0000,1.0000,0.0216,0.0219,-0.0073,-0.0659,0.0000,kp100
662,100.0000,1.0000,0.0216,0.0219,-0.0073,-0.0708,0.0000,kp100
667,100.0000,1.0000,0.0216,0.0219,-0.0073,-0.0708,0.0000,kp100
672,100.0000,1.0000,0.0216,0.0219,-0.0073,-0.0659,0.0000,kp100
677,100.0000,1.0000,0.0216,0.0219,-0.0073,-0.0708,0.0000,kp100
682,100.0000,1.0000,0.0216,0.0219,-0.0073,-0.0659,0.0000,kp100
687,100.0000,1.0000,0.0216,0.0219,-0.0073,-0.0659,0.0000,kp100
692,100.0000,1.0000,0.0216,0.0219,-0.0073,-0.0659,0.0000,kp100
697,100.0000,1.0000,0.0216,0.0219,-0.0073,-0.0659,0.0000,kp100
702,100.0000,1.0000,0.0216,0.0219,-0.0073,-0.0659,0.0000,kp100
707,100.0000,1.0000,0.0216,0.0219,-0.0073,-0.0659,0.0000,kp100
713,100.0000,1.0000,0.0216,0.0219,-0.0073,-0.0708,0.0000,kp100
718,100.0000,1.0000,0.0216,0.0219,-0.0073,-0.0708,0.0000,kp100
723,100.0000,1.0000,0.0216,0.0219,-0.0073,-0.0659,0.0000,kp100
728,100.0000,1.0000,0.0216,0.0219,-0.0073,-0.0659,0.0000,kp100
733,100.0000,1.0000,0.0216,0.0219,-0.0073,-0.0659,0.0000,kp100
738,100.0000,1.0000,0.0216,0.0219,-0.0073,-0.0659,0.0000,kp100
743,100.0000,1.0000,0.0216,0.0219,-0.0073,-0.0708,0.0000,kp100
748,100.0000,1.0000,0.0216,0.0219,-0.0073,-0.0659,0.0000,kp100
753,100.0000,1.0000,0.0216,0.0219,-0.0073,-0.0708,0.0000,kp100
758,100.0000,1.0000,0.0216,0.0219,-0.0073,-0.0708,0.0000,kp100
763,100.0000,1.0000,0.0216,0.0219,-0.0073,-0.0708,0.0000,kp100
768,100.0000,1.0000,0.0216,0.0219,-0.0073,-0.0708,0.0000,kp100
773,100.0000,1.0000,0.0216,0.0219,-0.0073,-0.0708,0.0000,kp100
778,100.0000,1.0000,0.0216,0.0219,-0.0073,-0.0708,0.0000,kp100
783,100.0000,1.0000,0.0216,0.0219,-0.0073,-0.0659,0.0000,kp100
788,100.0000,1.0000,0.0216,0.0219,-0.0073,-0.0659,0.0000,kp100
793,100.0000,1.0000,0.0216,0.0219,-0.0073,-0.0708,0.0000,kp100
798,100.0000,1.0000,0.0216,0.0219,-0.0073,-0.0659,0.0000,kp100
804,100.0000,1.0000,0.0216,0.0219,-0.0073,-0.0659,0.0000,kp100
809,100.0000,1.0000,0.0216,0.0219,-0.0073,-0.0708,0.0000,kp100
814,100.0000,1.0000,0.0216,0.0219,-0.0073,-0.0659,0.0000,kp100
819,100.0000,1.0000,0.0216,0.0219,-0.0073,-0.0659,0.0000,kp100
824,100.0000,1.0000,0.0216,0.0219,-0.0073,-0.0659,0.0000,kp100
829,100.0000,1.0000,0.0216,0.0219,-0.0073,-0.0659,0.0000,kp100
834,100.0000,1.0000,0.0216,0.0219,-0.0073,-0.0659,0.0000,kp100
839,100.0000,1.0000,0.0216,0.0219,-0.0073,-0.0659,0.0000,kp100
844,100.0000,1.0000,0.0216,0.0219,-0.0073,-0.0659,0.0000,kp100
849,100.0000,1.0000,0.0216,0.0219,-0.0073,-0.0659,0.0000,kp100
854,100.0000,1.0000,0.0216,0.0219,-0.0073,-0.0659,0.0000,kp100
859,100.0000,1.0000,0.0216,0.0219,-0.0073,-0.0659,0.0000,kp100
864,100.0000,1.0000,0.0216,0.0219,-0.0073,-0.0659,0.0000,kp100
869,100.0000,1.0000,0.0216,0.0219,-0.0073,-0.0659,0.0000,kp100
874,100.0000,1.0000,0.0216,0.0219,-0.0073,-0.0659,0.0000,kp100
879,100.0000,1.0000,0.0216,0.0219,-0.0073,-0.0611,0.0000,kp100
884,100.0000,1.0000,0.0216,0.0219,-0.0073,-0.0611,0.0000,kp100
889,100.0000,1.0000,0.0216,0.0219,-0.0073,-0.0659,0.0000,kp100
895,100.0000,1.0000,0.0216,0.0219,-0.0073,-0.0611,0.0000,kp100
900,100.0000,1.0000,0.0216,0.0219,-0.0073,-0.0611,0.0000,kp100
905,100.0000,1.0000,0.0216,0.0219,-0.0073,-0.0611,0.0000,kp100
910,100.0000,1.0000,0.0216,0.0219,-0.0073,-0.0611,0.0000,kp100
915,100.0000,1.0000,0.0216,0.0219,-0.0073,-0.0611,0.0000,kp100
920,100.0000,1.0000,0.0216,0.0219,-0.0073,-0.0611,0.0000,kp100
925,100.0000,1.0000,0.0216,0.0219,-0.0073,-0.0611,0.0000,kp100
930,100.0000,1.0000,0.0216,0.0219,-0.0073,-0.0611,0.0000,kp100
935,100.0000,1.0000,0.0216,0.0219,-0.0073,-0.0562,0.0000,kp100
940,100.0000,1.0000,0.0216,0.0219,-0.0073,-0.0562,0.0000,kp100
945,100.0000,1.0000,0.0216,0.0219,-0.0073,-0.0562,0.0000,kp100
950,100.0000,1.0000,0.0216,0.0219,-0.0073,-0.0513,0.0000,kp100
955,100.0000,1.0000,0.0216,0.0219,-0.0073,-0.0562,0.0000,kp100
960,100.0000,1.0000,0.0216,0.0219,-0.0073,-0.0562,0.0000,kp100
965,100.0000,1.0000,0.0216,0.0219,-0.0073,-0.0562,0.0000,kp100
970,100.0000,1.0000,0.0216,0.0219,-0.0073,-0.0513,0.0000,kp100
975,100.0000,1.0000,0.0216,0.0219,-0.0073,-0.0513,0.0000,kp100
981,100.0000,1.0000,0.0216,0.0219,-0.0073,-0.0562,0.0000,kp100
986,100.0000,1.0000,0.0216,0.0219,-0.0073,-0.0513,0.0000,kp100
991,100.0000,1.0000,0.0216,0.0219,-0.0073,-0.0513,0.0000,kp100
996,100.0000,1.0000,0.0216,0.0219,-0.0073,-0.0513,0.0000,kp100
1001,100.0000,1.0000,0.0216,0.0219,-0.0073,-0.0562,0.0000,kp100
1006,100.0000,1.0000,0.0216,0.0219,-0.0073,-0.0513,0.0000,kp100
1011,100.0000,1.0000,0.0216,0.0219,-0.0073,-0.0562,0.0000,kp100
1016,100.0000,1.0000,0.0216,0.0219,-0.0073,-0.0513,0.0000,kp100
1021,100.0000,1.0000,0.0216,0.0219,-0.0073,-0.0513,0.0000,kp100
1026,100.0000,1.0000,0.0216,0.0219,-0.0073,-0.0513,0.0000,kp100
1031,100.0000,1.0000,0.0216,0.0219,-0.0073,-0.0513,0.0000,kp100
1036,100.0000,1.0000,0.0216,0.0219,-0.0073,-0.0513,0.0000,kp100
1041,100.0000,1.0000,0.0216,0.0219,-0.0073,-0.0513,0.0000,kp100
1046,100.0000,1.0000,0.0216,0.0219,-0.0073,-0.0562,0.0000,kp100
1051,100.0000,1.0000,0.0216,0.0219,-0.0073,-0.0562,0.0000,kp100
1056,100.0000,1.0000,0.0216,0.0219,-0.0073,-0.0513,0.0000,kp100
1061,100.0000,1.0000,0.0216,0.0219,-0.0073,-0.0513,0.0000,kp100
1066,100.0000,1.0000,0.0216,0.0219,-0.0073,-0.0513,0.0000,kp100
1071,100.0000,1.0000,0.0216,0.0219,-0.0073,-0.0513,0.0000,kp100
1077,100.0000,1.0000,0.0216,0.0219,-0.0073,-0.0513,0.0000,kp100
1082,100.0000,1.0000,0.0216,0.0219,-0.0073,-0.0513,0.0000,kp100
1087,100.0000,1.0000,0.0216,0.0219,-0.0073,-0.0513,0.0000,kp100
1092,100.0000,1.0000,0.0216,0.0219,-0.0073,-0.0513,0.0000,kp100
1097,100.0000,1.0000,0.0216,0.0219,-0.0073,-0.0513,0.0000,kp100
1102,100.0000,1.0000,0.0216,0.0219,-0.0073,-0.0513,0.0000,kp100
1107,100.0000,1.0000,0.0216,0.0219,-0.0073,-0.0513,0.0000,kp100
1112,100.0000,1.0000,0.0216,0.0219,-0.0073,-0.0513,0.0000,kp100
1117,100.0000,1.0000,0.0216,0.0219,-0.0073,-0.0513,0.0000,kp100
1122,100.0000,1.0000,0.0216,0.0219,-0.0073,-0.0513,0.0000,kp100
1127,100.0000,1.0000,0.0216,0.0219,-0.0073,-0.0513,0.0000,kp100
1132,100.0000,1.0000,0.0216,0.0219,-0.0073,-0.0513,0.0000,kp100
1137,100.0000,1.0000,0.0216,0.0219,-0.0073,-0.0513,0.0000,kp100
1142,100.0000,1.0000,0.0216,0.0219,-0.0073,-0.0513,0.0000,kp100
1147,100.0000,1.0000,0.0216,0.0219,-0.0073,-0.0513,0.0000,kp100
1152,100.0000,1.0000,0.0216,0.0219,-0.0073,-0.0513,0.0000,kp100
1157,100.0000,1.0000,0.0216,0.0219,-0.0073,-0.0513,0.0000,kp100
1163,100.0000,1.0000,0.0216,0.0219,-0.0073,-0.0513,0.0000,kp100
1168,100.0000,1.0000,0.0216,0.0219,-0.0073,-0.0513,0.0000,kp100
1173,100.0000,1.0000,0.0216,0.0219,-0.0073,-0.0513,0.0000,kp100
1178,100.0000,1.0000,0.0216,0.0219,-0.0073,-0.0513,0.0000,kp100
1183,100.0000,1.0000,0.0216,0.0219,-0.0073,-0.0513,0.0000,kp100
1188,100.0000,1.0000,0.0216,0.0219,-0.0073,-0.0513,0.0000,kp100
1193,100.0000,1.0000,0.0216,0.0219,-0.0073,-0.0513,0.0000,kp100
1198,100.0000,1.0000,0.0216,0.0219,-0.0073,-0.0513,0.0000,kp100
1203,100.0000,1.0000,0.0216,0.0219,-0.0073,-0.0513,0.0000,kp100
1208,100.0000,1.0000,0.0216,0.0219,-0.0073,-0.0513,0.0000,kp100
1213,100.0000,1.0000,0.0216,0.0219,-0.0073,-0.0513,0.0000,kp100
1218,100.0000,1.0000,0.0216,0.0219,-0.0073,-0.0513,0.0000,kp100
1223,100.0000,1.0000,0.0216,0.0219,-0.0073,-0.0513,0.0000,kp100
1228,100.0000,1.0000,0.0216,0.0219,-0.0073,-0.0513,0.0000,kp100
1233,100.0000,1.0000,0.0216,0.0219,-0.0073,-0.0513,0.0000,kp100
1238,100.0000,1.0000,0.0216,0.0219,-0.0073,-0.0562,0.0000,kp100
1243,100.0000,1.0000,0.0216,0.0219,-0.0073,-0.0513,0.0000,kp100
1248,100.0000,1.0000,0.0216,0.0219,-0.0073,-0.0513,0.0000,kp100
1254,100.0000,1.0000,0.0216,0.0219,-0.0073,-0.0562,0.0000,kp100
1259,100.0000,1.0000,0.0216,0.0219,-0.0073,-0.0562,0.0000,kp100
1264,100.0000,1.0000,0.0216,0.0219,-0.0073,-0.0562,0.0000,kp100
1269,100.0000,1.0000,0.0216,0.0219,-0.0073,-0.0562,0.0000,kp100
1274,100.0000,1.0000,0.0216,0.0219,-0.0073,-0.0562,0.0000,kp100
1279,100.0000,1.0000,0.0216,0.0219,-0.0073,-0.0562,0.0000,kp100
1284,100.0000,1.0000,0.0216,0.0219,-0.0073,-0.0513,0.0000,kp100
1289,100.0000,1.0000,0.0216,0.0219,-0.0073,-0.0562,0.0000,kp100
1294,100.0000,1.0000,0.0216,0.0219,-0.0073,-0.0562,0.0000,kp100
1299,100.0000,1.0000,0.0216,0.0219,-0.0073,-0.0562,0.0000,kp100
1304,100.0000,1.0000,0.0216,0.0219,-0.0073,-0.0562,0.0000,kp100
1309,100.0000,1.0000,0.0216,0.0219,-0.0073,-0.0562,0.0000,kp100
1314,100.0000,1.0000,0.0216,0.0219,-0.0073,-0.0562,0.0000,kp100
1319,100.0000,1.0000,0.0216,0.0219,-0.0073,-0.0562,0.0000,kp100
1324,100.0000,1.0000,0.0216,0.0219,-0.0073,-0.0562,0.0000,kp100
1329,100.0000,1.0000,0.0216,0.0219,-0.0073,-0.0562,0.0000,kp100
1334,100.0000,1.0000,0.0216,0.0219,-0.0073,-0.0611,0.0000,kp100
1339,100.0000,1.0000,0.0216,0.0219,-0.0073,-0.0611,0.0000,kp100
1344,100.0000,1.0000,0.0216,0.0219,-0.0073,-0.0611,0.0000,kp100
1350,100.0000,1.0000,0.0216,0.0219,-0.0073,-0.0611,0.0000,kp100
1355,100.0000,1.0000,0.0216,0.0219,-0.0073,-0.0611,0.0000,kp100
1360,100.0000,1.0000,0.0216,0.0219,-0.0073,-0.0611,0.0000,kp100
1365,100.0000,1.0000,0.0216,0.0219,-0.0073,-0.0611,0.0000,kp100
1370,100.0000,1.0000,0.0216,0.0219,-0.0073,-0.0611,0.0000,kp100
1375,100.0000,1.0000,0.0216,0.0219,-0.0073,-0.0659,0.0000,kp100
1380,100.0000,1.0000,0.0216,0.0219,-0.0073,-0.0659,0.0000,kp100
1385,100.0000,1.0000,0.0216,0.0219,-0.0073,-0.0659,0.0000,kp100
1390,100.0000,1.0000,0.0216,0.0219,-0.0073,-0.0659,0.0000,kp100
1395,100.0000,1.0000,0.0216,0.0219,-0.0073,-0.0659,0.0000,kp100
1400,100.0000,1.0000,0.0216,0.0219,-0.0073,-0.0659,0.0000,kp100
1405,100.0000,1.0000,0.0216,0.0219,-0.0073,-0.0659,0.0000,kp100
1410,100.0000,1.0000,0.0216,0.0219,-0.0073,-0.0659,0.0000,kp100
1415,100.0000,1.0000,0.0216,0.0219,-0.0073,-0.0708,0.0000,kp100
1420,100.0000,1.0000,0.0216,0.0219,-0.0073,-0.0708,0.0000,kp100
1425,100.0000,1.0000,0.0216,0.0219,-0.0073,-0.0708,0.0000,kp100
1430,100.0000,1.0000,0.0216,0.0219,-0.0073,-0.0708,0.0000,kp100
1436,100.0000,1.0000,0.0216,0.0219,-0.0073,-0.0708,0.0000,kp100
1441,100.0000,1.0000,0.0216,0.0219,-0.0073,-0.0757,0.0000,kp100
1446,100.0000,1.0000,0.0216,0.0219,-0.0073,-0.0708,0.0000,kp100
1451,100.0000,1.0000,0.0216,0.0219,-0.0073,-0.0708,0.0000,kp100
1456,100.0000,1.0000,0.0216,0.0219,-0.0073,-0.0708,0.0000,kp100
1461,100.0000,1.0000,0.0216,0.0219,-0.0073,-0.0708,0.0000,kp100
1466,100.0000,1.0000,0.0216,0.0219,-0.0073,-0.0708,0.0000,kp100
1471,100.0000,1.0000,0.0216,0.0219,-0.0073,-0.0757,0.0000,kp100
1476,100.0000,1.0000,0.0216,0.0219,-0.0073,-0.0757,0.0000,kp100
1481,100.0000,1.0000,0.0216,0.0219,-0.0073,-0.0708,0.0000,kp100
1486,100.0000,1.0000,0.0216,0.0219,-0.0073,-0.0708,0.0000,kp100
1491,100.0000,1.0000,0.0216,0.0219,-0.0073,-0.0757,0.0000,kp100
1496,100.0000,1.0000,0.0216,0.0219,-0.0073,-0.0708,0.0000,kp100
1501,100.0000,1.0000,0.0216,0.0219,-0.0073,-0.0708,0.0000,kp100
1506,100.0000,1.0000,0.0216,0.0219,-0.0073,-0.0708,0.0000,kp100
1511,100.0000,1.0000,0.0216,0.0219,-0.0073,-0.0757,0.0000,kp100
1516,100.0000,1.0000,0.0216,0.0219,-0.0073,-0.0757,0.0000,kp100
1521,100.0000,1.0000,0.0216,0.0219,-0.0073,-0.0757,0.0000,kp100
1527,100.0000,1.0000,0.0216,0.0219,-0.0073,-0.0757,0.0000,kp100
1532,100.0000,1.0000,0.0216,0.0219,-0.0073,-0.0757,0.0000,kp100
1537,100.0000,1.0000,0.0216,0.0219,-0.0073,-0.0757,0.0000,kp100
1542,100.0000,1.0000,0.0216,0.0219,-0.0073,-0.0757,0.0000,kp100
1547,100.0000,1.0000,0.0216,0.0219,-0.0073,-0.0757,0.0000,kp100
1552,100.0000,1.0000,0.0216,0.0219,-0.0073,-0.0757,0.0000,kp100
1557,100.0000,1.0000,0.0216,0.0219,-0.0073,-0.0806,0.0000,kp100
1562,100.0000,1.0000,0.0216,0.0219,-0.0073,-0.0757,0.0000,kp100
1567,100.0000,1.0000,0.0216,0.0219,-0.0073,-0.0757,0.0000,kp100
1572,100.0000,1.0000,0.0216,0.0219,-0.0073,-0.0757,0.0000,kp100
1577,100.0000,1.0000,0.0216,0.0219,-0.0073,-0.0757,0.0000,kp100
1582,100.0000,1.0000,0.0216,0.0219,-0.0073,-0.0757,0.0000,kp100
1587,100.0000,1.0000,0.0216,0.0219,-0.0073,-0.0757,0.0000,kp100
1592,100.0000,1.0000,0.0216,0.0219,-0.0073,-0.0757,0.0000,kp100
1597,100.0000,1.0000,0.0216,0.0219,-0.0073,-0.0757,0.0000,kp100
1602,100.0000,1.0000,0.0216,0.0219,-0.0073,-0.0757,0.0000,kp100
1607,100.0000,1.0000,0.0216,0.0219,-0.0073,-0.0757,0.0000,kp100
1612,100.0000,1.0000,0.0216,0.0219,-0.0073,-0.0757,0.0000,kp100
1618,100.0000,1.0000,0.0216,0.0219,-0.0073,-0.0757,0.0000,kp100
1623,100.0000,1.0000,0.0216,0.0219,-0.0073,-0.0757,0.0000,kp100
1628,100.0000,1.0000,0.0216,0.0219,-0.0073,-0.0806,0.0000,kp100
1633,100.0000,1.0000,0.0216,0.0219,-0.0073,-0.0806,0.0000,kp100
1638,100.0000,1.0000,0.0216,0.0219,-0.0073,-0.0757,0.0000,kp100
1643,100.0000,1.0000,0.0216,0.0219,-0.0073,-0.0806,0.0000,kp100
1648,100.0000,1.0000,0.0216,0.0219,-0.0073,-0.0757,0.0000,kp100
1653,100.0000,1.0000,0.0216,0.0219,-0.0073,-0.0757,0.0000,kp100
1658,100.0000,1.0000,0.0216,0.0219,-0.0073,-0.0806,0.0000,kp100
1663,100.0000,1.0000,0.0216,0.0219,-0.0073,-0.0757,0.0000,kp100
1668,100.0000,1.0000,0.0216,0.0219,-0.0073,-0.0757,0.0000,kp100
1673,100.0000,1.0000,0.0216,0.0219,-0.0073,-0.0757,0.0000,kp100
1678,100.0000,1.0000,0.0216,0.0219,-0.0073,-0.0757,0.0000,kp100
1683,100.0000,1.0000,0.0216,0.0219,-0.0073,-0.0757,0.0000,kp100
1688,100.0000,1.0000,0.0216,0.0219,-0.0073,-0.0757,0.0000,kp100
1693,100.0000,1.0000,0.0216,0.0219,-0.0073,-0.0806,0.0000,kp100
1698,100.0000,1.0000,0.0216,0.0219,-0.0073,-0.0806,0.0000,kp100
1703,100.0000,1.0000,0.0216,0.0219,-0.0073,-0.0757,0.0000,kp100
1709,100.0000,1.0000,0.0216,0.0219,-0.0073,-0.0806,0.0000,kp100
1714,100.0000,1.0000,0.0216,0.0219,-0.0073,-0.0806,0.0000,kp100
1719,100.0000,1.0000,0.0216,0.0219,-0.0073,-0.0806,0.0000,kp100
1724,100.0000,1.0000,0.0216,0.0219,-0.0073,-0.0757,0.0000,kp100
1729,100.0000,1.0000,0.0216,0.0219,-0.0073,-0.0757,0.0000,kp100
1734,100.0000,1.0000,0.0216,0.0219,-0.0073,-0.0757,0.0000,kp100
1739,100.0000,1.0000,0.0216,0.0219,-0.0073,-0.0806,0.0000,kp100
1744,100.0000,1.0000,0.0216,0.0219,-0.0073,-0.0757,0.0000,kp100
1749,100.0000,1.0000,0.0216,0.0219,-0.0073,-0.0806,0.0000,kp100
1754,100.0000,1.0000,0.0216,0.0219,-0.0073,-0.0806,0.0000,kp100
1759,100.0000,1.0000,0.0216,0.0219,-0.0073,-0.0757,0.0000,kp100
1764,100.0000,1.0000,0.0216,0.0219,-0.0073,-0.0806,0.0000,kp100
1769,100.0000,1.0000,0.0216,0.0219,-0.0073,-0.0806,0.0000,kp100
1774,100.0000,1.0000,0.0216,0.0219,-0.0073,-0.0806,0.0000,kp100
1779,100.0000,1.0000,0.0216,0.0219,-0.0073,-0.0806,0.0000,kp100
1784,100.0000,1.0000,0.0216,0.0219,-0.0073,-0.0806,0.0000,kp100
1789,100.0000,1.0000,0.0216,0.0219,-0.0073,-0.0806,0.0000,kp100
1794,100.0000,1.0000,0.0216,0.0219,-0.0073,-0.0757,0.0000,kp100
1800,100.0000,1.0000,0.0216,0.0219,-0.0073,-0.0806,0.0000,kp100
1805,100.0000,1.0000,0.0216,0.0219,-0.0073,-0.0806,0.0000,kp100
1810,100.0000,1.0000,0.0216,0.0219,-0.0073,-0.0806,0.0000,kp100
1815,100.0000,1.0000,0.0216,0.0219,-0.0073,-0.0806,0.0000,kp100
1820,100.0000,1.0000,0.0216,0.0219,-0.0073,-0.0757,0.0000,kp100
1825,100.0000,1.0000,0.0216,0.0219,-0.0073,-0.0757,0.0000,kp100
1830,100.0000,1.0000,0.0216,0.0219,-0.0073,-0.0806,0.0000,kp100
1835,100.0000,1.0000,0.0216,0.0219,-0.0073,-0.0806,0.0000,kp100
1840,100.0000,1.0000,0.0216,0.0219,-0.0073,-0.0806,0.0000,kp100
1845,100.0000,1.0000,0.0216,0.0219,-0.0073,-0.0806,0.0000,kp100
1850,100.0000,1.0000,0.0216,0.0219,-0.0073,-0.0806,0.0000,kp100
1855,100.0000,1.0000,0.0216,0.0219,-0.0073,-0.0806,0.0000,kp100
1860,100.0000,1.0000,0.0216,0.0219,-0.0073,-0.0806,0.0000,kp100
1865,100.0000,1.0000,0.0216,0.0219,-0.0073,-0.0806,0.0000,kp100
1870,100.0000,1.0000,0.0216,0.0219,-0.0073,-0.0806,0.0000,kp100
1875,100.0000,1.0000,0.0216,0.0219,-0.0073,-0.0806,0.0000,kp100
1880,100.0000,1.0000,0.0216,0.0219,-0.0073,-0.0806,0.0000,kp100
1885,100.0000,1.0000,0.0216,0.0219,-0.0073,-0.0806,0.0000,kp100
1891,100.0000,1.0000,0.0216,0.0219,-0.0073,-0.0806,0.0000,kp100
1896,100.0000,1.0000,0.0216,0.0219,-0.0073,-0.0806,0.0000,kp100
1901,100.0000,1.0000,0.0216,0.0219,-0.0073,-0.0806,0.0000,kp100
1906,100.0000,1.0000,0.0216,0.0219,-0.0073,-0.0806,0.0000,kp100
1911,100.0000,1.0000,0.0216,0.0219,-0.0073,-0.0806,0.0000,kp100
1916,100.0000,1.0000,0.0216,0.0219,-0.0073,-0.0806,0.0000,kp100
1921,100.0000,1.0000,0.0216,0.0219,-0.0073,-0.0806,0.0000,kp100
1926,100.0000,1.0000,0.0216,0.0219,-0.0073,-0.0806,0.0000,kp100
1931,100.0000,1.0000,0.0216,0.0219,-0.0073,-0.0806,0.0000,kp100
1936,100.0000,1.0000,0.0216,0.0219,-0.0073,-0.0806,0.0000,kp100
1941,100.0000,1.0000,0.0216,0.0219,-0.0073,-0.0806,0.0000,kp100
1946,100.0000,1.0000,0.0216,0.0219,-0.0073,-0.0855,0.0000,kp100
1951,100.0000,1.0000,0.0216,0.0219,-0.0073,-0.0806,0.0000,kp100
1956,100.0000,1.0000,0.0216,0.0219,-0.0073,-0.0806,0.0000,kp100
1961,100.0000,1.0000,0.0216,0.0219,-0.0073,-0.0806,0.0000,kp100
1966,100.0000,1.0000,0.0216,0.0219,-0.0073,-0.0806,0.0000,kp100
1971,100.0000,1.0000,0.0216,0.0219,-0.0073,-0.0855,0.0000,kp100
1976,100.0000,1.0000,0.0216,0.0219,-0.0073,-0.0806,0.0000,kp100
1982,100.0000,1.0000,0.0216,0.0219,-0.0073,-0.0806,0.0000,kp100
1987,100.0000,1.0000,0.0216,0.0219,-0.0073,-0.0806,0.0000,kp100
1992,100.0000,1.0000,0.0216,0.0219,-0.0073,-0.0806,0.0000,kp100
1997,100.0000,1.0000,0.0216,0.0219,-0.0073,-0.0806,0.0000,kp100
2002,100.0000,1.0000,0.0216,0.0219,-0.0073,-0.0806,0.0000,kp100
2007,100.0000,1.0000,0.0216,0.0219,-0.0073,-0.0806,0.0000,kp100
2012,100.0000,1.0000,0.0216,0.0219,-0.0073,-0.0806,0.0000,kp100
2017,100.0000,1.0000,0.0216,0.0219,-0.0073,-0.0806,0.0000,kp100
2022,100.0000,1.0000,0.0216,0.0219,-0.0073,-0.0855,0.0000,kp100
2027,100.0000,1.0000,0.0216,0.0219,-0.0073,-0.0855,0.0000,kp100
2032,100.0000,1.0000,0.0216,0.0219,-0.0073,-0.0855,0.0000,kp100
2037,100.0000,1.0000,0.0216,0.0219,-0.0073,-0.0806,0.0000,kp100
2042,100.0000,1.0000,0.0216,0.0219,-0.0073,-0.0806,0.0000,kp100
2047,100.0000,1.0000,0.0216,0.0219,-0.0073,-0.0806,0.0000,kp100
2052,100.0000,1.0000,0.0216,0.0219,-0.0073,-0.0855,0.0000,kp100
2057,100.0000,1.0000,0.0216,0.0219,-0.0073,-0.0855,0.0000,kp100
2062,100.0000,1.0000,0.0216,0.0219,-0.0073,-0.0855,0.0000,kp100
2067,100.0000,1.0000,0.0216,0.0219,-0.0073,-0.0855,0.0000,kp100
2073,100.0000,1.0000,0.0216,0.0219,-0.0073,-0.0855,0.0000,kp100
2078,100.0000,1.0000,0.0216,0.0219,-0.0073,-0.0806,0.0000,kp100
2083,100.0000,1.0000,0.0216,0.0219,-0.0073,-0.0806,0.0000,kp100
2088,100.0000,1.0000,0.0216,0.0219,-0.0073,-0.0806,0.0000,kp100
2093,100.0000,1.0000,0.0216,0.0219,-0.0073,-0.0806,0.0000,kp100
2098,100.0000,1.0000,0.0216,0.0219,-0.0073,-0.0806,0.0000,kp100
2103,100.0000,1.0000,0.0216,0.0219,-0.0073,-0.0806,0.0000,kp100
2108,100.0000,1.0000,0.0216,0.0219,-0.0073,-0.0806,0.0000,kp100
2113,100.0000,1.0000,0.0216,0.0219,-0.0073,-0.0806,0.0000,kp100
2118,100.0000,1.0000,0.0216,0.0219,-0.0073,-0.0806,0.0000,kp100
2123,100.0000,1.0000,0.0216,0.0219,-0.0073,-0.0806,0.0000,kp100
2128,100.0000,1.0000,0.0216,0.0219,-0.0073,-0.0855,0.0000,kp100
2133,100.0000,1.0000,0.0216,0.0219,-0.0073,-0.0806,0.0000,kp100
2138,100.0000,1.0000,0.0216,0.0219,-0.0073,-0.0806,0.0000,kp100
2143,100.0000,1.0000,0.0216,0.0219,-0.0073,-0.0806,0.0000,kp100
2148,100.0000,1.0000,0.0216,0.0219,-0.0073,-0.0855,0.0000,kp100
2153,100.0000,1.0000,0.0216,0.0219,-0.0073,-0.0806,0.0000,kp100
2158,100.0000,1.0000,0.0216,0.0219,-0.0073,-0.0806,0.0000,kp100
2164,100.0000,1.0000,0.0216,0.0219,-0.0073,-0.0806,0.0000,kp100
2169,100.0000,1.0000,0.0216,0.0219,-0.0073,-0.0806,0.0000,kp100
2174,100.0000,1.0000,0.0216,0.0219,-0.0073,-0.0806,0.0000,kp100
2179,100.0000,1.0000,0.0216,0.0219,-0.0073,-0.0806,0.0000,kp100
2184,100.0000,1.0000,0.0216,0.0219,-0.0073,-0.0855,0.0000,kp100
2189,100.0000,1.0000,0.0216,0.0219,-0.0073,-0.0806,0.0000,kp100
2194,100.0000,1.0000,0.0216,0.0219,-0.0073,-0.0806,0.0000,kp100
2199,100.0000,1.0000,0.0216,0.0219,-0.0073,-0.0855,0.0000,kp100
2204,100.0000,1.0000,0.0216,0.0219,-0.0073,-0.0806,0.0000,kp100
2209,100.0000,1.0000,0.0216,0.0219,-0.0073,-0.0855,0.0000,kp100
2214,100.0000,1.0000,0.0216,0.0219,-0.0073,-0.0855,0.0000,kp100
2219,100.0000,1.0000,0.0216,0.0219,-0.0073,-0.0855,0.0000,kp100
2224,100.0000,1.0000,0.0216,0.0219,-0.0073,-0.0806,0.0000,kp100
2229,100.0000,1.0000,0.0216,0.0219,-0.0073,-0.0806,0.0000,kp100
2234,100.0000,1.0000,0.0216,0.0219,-0.0073,-0.0806,0.0000,kp100
2239,100.0000,1.0000,0.0216,0.0219,-0.0073,-0.0806,0.0000,kp100
2244,100.0000,1.0000,0.0216,0.0219,-0.0073,-0.0806,0.0000,kp100
2249,100.0000,1.0000,0.0216,0.0219,-0.0073,-0.0806,0.0000,kp100
2255,100.0000,1.0000,0.0216,0.0219,-0.0073,-0.0855,0.0000,kp100
2260,100.0000,1.0000,0.0216,0.0219,-0.0073,-0.0806,0.0000,kp100
2265,100.0000,1.0000,0.0216,0.0219,-0.0073,-0.0806,0.0000,kp100
2270,100.0000,1.0000,0.0216,0.0219,-0.0073,-0.0806,0.0000,kp100
2275,100.0000,1.0000,0.0216,0.0219,-0.0073,-0.0806,0.0000,kp100
2280,100.0000,1.0000,0.0216,0.0219,-0.0073,-0.0855,0.0000,kp100
2285,100.0000,1.0000,0.0216,0.0219,-0.0073,-0.0806,0.0000,kp100
2290,100.0000,1.0000,0.0216,0.0219,-0.0073,-0.0806,0.0000,kp100
2295,100.0000,1.0000,0.0216,0.0219,-0.0073,-0.0806,0.0000,kp100
2300,100.0000,1.0000,0.0216,0.0219,-0.0073,-0.0806,0.0000,kp100
2305,100.0000,1.0000,0.0216,0.0219,-0.0073,-0.0806,0.0000,kp100
2310,100.0000,1.0000,0.0216,0.0219,-0.0073,-0.0806,0.0000,kp100
2315,100.0000,1.0000,0.0216,0.0219,-0.0073,-0.0806,0.0000,kp100
2320,100.0000,1.0000,0.0216,0.0219,-0.0073,-0.0806,0.0000,kp100
2325,100.0000,1.0000,0.0216,0.0219,-0.0073,-0.0806,0.0000,kp100
2330,100.0000,1.0000,0.0216,0.0219,-0.0073,-0.0806,0.0000,kp100
2335,100.0000,1.0000,0.0216,0.0219,-0.0073,-0.0806,0.0000,kp100
2340,100.0000,1.0000,0.0216,0.0219,-0.0073,-0.0806,0.0000,kp100
2346,100.0000,1.0000,0.0216,0.0219,-0.0073,-0.0806,0.0000,kp100
2351,100.0000,1.0000,0.0216,0.0219,-0.0073,-0.0806,0.0000,kp100
2356,100.0000,1.0000,0.0216,0.0219,-0.0073,-0.0806,0.0000,kp100
2361,100.0000,1.0000,0.0216,0.0219,-0.0073,-0.0806,0.0000,kp100
2366,100.0000,1.0000,0.0216,0.0219,-0.0073,-0.0806,0.0000,kp100
2371,100.0000,1.0000,0.0216,0.0219,-0.0073,-0.0806,0.0000,kp100
2376,100.0000,1.0000,0.0216,0.0219,-0.0073,-0.0806,0.0000,kp100
2381,100.0000,1.0000,0.0216,0.0219,-0.0073,-0.0806,0.0000,kp100
2386,100.0000,1.0000,0.0216,0.0219,-0.0073,-0.0806,0.0000,kp100
2391,100.0000,1.0000,0.0216,0.0219,-0.0073,-0.0806,0.0000,kp100
2396,100.0000,1.0000,0.0216,0.0219,-0.0073,-0.0806,0.0000,kp100
2401,100.0000,1.0000,0.0216,0.0219,-0.0220,-0.0757,0.0000,kp100
2406,100.0000,1.0000,0.0216,0.0219,-0.0073,-0.0757,0.0000,kp100
2411,100.0000,1.0000,0.0216,0.0219,-0.0073,-0.0757,0.0000,kp100
2416,100.0000,1.0000,0.0216,0.0219,-0.0073,-0.0708,0.0000,kp100
2421,100.0000,1.0000,0.0216,0.0219,-0.0073,-0.0757,0.0000,kp100
2426,100.0000,1.0000,0.0216,0.0219,-0.0073,-0.0757,0.0000,kp100
2431,100.0000,1.0000,0.0216,0.0219,-0.0073,-0.0757,0.0000,kp100
2437,100.0000,1.0000,0.0216,0.0219,-0.0073,-0.0708,0.0000,kp100
2442,100.0000,1.0000,0.0216,0.0219,-0.0073,-0.0708,0.0000,kp100
2447,100.0000,1.0000,0.0216,0.0219,-0.0073,-0.0708,0.0000,kp100
2452,100.0000,1.0000,0.0216,0.0219,-0.0073,-0.0708,0.0000,kp100
2457,100.0000,1.0000,0.0216,0.0219,-0.0073,-0.0708,0.0000,kp100
2462,100.0000,1.0000,0.0216,0.0219,-0.0073,-0.0708,0.0000,kp100
2467,100.0000,1.0000,0.0216,0.0219,-0.0073,-0.0708,0.0000,kp100
2472,100.0000,1.0000,0.0216,0.0219,-0.0073,-0.0708,0.0000,kp100
2477,100.0000,1.0000,0.0216,0.0219,-0.0073,-0.0708,0.0000,kp100
2482,100.0000,1.0000,0.0216,0.0219,-0.0073,-0.0708,0.0000,kp100
2487,100.0000,1.0000,0.0216,0.0219,-0.0073,-0.0708,0.0000,kp100
2492,100.0000,1.0000,0.0216,0.0219,-0.0073,-0.0708,0.0000,kp100
2497,100.0000,1.0000,0.0216,0.0219,-0.0073,-0.0708,0.0000,kp100
2502,100.0000,1.0000,0.0216,0.0219,-0.0073,-0.0659,0.0000,kp100
2507,100.0000,1.0000,0.0216,0.0219,-0.0073,-0.0659,0.0000,kp100
2512,100.0000,1.0000,0.0216,0.0219,-0.0073,-0.0659,0.0000,kp100
2517,100.0000,1.0000,0.0216,0.0219,-0.0073,-0.0659,0.0000,kp100
2523,100.0000,1.0000,0.0216,0.0219,-0.0073,-0.0708,0.0000,kp100
2528,100.0000,1.0000,0.0216,0.0219,-0.0073,-0.0659,0.0000,kp100
2533,100.0000,1.0000,0.0216,0.0219,-0.0073,-0.0708,0.0000,kp100
2538,100.0000,1.0000,0.0216,0.0219,-0.0073,-0.0708,0.0000,kp100
2543,100.0000,1.0000,0.0216,0.0219,-0.0073,-0.0659,0.0000,kp100
2548,100.0000,1.0000,0.0216,0.0219,-0.0073,-0.0659,0.0000,kp100
2553,100.0000,1.0000,0.0216,0.0219,-0.0073,-0.0659,0.0000,kp100
2558,100.0000,1.0000,0.0216,0.0219,-0.0073,-0.0659,0.0000,kp100
2563,100.0000,1.0000,0.0216,0.0219,-0.0073,-0.0659,0.0000,kp100
2568,100.0000,1.0000,0.0216,0.0219,-0.0073,-0.0659,0.0000,kp100
2573,100.0000,1.0000,0.0216,0.0219,-0.0073,-0.0611,0.0000,kp100
2578,100.0000,1.0000,0.0216,0.0219,-0.0073,-0.0611,0.0000,kp100
2583,100.0000,1.0000,0.0216,0.0219,-0.0073,-0.0611,0.0000,kp100
2588,100.0000,1.0000,0.0216,0.0219,-0.0073,-0.0659,0.0000,kp100
2593,100.0000,1.0000,0.0216,0.0219,-0.0073,-0.0611,0.0000,kp100
2598,100.0000,1.0000,0.0216,0.0219,-0.0073,-0.0611,0.0000,kp100
2603,100.0000,1.0000,0.0216,0.0219,-0.0073,-0.0611,0.0000,kp100
2608,100.0000,1.0000,0.0216,0.0219,-0.0073,-0.0611,0.0000,kp100
2614,100.0000,1.0000,0.0216,0.0219,-0.0073,-0.0611,0.0000,kp100
2619,100.0000,1.0000,0.0216,0.0219,-0.0073,-0.0611,0.0000,kp100
2624,100.0000,1.0000,0.0216,0.0219,-0.0073,-0.0611,0.0000,kp100
2629,100.0000,1.0000,0.0216,0.0219,-0.0073,-0.0611,0.0000,kp100
2634,100.0000,1.0000,0.0216,0.0219,-0.0073,-0.0611,0.0000,kp100
2639,100.0000,1.0000,0.0216,0.0219,-0.0073,-0.0611,0.0000,kp100
2644,100.0000,1.0000,0.0216,0.0219,-0.0073,-0.0611,0.0000,kp100
2649,100.0000,1.0000,0.0216,0.0219,-0.0073,-0.0611,0.0000,kp100
2654,100.0000,1.0000,0.0216,0.0219,-0.0073,-0.0562,0.0000,kp100
2659,100.0000,1.0000,0.0216,0.0219,-0.0073,-0.0562,0.0000,kp100
2664,100.0000,1.0000,0.0216,0.0219,-0.0073,-0.0562,0.0000,kp100
2669,100.0000,1.0000,0.0216,0.0219,-0.0073,-0.0562,0.0000,kp100
2674,100.0000,1.0000,0.0216,0.0219,-0.0073,-0.0562,0.0000,kp100
2679,100.0000,1.0000,0.0216,0.0219,-0.0073,-0.0562,0.0000,kp100
2684,100.0000,1.0000,0.0216,0.0219,-0.0073,-0.0513,0.0000,kp100
2689,100.0000,1.0000,0.0216,0.0219,-0.0073,-0.0513,0.0000,kp100
2694,100.0000,1.0000,0.0216,0.0219,-0.0073,-0.0513,0.0000,kp100
2700,100.0000,1.0000,0.0216,0.0219,-0.0220,-0.0513,0.0000,kp100
2705,100.0000,1.0000,0.0216,0.0219,-0.0073,-0.0513,0.0000,kp100
2710,100.0000,1.0000,0.0216,0.0219,-0.0073,-0.0513,0.0000,kp100
2715,100.0000,1.0000,0.0216,0.0216,-0.0073,-0.0513,0.0000,kp100
2720,100.0000,1.0000,0.0216,0.0216,-0.0073,-0.0513,0.0000,kp100
2725,100.0000,1.0000,0.0216,0.0216,-0.0073,-0.0513,0.0000,kp100
2730,100.0000,1.0000,0.0216,0.0216,-0.0073,-0.0464,0.0000,kp100
2735,100.0000,1.0000,0.0216,0.0216,-0.0073,-0.0464,0.0000,kp100
2740,100.0000,1.0000,0.0216,0.0216,-0.0073,-0.0464,0.0000,kp100
2745,100.0000,1.0000,0.0216,0.0216,-0.0073,-0.0464,0.0000,kp100
2750,100.0000,1.0000,0.0216,0.0216,-0.0073,-0.0513,0.0000,kp100
2755,100.0000,1.0000,0.0216,0.0216,-0.0073,-0.0464,0.0000,kp100
2760,100.0000,1.0000,0.0216,0.0216,-0.0073,-0.0464,0.0000,kp100
2765,100.0000,1.0000,0.0216,0.0216,-0.0073,-0.0464,0.0000,kp100
2770,100.0000,1.0000,0.0216,0.0216,-0.0073,-0.0464,0.0000,kp100
2775,100.0000,1.0000,0.0216,0.0216,-0.0073,-0.0464,0.0000,kp100
2780,100.0000,1.0000,0.0216,0.0216,-0.0073,-0.0464,0.0000,kp100
2785,100.0000,1.0000,0.0216,0.0216,-0.0073,-0.0513,0.0000,kp100
2791,100.0000,1.0000,0.0216,0.0216,-0.0073,-0.0464,0.0000,kp100
2796,100.0000,1.0000,0.0216,0.0216,-0.0073,-0.0464,0.0000,kp100
2801,100.0000,1.0000,0.0216,0.0216,-0.0073,-0.0464,0.0000,kp100
2806,100.0000,1.0000,0.0216,0.0216,-0.0073,-0.0464,0.0000,kp100
2811,100.0000,1.0000,0.0216,0.0216,-0.0073,-0.0464,0.0000,kp100
2816,100.0000,1.0000,0.0216,0.0216,-0.0073,-0.0513,0.0000,kp100
2821,100.0000,1.0000,0.0216,0.0216,-0.0073,-0.0513,0.0000,kp100
2826,100.0000,1.0000,0.0216,0.0216,-0.0073,-0.0464,0.0000,kp100
2831,100.0000,1.0000,0.0216,0.0216,-0.0073,-0.0464,0.0000,kp100
2836,100.0000,1.0000,0.0216,0.0216,-0.0073,-0.0464,0.0000,kp100
2841,100.0000,1.0000,0.0216,0.0216,-0.0073,-0.0464,0.0000,kp100
2846,100.0000,1.0000,0.0216,0.0216,-0.0073,-0.0464,0.0000,kp100
2851,100.0000,1.0000,0.0216,0.0216,-0.0073,-0.0464,0.0000,kp100
2856,100.0000,1.0000,0.0216,0.0216,-0.0073,-0.0513,0.0000,kp100
2861,100.0000,1.0000,0.0216,0.0216,-0.0073,-0.0513,0.0000,kp100
2866,100.0000,1.0000,0.0216,0.0216,-0.0073,-0.0513,0.0000,kp100
2871,100.0000,1.0000,0.0216,0.0216,-0.0073,-0.0464,0.0000,kp100
2877,100.0000,1.0000,0.0216,0.0216,-0.0073,-0.0464,0.0000,kp100
2882,100.0000,1.0000,0.0216,0.0216,-0.0073,-0.0464,0.0000,kp100
2887,100.0000,1.0000,0.0216,0.0216,-0.0073,-0.0464,0.0000,kp100
2892,100.0000,1.0000,0.0216,0.0216,-0.0073,-0.0464,0.0000,kp100
2897,100.0000,1.0000,0.0216,0.0216,-0.0073,-0.0464,0.0000,kp100
2902,100.0000,1.0000,0.0216,0.0216,-0.0073,-0.0464,0.0000,kp100
2907,100.0000,1.0000,0.0216,0.0216,-0.0073,-0.0464,0.0000,kp100
2912,100.0000,1.0000,0.0216,0.0216,-0.0073,-0.0464,0.0000,kp100
2917,100.0000,1.0000,0.0216,0.0216,-0.0073,-0.0464,0.0000,kp100
2922,100.0000,1.0000,0.0216,0.0216,-0.0073,-0.0464,0.0000,kp100
2927,100.0000,1.0000,0.0216,0.0216,-0.0073,-0.0464,0.0000,kp100
2932,100.0000,1.0000,0.0216,0.0216,-0.0073,-0.0464,0.0000,kp100
2937,100.0000,1.0000,0.0216,0.0216,-0.0073,-0.0513,0.0000,kp100
2942,100.0000,1.0000,0.0216,0.0216,-0.0073,-0.0464,0.0000,kp100
2947,100.0000,1.0000,0.0216,0.0216,-0.0073,-0.0464,0.0000,kp100
2952,100.0000,1.0000,0.0216,0.0216,-0.0073,-0.0464,0.0000,kp100
2957,100.0000,1.0000,0.0216,0.0216,-0.0073,-0.0464,0.0000,kp100
2962,100.0000,1.0000,0.0216,0.0216,-0.0073,-0.0464,0.0000,kp100
2968,100.0000,1.0000,0.0216,0.0216,-0.0073,-0.0464,0.0000,kp100
2973,100.0000,1.0000,0.0216,0.0216,-0.0073,-0.0464,0.0000,kp100
2978,100.0000,1.0000,0.0216,0.0216,-0.0073,-0.0464,0.0000,kp100
2983,100.0000,1.0000,0.0216,0.0216,-0.0073,-0.0464,0.0000,kp100
2988,100.0000,1.0000,0.0216,0.0216,-0.0073,-0.0464,0.0000,kp100
2993,100.0000,1.0000,0.0216,0.0216,-0.0073,-0.0464,0.0000,kp100
2998,100.0000,1.0000,0.0216,0.0216,-0.0073,-0.0464,0.0000,kp100
3003,100.0000,1.0000,0.0216,0.0216,-0.0073,-0.0464,0.0000,kp100
3008,100.0000,1.0000,0.0216,0.0216,-0.0073,-0.0464,0.0000,kp100
3013,100.0000,1.0000,0.0216,0.0216,-0.0073,-0.0464,0.0000,kp100
3018,100.0000,1.0000,0.0216,0.0216,-0.0073,-0.0464,0.0000,kp100
3023,100.0000,1.0000,0.0216,0.0216,-0.0073,-0.0513,0.0000,kp100
3028,100.0000,1.0000,0.0216,0.0216,-0.0073,-0.0513,0.0000,kp100
3033,100.0000,1.0000,0.0216,0.0216,-0.0073,-0.0513,0.0000,kp100
3038,100.0000,1.0000,0.0216,0.0216,-0.0073,-0.0513,0.0000,kp100
3043,100.0000,1.0000,0.0216,0.0216,-0.0073,-0.0513,0.0000,kp100
3048,100.0000,1.0000,0.0216,0.0216,-0.0073,-0.0464,0.0000,kp100
3054,100.0000,1.0000,0.0216,0.0216,-0.0073,-0.0464,0.0000,kp100
3059,100.0000,1.0000,0.0216,0.0216,-0.0073,-0.0464,0.0000,kp100
3064,100.0000,1.0000,0.0216,0.0216,-0.0073,-0.0464,0.0000,kp100
3069,100.0000,1.0000,0.0216,0.0216,-0.0073,-0.0513,0.0000,kp100
3074,100.0000,1.0000,0.0216,0.0216,-0.0073,-0.0513,0.0000,kp100
3079,100.0000,1.0000,0.0216,0.0216,-0.0073,-0.0513,0.0000,kp100
3084,100.0000,1.0000,0.0216,0.0216,-0.0073,-0.0513,0.0000,kp100
3089,100.0000,1.0000,0.0216,0.0216,-0.0073,-0.0513,0.0000,kp100
3094,100.0000,1.0000,0.0216,0.0216,-0.0073,-0.0513,0.0000,kp100
3099,100.0000,1.0000,0.0216,0.0216,-0.0073,-0.0513,0.0000,kp100
3104,100.0000,1.0000,0.0216,0.0216,-0.0073,-0.0464,0.0000,kp100
3109,100.0000,1.0000,0.0216,0.0216,-0.0073,-0.0464,0.0000,kp100
3114,100.0000,1.0000,0.0216,0.0219,-0.0073,-0.0513,0.0000,kp100
3119,100.0000,1.0000,0.0216,0.0219,-0.0073,-0.0513,0.0000,kp100
3124,100.0000,1.0000,0.0216,0.0219,-0.0073,-0.0513,0.0000,kp100
3129,100.0000,1.0000,0.0216,0.0219,-0.0073,-0.0513,0.0000,kp100
3134,100.0000,1.0000,0.0216,0.0219,-0.0073,-0.0513,0.0000,kp100
3139,100.0000,1.0000,0.0216,0.0219,-0.0073,-0.0513,0.0000,kp100
3145,100.0000,1.0000,0.0216,0.0219,-0.0073,-0.0513,0.0000,kp100
3150,100.0000,1.0000,0.0216,0.0219,-0.0073,-0.0513,0.0000,kp100
3155,100.0000,1.0000,0.0216,0.0219,-0.0073,-0.0513,0.0000,kp100
3160,100.0000,1.0000,0.0216,0.0219,-0.0073,-0.0513,0.0000,kp100
3165,100.0000,1.0000,0.0216,0.0219,-0.0073,-0.0513,0.0000,kp100
3170,100.0000,1.0000,0.0216,0.0219,-0.0073,-0.0513,0.0000,kp100
3175,100.0000,1.0000,0.0216,0.0219,-0.0073,-0.0513,0.0000,kp100
3180,100.0000,1.0000,0.0216,0.0219,-0.0073,-0.0513,0.0000,kp100
3185,100.0000,1.0000,0.0216,0.0219,-0.0073,-0.0513,0.0000,kp100
3190,100.0000,1.0000,0.0216,0.0219,-0.0073,-0.0513,0.0000,kp100
3195,100.0000,1.0000,0.0216,0.0219,-0.0073,-0.0513,0.0000,kp100
3200,100.0000,1.0000,0.0216,0.0219,-0.0073,-0.0513,0.0000,kp100
3205,100.0000,1.0000,0.0216,0.0219,-0.0073,-0.0513,0.0000,kp100
3210,100.0000,1.0000,0.0216,0.0219,-0.0073,-0.0513,0.0000,kp100
3215,100.0000,1.0000,0.0216,0.0219,-0.0073,-0.0562,0.0000,kp100
3220,100.0000,1.0000,0.0216,0.0219,-0.0073,-0.0513,0.0000,kp100
3225,100.0000,1.0000,0.0216,0.0219,-0.0073,-0.0513,0.0000,kp100
3230,100.0000,1.0000,0.0216,0.0219,-0.0073,-0.0513,0.0000,kp100
3236,100.0000,1.0000,0.0216,0.0219,-0.0073,-0.0513,0.0000,kp100
3241,100.0000,1.0000,0.0216,0.0219,-0.0073,-0.0513,0.0000,kp100
3246,100.0000,1.0000,0.0216,0.0219,-0.0073,-0.0513,0.0000,kp100
3251,100.0000,1.0000,0.0216,0.0219,-0.0073,-0.0513,0.0000,kp100
3256,100.0000,1.0000,0.0216,0.0219,-0.0073,-0.0513,0.0000,kp100
3261,100.0000,1.0000,0.0216,0.0219,-0.0073,-0.0513,0.0000,kp100
3266,100.0000,1.0000,0.0216,0.0219,-0.0073,-0.0513,0.0000,kp100
3271,100.0000,1.0000,0.0216,0.0219,-0.0073,-0.0513,0.0000,kp100
3276,100.0000,1.0000,0.0216,0.0219,-0.0073,-0.0513,0.0000,kp100
3281,100.0000,1.0000,0.0216,0.0219,-0.0073,-0.0562,0.0000,kp100
3286,100.0000,1.0000,0.0216,0.0219,-0.0073,-0.0562,0.0000,kp100
3291,100.0000,1.0000,0.0216,0.0219,-0.0073,-0.0513,0.0000,kp100
3296,100.0000,1.0000,0.0216,0.0219,-0.0073,-0.0513,0.0000,kp100
3301,100.0000,1.0000,0.0216,0.0219,-0.0073,-0.0513,0.0000,kp100
3306,100.0000,1.0000,0.0216,0.0219,-0.0073,-0.0513,0.0000,kp100
3311,100.0000,1.0000,0.0216,0.0219,-0.0073,-0.0562,0.0000,kp100
3316,100.0000,1.0000,0.0216,0.0219,-0.0073,-0.0513,0.0000,kp100
3322,100.0000,1.0000,0.0216,0.0219,-0.0073,-0.0513,0.0000,kp100
3327,100.0000,1.0000,0.0216,0.0219,-0.0073,-0.0513,0.0000,kp100
3332,100.0000,1.0000,0.0216,0.0219,-0.0073,-0.0513,0.0000,kp100
3337,100.0000,1.0000,0.0216,0.0219,-0.0073,-0.0513,0.0000,kp100
3342,100.0000,1.0000,0.0216,0.0219,-0.0073,-0.0513,0.0000,kp100
3347,100.0000,1.0000,0.0216,0.0219,-0.0073,-0.0513,0.0000,kp100
3352,100.0000,1.0000,0.0216,0.0219,-0.0073,-0.0513,0.0000,kp100
3357,100.0000,1.0000,0.0216,0.0219,-0.0073,-0.0513,0.0000,kp100
3362,100.0000,1.0000,0.0216,0.0219,-0.0073,-0.0513,0.0000,kp100
3367,100.0000,1.0000,0.0216,0.0219,-0.0073,-0.0513,0.0000,kp100
3372,100.0000,1.0000,0.0216,0.0219,-0.0073,-0.0513,0.0000,kp100
3377,100.0000,1.0000,0.0216,0.0219,-0.0073,-0.0513,0.0000,kp100
3382,100.0000,1.0000,0.0216,0.0219,-0.0073,-0.0513,0.0000,kp100
3387,100.0000,1.0000,0.0216,0.0219,-0.0073,-0.0513,0.0000,kp100
3392,100.0000,1.0000,0.0216,0.0219,-0.0073,-0.0513,0.0000,kp100
3397,100.0000,1.0000,0.0216,0.0219,-0.0073,-0.0513,0.0000,kp100
3402,100.0000,1.0000,0.0216,0.0219,-0.0073,-0.0562,0.0000,kp100
3407,100.0000,1.0000,0.0216,0.0219,-0.0073,-0.0562,0.0000,kp100
3413,100.0000,1.0000,0.0216,0.0219,-0.0073,-0.0513,0.0000,kp100
3418,100.0000,1.0000,0.0216,0.0219,-0.0073,-0.0513,0.0000,kp100
3423,100.0000,1.0000,0.0216,0.0219,-0.0073,-0.0513,0.0000,kp100
3428,100.0000,1.0000,0.0216,0.0219,-0.0073,-0.0513,0.0000,kp100
3433,100.0000,1.0000,0.0216,0.0219,-0.0073,-0.0513,0.0000,kp100
3438,100.0000,1.0000,0.0216,0.0219,-0.0073,-0.0513,0.0000,kp100
3443,100.0000,1.0000,0.0216,0.0219,-0.0073,-0.0513,0.0000,kp100
3448,100.0000,1.0000,0.0216,0.0219,-0.0073,-0.0562,0.0000,kp100
3453,100.0000,1.0000,0.0216,0.0219,-0.0073,-0.0513,0.0000,kp100
3458,100.0000,1.0000,0.0216,0.0219,-0.0073,-0.0513,0.0000,kp100
3463,100.0000,1.0000,0.0216,0.0219,-0.0073,-0.0513,0.0000,kp100
3468,100.0000,1.0000,0.0216,0.0219,-0.0073,-0.0513,0.0000,kp100
3473,100.0000,1.0000,0.0216,0.0219,-0.0073,-0.0513,0.0000,kp100
3478,100.0000,1.0000,0.0216,0.0219,-0.0073,-0.0513,0.0000,kp100
3483,100.0000,1.0000,0.0216,0.0219,-0.0073,-0.0513,0.0000,kp100
3488,100.0000,1.0000,0.0216,0.0219,-0.0073,-0.0562,0.0000,kp100
3493,100.0000,1.0000,0.0216,0.0219,-0.0073,-0.0513,0.0000,kp100
3499,100.0000,1.0000,0.0216,0.0219,-0.0073,-0.0513,0.0000,kp100
3504,100.0000,1.0000,0.0216,0.0219,-0.0073,-0.0513,0.0000,kp100
3509,100.0000,1.0000,0.0216,0.0219,-0.0073,-0.0513,0.0000,kp100
3514,100.0000,1.0000,0.0216,0.0219,-0.0073,-0.0513,0.0000,kp100
3519,100.0000,1.0000,0.0216,0.0219,-0.0073,-0.0513,0.0000,kp100
3524,100.0000,1.0000,0.0216,0.0219,-0.0073,-0.0513,0.0000,kp100
3529,100.0000,1.0000,0.0216,0.0219,-0.0073,-0.0513,0.0000,kp100
3534,100.0000,1.0000,0.0216,0.0219,-0.0073,-0.0513,0.0000,kp100
3539,100.0000,1.0000,0.0216,0.0219,-0.0073,-0.0513,0.0000,kp100
3544,100.0000,1.0000,0.0216,0.0219,-0.0073,-0.0513,0.0000,kp100
3549,100.0000,1.0000,0.0216,0.0219,-0.0073,-0.0513,0.0000,kp100
3554,100.0000,1.0000,0.0216,0.0219,-0.0073,-0.0513,0.0000,kp100
3559,100.0000,1.0000,0.0216,0.0219,-0.0073,-0.0513,0.0000,kp100
3564,100.0000,1.0000,0.0216,0.0219,-0.0073,-0.0513,0.0000,kp100
3569,100.0000,1.0000,0.0216,0.0219,-0.0073,-0.0513,0.0000,kp100
3574,100.0000,1.0000,0.0216,0.0219,-0.0073,-0.0513,0.0000,kp100
3579,100.0000,1.0000,0.0216,0.0219,-0.0073,-0.0513,0.0000,kp100
3584,100.0000,1.0000,0.0216,0.0219,-0.0073,-0.0513,0.0000,kp100
3590,100.0000,1.0000,0.0216,0.0219,-0.0073,-0.0513,0.0000,kp100
3595,100.0000,1.0000,0.0216,0.0219,-0.0073,-0.0513,0.0000,kp100
3600,100.0000,1.0000,0.0216,0.0219,-0.0073,-0.0513,0.0000,kp100
3605,100.0000,1.0000,0.0216,0.0219,-0.0073,-0.0562,0.0000,kp100
3610,100.0000,1.0000,0.0216,0.0219,-0.0073,-0.0562,0.0000,kp100
3615,100.0000,1.0000,0.0216,0.0219,-0.0073,-0.0562,0.0000,kp100
3620,100.0000,1.0000,0.0216,0.0219,-0.0073,-0.0513,0.0000,kp100
3625,100.0000,1.0000,0.0216,0.0219,-0.0073,-0.0513,0.0000,kp100
3630,100.0000,1.0000,0.0216,0.0219,-0.0073,-0.0513,0.0000,kp100
3635,100.0000,1.0000,0.0216,0.0219,-0.0073,-0.0513,0.0000,kp100
3640,100.0000,1.0000,0.0216,0.0219,-0.0073,-0.0513,0.0000,kp100
3645,100.0000,1.0000,0.0216,0.0219,-0.0073,-0.0562,0.0000,kp100
3650,100.0000,1.0000,0.0216,0.0219,-0.0073,-0.0562,0.0000,kp100
3655,100.0000,1.0000,0.0216,0.0219,-0.0073,-0.0513,0.0000,kp100
3660,100.0000,1.0000,0.0216,0.0219,-0.0073,-0.0513,0.0000,kp100
3665,100.0000,1.0000,0.0216,0.0219,-0.0073,-0.0513,0.0000,kp100
3670,100.0000,1.0000,0.0216,0.0219,-0.0073,-0.0513,0.0000,kp100
3676,100.0000,1.0000,0.0216,0.0219,-0.0073,-0.0513,0.0000,kp100
3681,100.0000,1.0000,0.0216,0.0219,-0.0073,-0.0513,0.0000,kp100
3686,100.0000,1.0000,0.0216,0.0219,-0.0073,-0.0513,0.0000,kp100
3691,100.0000,1.0000,0.0216,0.0219,-0.0073,-0.0513,0.0000,kp100
3696,100.0000,1.0000,0.0216,0.0219,-0.0073,-0.0513,0.0000,kp100
3701,100.0000,1.0000,0.0216,0.0219,-0.0073,-0.0513,0.0000,kp100
3706,100.0000,1.0000,0.0216,0.0219,-0.0073,-0.0513,0.0000,kp100
3711,100.0000,1.0000,0.0216,0.0219,-0.0073,-0.0513,0.0000,kp100
3716,100.0000,1.0000,0.0216,0.0219,-0.0073,-0.0513,0.0000,kp100
3721,100.0000,1.0000,0.0216,0.0219,-0.0073,-0.0513,0.0000,kp100
3726,100.0000,1.0000,0.0216,0.0219,-0.0073,-0.0513,0.0000,kp100
3731,100.0000,1.0000,0.0216,0.0219,-0.0073,-0.0513,0.0000,kp100
3736,100.0000,1.0000,0.0216,0.0219,-0.0073,-0.0562,0.0000,kp100
3741,100.0000,1.0000,0.0216,0.0219,-0.0073,-0.0562,0.0000,kp100
3746,100.0000,1.0000,0.0216,0.0219,-0.0073,-0.0513,0.0000,kp100
3751,100.0000,1.0000,0.0216,0.0219,-0.0073,-0.0513,0.0000,kp100
3756,100.0000,1.0000,0.0216,0.0219,-0.0073,-0.0562,0.0000,kp100
3762,100.0000,1.0000,0.0216,0.0219,-0.0073,-0.0513,0.0000,kp100
3767,100.0000,1.0000,0.0216,0.0219,-0.0073,-0.0562,0.0000,kp100
3772,100.0000,1.0000,0.0216,0.0219,-0.0073,-0.0513,0.0000,kp100
3777,100.0000,1.0000,0.0216,0.0219,-0.0073,-0.0513,0.0000,kp100
3782,100.0000,1.0000,0.0216,0.0219,-0.0073,-0.0562,0.0000,kp100
3787,100.0000,1.0000,0.0216,0.0219,-0.0073,-0.0562,0.0000,kp100
3792,100.0000,1.0000,0.0216,0.0219,-0.0073,-0.0562,0.0000,kp100
3797,100.0000,1.0000,0.0216,0.0219,-0.0073,-0.0513,0.0000,kp100
3802,100.0000,1.0000,0.0216,0.0219,-0.0073,-0.0513,0.0000,kp100
3807,100.0000,1.0000,0.0216,0.0219,-0.0073,-0.0562,0.0000,kp100
3812,100.0000,1.0000,0.0216,0.0219,-0.0073,-0.0513,0.0000,kp100
3817,100.0000,1.0000,0.0216,0.0219,-0.0073,-0.0513,0.0000,kp100
3822,100.0000,1.0000,0.0216,0.0219,-0.0073,-0.0562,0.0000,kp100
3827,100.0000,1.0000,0.0216,0.0219,-0.0073,-0.0513,0.0000,kp100
3832,100.0000,1.0000,0.0216,0.0219,-0.0073,-0.0513,0.0000,kp100
3837,100.0000,1.0000,0.0216,0.0219,-0.0073,-0.0513,0.0000,kp100
3842,100.0000,1.0000,0.0216,0.0219,-0.0073,-0.0562,0.0000,kp100
3847,100.0000,1.0000,0.0216,0.0219,-0.0073,-0.0513,0.0000,kp100
3853,100.0000,1.0000,0.0216,0.0219,-0.0073,-0.0562,0.0000,kp100
3858,100.0000,1.0000,0.0216,0.0219,-0.0073,-0.0513,0.0000,kp100
3863,100.0000,1.0000,0.0216,0.0219,-0.0073,-0.0513,0.0000,kp100
3868,100.0000,1.0000,0.0216,0.0219,-0.0073,-0.0513,0.0000,kp100
3873,100.0000,1.0000,0.0216,0.0219,-0.0073,-0.0562,0.0000,kp100
3878,100.0000,1.0000,0.0216,0.0219,-0.0073,-0.0513,0.0000,kp100
3883,100.0000,1.0000,0.0216,0.0219,-0.0073,-0.0513,0.0000,kp100
3888,100.0000,1.0000,0.0216,0.0219,-0.0073,-0.0513,0.0000,kp100
3893,100.0000,1.0000,0.0216,0.0219,-0.0073,-0.0513,0.0000,kp100
3898,100.0000,1.0000,0.0216,0.0219,-0.0073,-0.0513,0.0000,kp100
3903,100.0000,1.0000,0.0216,0.0219,-0.0073,-0.0513,0.0000,kp100
3908,100.0000,1.0000,0.0216,0.0219,-0.0073,-0.0513,0.0000,kp100
3913,100.0000,1.0000,0.0216,0.0219,-0.0073,-0.0513,0.0000,kp100
3918,100.0000,1.0000,0.0216,0.0219,-0.0073,-0.0562,0.0000,kp100
3923,100.0000,1.0000,0.0216,0.0219,-0.0073,-0.0562,0.0000,kp100
3928,100.0000,1.0000,0.0216,0.0219,-0.0073,-0.0562,0.0000,kp100
3933,100.0000,1.0000,0.0216,0.0219,-0.0073,-0.0513,0.0000,kp100
3938,100.0000,1.0000,0.0216,0.0219,-0.0073,-0.0513,0.0000,kp100
3944,100.0000,1.0000,0.0216,0.0219,-0.0073,-0.0513,0.0000,kp100
3949,100.0000,1.0000,0.0216,0.0219,-0.0073,-0.0562,0.0000,kp100
3954,100.0000,1.0000,0.0216,0.0219,-0.0073,-0.0562,0.0000,kp100
3959,100.0000,1.0000,0.0216,0.0219,-0.0073,-0.0513,0.0000,kp100
3964,100.0000,1.0000,0.0216,0.0219,-0.0073,-0.0513,0.0000,kp100
3969,100.0000,1.0000,0.0216,0.0219,-0.0073,-0.0513,0.0000,kp100
3974,100.0000,1.0000,0.0216,0.0219,-0.0073,-0.0513,0.0000,kp100
3979,100.0000,1.0000,0.0216,0.0219,-0.0073,-0.0513,0.0000,kp100
3984,100.0000,1.0000,0.0216,0.0219,-0.0073,-0.0513,0.0000,kp100
3989,100.0000,1.0000,0.0216,0.0219,-0.0073,-0.0513,0.0000,kp100
3994,100.0000,1.0000,0.0216,0.0219,-0.0073,-0.0562,0.0000,kp100
3999,100.0000,1.0000,0.0216,0.0219,-0.0073,-0.0562,0.0000,kp100
4004,100.0000,1.0000,0.0216,0.0219,-0.0073,-0.0513,0.0000,kp100
4009,100.0000,1.0000,0.0216,0.0219,-0.0073,-0.0513,0.0000,kp100
4014,100.0000,1.0000,0.0216,0.0219,-0.0073,-0.0513,0.0000,kp100
4019,100.0000,1.0000,0.0216,0.0219,-0.0073,-0.0513,0.0000,kp100
4024,100.0000,1.0000,0.0216,0.0219,-0.0073,-0.0513,0.0000,kp100
4029,100.0000,1.0000,0.0216,0.0219,-0.0073,-0.0513,0.0000,kp100
4035,100.0000,1.0000,0.0216,0.0219,-0.0073,-0.0513,0.0000,kp100
4040,100.0000,1.0000,0.0216,0.0219,-0.0073,-0.0513,0.0000,kp100
4045,100.0000,1.0000,0.0216,0.0219,-0.0073,-0.0513,0.0000,kp100
4050,100.0000,1.0000,0.0216,0.0219,-0.0073,-0.0513,0.0000,kp100
4055,100.0000,1.0000,0.0216,0.0219,-0.0073,-0.0513,0.0000,kp100
4060,100.0000,1.0000,0.0216,0.0219,-0.0073,-0.0513,0.0000,kp100
4065,100.0000,1.0000,0.0216,0.0219,-0.0073,-0.0513,0.0000,kp100
4070,100.0000,1.0000,0.0216,0.0219,-0.0073,-0.0562,0.0000,kp100
4075,100.0000,1.0000,0.0216,0.0219,-0.0073,-0.0562,0.0000,kp100
4080,100.0000,1.0000,0.0216,0.0219,-0.0073,-0.0513,0.0000,kp100
4085,100.0000,1.0000,0.0216,0.0219,-0.0073,-0.0562,0.0000,kp100
4090,100.0000,1.0000,0.0216,0.0219,-0.0073,-0.0513,0.0000,kp100
4095,100.0000,1.0000,0.0216,0.0219,-0.0073,-0.0513,0.0000,kp100
4100,100.0000,1.0000,0.0216,0.0219,-0.0073,-0.0513,0.0000,kp100
4105,100.0000,1.0000,0.0216,0.0219,-0.0073,-0.0513,0.0000,kp100
4110,100.0000,1.0000,0.0216,0.0219,-0.0073,-0.0513,0.0000,kp100
4115,100.0000,1.0000,0.0216,0.0219,-0.0073,-0.0513,0.0000,kp100
4121,100.0000,1.0000,0.0216,0.0219,-0.0073,-0.0513,0.0000,kp100
4126,100.0000,1.0000,0.0216,0.0219,-0.0073,-0.0562,0.0000,kp100
4131,100.0000,1.0000,0.0216,0.0219,-0.0073,-0.0562,0.0000,kp100
4136,100.0000,1.0000,0.0216,0.0219,-0.0073,-0.0513,0.0000,kp100
4141,100.0000,1.0000,0.0216,0.0219,-0.0073,-0.0562,0.0000,kp100
4146,100.0000,1.0000,0.0216,0.0219,-0.0073,-0.0513,0.0000,kp100
4151,100.0000,1.0000,0.0216,0.0219,-0.0073,-0.0562,0.0000,kp100
4156,100.0000,1.0000,0.0216,0.0219,-0.0073,-0.0562,0.0000,kp100
4161,100.0000,1.0000,0.0216,0.0219,-0.0073,-0.0513,0.0000,kp100
4166,100.0000,1.0000,0.0216,0.0219,-0.0073,-0.0513,0.0000,kp100
4171,100.0000,1.0000,0.0216,0.0219,-0.0073,-0.0513,0.0000,kp100
4176,100.0000,1.0000,0.0216,0.0219,-0.0073,-0.0513,0.0000,kp100
4181,100.0000,1.0000,0.0216,0.0219,-0.0073,-0.0513,0.0000,kp100
4186,100.0000,1.0000,0.0216,0.0219,-0.0073,-0.0562,0.0000,kp100
4191,100.0000,1.0000,0.0216,0.0219,-0.0073,-0.0513,0.0000,kp100
4196,100.0000,1.0000,0.0216,0.0219,-0.0073,-0.0513,0.0000,kp100
4201,100.0000,1.0000,0.0216,0.0219,-0.0073,-0.0562,0.0000,kp100
4206,100.0000,1.0000,0.0216,0.0219,-0.0073,-0.0513,0.0000,kp100
4212,100.0000,1.0000,0.0216,0.0219,-0.0073,-0.0513,0.0000,kp100
4217,100.0000,1.0000,0.0216,0.0219,-0.0073,-0.0513,0.0000,kp100
4222,100.0000,1.0000,0.0216,0.0219,-0.0073,-0.0562,0.0000,kp100
4227,100.0000,1.0000,0.0216,0.0219,-0.0073,-0.0562,0.0000,kp100
4232,100.0000,1.0000,0.0216,0.0219,-0.0073,-0.0513,0.0000,kp100
4237,100.0000,1.0000,0.0216,0.0219,-0.0073,-0.0513,0.0000,kp100
4242,100.0000,1.0000,0.0216,0.0219,-0.0073,-0.0513,0.0000,kp100
4247,100.0000,1.0000,0.0216,0.0219,-0.0073,-0.0513,0.0000,kp100
4252,100.0000,1.0000,0.0216,0.0219,-0.0073,-0.0513,0.0000,kp100
4257,100.0000,1.0000,0.0216,0.0219,-0.0073,-0.0562,0.0000,kp100
4262,100.0000,1.0000,0.0216,0.0219,-0.0073,-0.0513,0.0000,kp100
4267,100.0000,1.0000,0.0216,0.0219,-0.0073,-0.0513,0.0000,kp100
4272,100.0000,1.0000,0.0216,0.0219,-0.0073,-0.0513,0.0000,kp100
4277,100.0000,1.0000,0.0216,0.0219,-0.0073,-0.0513,0.0000,kp100
4282,100.0000,1.0000,0.0216,0.0219,-0.0073,-0.0513,0.0000,kp100
4287,100.0000,1.0000,0.0216,0.0219,-0.0073,-0.0513,0.0000,kp100
4292,100.0000,1.0000,0.0216,0.0219,-0.0073,-0.0513,0.0000,kp100
4298,100.0000,1.0000,0.0216,0.0219,-0.0073,-0.0562,0.0000,kp100
4303,100.0000,1.0000,0.0216,0.0219,-0.0073,-0.0562,0.0000,kp100
4308,100.0000,1.0000,0.0216,0.0219,-0.0073,-0.0513,0.0000,kp100
4313,100.0000,1.0000,0.0216,0.0219,-0.0073,-0.0513,0.0000,kp100
4318,100.0000,1.0000,0.0216,0.0219,-0.0073,-0.0562,0.0000,kp100
4323,100.0000,1.0000,0.0216,0.0219,-0.0073,-0.0513,0.0000,kp100
4328,100.0000,1.0000,0.0216,0.0219,-0.0073,-0.0513,0.0000,kp100
4333,100.0000,1.0000,0.0216,0.0219,-0.0073,-0.0513,0.0000,kp100
4338,100.0000,1.0000,0.0216,0.0219,-0.0073,-0.0562,0.0000,kp100
4343,100.0000,1.0000,0.0216,0.0219,-0.0073,-0.0513,0.0000,kp100
4348,100.0000,1.0000,0.0216,0.0219,-0.0073,-0.0513,0.0000,kp100
4353,100.0000,1.0000,0.0216,0.0219,-0.0073,-0.0513,0.0000,kp100
4358,100.0000,1.0000,0.0216,0.0219,-0.0073,-0.0513,0.0000,kp100
4363,100.0000,1.0000,0.0216,0.0219,-0.0073,-0.0513,0.0000,kp100
4368,100.0000,1.0000,0.0216,0.0219,-0.0073,-0.0513,0.0000,kp100
4373,100.0000,1.0000,0.0216,0.0219,-0.0073,-0.0513,0.0000,kp100
4378,100.0000,1.0000,0.0216,0.0219,-0.0073,-0.0513,0.0000,kp100
4383,100.0000,1.0000,0.0216,0.0219,-0.0073,-0.0562,0.0000,kp100
4389,100.0000,1.0000,0.0216,0.0219,-0.0073,-0.0513,0.0000,kp100
4394,100.0000,1.0000,0.0216,0.0219,-0.0073,-0.0513,0.0000,kp100
4399,100.0000,1.0000,0.0216,0.0219,-0.0073,-0.0513,0.0000,kp100
4404,100.0000,1.0000,0.0216,0.0219,-0.0073,-0.0513,0.0000,kp100
4409,100.0000,1.0000,0.0216,0.0219,-0.0073,-0.0513,0.0000,kp100
4414,100.0000,1.0000,0.0216,0.0219,-0.0073,-0.0513,0.0000,kp100
4419,100.0000,1.0000,0.0216,0.0219,-0.0073,-0.0513,0.0000,kp100
4424,100.0000,1.0000,0.0216,0.0219,-0.0073,-0.0513,0.0000,kp100
4429,100.0000,1.0000,0.0216,0.0219,-0.0073,-0.0562,0.0000,kp100
4434,100.0000,1.0000,0.0216,0.0219,-0.0073,-0.0513,0.0000,kp100
4439,100.0000,1.0000,0.0216,0.0219,-0.0073,-0.0513,0.0000,kp100
4444,100.0000,1.0000,0.0216,0.0219,-0.0073,-0.0513,0.0000,kp100
4449,100.0000,1.0000,0.0216,0.0219,-0.0073,-0.0513,0.0000,kp100
4454,100.0000,1.0000,0.0216,0.0219,-0.0073,-0.0513,0.0000,kp100
4459,100.0000,1.0000,0.0216,0.0219,-0.0073,-0.0562,0.0000,kp100
4464,100.0000,1.0000,0.0216,0.0219,-0.0073,-0.0513,0.0000,kp100
4469,100.0000,1.0000,0.0216,0.0219,-0.0073,-0.0513,0.0000,kp100
4474,100.0000,1.0000,0.0216,0.0219,-0.0073,-0.0513,0.0000,kp100
4480,100.0000,1.0000,0.0216,0.0219,-0.0073,-0.0513,0.0000,kp100
4485,100.0000,1.0000,0.0216,0.0219,-0.0073,-0.0513,0.0000,kp100
4490,100.0000,1.0000,0.0216,0.0219,-0.0073,-0.0562,0.0000,kp100
4495,100.0000,1.0000,0.0216,0.0219,-0.0073,-0.0513,0.0000,kp100
4500,100.0000,1.0000,0.0216,0.0219,-0.0073,-0.0513,0.0000,kp100
4505,100.0000,1.0000,0.0216,0.0219,-0.0073,-0.0513,0.0000,kp100
4510,100.0000,1.0000,0.0216,0.0219,-0.0073,-0.0513,0.0000,kp100
4515,100.0000,1.0000,0.0216,0.0219,-0.0073,-0.0513,0.0000,kp100
4520,100.0000,1.0000,0.0216,0.0219,-0.0073,-0.0562,0.0000,kp100
4525,100.0000,1.0000,0.0216,0.0219,-0.0073,-0.0513,0.0000,kp100
4530,100.0000,1.0000,0.0216,0.0219,-0.0073,-0.0513,0.0000,kp100
4535,100.0000,1.0000,0.0216,0.0219,-0.0073,-0.0513,0.0000,kp100
4540,100.0000,1.0000,0.0216,0.0219,-0.0073,-0.0513,0.0000,kp100
4545,100.0000,1.0000,0.0216,0.0219,-0.0073,-0.0562,0.0000,kp100
4550,100.0000,1.0000,0.0216,0.0219,-0.0073,-0.0562,0.0000,kp100
4555,100.0000,1.0000,0.0216,0.0219,-0.0073,-0.0513,0.0000,kp100
4560,100.0000,1.0000,0.0216,0.0219,-0.0073,-0.0513,0.0000,kp100
4565,100.0000,1.0000,0.0216,0.0219,-0.0073,-0.0513,0.0000,kp100
4571,100.0000,1.0000,0.0216,0.0219,-0.0073,-0.0513,0.0000,kp100
4576,100.0000,1.0000,0.0216,0.0219,-0.0073,-0.0513,0.0000,kp100
4581,100.0000,1.0000,0.0216,0.0219,-0.0073,-0.0513,0.0000,kp100
4586,100.0000,1.0000,0.0216,0.0219,-0.0073,-0.0513,0.0000,kp100
4591,100.0000,1.0000,0.0216,0.0219,-0.0073,-0.0513,0.0000,kp100
4596,100.0000,1.0000,0.0216,0.0219,-0.0073,-0.0562,0.0000,kp100
4601,100.0000,1.0000,0.0216,0.0219,-0.0073,-0.0562,0.0000,kp100
4606,100.0000,1.0000,0.0216,0.0219,-0.0073,-0.0562,0.0000,kp100
4611,100.0000,1.0000,0.0216,0.0219,-0.0073,-0.0513,0.0000,kp100
4616,100.0000,1.0000,0.0216,0.0219,-0.0073,-0.0562,0.0000,kp100
4621,100.0000,1.0000,0.0216,0.0219,-0.0073,-0.0513,0.0000,kp100
4626,100.0000,1.0000,0.0216,0.0219,-0.0073,-0.0513,0.0000,kp100
4631,100.0000,1.0000,0.0216,0.0219,-0.0073,-0.0562,0.0000,kp100
4636,100.0000,1.0000,0.0216,0.0219,-0.0073,-0.0562,0.0000,kp100
4641,100.0000,1.0000,0.0216,0.0219,-0.0073,-0.0562,0.0000,kp100
4646,100.0000,1.0000,0.0216,0.0219,-0.0073,-0.0513,0.0000,kp100
4651,100.0000,1.0000,0.0216,0.0219,-0.0073,-0.0513,0.0000,kp100
4656,100.0000,1.0000,0.0216,0.0219,-0.0073,-0.0513,0.0000,kp100
4661,100.0000,1.0000,0.0216,0.0219,-0.0073,-0.0513,0.0000,kp100
4667,100.0000,1.0000,0.0216,0.0219,-0.0073,-0.0513,0.0000,kp100
4672,100.0000,1.0000,0.0216,0.0219,-0.0073,-0.0513,0.0000,kp100
4677,100.0000,1.0000,0.0216,0.0219,-0.0073,-0.0562,0.0000,kp100
4682,100.0000,1.0000,0.0216,0.0219,-0.0073,-0.0562,0.0000,kp100
4687,100.0000,1.0000,0.0216,0.0219,-0.0073,-0.0513,0.0000,kp100
4692,100.0000,1.0000,0.0216,0.0219,-0.0073,-0.0513,0.0000,kp100
4697,100.0000,1.0000,0.0216,0.0219,-0.0073,-0.0513,0.0000,kp100
4702,100.0000,1.0000,0.0216,0.0219,-0.0073,-0.0513,0.0000,kp100
4707,100.0000,1.0000,0.0216,0.0219,-0.0073,-0.0513,0.0000,kp100
4712,100.0000,1.0000,0.0216,0.0219,-0.0073,-0.0513,0.0000,kp100
4717,100.0000,1.0000,0.0216,0.0219,-0.0073,-0.0513,0.0000,kp100
4722,100.0000,1.0000,0.0216,0.0219,-0.0073,-0.0562,0.0000,kp100
4727,100.0000,1.0000,0.0216,0.0219,-0.0073,-0.0513,0.0000,kp100
4732,100.0000,1.0000,0.0216,0.0219,-0.0073,-0.0513,0.0000,kp100
4737,100.0000,1.0000,0.0216,0.0219,-0.0073,-0.0513,0.0000,kp100
4742,100.0000,1.0000,0.0216,0.0219,-0.0073,-0.0513,0.0000,kp100
4747,100.0000,1.0000,0.0216,0.0219,-0.0073,-0.0513,0.0000,kp100
4752,100.0000,1.0000,0.0216,0.0219,-0.0073,-0.0562,0.0000,kp100
4758,100.0000,1.0000,0.0216,0.0219,-0.0073,-0.0562,0.0000,kp100
4763,100.0000,1.0000,0.0216,0.0219,-0.0073,-0.0513,0.0000,kp100
4768,100.0000,1.0000,0.0216,0.0219,-0.0073,-0.0513,0.0000,kp100
4773,100.0000,1.0000,0.0216,0.0219,-0.0073,-0.0513,0.0000,kp100
4778,100.0000,1.0000,0.0216,0.0219,-0.0073,-0.0513,0.0000,kp100
4783,100.0000,1.0000,0.0216,0.0219,-0.0073,-0.0513,0.0000,kp100
4788,100.0000,1.0000,0.0216,0.0219,-0.0073,-0.0562,0.0000,kp100
4793,100.0000,1.0000,0.0216,0.0219,-0.0073,-0.0562,0.0000,kp100
4798,100.0000,1.0000,0.0216,0.0219,-0.0073,-0.0513,0.0000,kp100
4803,100.0000,1.0000,0.0216,0.0219,-0.0073,-0.0562,0.0000,kp100
4808,100.0000,1.0000,0.0216,0.0219,-0.0073,-0.0513,0.0000,kp100
4813,100.0000,1.0000,0.0216,0.0219,-0.0073,-0.0562,0.0000,kp100
4818,100.0000,1.0000,0.0216,0.0219,-0.0073,-0.0562,0.0000,kp100
4823,100.0000,1.0000,0.0216,0.0219,-0.0073,-0.0513,0.0000,kp100
4828,100.0000,1.0000,0.0216,0.0219,-0.0073,-0.0562,0.0000,kp100
4833,100.0000,1.0000,0.0216,0.0219,-0.0073,-0.0513,0.0000,kp100
4838,100.0000,1.0000,0.0216,0.0219,-0.0073,-0.0513,0.0000,kp100
4843,100.0000,1.0000,0.0216,0.0219,-0.0073,-0.0513,0.0000,kp100
4848,100.0000,1.0000,0.0216,0.0219,-0.0073,-0.0513,0.0000,kp100
4854,100.0000,1.0000,0.0216,0.0219,-0.0073,-0.0513,0.0000,kp100
4859,100.0000,1.0000,0.0216,0.0219,-0.0073,-0.0513,0.0000,kp100
4864,100.0000,1.0000,0.0216,0.0219,-0.0073,-0.0513,0.0000,kp100
4869,100.0000,1.0000,0.0216,0.0219,-0.0073,-0.0513,0.0000,kp100
4874,100.0000,1.0000,0.0216,0.0219,-0.0073,-0.0513,0.0000,kp100
4879,100.0000,1.0000,0.0216,0.0219,-0.0073,-0.0562,0.0000,kp100
4884,100.0000,1.0000,0.0216,0.0219,-0.0073,-0.0513,0.0000,kp100
4889,100.0000,1.0000,0.0216,0.0219,-0.0073,-0.0513,0.0000,kp100
4894,100.0000,1.0000,0.0216,0.0219,-0.0073,-0.0513,0.0000,kp100
4899,100.0000,1.0000,0.0216,0.0219,-0.0073,-0.0513,0.0000,kp100
4904,100.0000,1.0000,0.0216,0.0219,-0.0073,-0.0513,0.0000,kp100
4909,100.0000,1.0000,0.0216,0.0219,-0.0073,-0.0513,0.0000,kp100
4914,100.0000,1.0000,0.0216,0.0219,-0.0073,-0.0562,0.0000,kp100
4919,100.0000,1.0000,0.0216,0.0219,-0.0073,-0.0513,0.0000,kp100
4924,100.0000,1.0000,0.0216,0.0219,-0.0073,-0.0513,0.0000,kp100
4929,100.0000,1.0000,0.0216,0.0219,-0.0073,-0.0562,0.0000,kp100
4934,100.0000,1.0000,0.0216,0.0219,-0.0073,-0.0513,0.0000,kp100
4939,100.0000,1.0000,0.0216,0.0219,-0.0073,-0.0513,0.0000,kp100
4945,100.0000,1.0000,0.0216,0.0219,-0.0073,-0.0562,0.0000,kp100
4950,100.0000,1.0000,0.0216,0.0219,-0.0073,-0.0513,0.0000,kp100
4955,100.0000,1.0000,0.0216,0.0219,-0.0073,-0.0513,0.0000,kp100
4960,100.0000,1.0000,0.0216,0.0219,-0.0073,-0.0513,0.0000,kp100
4965,100.0000,1.0000,0.0216,0.0219,-0.0073,-0.0513,0.0000,kp100
4970,100.0000,1.0000,0.0216,0.0219,-0.0073,-0.0513,0.0000,kp100
4975,100.0000,1.0000,0.0216,0.0219,-0.0073,-0.0513,0.0000,kp100
4980,100.0000,1.0000,0.0216,0.0219,-0.0073,-0.0513,0.0000,kp100
4985,100.0000,1.0000,0.0216,0.0219,-0.0073,-0.0513,0.0000,kp100
4990,100.0000,1.0000,0.0216,0.0219,-0.0073,-0.0513,0.0000,kp100
4995,100.0000,1.0000,0.0216,0.0219,-0.0073,-0.0513,0.0000,kp100
