timestamp_ms,q_cmd_rad,q_actual_rad,q_error_rad,vel_rad_s,tau_feedback_Nm,contact_tau,contact_pos,label
0,4.36366,3.36366,1.00000,-0.00733,-0.00244,0,1,hard
5,4.36366,3.36366,1.00000,-0.00733,-0.00244,0,1,hard
10,4.36366,3.36366,1.00000,-0.00733,-0.00244,0,1,hard
15,4.36366,3.36366,1.00000,-0.00733,-0.00244,0,1,hard
20,4.36366,3.36366,1.00000,-0.00733,-0.00244,0,1,hard
25,4.36366,3.36366,1.00000,-0.00733,-0.00244,0,1,hard
30,4.36366,3.37091,0.99275,3.04029,0.81807,0,1,hard
35,4.36366,3.39265,0.97101,4.91575,0.59341,0,1,hard
40,4.36366,3.41478,0.94888,4.41758,0.30037,0,1,hard
45,4.36366,3.43614,0.92752,4.19780,0.25153,0,1,hard
50,4.36366,3.45788,0.90578,4.27106,0.22222,0,1,hard
55,4.36366,3.47963,0.88403,4.25641,0.17338,0,1,hard
60,4.36366,3.50061,0.86305,4.09524,0.15873,0,1,hard
65,4.36366,3.52121,0.84245,3.99268,0.14896,0,1,hard
70,4.36366,3.54105,0.82261,3.89011,0.15873,0,1,hard
75,4.36366,3.56050,0.80316,3.80220,0.15873,0,1,hard
80,4.36366,3.57920,0.78446,3.69963,0.17338,0,1,hard
85,4.36366,3.59751,0.76615,3.59707,0.17338,0,1,hard
91,4.36366,3.61582,0.74784,3.53846,0.15873,0,1,hard
96,4.36366,3.63298,0.73068,3.42125,0.16850,0,1,hard
101,4.36366,3.65015,0.71351,3.33334,0.15873,0,1,hard
106,4.36366,3.66732,0.69634,3.27473,0.16361,0,1,hard
111,4.36366,3.68334,0.68032,3.12821,0.16361,0,1,hard
116,4.36366,3.69898,0.66468,3.09890,0.17338,0,1,hard
121,4.36366,3.71462,0.64904,3.02564,0.17827,0,1,hard
126,4.36366,3.72950,0.63416,2.90843,0.17338,0,1,hard
131,4.36366,3.74437,0.61929,2.90843,0.16850,0,1,hard
136,4.36366,3.75849,0.60517,2.77656,0.17338,0,1,hard
141,4.36366,3.77260,0.59106,2.71795,0.16850,0,1,hard
146,4.36366,3.78633,0.57732,2.63004,0.16361,0,1,hard
151,4.36366,3.79969,0.56397,2.63004,0.17338,0,1,hard
156,4.36366,3.81227,0.55138,2.46886,0.19292,0,1,hard
161,4.36366,3.82486,0.53880,2.45422,0.17827,0,1,hard
166,4.36366,3.83707,0.52659,2.41026,0.17827,0,1,hard
171,4.36366,3.84928,0.51438,2.39561,0.17827,0,1,hard
176,4.36366,3.86072,0.50294,2.19048,0.18315,0,1,hard
182,4.36366,3.87217,0.49149,2.23443,0.19292,0,1,hard
187,4.36366,3.88323,0.48043,2.13187,0.19780,0,1,hard
192,4.36366,3.89391,0.46975,2.11722,0.19780,0,1,hard
197,4.36366,3.90459,0.45907,2.01465,0.19292,0,1,hard
202,4.36366,3.91489,0.44877,2.01465,0.18804,0,1,hard
207,4.36366,3.92519,0.43847,2.01465,0.17827,0,1,hard
212,4.36366,3.93473,0.42893,1.86813,0.18804,0,1,hard
217,4.36366,3.94427,0.41939,1.83883,0.20269,0,1,hard
222,4.36366,3.95342,0.41024,1.82418,0.19292,0,1,hard
227,4.36366,3.96258,0.40108,1.75092,0.18804,0,1,hard
232,4.36366,3.97135,0.39231,1.75092,0.18804,0,1,hard
237,4.36366,3.98013,0.38353,1.69231,0.18804,0,1,hard
242,4.36366,3.98775,0.37591,1.48718,0.22711,0,1,hard
247,4.36366,3.99615,0.36751,1.57509,0.22711,0,1,hard
252,4.36366,4.00416,0.35950,1.63370,0.19780,0,1,hard
257,4.36366,4.01179,0.35187,1.45788,0.20269,0,1,hard
262,4.36366,4.01942,0.34424,1.44323,0.21734,0,1,hard
268,4.36366,4.02666,0.33700,1.50183,0.21245,0,1,hard
273,4.36366,4.03353,0.33013,1.29671,0.23199,0,1,hard
278,4.36366,4.04002,0.32364,1.26740,0.24664,0,1,hard
283,4.36366,4.04726,0.31640,1.42857,0.21245,0,1,hard
288,4.36366,4.05413,0.30953,1.31136,0.18804,0,1,hard
293,4.36366,4.06062,0.30304,1.22345,0.20757,0,1,hard
298,4.36366,4.06672,0.29694,1.20879,0.22711,0,1,hard
303,4.36366,4.07321,0.29045,1.23810,0.22222,0,1,hard
308,4.36366,4.07893,0.28473,1.15018,0.22222,0,1,hard
313,4.36366,4.08465,0.27901,1.10623,0.21734,0,1,hard
318,4.36366,4.09037,0.27329,1.10623,0.22711,0,1,hard
323,4.36366,4.09609,0.26757,1.12088,0.21245,0,1,hard
328,4.36366,4.10182,0.26184,1.12088,0.19292,0,1,hard
333,4.36366,4.10716,0.25650,1.04762,0.18804,0,1,hard
338,4.36366,4.11250,0.25116,1.01832,0.20269,0,1,hard
343,4.36366,4.11707,0.24658,0.88645,0.23687,0,1,hard
348,4.36366,4.12203,0.24163,0.94506,0.23199,0,1,hard
353,4.36366,4.12737,0.23629,1.01832,0.20269,0,1,hard
359,4.36366,4.13233,0.23133,0.95971,0.18315,0,1,hard
364,4.36366,4.13691,0.22675,0.90110,0.17827,0,1,hard
369,4.36366,4.14111,0.22255,0.79854,0.20269,0,1,hard
374,4.36366,4.14530,0.21836,0.87180,0.21734,0,1,hard
379,4.36366,4.15026,0.21340,0.95971,0.17827,0,1,hard
384,4.36366,4.15484,0.20882,0.85715,0.16361,0,1,hard
389,4.36366,4.15866,0.20500,0.73993,0.18315,0,1,hard
394,4.36366,4.16247,0.20119,0.69597,0.21734,0,1,hard
399,4.36366,4.16552,0.19814,0.65202,0.24176,0,1,hard
404,4.36366,4.16896,0.19470,0.69597,0.25153,0,1,hard
409,4.36366,4.17315,0.19051,0.78388,0.20757,0,1,hard
414,4.36366,4.17773,0.18593,0.82784,0.16361,0,1,hard
419,4.36366,4.18155,0.18211,0.72528,0.13919,0,1,hard
424,4.36366,4.18460,0.17906,0.60806,0.16361,0,1,hard
429,4.36366,4.18803,0.17563,0.63736,0.18804,0,1,hard
434,4.36366,4.19108,0.17258,0.62271,0.21245,0,1,hard
439,4.36366,4.19413,0.16953,0.60806,0.21245,0,1,hard
445,4.36366,4.19719,0.16647,0.63736,0.20269,0,1,hard
450,4.36366,4.20100,0.16266,0.68132,0.17338,0,1,hard
455,4.36366,4.20405,0.15961,0.57876,0.16361,0,1,hard
460,4.36366,4.20634,0.15732,0.44689,0.20269,0,1,hard
465,4.36366,4.20901,0.15465,0.49084,0.22711,0,1,hard
470,4.36366,4.21130,0.15236,0.47619,0.23687,0,1,hard
475,4.36366,4.21397,0.14969,0.47619,0.24176,0,1,hard
480,4.36366,4.21626,0.14740,0.47619,0.23687,0,1,hard
485,4.36366,4.21817,0.14549,0.35898,0.24664,0,1,hard
490,4.36366,4.22084,0.14282,0.52015,0.23687,0,1,hard
495,4.36366,4.22389,0.13977,0.56410,0.18804,0,1,hard
500,4.36366,4.22656,0.13710,0.49084,0.16361,0,1,hard
505,4.36366,4.22923,0.13443,0.46154,0.16361,0,1,hard
510,4.36366,4.23152,0.13214,0.49084,0.16850,0,1,hard
515,4.36366,4.23343,0.13023,0.34432,0.18315,0,1,hard
520,4.36366,4.23571,0.12795,0.44689,0.19780,0,1,hard
525,4.36366,4.23800,0.12566,0.43224,0.19292,0,1,hard
530,4.36366,4.23991,0.12375,0.41758,0.18315,0,1,hard
536,4.36366,4.24182,0.12184,0.32967,0.20269,0,1,hard
541,4.36366,4.24296,0.12070,0.31502,0.22711,0,1,hard
546,4.36366,4.24449,0.11917,0.31502,0.24664,0,1,hard
551,4.36366,4.24678,0.11688,0.37363,0.23687,0,1,hard
556,4.36366,4.24792,0.11574,0.22711,0.24664,0,1,hard
561,4.36366,4.24983,0.11383,0.38828,0.23687,0,1,hard
566,4.36366,4.25135,0.11231,0.30037,0.21734,0,1,hard
571,4.36366,4.25326,0.11040,0.38828,0.19780,0,1,hard
576,4.36366,4.25479,0.10887,0.25641,0.20269,0,1,hard
581,4.36366,4.25631,0.10735,0.30037,0.21245,0,1,hard
586,4.36366,4.25784,0.10582,0.28572,0.21245,0,1,hard
591,4.36366,4.25898,0.10468,0.16850,0.23687,0,1,hard
596,4.36366,4.26051,0.10315,0.32967,0.22711,0,1,hard
601,4.36366,4.26204,0.10162,0.28572,0.20757,0,1,hard
606,4.36366,4.26356,0.10010,0.25641,0.19780,0,1,hard
611,4.36366,4.26509,0.09857,0.34432,0.18315,0,1,hard
616,4.36366,4.26623,0.09743,0.19780,0.19292,0,1,hard
621,4.36366,4.26776,0.09590,0.27106,0.19780,0,1,hard
627,4.36366,4.26852,0.09514,0.19780,0.21245,0,1,hard
632,4.36366,4.26890,0.09476,0.06594,0.28083,0,1,hard
637,4.36366,4.26928,0.09438,0.12454,0.30037,0,1,hard
642,4.36366,4.27043,0.09323,0.22711,0.27595,0,1,hard
647,4.36366,4.27234,0.09132,0.31502,0.22711,0,1,hard
652,4.36366,4.27310,0.09056,0.12454,0.23199,0,1,hard
657,4.36366,4.27386,0.08980,0.15385,0.24664,0,1,hard
662,4.36366,4.27539,0.08827,0.34432,0.20757,0,1,hard
667,4.36366,4.27691,0.08675,0.22711,0.17827,0,1,hard
672,4.36366,4.27768,0.08598,0.15385,0.18804,0,1,hard
677,4.36366,4.27958,0.08408,0.32967,0.16850,0,1,hard
682,4.36366,4.28073,0.08293,0.24176,0.14896,0,1,hard
687,4.36366,4.28225,0.08141,0.21246,0.14896,0,1,hard
692,4.36366,4.28378,0.07988,0.31502,0.14408,0,1,hard
697,4.36366,4.28416,0.07950,0.09524,0.16850,0,1,hard
702,4.36366,4.28416,0.07950,0.03663,0.22222,0,1,hard
707,4.36366,4.28492,0.07874,0.12454,0.24176,0,1,hard
712,4.36366,4.28607,0.07759,0.22711,0.21245,0,1,hard
718,4.36366,4.28759,0.07607,0.27106,0.17338,0,1,hard
723,4.36366,4.28836,0.07530,0.10989,0.17338,0,1,hard
728,4.36366,4.28912,0.07454,0.16850,0.17827,0,1,hard
733,4.36366,4.29065,0.07301,0.27106,0.15873,0,1,hard
738,4.36366,4.29103,0.07263,0.06594,0.17827,0,1,hard
743,4.36366,4.29103,0.07263,0.00733,0.22222,0,1,hard
748,4.36366,4.29103,0.07263,0.03663,0.25641,0,1,hard
753,4.36366,4.29141,0.07225,0.08059,0.26130,0,1,hard
758,4.36366,4.29179,0.07187,0.06594,0.26130,0,1,hard
763,4.36366,4.29217,0.07149,0.08059,0.25641,0,1,hard
768,4.36366,4.29293,0.07073,0.13920,0.24176,0,1,hard
773,4.36366,4.29408,0.06958,0.15385,0.22222,0,1,hard
778,4.36366,4.29408,0.06958,0.05128,0.22222,0,1,hard
783,4.36366,4.29408,0.06958,0.00733,0.25153,0,1,hard
788,4.36366,4.29446,0.06920,0.02198,0.27106,0,1,hard
793,4.36366,4.29446,0.06920,0.03663,0.28572,0,1,hard
798,4.36366,4.29446,0.06920,0.00733,0.29060,0,1,hard
804,4.36366,4.29446,0.06920,0.00733,0.29548,0,1,hard
809,4.36366,4.29446,0.06920,0.00733,0.30037,0,1,hard
814,4.36366,4.29484,0.06882,0.00733,0.30525,0,1,hard
819,4.36366,4.29484,0.06882,0.00733,0.30525,0,1,hard
824,4.36366,4.29484,0.06882,0.00733,0.31013,0,1,hard
829,4.36366,4.29484,0.06882,0.00733,0.31013,1,1,hard
834,4.36366,4.29484,0.06882,0.00733,0.31013,1,1,hard
839,4.36366,4.29484,0.06882,0.00733,0.30525,1,1,hard
844,4.36366,4.29484,0.06882,0.00733,0.31013,1,1,hard
849,4.36366,4.29522,0.06844,0.00733,0.31013,1,1,hard
854,4.36366,4.29522,0.06844,0.02198,0.31013,1,1,hard
859,4.36366,4.29522,0.06844,0.02198,0.30525,1,1,hard
864,4.36366,4.29560,0.06806,0.02198,0.29548,1,1,hard
869,4.36366,4.29599,0.06767,0.05128,0.28083,1,1,hard
874,4.36366,4.29675,0.06691,0.10989,0.25641,1,1,hard
879,4.36366,4.29789,0.06577,0.18315,0.21245,0,1,hard
884,4.36366,4.29827,0.06538,0.08059,0.20269,0,1,hard
890,4.36366,4.29827,0.06538,-0.00733,0.22711,0,1,hard
895,4.36366,4.29827,0.06538,0.00733,0.25153,0,1,hard
900,4.36366,4.29827,0.06538,0.05128,0.26130,0,1,hard
905,4.36366,4.29866,0.06500,0.00733,0.26618,0,1,hard
910,4.36366,4.29866,0.06500,0.02198,0.27106,0,1,hard
915,4.36366,4.29866,0.06500,0.02198,0.27106,0,1,hard
920,4.36366,4.29904,0.06462,0.03663,0.26618,0,1,hard
925,4.36366,4.29942,0.06424,0.05128,0.25641,0,1,hard
930,4.36366,4.29980,0.06386,0.09524,0.23199,0,1,hard
935,4.36366,4.30133,0.06233,0.21246,0.18804,0,1,hard
940,4.36366,4.30247,0.06119,0.19780,0.14896,0,1,hard
945,4.36366,4.30247,0.06119,0.02198,0.15873,0,1,hard
950,4.36366,4.30285,0.06081,0.02198,0.19292,0,1,hard
955,4.36366,4.30323,0.06043,0.10989,0.19292,0,1,hard
960,4.36366,4.30438,0.05928,0.19780,0.15873,0,1,hard
965,4.36366,4.30590,0.05776,0.28572,0.10501,0,1,hard
970,4.36366,4.30629,0.05737,0.06594,0.10989,0,1,hard
975,4.36366,4.30667,0.05699,0.00733,0.14896,0,1,hard
981,4.36366,4.30705,0.05661,0.09524,0.16850,0,1,hard
986,4.36366,4.30781,0.05585,0.18315,0.13919,0,1,hard
991,4.36366,4.30934,0.05432,0.25641,0.10012,0,1,hard
996,4.36366,4.31010,0.05356,0.09524,0.09035,0,1,hard
1001,4.36366,4.31010,0.05356,0.00733,0.13431,0,1,hard
1006,4.36366,4.31010,0.05356,0.05128,0.16361,0,1,hard
1011,4.36366,4.31048,0.05318,0.10989,0.15873,0,1,hard
1016,4.36366,4.31163,0.05203,0.13920,0.13919,0,1,hard
1021,4.36366,4.31277,0.05089,0.22711,0.10501,0,1,hard
1026,4.36366,4.31353,0.05013,0.10989,0.09035,0,1,hard
1031,4.36366,4.31353,0.05013,-0.00733,0.12454,0,1,hard
1036,4.36366,4.31353,0.05013,0.02198,0.15385,0,1,hard
1041,4.36366,4.31392,0.04974,0.06594,0.16850,0,0,hard
1046,3.36366,4.31392,-0.95026,0.05128,0.16361,0,1,hard
1051,3.36366,4.31430,-0.95064,0.06594,0.15873,0,1,hard
1056,3.36366,4.31506,-0.95140,0.10989,0.13919,0,1,hard
1061,3.36366,4.31620,-0.95254,0.18315,0.10989,0,1,hard
1067,3.36366,4.31697,-0.95331,0.13920,0.10012,0,1,hard
1072,3.36366,4.31697,-0.95331,0.00733,0.11966,0,1,hard
1077,3.36366,4.31048,-0.94682,-3.05494,-0.72528,0,1,hard
1082,3.36366,4.29103,-0.92737,-4.54945,-0.52503,0,1,hard
1087,3.36366,4.26852,-0.90486,-4.49084,-0.25153,0,1,hard
1092,3.36366,4.24716,-0.88350,-4.21245,-0.13919,0,1,hard
1097,3.36366,4.22580,-0.86214,-4.15385,-0.13431,0,1,hard
1102,3.36366,4.20520,-0.84154,-4.05128,-0.11966,0,1,hard
1107,3.36366,4.18536,-0.82170,-3.96337,-0.11477,0,1,hard
1112,3.36366,4.16552,-0.80186,-3.84615,-0.11477,0,1,hard
1117,3.36366,4.14645,-0.78279,-3.72894,-0.10989,0,1,hard
1122,3.36366,4.12776,-0.76410,-3.71428,-0.11966,0,1,hard
1127,3.36366,4.10983,-0.74617,-3.52381,-0.10989,0,1,hard
1132,3.36366,4.09190,-0.72824,-3.52381,-0.13919,0,1,hard
1137,3.36366,4.07435,-0.71069,-3.39194,-0.12943,0,1,hard
1142,3.36366,4.05757,-0.69391,-3.28938,-0.12943,0,1,hard
1147,3.36366,4.04116,-0.67750,-3.27472,-0.13919,0,1,hard
1152,3.36366,4.02476,-0.66110,-3.12820,-0.12454,0,1,hard
1158,3.36366,4.00912,-0.64546,-3.09890,-0.13431,0,1,hard
1163,3.36366,3.99386,-0.63020,-3.01099,-0.13919,0,1,hard
1168,3.36366,3.97936,-0.61570,-2.86447,-0.14408,0,1,hard
1173,3.36366,3.96449,-0.60083,-2.89377,-0.14896,0,1,hard
1178,3.36366,3.95037,-0.58671,-2.76190,-0.14896,0,1,hard
1183,3.36366,3.93664,-0.57298,-2.64469,-0.14896,0,1,hard
1188,3.36366,3.92328,-0.55962,-2.64469,-0.14896,0,1,hard
1193,3.36366,3.91031,-0.54665,-2.61539,-0.15385,0,1,hard
1198,3.36366,3.89734,-0.53368,-2.43956,-0.15385,0,1,hard
1203,3.36366,3.88514,-0.52148,-2.42491,-0.15873,0,1,hard
1208,3.36366,3.87293,-0.50927,-2.38095,-0.17338,0,1,hard
1213,3.36366,3.86110,-0.49745,-2.36630,-0.15873,0,1,hard
1218,3.36366,3.84966,-0.48600,-2.20513,-0.16361,0,1,hard
1223,3.36366,3.83860,-0.47494,-2.23443,-0.15385,0,1,hard
1228,3.36366,3.82753,-0.46387,-2.17582,-0.16361,0,1,hard
1233,3.36366,3.81685,-0.45319,-2.10256,-0.15873,0,1,hard
1238,3.36366,3.80655,-0.44289,-2.02930,-0.16361,0,1,hard
1244,3.36366,3.79625,-0.43259,-1.98535,-0.16850,0,1,hard
1249,3.36366,3.78595,-0.42229,-2.02930,-0.15385,0,1,hard
1254,3.36366,3.77642,-0.41276,-1.86813,-0.16850,0,1,hard
1259,3.36366,3.76726,-0.40360,-1.79487,-0.16850,0,1,hard
1264,3.36366,3.75811,-0.39445,-1.79487,-0.16361,0,1,hard
1269,3.36366,3.74933,-0.38567,-1.78022,-0.16361,0,1,hard
1274,3.36366,3.74018,-0.37652,-1.75092,-0.15873,0,1,hard
1279,3.36366,3.73140,-0.36774,-1.73626,-0.15873,0,1,hard
1284,3.36366,3.72339,-0.35973,-1.54579,-0.16361,0,1,hard
1289,3.36366,3.71538,-0.35172,-1.53114,-0.17827,0,1,hard
1294,3.36366,3.70699,-0.34333,-1.64835,-0.15385,0,1,hard
1299,3.36366,3.69936,-0.33570,-1.53114,-0.14408,0,1,hard
1304,3.36366,3.69211,-0.32845,-1.42857,-0.16850,0,1,hard
1309,3.36366,3.68448,-0.32082,-1.53114,-0.16361,0,1,hard
1314,3.36366,3.67723,-0.31357,-1.38461,-0.15385,0,1,hard
1319,3.36366,3.67075,-0.30709,-1.28205,-0.17827,0,1,hard
1324,3.36366,3.66388,-0.30022,-1.38461,-0.17338,0,1,hard
1329,3.36366,3.65663,-0.29297,-1.42857,-0.14408,0,1,hard
1335,3.36366,3.65015,-0.28649,-1.25275,-0.14896,0,1,hard
1340,3.36366,3.64443,-0.28077,-1.17949,-0.18315,0,1,hard
1345,3.36366,3.63832,-0.27466,-1.22344,-0.17827,0,1,hard
1350,3.36366,3.63222,-0.26856,-1.19414,-0.15385,0,1,hard
1355,3.36366,3.62612,-0.26246,-1.12088,-0.15873,0,1,hard
1360,3.36366,3.62078,-0.25712,-1.13553,-0.16361,0,1,hard
1365,3.36366,3.61467,-0.25101,-1.12088,-0.15385,0,1,hard
1370,3.36366,3.60895,-0.24529,-1.15018,-0.13919,0,1,hard
1375,3.36366,3.60361,-0.23995,-1.04762,-0.14408,0,1,hard
1380,3.36366,3.59865,-0.23499,-1.01831,-0.15873,0,1,hard
1385,3.36366,3.59407,-0.23041,-0.93040,-0.17338,0,1,hard
1390,3.36366,3.58949,-0.22583,-0.88645,-0.19292,0,1,hard
1395,3.36366,3.58454,-0.22088,-0.97436,-0.17827,0,1,hard
1400,3.36366,3.57920,-0.21554,-1.00366,-0.14408,0,1,hard
1405,3.36366,3.57424,-0.21058,-0.94506,-0.12454,0,1,hard
1410,3.36366,3.57004,-0.20638,-0.88645,-0.12943,0,1,hard
1415,3.36366,3.56584,-0.20218,-0.78388,-0.16361,0,1,hard
1420,3.36366,3.56203,-0.19837,-0.82784,-0.17827,0,1,hard
1426,3.36366,3.55707,-0.19341,-0.93040,-0.15385,0,1,hard
1431,3.36366,3.55287,-0.18921,-0.87180,-0.12943,0,1,hard
1436,3.36366,3.54906,-0.18540,-0.71062,-0.13919,0,1,hard
1441,3.36366,3.54562,-0.18196,-0.66667,-0.17827,0,1,hard
1446,3.36366,3.54257,-0.17891,-0.60806,-0.20269,0,1,hard
1451,3.36366,3.53914,-0.17548,-0.72528,-0.21245,0,1,hard
1456,3.36366,3.53494,-0.17128,-0.79853,-0.16361,0,1,hard
1461,3.36366,3.53075,-0.16709,-0.84249,-0.10989,0,1,hard
1466,3.36366,3.52693,-0.16327,-0.71062,-0.09035,0,1,hard
1471,3.36366,3.52388,-0.16022,-0.60806,-0.11477,0,1,hard
1476,3.36366,3.52083,-0.15717,-0.60806,-0.15385,0,1,hard
1481,3.36366,3.51778,-0.15412,-0.60806,-0.17338,0,1,hard
1486,3.36366,3.51511,-0.15145,-0.56410,-0.18315,0,1,hard
1491,3.36366,3.51205,-0.14839,-0.59341,-0.17338,0,1,hard
1496,3.36366,3.50862,-0.14496,-0.68132,-0.14896,0,1,hard
1501,3.36366,3.50519,-0.14153,-0.68132,-0.10989,0,1,hard
1506,3.36366,3.50214,-0.13848,-0.57875,-0.10989,0,1,hard
1512,3.36366,3.50023,-0.13657,-0.38828,-0.15385,0,1,hard
1517,3.36366,3.49794,-0.13428,-0.49084,-0.17827,0,1,hard
1522,3.36366,3.49489,-0.13123,-0.59341,-0.16361,0,1,hard
1527,3.36366,3.49260,-0.12894,-0.49084,-0.14896,0,1,hard
1532,3.36366,3.48993,-0.12627,-0.46154,-0.15385,0,1,hard
1537,3.36366,3.48726,-0.12360,-0.56410,-0.13919,0,1,hard
1542,3.36366,3.48459,-0.12093,-0.54945,-0.11477,0,1,hard
1547,3.36366,3.48154,-0.11788,-0.57875,-0.08059,0,1,hard
1552,3.36366,3.47849,-0.11483,-0.52015,-0.07082,0,1,hard
1557,3.36366,3.47658,-0.11292,-0.43223,-0.09524,0,1,hard
1562,3.36366,3.47467,-0.11101,-0.35897,-0.12943,0,1,hard
1567,3.36366,3.47238,-0.10872,-0.47619,-0.13431,0,1,hard
1572,3.36366,3.47047,-0.10681,-0.41758,-0.13431,0,1,hard
1577,3.36366,3.46819,-0.10453,-0.41758,-0.12454,0,1,hard
1582,3.36366,3.46628,-0.10262,-0.38828,-0.12454,0,1,hard
1587,3.36366,3.46475,-0.10109,-0.35897,-0.14408,0,1,hard
1592,3.36366,3.46284,-0.09918,-0.31502,-0.15385,0,1,hard
1598,3.36366,3.46094,-0.09728,-0.41758,-0.14896,0,1,hard
1603,3.36366,3.45865,-0.09499,-0.38828,-0.11966,0,1,hard
1608,3.36366,3.45674,-0.09308,-0.40293,-0.10989,0,1,hard
1613,3.36366,3.45483,-0.09117,-0.35897,-0.10501,0,1,hard
1618,3.36366,3.45293,-0.08927,-0.37363,-0.09524,0,1,hard
1623,3.36366,3.45102,-0.08736,-0.40293,-0.08547,0,1,hard
1628,3.36366,3.44987,-0.08621,-0.27106,-0.10501,0,1,hard
1633,3.36366,3.44835,-0.08469,-0.25641,-0.12454,0,1,hard
1638,3.36366,3.44644,-0.08278,-0.41758,-0.10501,0,1,hard
1643,3.36366,3.44453,-0.08087,-0.34432,-0.08059,0,1,hard
1648,3.36366,3.44263,-0.07897,-0.35897,-0.07082,0,1,hard
1653,3.36366,3.44186,-0.07820,-0.18315,-0.10501,0,1,hard
1658,3.36366,3.44034,-0.07668,-0.28572,-0.11966,0,1,hard
1663,3.36366,3.43919,-0.07553,-0.31502,-0.10989,0,1,hard
1668,3.36366,3.43805,-0.07439,-0.19780,-0.12454,0,1,hard
1673,3.36366,3.43652,-0.07286,-0.32967,-0.11477,0,1,hard
1678,3.36366,3.43538,-0.07172,-0.24176,-0.12454,0,1,hard
1683,3.36366,3.43500,-0.07134,-0.09524,-0.15385,0,1,hard
1689,3.36366,3.43385,-0.07019,-0.19780,-0.16850,0,1,hard
1694,3.36366,3.43194,-0.06828,-0.38828,-0.12943,0,1,hard
1699,3.36366,3.43042,-0.06676,-0.24176,-0.09524,0,1,hard
1704,3.36366,3.42851,-0.06485,-0.35897,-0.07082,0,1,hard
1709,3.36366,3.42737,-0.06371,-0.22711,-0.07570,0,1,hard
1714,3.36366,3.42660,-0.06294,-0.15385,-0.10501,0,1,hard
1719,3.36366,3.42546,-0.06180,-0.30037,-0.10012,0,1,hard
1724,3.36366,3.42432,-0.06066,-0.22711,-0.09524,0,1,hard
1729,3.36366,3.42393,-0.06027,-0.08059,-0.12454,0,1,hard
1734,3.36366,3.42317,-0.05951,-0.16850,-0.14408,0,1,hard
1739,3.36366,3.42165,-0.05799,-0.32967,-0.10501,0,1,hard
1744,3.36366,3.42050,-0.05684,-0.21245,-0.09035,0,1,hard
1749,3.36366,3.42012,-0.05646,-0.06593,-0.11966,0,1,hard
1754,3.36366,3.41936,-0.05570,-0.15385,-0.13919,0,1,hard
1759,3.36366,3.41783,-0.05417,-0.28572,-0.11477,0,1,hard
1764,3.36366,3.41707,-0.05341,-0.21245,-0.08547,0,1,hard
1769,3.36366,3.41669,-0.05303,-0.03663,-0.12454,0,1,hard
1775,3.36366,3.41669,-0.05303,-0.08059,-0.16361,0,1,hard
1780,3.36366,3.41592,-0.05226,-0.15385,-0.15873,0,1,hard
1785,3.36366,3.41440,-0.05074,-0.25641,-0.11477,0,1,hard
1790,3.36366,3.41363,-0.04997,-0.13919,-0.10012,0,0,hard
1795,4.36366,3.41363,0.95003,-0.02198,-0.14408,0,1,hard
1800,4.36366,3.41363,0.95003,-0.02198,-0.17338,0,1,hard
1805,4.36366,3.41363,0.95003,-0.06593,-0.19780,0,1,hard
1810,4.36366,3.41325,0.95041,-0.05128,-0.20269,0,1,hard
1815,4.36366,3.41325,0.95041,-0.03663,-0.20757,0,1,hard
1820,4.36366,3.41287,0.95079,-0.05128,-0.21245,0,1,hard
1825,4.36366,3.41936,0.94430,2.70330,0.65202,0,1,hard
1830,4.36366,3.43881,0.92485,4.57875,0.54457,0,1,hard
1835,4.36366,3.46017,0.90349,4.25641,0.27106,0,1,hard
1840,4.36366,3.48077,0.88289,4.08059,0.19292,0,1,hard
1845,4.36366,3.50175,0.86191,4.09524,0.17338,0,1,hard
1850,4.36366,3.52235,0.84131,4.09524,0.13431,0,1,hard
1855,4.36366,3.54257,0.82109,3.94872,0.11966,0,1,hard
1861,4.36366,3.56241,0.80125,3.83150,0.09524,0,1,hard
1866,4.36366,3.58148,0.78218,3.75824,0.10989,0,1,hard
1871,4.36366,3.60018,0.76348,3.61172,0.09524,0,1,hard
1876,4.36366,3.61810,0.74555,3.56777,0.10989,0,1,hard
1881,4.36366,3.63603,0.72763,3.42125,0.11477,0,1,hard
1886,4.36366,3.65320,0.71046,3.37729,0.11477,0,1,hard
1891,4.36366,3.66999,0.69367,3.30403,0.12454,0,1,hard
1896,4.36366,3.68639,0.67727,3.17216,0.11966,0,1,hard
1901,4.36366,3.70241,0.66125,3.12821,0.12454,0,1,hard
1906,4.36366,3.71805,0.64561,3.05495,0.12454,0,1,hard
1911,4.36366,3.73331,0.63035,2.93773,0.10989,0,1,hard
1916,4.36366,3.74819,0.61547,2.95238,0.10989,0,1,hard
1921,4.36366,3.76268,0.60098,2.82051,0.11477,0,1,hard
1926,4.36366,3.77680,0.58686,2.73260,0.11477,0,1,hard
1931,4.36366,3.79053,0.57313,2.71795,0.12454,0,1,hard
1936,4.36366,3.80388,0.55978,2.64469,0.12943,0,1,hard
1941,4.36366,3.81685,0.54681,2.51282,0.12454,0,1,hard
1946,4.36366,3.82982,0.53384,2.51282,0.12454,0,1,hard
1952,4.36366,3.84241,0.52125,2.48352,0.12454,0,1,hard
1957,4.36366,3.85462,0.50904,2.38095,0.12454,0,1,hard
1962,4.36366,3.86606,0.49760,2.27839,0.12454,0,1,hard
1967,4.36366,3.87789,0.48577,2.27839,0.12943,0,1,hard
1972,4.36366,3.88933,0.47433,2.20513,0.12454,0,1,hard
1977,4.36366,3.90040,0.46326,2.16117,0.12454,0,1,hard
1982,4.36366,3.91108,0.45258,2.07326,0.10989,0,1,hard
1987,4.36366,3.92214,0.44152,2.14652,0.09035,0,1,hard
1992,4.36366,3.93244,0.43122,2.04396,0.09035,0,1,hard
1997,4.36366,3.94236,0.42130,1.92674,0.09524,0,1,hard
2002,4.36366,3.95228,0.41138,1.88279,0.10012,0,1,hard
2007,4.36366,3.96181,0.40184,1.85348,0.10501,0,1,hard
2012,4.36366,3.97135,0.39231,1.85348,0.10501,0,1,hard
2017,4.36366,3.98051,0.38315,1.82418,0.10012,0,1,hard
2022,4.36366,3.98890,0.37476,1.61905,0.11477,0,1,hard
2027,4.36366,3.99729,0.36637,1.66301,0.11966,0,1,hard
2032,4.36366,4.00607,0.35759,1.70696,0.10501,0,1,hard
2037,4.36366,4.01408,0.34958,1.56044,0.10501,0,1,hard
2042,4.36366,4.02209,0.34157,1.58974,0.11477,0,1,hard
2048,4.36366,4.03010,0.33356,1.54579,0.10989,0,1,hard
2053,4.36366,4.03696,0.32670,1.35531,0.12454,0,1,hard
2058,4.36366,4.04421,0.31945,1.44323,0.13431,0,1,hard
2063,4.36366,4.05184,0.31182,1.50183,0.10501,0,1,hard
2068,4.36366,4.05909,0.30457,1.36996,0.09524,0,1,hard
2073,4.36366,4.06596,0.29770,1.28205,0.11477,0,1,hard
2078,4.36366,4.07244,0.29122,1.32601,0.12454,0,1,hard
2083,4.36366,4.07893,0.28473,1.26740,0.11966,0,1,hard
2088,4.36366,4.08541,0.27825,1.19414,0.11477,0,1,hard
2093,4.36366,4.09114,0.27252,1.17949,0.12943,0,1,hard
2098,4.36366,4.09762,0.26604,1.19414,0.12943,0,1,hard
2103,4.36366,4.10372,0.25994,1.19414,0.11477,0,1,hard
2108,4.36366,4.10945,0.25421,1.12088,0.11477,0,1,hard
2113,4.36366,4.11440,0.24926,1.01832,0.13919,0,1,hard
2118,4.36366,4.11936,0.24430,0.94506,0.16850,0,1,hard
2123,4.36366,4.12470,0.23896,1.04762,0.16361,0,1,hard
2129,4.36366,4.13004,0.23361,1.06227,0.13431,0,1,hard
2134,4.36366,4.13539,0.22827,1.00366,0.10989,0,1,hard
2139,4.36366,4.13996,0.22370,0.85715,0.13431,0,1,hard
2144,4.36366,4.14416,0.21950,0.85715,0.15385,0,1,hard
2149,4.36366,4.14912,0.21454,0.98901,0.14408,0,1,hard
2154,4.36366,4.15446,0.20920,0.95971,0.11477,0,1,hard
2159,4.36366,4.15866,0.20500,0.82784,0.11966,0,1,hard
2164,4.36366,4.16247,0.20119,0.71062,0.16361,0,1,hard
2169,4.36366,4.16552,0.19814,0.66667,0.20269,0,1,hard
2174,4.36366,4.16934,0.19432,0.72528,0.22222,0,1,hard
2179,4.36366,4.17353,0.19013,0.82784,0.17338,0,1,hard
2184,4.36366,4.17811,0.18555,0.87180,0.11966,0,1,hard
2189,4.36366,4.18231,0.18135,0.73993,0.10501,0,1,hard
2194,4.36366,4.18574,0.17792,0.63736,0.12943,0,1,hard
2199,4.36366,4.18879,0.17487,0.65202,0.15873,0,1,hard
2204,4.36366,4.19184,0.17181,0.60806,0.18315,0,1,hard
2209,4.36366,4.19528,0.16838,0.65202,0.18315,0,1,hard
2214,4.36366,4.19909,0.16457,0.71062,0.16361,0,1,hard
2220,4.36366,4.20253,0.16113,0.72528,0.13431,0,1,hard
2225,4.36366,4.20558,0.15808,0.59341,0.14408,0,1,hard
2230,4.36366,4.20825,0.15541,0.47619,0.17827,0,1,hard
2235,4.36366,4.21054,0.15312,0.49084,0.20269,0,1,hard
2240,4.36366,4.21321,0.15045,0.53480,0.20269,0,1,hard
2245,4.36366,4.21588,0.14778,0.52015,0.19292,0,1,hard
2250,4.36366,4.21817,0.14549,0.41758,0.20269,0,1,hard
2255,4.36366,4.22084,0.14282,0.53480,0.20269,0,1,hard
2260,4.36366,4.22389,0.13977,0.59341,0.15873,0,1,hard
2265,4.36366,4.22694,0.13672,0.54945,0.13431,0,1,hard
2270,4.36366,4.22961,0.13405,0.47619,0.13431,0,1,hard
2275,4.36366,4.23190,0.13176,0.49084,0.13919,0,1,hard
2280,4.36366,4.23419,0.12947,0.38828,0.15873,0,1,hard
2285,4.36366,4.23648,0.12718,0.43224,0.16850,0,1,hard
2290,4.36366,4.23877,0.12489,0.50550,0.15873,0,1,hard
2295,4.36366,4.24105,0.12261,0.37363,0.16361,0,1,hard
2300,4.36366,4.24258,0.12108,0.37363,0.18804,0,1,hard
2306,4.36366,4.24411,0.11955,0.28572,0.21734,0,1,hard
2311,4.36366,4.24640,0.11726,0.43224,0.20757,0,1,hard
2316,4.36366,4.24792,0.11574,0.28572,0.20757,0,1,hard
2321,4.36366,4.24983,0.11383,0.38828,0.20269,0,1,hard
2326,4.36366,4.25174,0.11192,0.32967,0.19292,0,1,hard
2331,4.36366,4.25402,0.10964,0.41758,0.17338,0,1,hard
2336,4.36366,4.25555,0.10811,0.25641,0.17338,0,1,hard
2341,4.36366,4.25708,0.10658,0.35898,0.17827,0,1,hard
2346,4.36366,4.25860,0.10506,0.24176,0.19780,0,1,hard
2351,4.36366,4.25975,0.10391,0.25641,0.20269,0,1,hard
2356,4.36366,4.26165,0.10201,0.37363,0.18804,0,1,hard
2361,4.36366,4.26318,0.10048,0.25641,0.17827,0,1,hard
2366,4.36366,4.26509,0.09857,0.37363,0.16850,0,1,hard
2371,4.36366,4.26623,0.09743,0.24176,0.16850,0,1,hard
2376,4.36366,4.26776,0.09590,0.27106,0.17338,0,1,hard
2381,4.36366,4.26852,0.09514,0.21246,0.18804,0,1,hard
2386,4.36366,4.26890,0.09476,0.08059,0.24664,0,1,hard
2391,4.36366,4.26966,0.09400,0.13920,0.27595,0,1,hard
2397,4.36366,4.27119,0.09247,0.25641,0.25153,0,1,hard
2402,4.36366,4.27272,0.09094,0.27106,0.21245,0,1,hard
2407,4.36366,4.27348,0.09018,0.12454,0.22222,0,1,hard
2412,4.36366,4.27462,0.08904,0.24176,0.21734,0,1,hard
2417,4.36366,4.27653,0.08713,0.34432,0.17827,0,1,hard
2422,4.36366,4.27729,0.08637,0.15385,0.17338,0,1,hard
2427,4.36366,4.27882,0.08484,0.25641,0.17338,0,1,hard
2432,4.36366,4.28035,0.08331,0.31502,0.15385,0,1,hard
2437,4.36366,4.28149,0.08217,0.16850,0.15385,0,1,hard
2442,4.36366,4.28302,0.08064,0.30037,0.14896,0,1,hard
2447,4.36366,4.28378,0.07988,0.19780,0.15385,0,1,hard
2452,4.36366,4.28416,0.07950,0.03663,0.19780,0,1,hard
2457,4.36366,4.28454,0.07912,0.08059,0.24176,0,1,hard
2462,4.36366,4.28531,0.07835,0.16850,0.23199,0,1,hard
2467,4.36366,4.28683,0.07683,0.27106,0.19780,0,1,hard
2472,4.36366,4.28798,0.07568,0.21246,0.17338,0,1,hard
2477,4.36366,4.28836,0.07530,0.09524,0.18315,0,1,hard
2483,4.36366,4.28950,0.07416,0.19780,0.18315,0,1,hard
2488,4.36366,4.29065,0.07301,0.25641,0.16361,0,1,hard
2493,4.36366,4.29103,0.07263,0.00733,0.19780,0,1,hard
2498,4.36366,4.29103,0.07263,0.00733,0.24176,0,1,hard
2503,4.36366,4.29103,0.07263,0.06594,0.26618,0,1,hard
2508,4.36366,4.29141,0.07225,0.06594,0.27106,0,1,hard
2513,4.36366,4.29179,0.07187,0.03663,0.27595,0,1,hard
2518,4.36366,4.29179,0.07187,0.05128,0.27595,0,1,hard
2523,4.36366,4.29255,0.07111,0.09524,0.26618,0,1,hard
2528,4.36366,4.29332,0.07034,0.12454,0.25153,0,1,hard
2533,4.36366,4.29370,0.06996,0.10989,0.23199,0,1,hard
2538,4.36366,4.29408,0.06958,0.02198,0.24664,0,1,hard
2543,4.36366,4.29408,0.06958,0.00733,0.27106,0,1,hard
2548,4.36366,4.29408,0.06958,0.03663,0.28083,0,1,hard
2553,4.36366,4.29446,0.06920,0.02198,0.28572,0,1,hard
2558,4.36366,4.29446,0.06920,0.00733,0.29060,0,1,hard
2563,4.36366,4.29446,0.06920,0.00733,0.30037,0,1,hard
2568,4.36366,4.29446,0.06920,0.00733,0.30525,0,1,hard
2574,4.36366,4.29446,0.06920,0.00733,0.30525,0,1,hard
2579,4.36366,4.29446,0.06920,0.00733,0.31013,0,1,hard
2584,4.36366,4.29446,0.06920,-0.00733,0.31013,1,1,hard
2589,4.36366,4.29446,0.06920,0.00733,0.31013,1,1,hard
2594,4.36366,4.29446,0.06920,-0.00733,0.31990,1,1,hard
2599,4.36366,4.29446,0.06920,-0.00733,0.31990,1,1,hard
2604,4.36366,4.29446,0.06920,-0.00733,0.31502,1,1,hard
2609,4.36366,4.29446,0.06920,-0.00733,0.31990,1,1,hard
2614,4.36366,4.29484,0.06882,-0.00733,0.31990,1,1,hard
2619,4.36366,4.29484,0.06882,-0.00733,0.31502,1,1,hard
2624,4.36366,4.29484,0.06882,-0.00733,0.31502,1,1,hard
2629,4.36366,4.29484,0.06882,-0.00733,0.31990,1,1,hard
2634,4.36366,4.29484,0.06882,-0.00733,0.31990,1,1,hard
2639,4.36366,4.29484,0.06882,-0.00733,0.31990,1,1,hard
2644,4.36366,4.29484,0.06882,-0.00733,0.31990,1,1,hard
2649,4.36366,4.29484,0.06882,-0.00733,0.31990,1,1,hard
2654,4.36366,4.29484,0.06882,-0.00733,0.31502,1,1,hard
2660,4.36366,4.29484,0.06882,-0.00733,0.31990,1,1,hard
2665,4.36366,4.29484,0.06882,-0.00733,0.31990,1,1,hard
2670,4.36366,4.29484,0.06882,-0.00733,0.32479,1,1,hard
2675,4.36366,4.29484,0.06882,-0.00733,0.31990,1,1,hard
2680,4.36366,4.29484,0.06882,-0.00733,0.32479,1,1,hard
2685,4.36366,4.29484,0.06882,-0.00733,0.31990,1,1,hard
2690,4.36366,4.29484,0.06882,-0.00733,0.31990,1,1,hard
2695,4.36366,4.29484,0.06882,-0.00733,0.32479,1,1,hard
2700,4.36366,4.29484,0.06882,-0.00733,0.32479,1,1,hard
2705,4.36366,4.29484,0.06882,-0.00733,0.32479,1,1,hard
2710,4.36366,4.29484,0.06882,-0.00733,0.31990,1,1,hard
2715,4.36366,4.29484,0.06882,-0.00733,0.32479,1,1,hard
2720,4.36366,4.29484,0.06882,-0.00733,0.31990,1,1,hard
2725,4.36366,4.29484,0.06882,-0.00733,0.31990,1,1,hard
2730,4.36366,4.29484,0.06882,-0.00733,0.31990,1,1,hard
2735,4.36366,4.29484,0.06882,-0.00733,0.31990,1,1,hard
2740,4.36366,4.29484,0.06882,-0.00733,0.32479,1,1,hard
2746,4.36366,4.29484,0.06882,-0.00733,0.32479,1,1,hard
2751,4.36366,4.29484,0.06882,-0.00733,0.32479,1,1,hard
2756,4.36366,4.29484,0.06882,-0.00733,0.32479,1,1,hard
2761,4.36366,4.29484,0.06882,-0.00733,0.32479,1,1,hard
2766,4.36366,4.29484,0.06882,-0.00733,0.32479,1,1,hard
2771,4.36366,4.29484,0.06882,-0.00733,0.32479,1,1,hard
2776,4.36366,4.29484,0.06882,-0.00733,0.31990,1,1,hard
2781,4.36366,4.29484,0.06882,-0.00733,0.32479,1,1,hard
2786,4.36366,4.29484,0.06882,-0.00733,0.32479,1,1,hard
2791,4.36366,4.29484,0.06882,-0.00733,0.31990,1,1,hard
2796,4.36366,4.29484,0.06882,-0.00733,0.32479,1,1,hard
2801,4.36366,4.29484,0.06882,-0.00733,0.32479,1,1,hard
2806,4.36366,4.29484,0.06882,-0.00733,0.32479,1,1,hard
2811,4.36366,4.29484,0.06882,-0.00733,0.32479,1,1,hard
2816,4.36366,4.29484,0.06882,-0.00733,0.31990,1,1,hard
2821,4.36366,4.29484,0.06882,-0.00733,0.32479,1,1,hard
2826,4.36366,4.29484,0.06882,-0.00733,0.31990,1,1,hard
2831,4.36366,4.29484,0.06882,-0.00733,0.32479,1,1,hard
2837,4.36366,4.29484,0.06882,-0.00733,0.31990,1,1,hard
2842,4.36366,4.29484,0.06882,-0.00733,0.31990,1,1,hard
2847,4.36366,4.29484,0.06882,-0.00733,0.32479,1,1,hard
2852,4.36366,4.29484,0.06882,-0.00733,0.31990,1,1,hard
2857,4.36366,4.29484,0.06882,-0.00733,0.32967,1,1,hard
2862,4.36366,4.29484,0.06882,-0.00733,0.31990,1,1,hard
2867,4.36366,4.29484,0.06882,-0.00733,0.32479,1,1,hard
2872,4.36366,4.29484,0.06882,-0.00733,0.31990,1,1,hard
2877,4.36366,4.29484,0.06882,-0.00733,0.32479,1,1,hard
2882,4.36366,4.29484,0.06882,-0.00733,0.31990,1,1,hard
2887,4.36366,4.29484,0.06882,-0.00733,0.31990,1,1,hard
2892,4.36366,4.29484,0.06882,-0.00733,0.31990,1,1,hard
2897,4.36366,4.29484,0.06882,-0.00733,0.31990,1,1,hard
2902,4.36366,4.29484,0.06882,-0.00733,0.31990,1,1,hard
2907,4.36366,4.29484,0.06882,-0.00733,0.31990,1,1,hard
2912,4.36366,4.29484,0.06882,-0.00733,0.31502,1,1,hard
2917,4.36366,4.29484,0.06882,-0.00733,0.31990,1,1,hard
2923,4.36366,4.29484,0.06882,-0.00733,0.31990,1,1,hard
2928,4.36366,4.29484,0.06882,-0.00733,0.31990,1,1,hard
2933,4.36366,4.29484,0.06882,-0.00733,0.31990,1,1,hard
2938,4.36366,4.29484,0.06882,-0.00733,0.32479,1,1,hard
2943,4.36366,4.29484,0.06882,-0.00733,0.32479,1,1,hard
2948,4.36366,4.29484,0.06882,-0.00733,0.31990,1,1,hard
2953,4.36366,4.29484,0.06882,-0.00733,0.31990,1,1,hard
2958,4.36366,4.29484,0.06882,-0.00733,0.32479,1,1,hard
2963,4.36366,4.29484,0.06882,-0.00733,0.32479,1,1,hard
2968,4.36366,4.29484,0.06882,-0.00733,0.31990,1,1,hard
2973,4.36366,4.29484,0.06882,-0.00733,0.32479,1,1,hard
2978,4.36366,4.29484,0.06882,-0.00733,0.31990,1,1,hard
2983,4.36366,4.29484,0.06882,-0.00733,0.32479,1,1,hard
2988,4.36366,4.29484,0.06882,-0.00733,0.32479,1,1,hard
2993,4.36366,4.29484,0.06882,-0.00733,0.32479,1,1,hard
2998,4.36366,4.29484,0.06882,-0.00733,0.32479,1,1,hard
3003,4.36366,4.29484,0.06882,-0.00733,0.32479,1,1,hard
3008,4.36366,4.29484,0.06882,-0.00733,0.32479,1,1,hard
3014,4.36366,4.29484,0.06882,-0.00733,0.32479,1,1,hard
3019,4.36366,4.29484,0.06882,-0.00733,0.32479,1,1,hard
3024,4.36366,4.29484,0.06882,-0.00733,0.31990,1,1,hard
3029,4.36366,4.29484,0.06882,-0.00733,0.32479,1,1,hard
3034,4.36366,4.29484,0.06882,-0.00733,0.31990,1,1,hard
3039,4.36366,4.29484,0.06882,-0.00733,0.31990,1,1,hard
3044,4.36366,4.29484,0.06882,-0.00733,0.32479,1,1,hard
3049,4.36366,4.29484,0.06882,-0.00733,0.31990,1,1,hard
3054,4.36366,4.29484,0.06882,-0.00733,0.31990,1,1,hard
3059,4.36366,4.29484,0.06882,-0.00733,0.32479,1,1,hard
3064,4.36366,4.29484,0.06882,-0.00733,0.32479,1,1,hard
3069,4.36366,4.29484,0.06882,-0.00733,0.32479,1,1,hard
3074,4.36366,4.29484,0.06882,-0.00733,0.31990,1,1,hard
3079,4.36366,4.29484,0.06882,-0.00733,0.31990,1,1,hard
3084,4.36366,4.29484,0.06882,-0.00733,0.31990,1,1,hard
3089,4.36366,4.29484,0.06882,0.00733,0.31990,1,1,hard
3094,4.36366,4.29484,0.06882,-0.00733,0.31990,1,1,hard
3099,4.36366,4.29484,0.06882,-0.00733,0.32479,1,1,hard
3105,4.36366,4.29484,0.06882,-0.00733,0.31990,1,1,hard
3110,4.36366,4.29484,0.06882,-0.00733,0.32479,1,1,hard
3115,4.36366,4.29484,0.06882,-0.00733,0.31990,1,1,hard
3120,4.36366,4.29484,0.06882,-0.00733,0.31990,1,1,hard
3125,4.36366,4.29484,0.06882,-0.00733,0.31990,1,1,hard
3130,4.36366,4.29484,0.06882,-0.00733,0.31990,1,1,hard
3135,4.36366,4.29484,0.06882,-0.00733,0.31990,1,1,hard
3140,4.36366,4.29484,0.06882,-0.00733,0.32479,1,1,hard
3145,4.36366,4.29484,0.06882,-0.00733,0.32479,1,1,hard
3150,4.36366,4.29484,0.06882,-0.00733,0.32479,1,1,hard
3155,4.36366,4.29484,0.06882,-0.00733,0.32479,1,1,hard
3160,4.36366,4.29484,0.06882,-0.00733,0.31990,1,1,hard
3165,4.36366,4.29484,0.06882,-0.00733,0.31990,1,1,hard
3170,4.36366,4.29484,0.06882,-0.00733,0.31990,1,1,hard
3175,4.36366,4.29484,0.06882,-0.00733,0.31990,1,1,hard
3180,4.36366,4.29484,0.06882,-0.00733,0.31990,1,1,hard
3185,4.36366,4.29484,0.06882,-0.00733,0.31990,1,1,hard
3190,4.36366,4.29484,0.06882,-0.00733,0.31990,1,1,hard
3196,4.36366,4.29522,0.06844,-0.00733,0.31502,1,1,hard
3201,4.36366,4.29522,0.06844,0.00733,0.31502,1,1,hard
3206,4.36366,4.29522,0.06844,0.00733,0.31502,1,1,hard
3211,4.36366,4.29522,0.06844,0.00733,0.31013,1,1,hard
3216,4.36366,4.29522,0.06844,0.00733,0.31502,1,1,hard
3221,4.36366,4.29560,0.06806,0.00733,0.30525,1,1,hard
3226,4.36366,4.29560,0.06806,0.02198,0.30037,1,1,hard
3231,4.36366,4.29599,0.06767,0.05128,0.28572,1,1,hard
3236,4.36366,4.29637,0.06729,0.09524,0.26130,1,1,hard
3241,4.36366,4.29751,0.06615,0.15385,0.23199,0,1,hard
3246,4.36366,4.29789,0.06577,0.09524,0.21734,0,1,hard
3251,4.36366,4.29789,0.06577,-0.00733,0.23687,0,1,hard
3256,4.36366,4.29789,0.06577,0.00733,0.25641,0,1,hard
3261,4.36366,4.29827,0.06538,0.03663,0.27106,0,1,hard
3266,4.36366,4.29827,0.06538,0.02198,0.28083,0,1,hard
3271,4.36366,4.29827,0.06538,-0.00733,0.28083,0,1,hard
3276,4.36366,4.29827,0.06538,0.02198,0.28572,0,1,hard
3282,4.36366,4.29827,0.06538,0.00733,0.28572,0,1,hard
3287,4.36366,4.29827,0.06538,0.00733,0.28572,0,1,hard
3292,4.36366,4.29866,0.06500,0.00733,0.29060,0,1,hard
3297,4.36366,4.29866,0.06500,0.00733,0.28572,0,1,hard
3302,4.36366,4.29866,0.06500,0.00733,0.29060,1,1,hard
3307,4.36366,4.29866,0.06500,0.00733,0.29060,1,1,hard
3312,4.36366,4.29866,0.06500,0.00733,0.28572,1,1,hard
3317,4.36366,4.29904,0.06462,0.02198,0.28083,1,1,hard
3322,4.36366,4.29904,0.06462,0.02198,0.27595,1,1,hard
3327,4.36366,4.29942,0.06424,0.05128,0.26618,1,1,hard
3332,4.36366,4.30018,0.06348,0.09524,0.24176,1,1,hard
3337,4.36366,4.30095,0.06271,0.18315,0.20269,0,1,hard
3342,4.36366,4.30209,0.06157,0.18315,0.16850,0,1,hard
3347,4.36366,4.30247,0.06119,0.00733,0.17827,0,1,hard
3352,4.36366,4.30247,0.06119,0.00733,0.21245,0,1,hard
3357,4.36366,4.30247,0.06119,0.06594,0.23199,0,1,hard
3362,4.36366,4.30285,0.06081,0.06594,0.22222,0,1,hard
3367,4.36366,4.30362,0.06004,0.09524,0.20757,0,1,hard
3372,4.36366,4.30476,0.05890,0.19780,0.16850,0,1,hard
3378,4.36366,4.30590,0.05776,0.24176,0.12454,0,1,hard
3383,4.36366,4.30629,0.05737,0.02198,0.12943,0,1,hard
3388,4.36366,4.30629,0.05737,0.00733,0.17338,0,1,hard
3393,4.36366,4.30629,0.05737,0.06594,0.19780,0,1,hard
3398,4.36366,4.30705,0.05661,0.09524,0.19292,0,1,hard
3403,4.36366,4.30743,0.05623,0.10989,0.17338,0,1,hard
3408,4.36366,4.30857,0.05509,0.19780,0.13919,0,1,hard
3413,4.36366,4.30972,0.05394,0.16850,0.10989,0,1,hard
3418,4.36366,4.30972,0.05394,0.00733,0.13919,0,1,hard
3423,4.36366,4.30972,0.05394,0.00733,0.16850,0,1,hard
3428,4.36366,4.31010,0.05356,0.05128,0.18804,0,1,hard
3433,4.36366,4.31010,0.05356,0.05128,0.19292,0,1,hard
3438,4.36366,4.31048,0.05318,0.03663,0.19292,0,1,hard
3443,4.36366,4.31086,0.05280,0.06594,0.18804,0,1,hard
3448,4.36366,4.31124,0.05241,0.09524,0.16850,0,1,hard
3453,4.36366,4.31239,0.05127,0.16850,0.13919,0,1,hard
3458,4.36366,4.31315,0.05051,0.12454,0.11966,0,1,hard
3464,4.36366,4.31315,0.05051,-0.00733,0.14408,0,1,hard
3469,4.36366,4.31315,0.05051,0.00733,0.16361,0,1,hard
3474,4.36366,4.31315,0.05051,0.05128,0.18315,0,1,hard
3479,4.36366,4.31353,0.05013,0.02198,0.19292,0,1,hard
3484,4.36366,4.31353,0.05013,0.00733,0.19780,0,1,hard
3489,4.36366,4.31353,0.05013,0.02198,0.20269,0,1,hard
3494,4.36366,4.31353,0.05013,0.02198,0.20269,0,1,hard
3499,4.36366,4.31392,0.04974,0.00733,0.20269,0,0,hard
3504,3.36366,4.31392,-0.95026,0.02198,0.20269,0,1,hard
3509,3.36366,4.31392,-0.95026,0.02198,0.19780,0,1,hard
3514,3.36366,4.31430,-0.95064,0.03663,0.19292,0,1,hard
3519,3.36366,4.31468,-0.95102,0.06594,0.18315,0,1,hard
3524,3.36366,4.31544,-0.95178,0.09524,0.16361,0,1,hard
3529,3.36366,4.31620,-0.95254,0.13920,0.13919,0,1,hard
3534,3.36366,4.31010,-0.94644,-2.55678,-0.71551,0,1,hard
3539,3.36366,4.29026,-0.92660,-4.57875,-0.59829,0,1,hard
3544,3.36366,4.26738,-0.90372,-4.60806,-0.26129,0,1,hard
3549,3.36366,4.24525,-0.88159,-4.31502,-0.09524,0,1,hard
3555,3.36366,4.22427,-0.86061,-4.16850,-0.09035,0,1,hard
3560,3.36366,4.20367,-0.84001,-4.05128,-0.07082,0,1,hard
3565,3.36366,4.18345,-0.81979,-4.00733,-0.09524,0,1,hard
3570,3.36366,4.16362,-0.79996,-3.86081,-0.07570,0,1,hard
3575,3.36366,4.14416,-0.78050,-3.77289,-0.08547,0,1,hard
3580,3.36366,4.12547,-0.76181,-3.72894,-0.07570,0,1,hard
3585,3.36366,4.10716,-0.74350,-3.55311,-0.07082,0,1,hard
3590,3.36366,4.08885,-0.72519,-3.56777,-0.09035,0,1,hard
3595,3.36366,4.07130,-0.70764,-3.42125,-0.07570,0,1,hard
3600,3.36366,4.05451,-0.69085,-3.33333,-0.08059,0,1,hard
3605,3.36366,4.03773,-0.67407,-3.30403,-0.09035,0,1,hard
3610,3.36366,4.02132,-0.65766,-3.18681,-0.07082,0,1,hard
3615,3.36366,4.00530,-0.64164,-3.12820,-0.08547,0,1,hard
3620,3.36366,3.99004,-0.62638,-3.04029,-0.08059,0,1,hard
3625,3.36366,3.97517,-0.61151,-2.90842,-0.08059,0,1,hard
3630,3.36366,3.96029,-0.59663,-2.93773,-0.09035,0,1,hard
3635,3.36366,3.94617,-0.58251,-2.80586,-0.09524,0,1,hard
3641,3.36366,3.93244,-0.56878,-2.70330,-0.09524,0,1,hard
3646,3.36366,3.91871,-0.55505,-2.70330,-0.10012,0,1,hard
3651,3.36366,3.90536,-0.54170,-2.60073,-0.10501,0,1,hard
3656,3.36366,3.89277,-0.52911,-2.46886,-0.10012,0,1,hard
3661,3.36366,3.88018,-0.51652,-2.46886,-0.10989,0,1,hard
3666,3.36366,3.86759,-0.50393,-2.43956,-0.11966,0,1,hard
3671,3.36366,3.85576,-0.49210,-2.32234,-0.10501,0,1,hard
3676,3.36366,3.84432,-0.48066,-2.24908,-0.11477,0,1,hard
3681,3.36366,3.83287,-0.46921,-2.26374,-0.10501,0,1,hard
3686,3.36366,3.82181,-0.45815,-2.16117,-0.11966,0,1,hard
3691,3.36366,3.81075,-0.44709,-2.11722,-0.10501,0,1,hard
3696,3.36366,3.80045,-0.43679,-2.02930,-0.10989,0,1,hard
3701,3.36366,3.79015,-0.42649,-2.08791,-0.10501,0,1,hard
3706,3.36366,3.77985,-0.41619,-2.00000,-0.10012,0,1,hard
3711,3.36366,3.77031,-0.40665,-1.86813,-0.11477,0,1,hard
3716,3.36366,3.76078,-0.39712,-1.85348,-0.11477,0,1,hard
3721,3.36366,3.75162,-0.38796,-1.85348,-0.10012,0,1,hard
3726,3.36366,3.74247,-0.37881,-1.80952,-0.10012,0,1,hard
3732,3.36366,3.73331,-0.36965,-1.80952,-0.10012,0,1,hard
3737,3.36366,3.72454,-0.36088,-1.67766,-0.10501,0,1,hard
3742,3.36366,3.71691,-0.35325,-1.56044,-0.12454,0,1,hard
3747,3.36366,3.70813,-0.34447,-1.69231,-0.10501,0,1,hard
3752,3.36366,3.70012,-0.33646,-1.61905,-0.09524,0,1,hard
3757,3.36366,3.69249,-0.32883,-1.47253,-0.11477,0,1,hard
3762,3.36366,3.68448,-0.32082,-1.56044,-0.10989,0,1,hard
3767,3.36366,3.67723,-0.31357,-1.42857,-0.10012,0,1,hard
3772,3.36366,3.67037,-0.30671,-1.32601,-0.12454,0,1,hard
3777,3.36366,3.66312,-0.29946,-1.44322,-0.11477,0,1,hard
3782,3.36366,3.65587,-0.29221,-1.45788,-0.09035,0,1,hard
3787,3.36366,3.64900,-0.28534,-1.29670,-0.10501,0,1,hard
3792,3.36366,3.64290,-0.27924,-1.22344,-0.12943,0,1,hard
3797,3.36366,3.63642,-0.27276,-1.28205,-0.12454,0,1,hard
3802,3.36366,3.63031,-0.26665,-1.22344,-0.10501,0,1,hard
3807,3.36366,3.62421,-0.26055,-1.16483,-0.10501,0,1,hard
3812,3.36366,3.61849,-0.25483,-1.16483,-0.10989,0,1,hard
3817,3.36366,3.61238,-0.24872,-1.16483,-0.11477,0,1,hard
3823,3.36366,3.60666,-0.24300,-1.16483,-0.10501,0,1,hard
3828,3.36366,3.60132,-0.23766,-1.06227,-0.10989,0,1,hard
3833,3.36366,3.59636,-0.23270,-0.98901,-0.13431,0,1,hard
3838,3.36366,3.59140,-0.22774,-0.94506,-0.15873,0,1,hard
3843,3.36366,3.58682,-0.22316,-0.94506,-0.15873,0,1,hard
3848,3.36366,3.58148,-0.21782,-1.04762,-0.12943,0,1,hard
3853,3.36366,3.57614,-0.21248,-1.00366,-0.10501,0,1,hard
3858,3.36366,3.57157,-0.20791,-0.93040,-0.09524,0,1,hard
3863,3.36366,3.56737,-0.20371,-0.81319,-0.13431,0,1,hard
3868,3.36366,3.56317,-0.19951,-0.79853,-0.15873,0,1,hard
3873,3.36366,3.55859,-0.19493,-0.93040,-0.14896,0,1,hard
3878,3.36366,3.55402,-0.19036,-0.93040,-0.11966,0,1,hard
3883,3.36366,3.55020,-0.18654,-0.76923,-0.11966,0,1,hard
3888,3.36366,3.54639,-0.18273,-0.72528,-0.15385,0,1,hard
3893,3.36366,3.54333,-0.17968,-0.63736,-0.18803,0,1,hard
3898,3.36366,3.54028,-0.17662,-0.66667,-0.20757,0,1,hard
3903,3.36366,3.53609,-0.17243,-0.75458,-0.18315,0,1,hard
3909,3.36366,3.53189,-0.16823,-0.84249,-0.12943,0,1,hard
3914,3.36366,3.52769,-0.16403,-0.79853,-0.09035,0,1,hard
3919,3.36366,3.52464,-0.16098,-0.65201,-0.10012,0,1,hard
3924,3.36366,3.52159,-0.15793,-0.59341,-0.14896,0,1,hard
3929,3.36366,3.51892,-0.15526,-0.56410,-0.17338,0,1,hard
3934,3.36366,3.51625,-0.15259,-0.56410,-0.19292,0,1,hard
3939,3.36366,3.51320,-0.14954,-0.60806,-0.18803,0,1,hard
3944,3.36366,3.50977,-0.14611,-0.66667,-0.16850,0,1,hard
3949,3.36366,3.50633,-0.14267,-0.66667,-0.12943,0,1,hard
3954,3.36366,3.50328,-0.13962,-0.59341,-0.10989,0,1,hard
3959,3.36366,3.50137,-0.13771,-0.40293,-0.15385,0,1,hard
3964,3.36366,3.49908,-0.13542,-0.44689,-0.18803,0,1,hard
3969,3.36366,3.49680,-0.13314,-0.49084,-0.19292,0,1,hard
3974,3.36366,3.49413,-0.13047,-0.53480,-0.17827,0,1,hard
3979,3.36366,3.49184,-0.12818,-0.47619,-0.16850,0,1,hard
3984,3.36366,3.48955,-0.12589,-0.43223,-0.17338,0,1,hard
3989,3.36366,3.48688,-0.12322,-0.52015,-0.16850,0,1,hard
3995,3.36366,3.48421,-0.12055,-0.50550,-0.14408,0,1,hard
4000,3.36366,3.48116,-0.11750,-0.53480,-0.11966,0,1,hard
4005,3.36366,3.47887,-0.11521,-0.50550,-0.10989,0,1,hard
4010,3.36366,3.47696,-0.11330,-0.37363,-0.13431,0,1,hard
4015,3.36366,3.47543,-0.11177,-0.30037,-0.17827,0,1,hard
4020,3.36366,3.47353,-0.10987,-0.43223,-0.18803,0,1,hard
4025,3.36366,3.47162,-0.10796,-0.37363,-0.18315,0,1,hard
4030,3.36366,3.46971,-0.10605,-0.38828,-0.17827,0,1,hard
4035,3.36366,3.46819,-0.10453,-0.32967,-0.17827,0,1,hard
4040,3.36366,3.46628,-0.10262,-0.34432,-0.18315,0,1,hard
4045,3.36366,3.46475,-0.10109,-0.30037,-0.19780,0,1,hard
4050,3.36366,3.46399,-0.10033,-0.21245,-0.22222,0,1,hard
4055,3.36366,3.46208,-0.09842,-0.38828,-0.21245,0,1,hard
4060,3.36366,3.46056,-0.09690,-0.30037,-0.19292,0,1,hard
4065,3.36366,3.45865,-0.09499,-0.37363,-0.17338,0,1,hard
4070,3.36366,3.45712,-0.09346,-0.28572,-0.17338,0,1,hard
4075,3.36366,3.45560,-0.09194,-0.24176,-0.17827,0,1,hard
4080,3.36366,3.45369,-0.09003,-0.38828,-0.16361,0,1,hard
4086,3.36366,3.45216,-0.08850,-0.28572,-0.14896,0,1,hard
4091,3.36366,3.45064,-0.08698,-0.34432,-0.14408,0,1,hard
4096,3.36366,3.44987,-0.08621,-0.16850,-0.17338,0,1,hard
4101,3.36366,3.44911,-0.08545,-0.16850,-0.21734,0,1,hard
4106,3.36366,3.44759,-0.08393,-0.35897,-0.18803,0,1,hard
4111,3.36366,3.44606,-0.08240,-0.31502,-0.14896,0,1,hard
4116,3.36366,3.44415,-0.08049,-0.31502,-0.12943,0,1,hard
4121,3.36366,3.44263,-0.07897,-0.27106,-0.12943,0,1,hard
4126,3.36366,3.44224,-0.07858,-0.09524,-0.17338,0,1,hard
4131,3.36366,3.44186,-0.07820,-0.16850,-0.21245,0,1,hard
4136,3.36366,3.44034,-0.07668,-0.31502,-0.18803,0,1,hard
4141,3.36366,3.43919,-0.07553,-0.22711,-0.16361,0,1,hard
4146,3.36366,3.43843,-0.07477,-0.10989,-0.18803,0,1,hard
4151,3.36366,3.43729,-0.07363,-0.22711,-0.19292,0,1,hard
4156,3.36366,3.43576,-0.07210,-0.31502,-0.16850,0,1,hard
4161,3.36366,3.43538,-0.07172,-0.08059,-0.18803,0,1,hard
4166,3.36366,3.43538,-0.07172,-0.02198,-0.24176,0,1,hard
4171,3.36366,3.43538,-0.07172,-0.09524,-0.27106,0,1,hard
4177,3.36366,3.43462,-0.07096,-0.15385,-0.25641,0,1,hard
4182,3.36366,3.43309,-0.06943,-0.24176,-0.21245,0,1,hard
4187,3.36366,3.43156,-0.06790,-0.25641,-0.16361,0,1,hard
4192,3.36366,3.43080,-0.06714,-0.12454,-0.16361,0,1,hard
4197,3.36366,3.42966,-0.06600,-0.25641,-0.15385,0,1,hard
4202,3.36366,3.42813,-0.06447,-0.30037,-0.12943,0,1,hard
4207,3.36366,3.42775,-0.06409,-0.05128,-0.14896,0,1,hard
4212,3.36366,3.42775,-0.06409,-0.03663,-0.19780,0,1,hard
4217,3.36366,3.42737,-0.06371,-0.12454,-0.21734,0,1,hard
4222,3.36366,3.42622,-0.06256,-0.18315,-0.19292,0,1,hard
4227,3.36366,3.42508,-0.06142,-0.25641,-0.15873,0,1,hard
4232,3.36366,3.42470,-0.06104,-0.08059,-0.16850,0,1,hard
4237,3.36366,3.42470,-0.06104,-0.02198,-0.20757,0,1,hard
4242,3.36366,3.42432,-0.06066,-0.06593,-0.23687,0,1,hard
4247,3.36366,3.42393,-0.06027,-0.09524,-0.23687,0,1,hard
4252,3.36366,3.42355,-0.05989,-0.10989,-0.22222,0,1,hard
4257,3.36366,3.42241,-0.05875,-0.18315,-0.19780,0,1,hard
4262,3.36366,3.42126,-0.05760,-0.22711,-0.16361,0,1,hard
4268,3.36366,3.42088,-0.05722,-0.06593,-0.16361,0,1,hard
4273,3.36366,3.42088,-0.05722,-0.02198,-0.19780,0,1,hard
4278,3.36366,3.42088,-0.05722,-0.03663,-0.22711,0,1,hard
4283,3.36366,3.42050,-0.05684,-0.08059,-0.23687,0,1,hard
4288,3.36366,3.42050,-0.05684,-0.05128,-0.23687,0,1,hard
4293,3.36366,3.42012,-0.05646,-0.06593,-0.24176,0,1,hard
4298,3.36366,3.41974,-0.05608,-0.09524,-0.22711,0,1,hard
4303,3.36366,3.41897,-0.05532,-0.16850,-0.19780,0,1,hard
4308,3.36366,3.41783,-0.05417,-0.19780,-0.16361,0,1,hard
4313,3.36366,3.41745,-0.05379,-0.03663,-0.17338,0,1,hard
4318,3.36366,3.41745,-0.05379,-0.02198,-0.20269,0,1,hard
4323,3.36366,3.41745,-0.05379,-0.03663,-0.22222,0,1,hard
4328,3.36366,3.41745,-0.05379,-0.05128,-0.23199,0,1,hard
4333,3.36366,3.41745,-0.05379,-0.02198,-0.24176,0,1,hard
4338,3.36366,3.41707,-0.05341,-0.02198,-0.24664,0,1,hard
4343,3.36366,3.41707,-0.05341,-0.02198,-0.25641,0,1,hard
4348,3.36366,3.41707,-0.05341,-0.03663,-0.25153,0,1,hard
4353,3.36366,3.41707,-0.05341,-0.03663,-0.25153,0,1,hard
4359,3.36366,3.41669,-0.05303,-0.02198,-0.25153,0,1,hard
4364,3.36366,3.41669,-0.05303,-0.03663,-0.24664,0,1,hard
4369,3.36366,3.41630,-0.05264,-0.05128,-0.24664,0,1,hard
4374,3.36366,3.41630,-0.05264,-0.05128,-0.23687,0,1,hard
4379,3.36366,3.41592,-0.05226,-0.08059,-0.22222,0,1,hard
4384,3.36366,3.41516,-0.05150,-0.12454,-0.19780,0,1,hard
4389,3.36366,3.41440,-0.05074,-0.12454,-0.17827,0,1,hard
4394,3.36366,3.41440,-0.05074,-0.03663,-0.18803,0,1,hard
4399,3.36366,3.41440,-0.05074,-0.00733,-0.21245,0,1,hard
4404,3.36366,3.41440,-0.05074,-0.03663,-0.22222,0,1,hard
4409,3.36366,3.41402,-0.05036,-0.02198,-0.23199,0,1,hard
4414,3.36366,3.41402,-0.05036,-0.00733,-0.23687,0,1,hard
4419,3.36366,3.41402,-0.05036,-0.02198,-0.24176,0,1,hard
4424,3.36366,3.41402,-0.05036,-0.02198,-0.24664,0,1,hard
4429,3.36366,3.41402,-0.05036,-0.00733,-0.24664,0,1,hard
4434,3.36366,3.41402,-0.05036,-0.02198,-0.24664,0,1,hard
4439,3.36366,3.41402,-0.05036,-0.00733,-0.24664,0,1,hard
4444,3.36366,3.41402,-0.05036,-0.00733,-0.25153,0,1,hard
4449,3.36366,3.41402,-0.05036,-0.00733,-0.25153,0,1,hard
4455,3.36366,3.41402,-0.05036,-0.02198,-0.25153,0,1,hard
4460,3.36366,3.41402,-0.05036,-0.00733,-0.25153,0,1,hard
4465,3.36366,3.41402,-0.05036,-0.00733,-0.25641,1,1,hard
4470,3.36366,3.41402,-0.05036,-0.00733,-0.25641,1,1,hard
4475,3.36366,3.41402,-0.05036,-0.00733,-0.26129,1,1,hard
4480,3.36366,3.41402,-0.05036,-0.00733,-0.25641,1,1,hard
4485,3.36366,3.41402,-0.05036,-0.00733,-0.25641,1,1,hard
4490,3.36366,3.41402,-0.05036,-0.00733,-0.26129,1,1,hard
4495,3.36366,3.41402,-0.05036,-0.00733,-0.26129,1,1,hard
4500,3.36366,3.41402,-0.05036,-0.00733,-0.25641,1,1,hard
4505,3.36366,3.41402,-0.05036,-0.00733,-0.25153,1,1,hard
4510,3.36366,3.41402,-0.05036,-0.00733,-0.26129,1,1,hard
4515,3.36366,3.41402,-0.05036,-0.00733,-0.25641,1,1,hard
4520,3.36366,3.41402,-0.05036,-0.00733,-0.25641,1,1,hard
4525,3.36366,3.41402,-0.05036,-0.00733,-0.25641,1,1,hard
4530,3.36366,3.41402,-0.05036,-0.00733,-0.26129,1,1,hard
4535,3.36366,3.41402,-0.05036,-0.00733,-0.26129,1,1,hard
4540,3.36366,3.41402,-0.05036,-0.00733,-0.26129,1,1,hard
4546,3.36366,3.41402,-0.05036,-0.00733,-0.25641,1,1,hard
4551,3.36366,3.41402,-0.05036,-0.00733,-0.25641,1,1,hard
4556,3.36366,3.41402,-0.05036,-0.00733,-0.26129,1,1,hard
4561,3.36366,3.41402,-0.05036,-0.00733,-0.25641,1,1,hard
4566,3.36366,3.41402,-0.05036,-0.00733,-0.26129,1,1,hard
4571,3.36366,3.41402,-0.05036,-0.00733,-0.25641,1,1,hard
4576,3.36366,3.41402,-0.05036,-0.00733,-0.26129,1,1,hard
4581,3.36366,3.41402,-0.05036,-0.00733,-0.26129,1,1,hard
4586,3.36366,3.41402,-0.05036,-0.00733,-0.26129,1,1,hard
4591,3.36366,3.41402,-0.05036,-0.00733,-0.26129,1,1,hard
4596,3.36366,3.41402,-0.05036,-0.00733,-0.26129,1,1,hard
4601,3.36366,3.41402,-0.05036,-0.00733,-0.25641,1,1,hard
4606,3.36366,3.41402,-0.05036,-0.00733,-0.25641,1,1,hard
4611,3.36366,3.41402,-0.05036,-0.00733,-0.25641,1,1,hard
4616,3.36366,3.41402,-0.05036,-0.00733,-0.25641,1,1,hard
4621,3.36366,3.41402,-0.05036,-0.00733,-0.25641,1,1,hard
4626,3.36366,3.41402,-0.05036,-0.00733,-0.25641,1,1,hard
4632,3.36366,3.41402,-0.05036,-0.00733,-0.26129,1,1,hard
4637,3.36366,3.41402,-0.05036,-0.00733,-0.25641,1,1,hard
4642,3.36366,3.41402,-0.05036,-0.00733,-0.25641,1,1,hard
4647,3.36366,3.41402,-0.05036,-0.00733,-0.25641,1,1,hard
4652,3.36366,3.41402,-0.05036,-0.00733,-0.25641,1,1,hard
4657,3.36366,3.41402,-0.05036,-0.00733,-0.25641,1,1,hard
4662,3.36366,3.41402,-0.05036,-0.00733,-0.25641,1,1,hard
4667,3.36366,3.41402,-0.05036,-0.00733,-0.25641,1,1,hard
4672,3.36366,3.41402,-0.05036,-0.00733,-0.25641,1,1,hard
4677,3.36366,3.41402,-0.05036,-0.00733,-0.25641,1,1,hard
4682,3.36366,3.41402,-0.05036,-0.00733,-0.25641,1,1,hard
4687,3.36366,3.41363,-0.04997,-0.00733,-0.25641,1,0,hard
4692,4.36366,3.41363,0.95003,-0.00733,-0.26129,1,1,hard
4697,4.36366,3.41363,0.95003,-0.00733,-0.25641,1,1,hard
4702,4.36366,3.41363,0.95003,-0.00733,-0.25641,1,1,hard
4707,4.36366,3.41363,0.95003,-0.00733,-0.25641,1,1,hard
4712,4.36366,3.41363,0.95003,-0.00733,-0.25641,1,1,hard
4717,4.36366,3.41363,0.95003,-0.00733,-0.25641,1,1,hard
4723,4.36366,3.41974,0.94392,2.35165,0.59341,1,1,hard
4728,4.36366,3.43881,0.92485,4.43224,0.58852,1,1,hard
4733,4.36366,3.46094,0.90272,4.40293,0.22711,0,1,hard
4738,4.36366,3.48230,0.88136,4.24176,0.11477,0,1,hard
4743,4.36366,3.50328,0.86038,4.09524,0.09035,0,1,hard
4748,4.36366,3.52388,0.83978,4.05128,0.08547,0,1,hard
4753,4.36366,3.54410,0.81956,3.93407,0.09035,0,1,hard
4758,4.36366,3.56355,0.80011,3.84616,0.08059,0,1,hard
4763,4.36366,3.58263,0.78103,3.74359,0.09035,0,1,hard
4768,4.36366,3.60132,0.76234,3.61172,0.09035,0,1,hard
4773,4.36366,3.61963,0.74403,3.58242,0.10012,0,1,hard
4778,4.36366,3.63718,0.72648,3.45055,0.10501,0,1,hard
4783,4.36366,3.65434,0.70932,3.37729,0.10012,0,1,hard
4788,4.36366,3.67151,0.69215,3.31868,0.11477,0,1,hard
4793,4.36366,3.68792,0.67574,3.18681,0.10012,0,1,hard
4798,4.36366,3.70394,0.65972,3.14286,0.10501,0,1,hard
4803,4.36366,3.71958,0.64408,3.06960,0.10989,0,1,hard
4808,4.36366,3.73484,0.62882,2.93773,0.10501,0,1,hard
4814,4.36366,3.74971,0.61395,2.93773,0.10501,0,1,hard
4819,4.36366,3.76421,0.59945,2.82051,0.10989,0,1,hard
4824,4.36366,3.77832,0.58534,2.73260,0.10989,0,1,hard
4829,4.36366,3.79206,0.57160,2.71795,0.10989,0,1,hard
4834,4.36366,3.80541,0.55825,2.61539,0.11966,0,1,hard
4839,4.36366,3.81876,0.54490,2.52747,0.11477,0,1,hard
4844,4.36366,3.83135,0.53231,2.48352,0.11966,0,1,hard
4849,4.36366,3.84394,0.51972,2.46886,0.11966,0,1,hard
4854,4.36366,3.85614,0.50752,2.35165,0.12943,0,1,hard
4859,4.36366,3.86797,0.49569,2.27839,0.11966,0,1,hard
4864,4.36366,3.87942,0.48424,2.27839,0.12454,0,1,hard
4869,4.36366,3.89048,0.47318,2.20513,0.12454,0,1,hard
4874,4.36366,3.90154,0.46212,2.13187,0.12454,0,1,hard
4879,4.36366,3.91184,0.45182,2.02930,0.12454,0,1,hard
4884,4.36366,3.92290,0.44076,2.08791,0.11966,0,1,hard
4889,4.36366,3.93282,0.43084,2.01465,0.12454,0,1,hard
4894,4.36366,3.94274,0.42092,1.89744,0.12943,0,1,hard
4899,4.36366,3.95228,0.41138,1.86813,0.12943,0,1,hard
4905,4.36366,3.96181,0.40184,1.83883,0.12943,0,1,hard
4910,4.36366,3.97097,0.39269,1.82418,0.12454,0,1,hard
4915,4.36366,3.98013,0.38353,1.80952,0.11966,0,1,hard
4920,4.36366,3.98852,0.37514,1.58974,0.14408,0,1,hard
4925,4.36366,3.99691,0.36675,1.64835,0.14408,0,1,hard
4930,4.36366,4.00568,0.35798,1.69231,0.12943,0,1,hard
4935,4.36366,4.01331,0.35035,1.53114,0.12943,0,1,hard
4940,4.36366,4.02132,0.34234,1.56044,0.13431,0,1,hard
4945,4.36366,4.02934,0.33432,1.51649,0.13431,0,1,hard
4950,4.36366,4.03620,0.32746,1.34066,0.15385,0,1,hard
4955,4.36366,4.04345,0.32021,1.36996,0.16361,0,1,hard
4960,4.36366,4.05070,0.31296,1.48718,0.13431,0,1,hard
4965,4.36366,4.05795,0.30571,1.35531,0.12454,0,1,hard
4970,4.36366,4.06443,0.29923,1.26740,0.14408,0,1,hard
4975,4.36366,4.07092,0.29274,1.29671,0.15385,0,1,hard
4980,4.36366,4.07740,0.28626,1.26740,0.14896,0,1,hard
4985,4.36366,4.08351,0.28015,1.17949,0.13919,0,1,hard
4991,4.36366,4.08961,0.27405,1.15018,0.15873,0,1,hard
4996,4.36366,4.09533,0.26833,1.16484,0.15385,0,1,hard
5001,4.36366,4.10143,0.26223,1.17949,0.13919,0,1,hard
5006,4.36366,4.10716,0.25650,1.09158,0.13431,0,1,hard
5011,4.36366,4.11288,0.25078,1.04762,0.15385,0,1,hard
5016,4.36366,4.11746,0.24620,0.91575,0.18804,0,1,hard
5021,4.36366,4.12242,0.24124,1.00366,0.18804,0,1,hard
5026,4.36366,4.12814,0.23552,1.06227,0.15385,0,1,hard
5031,4.36366,4.13310,0.23056,0.98901,0.13431,0,1,hard
5036,4.36366,4.13806,0.22560,0.93040,0.13919,0,1,hard
5041,4.36366,4.14225,0.22141,0.81319,0.16850,0,1,hard
5046,4.36366,4.14683,0.21683,0.91575,0.17827,0,1,hard
5051,4.36366,4.15179,0.21187,0.98901,0.14408,0,1,hard
5056,4.36366,4.15637,0.20729,0.88645,0.13431,0,1,hard
5061,4.36366,4.16018,0.20348,0.75458,0.15385,0,1,hard
5066,4.36366,4.16362,0.20004,0.68132,0.19780,0,1,hard
5071,4.36366,4.16705,0.19661,0.65202,0.22711,0,1,hard
5076,4.36366,4.17086,0.19280,0.73993,0.22222,0,1,hard
5082,4.36366,4.17544,0.18822,0.84249,0.16361,0,1,hard
5087,4.36366,4.18002,0.18364,0.85715,0.12454,0,1,hard
5092,4.36366,4.18345,0.18021,0.68132,0.12454,0,1,hard
5097,4.36366,4.18689,0.17677,0.66667,0.15873,0,1,hard
5102,4.36366,4.18994,0.17372,0.63736,0.18315,0,1,hard
5107,4.36366,4.19299,0.17067,0.59341,0.19292,0,1,hard
5112,4.36366,4.19642,0.16724,0.63736,0.18315,0,1,hard
5117,4.36366,4.19986,0.16380,0.69597,0.15873,0,1,hard
5122,4.36366,4.20329,0.16037,0.65202,0.13919,0,1,hard
5127,4.36366,4.20634,0.15732,0.52015,0.16361,0,1,hard
5132,4.36366,4.20863,0.15503,0.49084,0.19292,0,1,hard
5137,4.36366,4.21130,0.15236,0.49084,0.21245,0,1,hard
5142,4.36366,4.21397,0.14969,0.52015,0.21245,0,1,hard
5147,4.36366,4.21626,0.14740,0.50550,0.20269,0,1,hard
5152,4.36366,4.21855,0.14511,0.40293,0.21245,0,1,hard
5157,4.36366,4.22122,0.14244,0.53480,0.21245,0,1,hard
5162,4.36366,4.22427,0.13939,0.59341,0.16850,0,1,hard
5168,4.36366,4.22732,0.13634,0.53480,0.13919,0,1,hard
5173,4.36366,4.22961,0.13405,0.46154,0.13919,0,1,hard
5178,4.36366,4.23228,0.13138,0.47619,0.14896,0,1,hard
5183,4.36366,4.23419,0.12947,0.40293,0.17338,0,1,hard
5188,4.36366,4.23648,0.12718,0.41758,0.18315,0,1,hard
5193,4.36366,4.23877,0.12489,0.50550,0.16850,0,1,hard
5198,4.36366,4.24067,0.12299,0.35898,0.17338,0,1,hard
5203,4.36366,4.24258,0.12108,0.35898,0.19780,0,1,hard
5208,4.36366,4.24411,0.11955,0.27106,0.22711,0,1,hard
5213,4.36366,4.24601,0.11765,0.41758,0.22222,0,1,hard
5218,4.36366,4.24754,0.11612,0.28572,0.22222,0,1,hard
5223,4.36366,4.24945,0.11421,0.34432,0.22222,0,1,hard
5228,4.36366,4.25097,0.11269,0.35898,0.21245,0,1,hard
5233,4.36366,4.25326,0.11040,0.37363,0.18804,0,1,hard
5238,4.36366,4.25479,0.10887,0.31502,0.18315,0,1,hard
5243,4.36366,4.25631,0.10735,0.28572,0.18804,0,1,hard
5248,4.36366,4.25784,0.10582,0.31502,0.19780,0,1,hard
5253,4.36366,4.25898,0.10468,0.18315,0.21734,0,1,hard
5259,4.36366,4.26051,0.10315,0.32967,0.21245,0,1,hard
5264,4.36366,4.26204,0.10162,0.28572,0.19780,0,1,hard
5269,4.36366,4.26356,0.10010,0.27106,0.19292,0,1,hard
5274,4.36366,4.26547,0.09819,0.31502,0.17827,0,1,hard
5279,4.36366,4.26661,0.09705,0.19780,0.19292,0,1,hard
5284,4.36366,4.26776,0.09590,0.28572,0.19292,0,1,hard
5289,4.36366,4.26852,0.09514,0.13920,0.22222,0,1,hard
5294,4.36366,4.26890,0.09476,0.06594,0.27595,0,1,hard
5299,4.36366,4.26966,0.09400,0.13920,0.30037,0,1,hard
5304,4.36366,4.27081,0.09285,0.22711,0.26618,0,1,hard
5309,4.36366,4.27234,0.09132,0.30037,0.22711,0,1,hard
5314,4.36366,4.27310,0.09056,0.10989,0.23687,0,1,hard
5319,4.36366,4.27386,0.08980,0.15385,0.25153,0,1,hard
5324,4.36366,4.27577,0.08789,0.32967,0.21245,0,1,hard
5329,4.36366,4.27691,0.08675,0.24176,0.18315,0,1,hard
5334,4.36366,4.27768,0.08598,0.13920,0.19292,0,1,hard
5339,4.36366,4.27958,0.08408,0.31502,0.17827,0,1,hard
5344,4.36366,4.28073,0.08293,0.25641,0.15873,0,1,hard
5350,4.36366,4.28187,0.08179,0.16850,0.15873,0,1,hard
5355,4.36366,4.28340,0.08026,0.30037,0.15385,0,1,hard
5360,4.36366,4.28416,0.07950,0.15385,0.15873,0,1,hard
5365,4.36366,4.28416,0.07950,0.02198,0.22711,0,1,hard
5370,4.36366,4.28454,0.07912,0.10989,0.25641,0,1,hard
5375,4.36366,4.28531,0.07835,0.16850,0.23687,0,1,hard
5380,4.36366,4.28683,0.07683,0.27106,0.19292,0,1,hard
5385,4.36366,4.28798,0.07568,0.18315,0.18315,0,1,hard
5390,4.36366,4.28836,0.07530,0.08059,0.19780,0,1,hard
5395,4.36366,4.28912,0.07454,0.16850,0.19780,0,1,hard
5400,4.36366,4.29065,0.07301,0.25641,0.17338,0,1,hard
5405,4.36366,4.29103,0.07263,0.05128,0.18804,0,1,hard
5410,4.36366,4.29103,0.07263,0.00733,0.23199,0,1,hard
5415,4.36366,4.29103,0.07263,0.02198,0.26130,0,1,hard
5420,4.36366,4.29141,0.07225,0.06594,0.27595,0,1,hard
5425,4.36366,4.29141,0.07225,0.02198,0.28083,0,1,hard
5430,4.36366,4.29179,0.07187,0.03663,0.29060,0,1,hard
5435,4.36366,4.29179,0.07187,0.05128,0.29060,0,1,hard
5441,4.36366,4.29217,0.07149,0.06594,0.28083,0,1,hard
5446,4.36366,4.29293,0.07073,0.09524,0.26618,0,1,hard
5451,4.36366,4.29370,0.06996,0.10989,0.23687,0,1,hard
5456,4.36366,4.29408,0.06958,0.05128,0.24176,0,1,hard
5461,4.36366,4.29408,0.06958,0.00733,0.26618,0,1,hard
5466,4.36366,4.29408,0.06958,0.00733,0.28572,0,1,hard
5471,4.36366,4.29408,0.06958,0.03663,0.29548,0,1,hard
5476,4.36366,4.29408,0.06958,0.00733,0.29548,0,1,hard
5481,4.36366,4.29408,0.06958,0.00733,0.30525,0,1,hard
5486,4.36366,4.29446,0.06920,0.00733,0.31013,0,1,hard
5491,4.36366,4.29446,0.06920,0.00733,0.31502,0,1,hard
5496,4.36366,4.29446,0.06920,0.00733,0.31502,0,1,hard
5501,4.36366,4.29446,0.06920,-0.00733,0.31502,1,1,hard
5506,4.36366,4.29446,0.06920,-0.00733,0.31502,1,1,hard
5511,4.36366,4.29446,0.06920,-0.00733,0.31502,1,1,hard
5516,4.36366,4.29446,0.06920,0.00733,0.31990,1,1,hard
5521,4.36366,4.29446,0.06920,-0.00733,0.31990,1,1,hard
5527,4.36366,4.29446,0.06920,-0.00733,0.31990,1,1,hard
5532,4.36366,4.29446,0.06920,-0.00733,0.31990,1,1,hard
5537,4.36366,4.29446,0.06920,-0.00733,0.31990,1,1,hard
5542,4.36366,4.29446,0.06920,-0.00733,0.31990,1,1,hard
5547,4.36366,4.29446,0.06920,-0.00733,0.31990,1,1,hard
5552,4.36366,4.29446,0.06920,-0.00733,0.31990,1,1,hard
5557,4.36366,4.29446,0.06920,-0.00733,0.32479,1,1,hard
5562,4.36366,4.29446,0.06920,-0.00733,0.32479,1,1,hard
5567,4.36366,4.29446,0.06920,-0.00733,0.31990,1,1,hard
5572,4.36366,4.29446,0.06920,-0.00733,0.32479,1,1,hard
5577,4.36366,4.29446,0.06920,-0.00733,0.32479,1,1,hard
5582,4.36366,4.29446,0.06920,-0.00733,0.31990,1,1,hard
5587,4.36366,4.29446,0.06920,-0.00733,0.32479,1,1,hard
5592,4.36366,4.29446,0.06920,-0.00733,0.32479,1,1,hard
5597,4.36366,4.29446,0.06920,-0.00733,0.32479,1,1,hard
5602,4.36366,4.29446,0.06920,-0.00733,0.31990,1,1,hard
5607,4.36366,4.29446,0.06920,-0.00733,0.31990,1,1,hard
5612,4.36366,4.29446,0.06920,-0.00733,0.32479,1,1,hard
5618,4.36366,4.29446,0.06920,-0.00733,0.32479,1,1,hard
5623,4.36366,4.29446,0.06920,-0.00733,0.32479,1,1,hard
5628,4.36366,4.29446,0.06920,-0.00733,0.31990,1,1,hard
5633,4.36366,4.29446,0.06920,-0.00733,0.31990,1,1,hard
5638,4.36366,4.29446,0.06920,-0.00733,0.32479,1,1,hard
5643,4.36366,4.29446,0.06920,-0.00733,0.32479,1,1,hard
5648,4.36366,4.29446,0.06920,-0.00733,0.32479,1,1,hard
5653,4.36366,4.29446,0.06920,-0.00733,0.32479,1,1,hard
5658,4.36366,4.29446,0.06920,-0.00733,0.32479,1,1,hard
5663,4.36366,4.29446,0.06920,-0.00733,0.32479,1,1,hard
5668,4.36366,4.29446,0.06920,-0.00733,0.32479,1,1,hard
5673,4.36366,4.29446,0.06920,-0.00733,0.31990,1,1,hard
5678,4.36366,4.29446,0.06920,-0.00733,0.32479,1,1,hard
5683,4.36366,4.29446,0.06920,-0.00733,0.32479,1,1,hard
5688,4.36366,4.29446,0.06920,-0.00733,0.32479,1,1,hard
5693,4.36366,4.29446,0.06920,-0.00733,0.32479,1,1,hard
5698,4.36366,4.29446,0.06920,-0.00733,0.31990,1,1,hard
5703,4.36366,4.29446,0.06920,-0.00733,0.31990,1,1,hard
5709,4.36366,4.29484,0.06882,-0.00733,0.31990,1,1,hard
5714,4.36366,4.29484,0.06882,-0.00733,0.32479,1,1,hard
5719,4.36366,4.29484,0.06882,-0.00733,0.32479,1,1,hard
5724,4.36366,4.29484,0.06882,-0.00733,0.32479,1,1,hard
5729,4.36366,4.29484,0.06882,-0.00733,0.32479,1,1,hard
5734,4.36366,4.29484,0.06882,-0.00733,0.32479,1,1,hard
5739,4.36366,4.29484,0.06882,-0.00733,0.32479,1,1,hard
5744,4.36366,4.29484,0.06882,-0.00733,0.32479,1,1,hard
5749,4.36366,4.29484,0.06882,-0.00733,0.32479,1,1,hard
5754,4.36366,4.29484,0.06882,-0.00733,0.31990,1,1,hard
5759,4.36366,4.29484,0.06882,-0.00733,0.32479,1,1,hard
5764,4.36366,4.29484,0.06882,-0.00733,0.32479,1,1,hard
5769,4.36366,4.29484,0.06882,-0.00733,0.32479,1,1,hard
5774,4.36366,4.29484,0.06882,-0.00733,0.31990,1,1,hard
5779,4.36366,4.29484,0.06882,-0.00733,0.32479,1,1,hard
5784,4.36366,4.29484,0.06882,-0.00733,0.32479,1,1,hard
5789,4.36366,4.29484,0.06882,-0.00733,0.31990,1,1,hard
5795,4.36366,4.29484,0.06882,-0.00733,0.31990,1,1,hard
5800,4.36366,4.29484,0.06882,-0.00733,0.31990,1,1,hard
5805,4.36366,4.29484,0.06882,-0.00733,0.32479,1,1,hard
5810,4.36366,4.29484,0.06882,-0.00733,0.32479,1,1,hard
5815,4.36366,4.29484,0.06882,-0.00733,0.31990,1,1,hard
5820,4.36366,4.29484,0.06882,-0.00733,0.31990,1,1,hard
5825,4.36366,4.29484,0.06882,-0.00733,0.32479,1,1,hard
5830,4.36366,4.29484,0.06882,-0.00733,0.31990,1,1,hard
5835,4.36366,4.29484,0.06882,-0.00733,0.31990,1,1,hard
5840,4.36366,4.29484,0.06882,-0.00733,0.31990,1,1,hard
5845,4.36366,4.29484,0.06882,-0.00733,0.32479,1,1,hard
5850,4.36366,4.29484,0.06882,-0.00733,0.31990,1,1,hard
5855,4.36366,4.29484,0.06882,-0.00733,0.31990,1,1,hard
5860,4.36366,4.29484,0.06882,-0.00733,0.31990,1,1,hard
5865,4.36366,4.29484,0.06882,-0.00733,0.31502,1,1,hard
5870,4.36366,4.29484,0.06882,-0.00733,0.31990,1,1,hard
5875,4.36366,4.29484,0.06882,-0.00733,0.31990,1,1,hard
5881,4.36366,4.29484,0.06882,0.00733,0.31990,1,1,hard
5886,4.36366,4.29484,0.06882,-0.00733,0.31990,1,1,hard
5891,4.36366,4.29484,0.06882,-0.00733,0.31502,1,1,hard
5896,4.36366,4.29522,0.06844,0.00733,0.31013,1,1,hard
5901,4.36366,4.29522,0.06844,0.00733,0.30525,1,1,hard
5906,4.36366,4.29522,0.06844,0.02198,0.30037,1,1,hard
5911,4.36366,4.29560,0.06806,0.03663,0.29060,1,1,hard
5916,4.36366,4.29599,0.06767,0.08059,0.27106,1,1,hard
5921,4.36366,4.29713,0.06653,0.15385,0.23199,0,1,hard
5926,4.36366,4.29789,0.06577,0.16850,0.19780,0,1,hard
5931,4.36366,4.29827,0.06538,0.00733,0.20757,0,1,hard
5936,4.36366,4.29827,0.06538,-0.00733,0.24176,0,1,hard
5941,4.36366,4.29827,0.06538,0.03663,0.25641,0,1,hard
5946,4.36366,4.29866,0.06500,0.03663,0.25641,0,1,hard
5951,4.36366,4.29866,0.06500,0.02198,0.26618,0,1,hard
5956,4.36366,4.29866,0.06500,0.02198,0.27106,0,1,hard
5961,4.36366,4.29904,0.06462,0.03663,0.27106,0,1,hard
5967,4.36366,4.29942,0.06424,0.03663,0.26130,0,1,hard
5972,4.36366,4.29980,0.06386,0.08059,0.24176,0,1,hard
5977,4.36366,4.30056,0.06310,0.15385,0.20757,0,1,hard
5982,4.36366,4.30209,0.06157,0.22711,0.15385,0,1,hard
5987,4.36366,4.30247,0.06119,0.05128,0.15385,0,1,hard
5992,4.36366,4.30247,0.06119,0.00733,0.18804,0,1,hard
5997,4.36366,4.30285,0.06081,0.08059,0.20269,0,1,hard
6002,4.36366,4.30362,0.06004,0.13920,0.18315,0,1,hard
6007,4.36366,4.30514,0.05852,0.27106,0.13431,0,1,hard
6012,4.36366,4.30629,0.05737,0.18315,0.10012,0,1,hard
6017,4.36366,4.30667,0.05699,0.00733,0.12943,0,1,hard
6022,4.36366,4.30667,0.05699,0.05128,0.16361,0,1,hard
6027,4.36366,4.30743,0.05623,0.10989,0.16850,0,1,hard
6032,4.36366,4.30857,0.05509,0.19780,0.12454,0,1,hard
6037,4.36366,4.30972,0.05394,0.24176,0.09035,0,1,hard
6042,4.36366,4.31010,0.05356,0.03663,0.10012,0,1,hard
6047,4.36366,4.31010,0.05356,0.00733,0.14408,0,1,hard
6052,4.36366,4.31048,0.05318,0.08059,0.16361,0,1,hard
6058,4.36366,4.31086,0.05280,0.10989,0.15873,0,1,hard
6063,4.36366,4.31201,0.05165,0.16850,0.12454,0,1,hard
6068,4.36366,4.31315,0.05051,0.22711,0.09035,0,1,hard
6073,4.36366,4.31353,0.05013,0.00733,0.10501,0,1,hard
6078,4.36366,4.31353,0.05013,0.00733,0.13919,0,1,hard
6083,4.36366,4.31353,0.05013,0.06594,0.16361,0,1,hard
6088,4.36366,4.31392,0.04974,0.06594,0.15873,0,0,hard
6093,3.36366,4.31430,-0.95064,0.08059,0.15385,0,1,hard
6098,3.36366,4.31506,-0.95140,0.12454,0.13919,0,1,hard
6103,3.36366,4.31620,-0.95254,0.18315,0.10989,0,1,hard
6108,3.36366,4.31697,-0.95331,0.13920,0.09035,0,1,hard
6113,3.36366,4.31697,-0.95331,0.00733,0.11477,0,1,hard
6118,3.36366,4.31697,-0.95331,0.00733,0.14408,0,1,hard
6123,3.36366,4.31086,-0.94720,-2.63004,-0.70085,0,1,hard
6128,3.36366,4.29141,-0.92775,-4.49084,-0.60317,0,1,hard
6133,3.36366,4.26928,-0.90562,-4.50550,-0.29060,0,1,hard
6138,3.36366,4.24792,-0.88426,-4.25641,-0.14896,0,1,hard
6143,3.36366,4.22656,-0.86290,-4.13919,-0.12943,0,1,hard
6149,3.36366,4.20634,-0.84268,-4.05128,-0.12454,0,1,hard
6154,3.36366,4.18612,-0.82246,-3.94872,-0.12454,0,1,hard
6159,3.36366,4.16629,-0.80263,-3.87546,-0.11966,0,1,hard
6164,3.36366,4.14721,-0.78355,-3.74359,-0.11966,0,1,hard
6169,3.36366,4.12814,-0.76448,-3.71428,-0.12943,0,1,hard
6174,3.36366,4.11021,-0.74655,-3.53846,-0.10989,0,1,hard
6179,3.36366,4.09228,-0.72862,-3.53846,-0.12454,0,1,hard
6184,3.36366,4.07473,-0.71107,-3.40659,-0.11477,0,1,hard
6189,3.36366,4.05795,-0.69429,-3.28938,-0.11477,0,1,hard
6194,3.36366,4.04116,-0.67750,-3.27472,-0.12943,0,1,hard
6199,3.36366,4.02514,-0.66148,-3.14286,-0.11477,0,1,hard
6204,3.36366,4.00950,-0.64584,-3.11355,-0.12454,0,1,hard
6209,3.36366,3.99386,-0.63020,-3.04029,-0.12943,0,1,hard
6214,3.36366,3.97898,-0.61532,-2.87912,-0.12454,0,1,hard
6219,3.36366,3.96449,-0.60083,-2.90842,-0.12943,0,1,hard
6224,3.36366,3.94999,-0.58633,-2.80586,-0.12943,0,1,hard
6229,3.36366,3.93625,-0.57259,-2.67399,-0.11966,0,1,hard
6234,3.36366,3.92290,-0.55924,-2.65934,-0.12454,0,1,hard
6240,3.36366,3.90955,-0.54589,-2.67399,-0.13431,0,1,hard
6245,3.36366,3.89658,-0.53292,-2.48352,-0.11966,0,1,hard
6250,3.36366,3.88437,-0.52071,-2.45421,-0.12454,0,1,hard
6255,3.36366,3.87179,-0.50813,-2.41026,-0.13919,0,1,hard
6260,3.36366,3.85958,-0.49592,-2.36630,-0.12943,0,1,hard
6265,3.36366,3.84851,-0.48485,-2.21978,-0.11966,0,1,hard
6270,3.36366,3.83707,-0.47341,-2.27839,-0.12943,0,1,hard
6275,3.36366,3.82563,-0.46197,-2.17582,-0.13431,0,1,hard
6280,3.36366,3.81495,-0.45129,-2.13187,-0.13431,0,1,hard
6285,3.36366,3.80465,-0.44099,-2.02930,-0.12943,0,1,hard
6290,3.36366,3.79435,-0.43069,-2.01465,-0.12943,0,1,hard
6295,3.36366,3.78405,-0.42039,-2.02930,-0.12454,0,1,hard
6300,3.36366,3.77451,-0.41085,-1.88278,-0.12943,0,1,hard
6305,3.36366,3.76497,-0.40131,-1.82417,-0.13431,0,1,hard
6310,3.36366,3.75582,-0.39216,-1.83883,-0.12943,0,1,hard
6315,3.36366,3.74666,-0.38300,-1.79487,-0.13431,0,1,hard
6320,3.36366,3.73751,-0.37385,-1.79487,-0.12943,0,1,hard
6325,3.36366,3.72873,-0.36507,-1.73626,-0.12454,0,1,hard
6331,3.36366,3.72072,-0.35706,-1.54579,-0.13431,0,1,hard
6336,3.36366,3.71271,-0.34905,-1.58974,-0.14408,0,1,hard
6341,3.36366,3.70432,-0.34066,-1.66300,-0.12454,0,1,hard
6346,3.36366,3.69669,-0.33303,-1.51648,-0.12454,0,1,hard
6351,3.36366,3.68906,-0.32540,-1.50183,-0.14408,0,1,hard
6356,3.36366,3.68143,-0.31777,-1.48718,-0.12943,0,1,hard
6361,3.36366,3.67456,-0.31090,-1.32601,-0.13919,0,1,hard
6366,3.36366,3.66770,-0.30404,-1.31136,-0.15385,0,1,hard
6371,3.36366,3.66045,-0.29679,-1.45788,-0.12943,0,1,hard
6376,3.36366,3.65358,-0.28992,-1.35531,-0.11477,0,1,hard
6381,3.36366,3.64748,-0.28382,-1.20879,-0.13919,0,1,hard
6386,3.36366,3.64137,-0.27771,-1.19414,-0.17338,0,1,hard
6391,3.36366,3.63489,-0.27123,-1.26740,-0.15385,0,1,hard
6396,3.36366,3.62917,-0.26551,-1.15018,-0.14408,0,1,hard
6401,3.36366,3.62306,-0.25940,-1.15018,-0.13919,0,1,hard
6406,3.36366,3.61734,-0.25368,-1.13553,-0.14408,0,1,hard
6411,3.36366,3.61162,-0.24796,-1.13553,-0.13431,0,1,hard
6416,3.36366,3.60590,-0.24224,-1.13553,-0.12943,0,1,hard
6422,3.36366,3.60056,-0.23690,-1.01831,-0.13431,0,1,hard
6427,3.36366,3.59560,-0.23194,-0.98901,-0.15873,0,1,hard
6432,3.36366,3.59140,-0.22774,-0.93040,-0.17827,0,1,hard
6437,3.36366,3.58644,-0.22278,-0.93040,-0.17827,0,1,hard
6442,3.36366,3.58110,-0.21744,-1.03297,-0.14408,0,1,hard
6447,3.36366,3.57614,-0.21248,-0.97436,-0.12943,0,1,hard
6452,3.36366,3.57157,-0.20791,-0.91575,-0.11966,0,1,hard
6457,3.36366,3.56737,-0.20371,-0.79853,-0.15385,0,1,hard
6462,3.36366,3.56355,-0.19989,-0.78388,-0.17338,0,1,hard
6467,3.36366,3.55898,-0.19532,-0.91575,-0.16361,0,1,hard
6472,3.36366,3.55440,-0.19074,-0.91575,-0.12943,0,1,hard
6477,3.36366,3.55058,-0.18692,-0.75458,-0.13431,0,1,hard
6482,3.36366,3.54677,-0.18311,-0.71062,-0.15873,0,1,hard
6487,3.36366,3.54372,-0.18006,-0.62271,-0.19292,0,1,hard
6492,3.36366,3.54066,-0.17700,-0.63736,-0.21734,0,1,hard
6497,3.36366,3.53685,-0.17319,-0.72528,-0.19780,0,1,hard
6502,3.36366,3.53265,-0.16899,-0.81319,-0.14896,0,1,hard
6508,3.36366,3.52846,-0.16480,-0.79853,-0.10501,0,1,hard
6513,3.36366,3.52502,-0.16136,-0.65201,-0.10501,0,1,hard
6518,3.36366,3.52235,-0.15869,-0.56410,-0.14408,0,1,hard
6523,3.36366,3.51968,-0.15602,-0.54945,-0.17827,0,1,hard
6528,3.36366,3.51663,-0.15297,-0.56410,-0.20269,0,1,hard
6533,3.36366,3.51396,-0.15030,-0.59341,-0.20269,0,1,hard
6538,3.36366,3.51053,-0.14687,-0.63736,-0.17827,0,1,hard
6543,3.36366,3.50710,-0.14344,-0.65201,-0.14896,0,1,hard
6548,3.36366,3.50404,-0.14038,-0.59341,-0.12454,0,1,hard
6553,3.36366,3.50175,-0.13809,-0.46154,-0.14896,0,1,hard
6558,3.36366,3.49985,-0.13619,-0.40293,-0.19292,0,1,hard
6563,3.36366,3.49756,-0.13390,-0.46154,-0.20269,0,1,hard
6568,3.36366,3.49451,-0.13085,-0.56410,-0.18315,0,1,hard
6573,3.36366,3.49222,-0.12856,-0.44689,-0.17338,0,1,hard
6578,3.36366,3.48993,-0.12627,-0.44689,-0.17338,0,1,hard
6583,3.36366,3.48764,-0.12398,-0.53480,-0.16850,0,1,hard
6588,3.36366,3.48497,-0.12131,-0.47619,-0.15385,0,1,hard
6593,3.36366,3.48230,-0.11864,-0.53480,-0.12454,0,1,hard
6599,3.36366,3.47963,-0.11597,-0.54945,-0.10501,0,1,hard
6604,3.36366,3.47734,-0.11368,-0.38828,-0.11966,0,1,hard
6609,3.36366,3.47581,-0.11215,-0.32967,-0.15873,0,1,hard
6614,3.36366,3.47429,-0.11063,-0.37363,-0.18803,0,1,hard
6619,3.36366,3.47238,-0.10872,-0.41758,-0.18315,0,1,hard
6624,3.36366,3.47047,-0.10681,-0.35897,-0.17827,0,1,hard
6629,3.36366,3.46857,-0.10491,-0.37363,-0.17827,0,1,hard
6634,3.36366,3.46704,-0.10338,-0.31502,-0.18315,0,1,hard
6639,3.36366,3.46513,-0.10147,-0.35897,-0.18803,0,1,hard
6644,3.36366,3.46437,-0.10071,-0.18315,-0.21734,0,1,hard
6649,3.36366,3.46246,-0.09880,-0.34432,-0.21734,0,1,hard
6654,3.36366,3.46094,-0.09728,-0.34432,-0.19780,0,1,hard
6659,3.36366,3.45903,-0.09537,-0.32967,-0.17827,0,1,hard
6664,3.36366,3.45750,-0.09384,-0.35897,-0.16361,0,1,hard
6669,3.36366,3.45598,-0.09232,-0.22711,-0.17338,0,1,hard
6674,3.36366,3.45445,-0.09079,-0.38828,-0.16361,0,1,hard
6679,3.36366,3.45293,-0.08927,-0.30037,-0.14896,0,1,hard
6684,3.36366,3.45102,-0.08736,-0.34432,-0.13919,0,1,hard
6690,3.36366,3.45026,-0.08660,-0.21245,-0.15873,0,1,hard
6695,3.36366,3.44949,-0.08583,-0.12454,-0.20757,0,1,hard
6700,3.36366,3.44797,-0.08431,-0.28572,-0.20757,0,1,hard
6705,3.36366,3.44606,-0.08240,-0.34432,-0.15873,0,1,hard
6710,3.36366,3.44453,-0.08087,-0.30037,-0.13431,0,1,hard
6715,3.36366,3.44301,-0.07935,-0.30037,-0.12454,0,1,hard
6720,3.36366,3.44224,-0.07858,-0.10989,-0.16361,0,1,hard
6725,3.36366,3.44186,-0.07820,-0.15385,-0.19780,0,1,hard
6730,3.36366,3.44034,-0.07668,-0.31502,-0.17827,0,1,hard
6735,3.36366,3.43919,-0.07553,-0.24176,-0.16850,0,1,hard
6740,3.36366,3.43843,-0.07477,-0.12454,-0.18315,0,1,hard
6745,3.36366,3.43729,-0.07363,-0.22711,-0.18315,0,1,hard
6750,3.36366,3.43576,-0.07210,-0.30037,-0.16361,0,1,hard
6755,3.36366,3.43538,-0.07172,-0.06593,-0.18803,0,1,hard
6760,3.36366,3.43538,-0.07172,-0.03663,-0.23687,0,1,hard
6765,3.36366,3.43500,-0.07134,-0.10989,-0.26129,0,1,hard
6770,3.36366,3.43423,-0.07057,-0.16850,-0.23687,0,1,hard
6775,3.36366,3.43271,-0.06905,-0.30037,-0.18803,0,1,hard
6780,3.36366,3.43118,-0.06752,-0.22711,-0.15385,0,1,hard
6786,3.36366,3.43042,-0.06676,-0.15385,-0.15385,0,1,hard
6791,3.36366,3.42889,-0.06523,-0.31502,-0.13431,0,1,hard
6796,3.36366,3.42775,-0.06409,-0.22711,-0.11966,0,1,hard
6801,3.36366,3.42775,-0.06409,-0.03663,-0.16850,0,1,hard
6806,3.36366,3.42737,-0.06371,-0.10989,-0.19780,0,1,hard
6811,3.36366,3.42622,-0.06256,-0.19780,-0.18315,0,1,hard
6816,3.36366,3.42508,-0.06142,-0.27106,-0.15385,0,1,hard
6821,3.36366,3.42432,-0.06066,-0.08059,-0.15873,0,1,hard
6826,3.36366,3.42432,-0.06066,-0.02198,-0.19780,0,1,hard
6831,3.36366,3.42432,-0.06066,-0.08059,-0.22222,0,1,hard
6836,3.36366,3.42355,-0.05989,-0.12454,-0.21734,0,1,hard
6841,3.36366,3.42279,-0.05913,-0.18315,-0.18803,0,1,hard
6846,3.36366,3.42126,-0.05760,-0.25641,-0.15385,0,1,hard
6851,3.36366,3.42088,-0.05722,-0.09524,-0.14896,0,1,hard
6856,3.36366,3.42088,-0.05722,-0.02198,-0.18803,0,1,hard
6861,3.36366,3.42088,-0.05722,-0.03663,-0.21734,0,1,hard
6866,3.36366,3.42050,-0.05684,-0.08059,-0.22711,0,1,hard
6871,3.36366,3.42012,-0.05646,-0.08059,-0.22222,0,1,hard
6877,3.36366,3.41936,-0.05570,-0.10989,-0.21245,0,1,hard
6882,3.36366,3.41859,-0.05493,-0.18315,-0.18315,0,1,hard
6887,3.36366,3.41745,-0.05379,-0.19780,-0.14896,0,1,hard
6892,3.36366,3.41745,-0.05379,-0.03663,-0.16850,0,1,hard
6897,3.36366,3.41745,-0.05379,-0.02198,-0.20269,0,1,hard
6902,3.36366,3.41745,-0.05379,-0.05128,-0.22711,0,1,hard
6907,3.36366,3.41707,-0.05341,-0.03663,-0.22711,0,1,hard
6912,3.36366,3.41707,-0.05341,-0.03663,-0.23199,0,1,hard
6917,3.36366,3.41707,-0.05341,-0.03663,-0.24176,0,1,hard
6922,3.36366,3.41669,-0.05303,-0.03663,-0.23687,0,1,hard
6927,3.36366,3.41630,-0.05264,-0.06593,-0.23199,0,1,hard
6932,3.36366,3.41630,-0.05264,-0.06593,-0.22222,0,1,hard
6937,3.36366,3.41554,-0.05188,-0.12454,-0.20269,0,1,hard
6942,3.36366,3.41478,-0.05112,-0.15385,-0.17827,0,1,hard
6947,3.36366,3.41440,-0.05074,-0.09524,-0.17338,0,1,hard
6952,3.36366,3.41402,-0.05036,-0.00733,-0.18803,0,1,hard
6957,3.36366,3.41402,-0.05036,-0.02198,-0.21245,0,1,hard
6962,3.36366,3.41402,-0.05036,-0.05128,-0.22711,0,1,hard
6967,3.36366,3.41402,-0.05036,-0.02198,-0.23199,0,1,hard
6973,3.36366,3.41402,-0.05036,-0.00733,-0.24176,0,1,hard
6978,3.36366,3.41402,-0.05036,-0.02198,-0.24176,0,1,hard
6983,3.36366,3.41402,-0.05036,-0.02198,-0.24664,0,1,hard
6988,3.36366,3.41402,-0.05036,-0.00733,-0.25153,0,1,hard
6993,3.36366,3.41402,-0.05036,-0.00733,-0.25153,0,1,hard
6998,3.36366,3.41402,-0.05036,-0.02198,-0.25641,0,1,hard
7003,3.36366,3.41402,-0.05036,-0.00733,-0.25153,0,1,hard
7008,3.36366,3.41402,-0.05036,-0.00733,-0.25153,0,1,hard
7013,3.36366,3.41402,-0.05036,-0.00733,-0.25641,0,1,hard
7018,3.36366,3.41402,-0.05036,-0.00733,-0.25641,1,1,hard
7023,3.36366,3.41402,-0.05036,-0.00733,-0.25641,1,1,hard
7028,3.36366,3.41402,-0.05036,-0.00733,-0.25641,1,1,hard
7033,3.36366,3.41402,-0.05036,-0.00733,-0.25641,1,1,hard
7038,3.36366,3.41402,-0.05036,-0.00733,-0.25641,1,1,hard
7043,3.36366,3.41402,-0.05036,-0.00733,-0.25641,1,1,hard
7048,3.36366,3.41402,-0.05036,-0.00733,-0.25641,1,1,hard
7053,3.36366,3.41402,-0.05036,-0.00733,-0.25641,1,1,hard
7058,3.36366,3.41402,-0.05036,-0.00733,-0.26129,1,1,hard
7064,3.36366,3.41402,-0.05036,-0.00733,-0.25641,1,1,hard
7069,3.36366,3.41402,-0.05036,-0.00733,-0.25641,1,1,hard
7074,3.36366,3.41402,-0.05036,-0.00733,-0.25641,1,1,hard
7079,3.36366,3.41402,-0.05036,-0.00733,-0.25641,1,1,hard
7084,3.36366,3.41402,-0.05036,-0.00733,-0.25641,1,1,hard
7089,3.36366,3.41402,-0.05036,-0.00733,-0.25641,1,1,hard
7094,3.36366,3.41402,-0.05036,-0.00733,-0.25641,1,1,hard
7099,3.36366,3.41402,-0.05036,-0.00733,-0.25641,1,1,hard
7104,3.36366,3.41402,-0.05036,-0.00733,-0.26129,1,1,hard
7109,3.36366,3.41402,-0.05036,-0.00733,-0.25641,1,1,hard
7114,3.36366,3.41402,-0.05036,-0.00733,-0.25641,1,1,hard
7119,3.36366,3.41402,-0.05036,-0.00733,-0.25641,1,1,hard
7124,3.36366,3.41402,-0.05036,-0.00733,-0.25641,1,1,hard
7129,3.36366,3.41402,-0.05036,-0.00733,-0.25641,1,1,hard
7134,3.36366,3.41402,-0.05036,-0.00733,-0.26129,1,1,hard
7139,3.36366,3.41402,-0.05036,-0.00733,-0.25641,1,1,hard
7144,3.36366,3.41402,-0.05036,-0.00733,-0.25641,1,1,hard
7149,3.36366,3.41402,-0.05036,-0.00733,-0.25641,1,1,hard
7155,3.36366,3.41402,-0.05036,-0.00733,-0.25641,1,1,hard
7160,3.36366,3.41402,-0.05036,-0.00733,-0.25641,1,1,hard
7165,3.36366,3.41402,-0.05036,-0.00733,-0.25641,1,1,hard
7170,3.36366,3.41402,-0.05036,-0.00733,-0.25641,1,1,hard
7175,3.36366,3.41402,-0.05036,-0.00733,-0.25641,1,1,hard
7180,3.36366,3.41402,-0.05036,-0.00733,-0.25641,1,1,hard
7185,3.36366,3.41402,-0.05036,-0.00733,-0.26129,1,1,hard
7190,3.36366,3.41363,-0.04997,-0.02198,-0.25641,1,0,hard
7195,4.36366,3.41363,0.95003,-0.00733,-0.25641,1,1,hard
7200,4.36366,3.41363,0.95003,-0.00733,-0.25641,1,1,hard
7205,4.36366,3.41363,0.95003,-0.00733,-0.25641,1,1,hard
7210,4.36366,3.41363,0.95003,-0.00733,-0.25641,1,1,hard
7215,4.36366,3.41363,0.95003,-0.00733,-0.25641,1,1,hard
7220,4.36366,3.41363,0.95003,-0.00733,-0.25641,1,1,hard
7225,4.36366,3.41936,0.94430,2.54213,0.62271,1,1,hard
7230,4.36366,3.43881,0.92485,4.47619,0.56899,1,1,hard
7235,4.36366,3.46094,0.90272,4.46154,0.25641,1,1,hard
7240,4.36366,3.48268,0.88098,4.25641,0.12454,0,1,hard
7246,4.36366,3.50366,0.86000,4.09524,0.08547,0,1,hard
7251,4.36366,3.52388,0.83978,4.05128,0.09035,0,1,hard
7256,4.36366,3.54410,0.81956,3.94872,0.09524,0,1,hard
7261,4.36366,3.56393,0.79973,3.83150,0.08547,0,1,hard
7266,4.36366,3.58301,0.78065,3.72894,0.09524,0,1,hard
7271,4.36366,3.60132,0.76234,3.61172,0.09524,0,1,hard
7276,4.36366,3.61963,0.74403,3.56777,0.09524,0,1,hard
7281,4.36366,3.63718,0.72648,3.43590,0.10012,0,1,hard
7286,4.36366,3.65434,0.70932,3.36264,0.10501,0,1,hard
7291,4.36366,3.67113,0.69253,3.30403,0.11477,0,1,hard
7296,4.36366,3.68753,0.67613,3.18681,0.10501,0,1,hard
7301,4.36366,3.70356,0.66010,3.12821,0.10989,0,1,hard
7306,4.36366,3.71958,0.64408,3.05495,0.11966,0,1,hard
7311,4.36366,3.73446,0.62920,2.93773,0.10989,0,1,hard
7316,4.36366,3.74933,0.61433,2.92308,0.11477,0,1,hard
7321,4.36366,3.76383,0.59983,2.82051,0.11966,0,1,hard
7326,4.36366,3.77794,0.58572,2.74725,0.11477,0,1,hard
7331,4.36366,3.79168,0.57198,2.70330,0.11966,0,1,hard
7337,4.36366,3.80503,0.55863,2.64469,0.13431,0,1,hard
7342,4.36366,3.81838,0.54528,2.52747,0.11966,0,1,hard
7347,4.36366,3.83097,0.53269,2.49817,0.11477,0,1,hard
7352,4.36366,3.84356,0.52010,2.46886,0.12454,0,1,hard
7357,4.36366,3.85576,0.50790,2.33700,0.12943,0,1,hard
7362,4.36366,3.86721,0.49645,2.27839,0.11477,0,1,hard
7367,4.36366,3.87903,0.48463,2.27839,0.12454,0,1,hard
7372,4.36366,3.89010,0.47356,2.20513,0.11966,0,1,hard
7377,4.36366,3.90116,0.46250,2.13187,0.12454,0,1,hard
7382,4.36366,3.91184,0.45182,2.04396,0.12454,0,1,hard
7387,4.36366,3.92252,0.44114,2.10257,0.11966,0,1,hard
7392,4.36366,3.93282,0.43084,2.00000,0.11966,0,1,hard
7397,4.36366,3.94274,0.42092,1.89744,0.12454,0,1,hard
7402,4.36366,3.95228,0.41138,1.86813,0.12454,0,1,hard
7407,4.36366,3.96143,0.40223,1.83883,0.12943,0,1,hard
7412,4.36366,3.97097,0.39269,1.82418,0.12454,0,1,hard
7417,4.36366,3.98013,0.38353,1.80952,0.11477,0,1,hard
7422,4.36366,3.98814,0.37552,1.60440,0.13431,0,1,hard
7428,4.36366,3.99653,0.36713,1.61905,0.14408,0,1,hard
7433,4.36366,4.00530,0.35836,1.70696,0.12454,0,1,hard
7438,4.36366,4.01331,0.35035,1.54579,0.12454,0,1,hard
7443,4.36366,4.02132,0.34234,1.57509,0.13431,0,1,hard
7448,4.36366,4.02895,0.33471,1.50183,0.12943,0,1,hard
7453,4.36366,4.03620,0.32746,1.34066,0.14896,0,1,hard
7458,4.36366,4.04307,0.32059,1.38462,0.16361,0,1,hard
7463,4.36366,4.05070,0.31296,1.50183,0.12943,0,1,hard
7468,4.36366,4.05795,0.30571,1.36996,0.11477,0,1,hard
7473,4.36366,4.06443,0.29923,1.26740,0.13919,0,1,hard
7478,4.36366,4.07092,0.29274,1.29671,0.14408,0,1,hard
7483,4.36366,4.07740,0.28626,1.26740,0.14408,0,1,hard
7488,4.36366,4.08351,0.28015,1.17949,0.13919,0,1,hard
7493,4.36366,4.08961,0.27405,1.15018,0.14896,0,1,hard
7498,4.36366,4.09533,0.26833,1.17949,0.14896,0,1,hard
7503,4.36366,4.10143,0.26223,1.19414,0.13431,0,1,hard
7508,4.36366,4.10754,0.25612,1.10623,0.12943,0,1,hard
7513,4.36366,4.11288,0.25078,1.06227,0.14896,0,1,hard
7519,4.36366,4.11746,0.24620,0.93040,0.18804,0,1,hard
7524,4.36366,4.12242,0.24124,0.97436,0.19292,0,1,hard
7529,4.36366,4.12776,0.23590,1.04762,0.16850,0,1,hard
7534,4.36366,4.13310,0.23056,0.98901,0.13919,0,1,hard
7539,4.36366,4.13767,0.22599,0.91575,0.14896,0,1,hard
7544,4.36366,4.14187,0.22179,0.81319,0.17338,0,1,hard
7549,4.36366,4.14645,0.21721,0.90110,0.18804,0,1,hard
7554,4.36366,4.15141,0.21225,0.97436,0.14896,0,1,hard
7559,4.36366,4.15599,0.20767,0.87180,0.13919,0,1,hard
7564,4.36366,4.16018,0.20348,0.75458,0.15873,0,1,hard
7569,4.36366,4.16362,0.20004,0.68132,0.20269,0,1,hard
7574,4.36366,4.16667,0.19699,0.65202,0.23199,0,1,hard
7579,4.36366,4.17048,0.19318,0.72528,0.23199,0,1,hard
7584,4.36366,4.17506,0.18860,0.82784,0.17827,0,1,hard
7589,4.36366,4.17926,0.18440,0.84249,0.12943,0,1,hard
7594,4.36366,4.18307,0.18059,0.68132,0.13431,0,1,hard
7599,4.36366,4.18612,0.17754,0.63736,0.16361,0,1,hard
7604,4.36366,4.18917,0.17449,0.62271,0.18315,0,1,hard
7610,4.36366,4.19223,0.17143,0.56410,0.21245,0,1,hard
7615,4.36366,4.19528,0.16838,0.63736,0.20757,0,1,hard
7620,4.36366,4.19909,0.16457,0.68132,0.18804,0,1,hard
7625,4.36366,4.20253,0.16113,0.69597,0.15873,0,1,hard
7630,4.36366,4.20520,0.15846,0.53480,0.17827,0,1,hard
7635,4.36366,4.20749,0.15617,0.43224,0.21245,0,1,hard
7640,4.36366,4.20977,0.15389,0.47619,0.23199,0,1,hard
7645,4.36366,4.21244,0.15122,0.52015,0.23199,0,1,hard
7650,4.36366,4.21511,0.14855,0.47619,0.22711,0,1,hard
7655,4.36366,4.21740,0.14626,0.41758,0.23687,0,1,hard
7660,4.36366,4.21969,0.14397,0.46154,0.23687,0,1,hard
7665,4.36366,4.22236,0.14130,0.52015,0.20757,0,1,hard
7670,4.36366,4.22541,0.13825,0.54945,0.17338,0,1,hard
7675,4.36366,4.22808,0.13558,0.50550,0.15385,0,1,hard
7680,4.36366,4.23037,0.13329,0.44689,0.16361,0,1,hard
7685,4.36366,4.23228,0.13138,0.41758,0.17827,0,1,hard
7690,4.36366,4.23419,0.12947,0.37363,0.20269,0,1,hard
7695,4.36366,4.23648,0.12718,0.40293,0.20757,0,1,hard
7700,4.36366,4.23877,0.12489,0.47619,0.18804,0,1,hard
7706,4.36366,4.24067,0.12299,0.32967,0.19780,0,1,hard
7711,4.36366,4.24220,0.12146,0.35898,0.21734,0,1,hard
7716,4.36366,4.24372,0.11994,0.27106,0.24664,0,1,hard
7721,4.36366,4.24563,0.11803,0.32967,0.24664,0,1,hard
7726,4.36366,4.24716,0.11650,0.28572,0.24176,0,1,hard
7731,4.36366,4.24868,0.11498,0.27106,0.24664,0,1,hard
7736,4.36366,4.25059,0.11307,0.37363,0.23687,0,1,hard
7741,4.36366,4.25212,0.11154,0.28572,0.21734,0,1,hard
7746,4.36366,4.25402,0.10964,0.37363,0.20269,0,1,hard
7751,4.36366,4.25517,0.10849,0.22711,0.21245,0,1,hard
7756,4.36366,4.25708,0.10658,0.32967,0.21245,0,1,hard
7761,4.36366,4.25822,0.10544,0.21246,0.22222,0,1,hard
7766,4.36366,4.25898,0.10468,0.18315,0.24664,0,1,hard
7771,4.36366,4.26089,0.10277,0.34432,0.22711,0,1,hard
7776,4.36366,4.26204,0.10162,0.24176,0.21734,0,1,hard
7781,4.36366,4.26356,0.10010,0.25641,0.21245,0,1,hard
7786,4.36366,4.26509,0.09857,0.32967,0.19780,0,1,hard
7791,4.36366,4.26623,0.09743,0.18315,0.20757,0,1,hard
7797,4.36366,4.26776,0.09590,0.25641,0.21734,0,1,hard
7802,4.36366,4.26852,0.09514,0.21246,0.22222,0,1,hard
7807,4.36366,4.26890,0.09476,0.05128,0.27106,0,1,hard
7812,4.36366,4.26928,0.09438,0.10989,0.31502,0,1,hard
7817,4.36366,4.27005,0.09361,0.16850,0.30037,0,1,hard
7822,4.36366,4.27157,0.09209,0.28572,0.24664,0,1,hard
7827,4.36366,4.27272,0.09094,0.18315,0.23199,0,1,hard
7832,4.36366,4.27310,0.09056,0.08059,0.26130,0,1,hard
7837,4.36366,4.27424,0.08942,0.18315,0.26130,0,1,hard
7842,4.36366,4.27577,0.08789,0.32967,0.21245,0,1,hard
7847,4.36366,4.27691,0.08675,0.16850,0.20269,0,1,hard
7852,4.36366,4.27768,0.08598,0.12454,0.21734,0,1,hard
7857,4.36366,4.27920,0.08446,0.30037,0.19780,0,1,hard
7862,4.36366,4.28035,0.08331,0.25641,0.17338,0,1,hard
7867,4.36366,4.28149,0.08217,0.12454,0.18315,0,1,hard
7872,4.36366,4.28263,0.08103,0.25641,0.17827,0,1,hard
7877,4.36366,4.28378,0.07988,0.24176,0.16850,0,1,hard
7882,4.36366,4.28378,0.07988,0.02198,0.21245,0,1,hard
7888,4.36366,4.28416,0.07950,0.02198,0.25641,0,1,hard
7893,4.36366,4.28454,0.07912,0.10989,0.27106,0,1,hard
7898,4.36366,4.28531,0.07835,0.16850,0.24176,0,1,hard
7903,4.36366,4.28683,0.07683,0.25641,0.20757,0,1,hard
7908,4.36366,4.28759,0.07607,0.13920,0.19292,0,1,hard
7913,4.36366,4.28798,0.07568,0.05128,0.21734,0,1,hard
7918,4.36366,4.28874,0.07492,0.12454,0.23199,0,1,hard
7923,4.36366,4.28988,0.07378,0.22711,0.20269,0,1,hard
7928,4.36366,4.29065,0.07301,0.16850,0.18804,0,1,hard
7933,4.36366,4.29103,0.07263,0.00733,0.22222,0,1,hard
7938,4.36366,4.29103,0.07263,0.00733,0.26130,0,1,hard
7943,4.36366,4.29103,0.07263,0.06594,0.28083,0,1,hard
7948,4.36366,4.29103,0.07263,0.03663,0.29060,0,1,hard
7953,4.36366,4.29141,0.07225,0.02198,0.29548,0,1,hard
7958,4.36366,4.29141,0.07225,0.02198,0.30037,0,1,hard
7963,4.36366,4.29141,0.07225,0.02198,0.30037,0,1,hard
7968,4.36366,4.29179,0.07187,0.03663,0.30037,0,1,hard
7974,4.36366,4.29217,0.07149,0.05128,0.29548,0,1,hard
7979,4.36366,4.29255,0.07111,0.06594,0.28083,0,1,hard
7984,4.36366,4.29332,0.07034,0.09524,0.26130,1,1,hard
7989,4.36366,4.29370,0.06996,0.09524,0.24664,1,1,hard
7994,4.36366,4.29408,0.06958,0.02198,0.26130,1,1,hard
7999,4.36366,4.29408,0.06958,0.00733,0.28572,1,1,hard
8004,4.36366,4.29408,0.06958,0.02198,0.29548,1,1,hard
8009,4.36366,4.29408,0.06958,0.02198,0.29548,1,1,hard
8014,4.36366,4.29408,0.06958,-0.00733,0.30037,1,1,hard
8019,4.36366,4.29408,0.06958,0.00733,0.30525,1,1,hard
8024,4.36366,4.29408,0.06958,0.00733,0.31013,1,1,hard
8029,4.36366,4.29408,0.06958,-0.00733,0.31502,1,1,hard
8034,4.36366,4.29408,0.06958,-0.00733,0.31502,1,1,hard
8039,4.36366,4.29408,0.06958,0.00733,0.31502,1,1,hard
8044,4.36366,4.29408,0.06958,-0.00733,0.31990,1,1,hard
8049,4.36366,4.29446,0.06920,-0.00733,0.31502,1,1,hard
8054,4.36366,4.29446,0.06920,-0.00733,0.31990,1,1,hard
8060,4.36366,4.29446,0.06920,-0.00733,0.32479,1,1,hard
8065,4.36366,4.29446,0.06920,-0.00733,0.31990,1,1,hard
8070,4.36366,4.29446,0.06920,-0.00733,0.31990,1,1,hard
8075,4.36366,4.29446,0.06920,-0.00733,0.31990,1,1,hard
8080,4.36366,4.29446,0.06920,-0.00733,0.31990,1,1,hard
8085,4.36366,4.29446,0.06920,-0.00733,0.31990,1,1,hard
8090,4.36366,4.29446,0.06920,-0.00733,0.31990,1,1,hard
8095,4.36366,4.29446,0.06920,-0.00733,0.32479,1,1,hard
8100,4.36366,4.29446,0.06920,-0.00733,0.32479,1,1,hard
8105,4.36366,4.29446,0.06920,-0.00733,0.32479,1,1,hard
8110,4.36366,4.29446,0.06920,-0.00733,0.32479,1,1,hard
8115,4.36366,4.29446,0.06920,-0.00733,0.32967,1,1,hard
8120,4.36366,4.29446,0.06920,-0.00733,0.31990,1,1,hard
8125,4.36366,4.29446,0.06920,-0.00733,0.31990,1,1,hard
8130,4.36366,4.29446,0.06920,-0.00733,0.32479,1,1,hard
8135,4.36366,4.29446,0.06920,-0.00733,0.32479,1,1,hard
8140,4.36366,4.29446,0.06920,-0.00733,0.32479,1,1,hard
8145,4.36366,4.29446,0.06920,-0.00733,0.32479,1,1,hard
8151,4.36366,4.29446,0.06920,-0.00733,0.32479,1,1,hard
8156,4.36366,4.29446,0.06920,-0.00733,0.31990,1,1,hard
8161,4.36366,4.29446,0.06920,-0.00733,0.32479,1,1,hard
8166,4.36366,4.29446,0.06920,-0.00733,0.32479,1,1,hard
8171,4.36366,4.29446,0.06920,-0.00733,0.32479,1,1,hard
8176,4.36366,4.29446,0.06920,-0.00733,0.31990,1,1,hard
8181,4.36366,4.29446,0.06920,-0.00733,0.32479,1,1,hard
8186,4.36366,4.29446,0.06920,-0.00733,0.32479,1,1,hard
8191,4.36366,4.29446,0.06920,-0.00733,0.31990,1,1,hard
8196,4.36366,4.29446,0.06920,-0.00733,0.32479,1,1,hard
8201,4.36366,4.29446,0.06920,-0.00733,0.32479,1,1,hard
8206,4.36366,4.29446,0.06920,-0.00733,0.32479,1,1,hard
8211,4.36366,4.29446,0.06920,-0.00733,0.31990,1,1,hard
8216,4.36366,4.29446,0.06920,-0.00733,0.32479,1,1,hard
8221,4.36366,4.29446,0.06920,-0.00733,0.32479,1,1,hard
8226,4.36366,4.29446,0.06920,-0.00733,0.32479,1,1,hard
8231,4.36366,4.29446,0.06920,-0.00733,0.32479,1,1,hard
8236,4.36366,4.29446,0.06920,-0.00733,0.32479,1,1,hard
8242,4.36366,4.29446,0.06920,-0.00733,0.31990,1,1,hard
8247,4.36366,4.29446,0.06920,-0.00733,0.32479,1,1,hard
8252,4.36366,4.29446,0.06920,-0.00733,0.31990,1,1,hard
8257,4.36366,4.29446,0.06920,-0.00733,0.31990,1,1,hard
8262,4.36366,4.29446,0.06920,-0.00733,0.31990,1,1,hard
8267,4.36366,4.29446,0.06920,-0.00733,0.32479,1,1,hard
8272,4.36366,4.29446,0.06920,-0.00733,0.32479,1,1,hard
8277,4.36366,4.29446,0.06920,-0.00733,0.32967,1,1,hard
8282,4.36366,4.29446,0.06920,-0.00733,0.32479,1,1,hard
8287,4.36366,4.29446,0.06920,-0.00733,0.31990,1,1,hard
8292,4.36366,4.29446,0.06920,-0.00733,0.32479,1,1,hard
8297,4.36366,4.29446,0.06920,-0.00733,0.32479,1,1,hard
8302,4.36366,4.29446,0.06920,-0.00733,0.31990,1,1,hard
8307,4.36366,4.29446,0.06920,-0.00733,0.32479,1,1,hard
8312,4.36366,4.29446,0.06920,-0.00733,0.32479,1,1,hard
8317,4.36366,4.29446,0.06920,-0.00733,0.32479,1,1,hard
8322,4.36366,4.29446,0.06920,-0.00733,0.32479,1,1,hard
8327,4.36366,4.29446,0.06920,-0.00733,0.32479,1,1,hard
8333,4.36366,4.29446,0.06920,-0.00733,0.32479,1,1,hard
8338,4.36366,4.29446,0.06920,-0.00733,0.31990,1,1,hard
8343,4.36366,4.29446,0.06920,-0.00733,0.31990,1,1,hard
8348,4.36366,4.29446,0.06920,-0.00733,0.31990,1,1,hard
8353,4.36366,4.29446,0.06920,-0.00733,0.32479,1,1,hard
8358,4.36366,4.29446,0.06920,-0.00733,0.32479,1,1,hard
8363,4.36366,4.29446,0.06920,-0.00733,0.32479,1,1,hard
8368,4.36366,4.29446,0.06920,-0.00733,0.32479,1,1,hard
8373,4.36366,4.29446,0.06920,-0.00733,0.32479,1,1,hard
8378,4.36366,4.29446,0.06920,-0.00733,0.32479,1,1,hard
8383,4.36366,4.29446,0.06920,-0.00733,0.31990,1,1,hard
8388,4.36366,4.29446,0.06920,-0.00733,0.31990,1,1,hard
8393,4.36366,4.29446,0.06920,-0.00733,0.31990,1,1,hard
8398,4.36366,4.29446,0.06920,-0.00733,0.32479,1,1,hard
8403,4.36366,4.29446,0.06920,-0.00733,0.32479,1,1,hard
8408,4.36366,4.29446,0.06920,-0.00733,0.32479,1,1,hard
8413,4.36366,4.29446,0.06920,-0.00733,0.32479,1,1,hard
8418,4.36366,4.29446,0.06920,-0.00733,0.32479,1,1,hard
8424,4.36366,4.29446,0.06920,-0.00733,0.32479,1,1,hard
8429,4.36366,4.29446,0.06920,-0.00733,0.32479,1,1,hard
8434,4.36366,4.29446,0.06920,-0.00733,0.32479,1,1,hard
8439,4.36366,4.29446,0.06920,-0.00733,0.32479,1,1,hard
8444,4.36366,4.29446,0.06920,-0.00733,0.32479,1,1,hard
8449,4.36366,4.29446,0.06920,-0.00733,0.31990,1,1,hard
8454,4.36366,4.29446,0.06920,-0.00733,0.31990,1,1,hard
8459,4.36366,4.29446,0.06920,-0.00733,0.31990,1,1,hard
8464,4.36366,4.29446,0.06920,-0.00733,0.32479,1,1,hard
8469,4.36366,4.29446,0.06920,-0.00733,0.32479,1,1,hard
8474,4.36366,4.29446,0.06920,-0.00733,0.32967,1,1,hard
8479,4.36366,4.29446,0.06920,-0.00733,0.32479,1,1,hard
8484,4.36366,4.29446,0.06920,-0.00733,0.32479,1,1,hard
8489,4.36366,4.29446,0.06920,-0.00733,0.32479,1,1,hard
8494,4.36366,4.29446,0.06920,-0.00733,0.32479,1,1,hard
8499,4.36366,4.29446,0.06920,-0.00733,0.32479,1,1,hard
8504,4.36366,4.29446,0.06920,-0.00733,0.31990,1,1,hard
8510,4.36366,4.29446,0.06920,-0.00733,0.32479,1,1,hard
8515,4.36366,4.29446,0.06920,-0.00733,0.32479,1,1,hard
8520,4.36366,4.29446,0.06920,-0.00733,0.32967,1,1,hard
8525,4.36366,4.29446,0.06920,-0.00733,0.32967,1,1,hard
8530,4.36366,4.29446,0.06920,-0.00733,0.32479,1,1,hard
8535,4.36366,4.29446,0.06920,-0.00733,0.32479,1,1,hard
8540,4.36366,4.29446,0.06920,-0.00733,0.32479,1,1,hard
8545,4.36366,4.29446,0.06920,-0.00733,0.31990,1,1,hard
8550,4.36366,4.29446,0.06920,-0.00733,0.32479,1,1,hard
8555,4.36366,4.29446,0.06920,-0.00733,0.32479,1,1,hard
8560,4.36366,4.29446,0.06920,-0.00733,0.32479,1,1,hard
8565,4.36366,4.29446,0.06920,-0.00733,0.32479,1,1,hard
8570,4.36366,4.29446,0.06920,-0.00733,0.32479,1,1,hard
8575,4.36366,4.29446,0.06920,-0.00733,0.32479,1,1,hard
8580,4.36366,4.29446,0.06920,-0.00733,0.32479,1,1,hard
8585,4.36366,4.29446,0.06920,-0.00733,0.31990,1,1,hard
8590,4.36366,4.29446,0.06920,-0.00733,0.32479,1,1,hard
8595,4.36366,4.29446,0.06920,-0.00733,0.32479,1,1,hard
8601,4.36366,4.29446,0.06920,-0.00733,0.32479,1,1,hard
8606,4.36366,4.29446,0.06920,-0.00733,0.32967,1,1,hard
8611,4.36366,4.29446,0.06920,-0.00733,0.32479,1,1,hard
8616,4.36366,4.29446,0.06920,-0.00733,0.32479,1,1,hard
8621,4.36366,4.29446,0.06920,-0.00733,0.32479,1,1,hard
8626,4.36366,4.29446,0.06920,-0.00733,0.31990,1,1,hard
8631,4.36366,4.29446,0.06920,-0.00733,0.31990,1,1,hard
8636,4.36366,4.29446,0.06920,-0.00733,0.32479,1,1,hard
8641,4.36366,4.29446,0.06920,-0.00733,0.32479,1,1,hard
8646,4.36366,4.29446,0.06920,-0.00733,0.32479,1,1,hard
8651,4.36366,4.29446,0.06920,-0.00733,0.32479,1,1,hard
8656,4.36366,4.29446,0.06920,-0.00733,0.32479,1,1,hard
8661,4.36366,4.29446,0.06920,-0.00733,0.32479,1,1,hard
8666,4.36366,4.29446,0.06920,0.00733,0.32479,1,1,hard
8671,4.36366,4.29446,0.06920,-0.00733,0.32479,1,1,hard
8676,4.36366,4.29446,0.06920,-0.00733,0.32479,1,1,hard
8681,4.36366,4.29484,0.06882,-0.00733,0.32479,1,1,hard
8687,4.36366,4.29484,0.06882,-0.00733,0.31990,1,1,hard
8692,4.36366,4.29484,0.06882,-0.00733,0.31990,1,1,hard
8697,4.36366,4.29484,0.06882,-0.00733,0.31990,1,1,hard
8702,4.36366,4.29484,0.06882,0.00733,0.31990,1,1,hard
8707,4.36366,4.29484,0.06882,-0.00733,0.31990,1,1,hard
8712,4.36366,4.29484,0.06882,-0.00733,0.31990,1,1,hard
8717,4.36366,4.29484,0.06882,-0.00733,0.31990,1,1,hard
8722,4.36366,4.29484,0.06882,-0.00733,0.32479,1,1,hard
8727,4.36366,4.29484,0.06882,0.00733,0.31990,1,1,hard
8732,4.36366,4.29484,0.06882,-0.00733,0.31502,1,1,hard
8737,4.36366,4.29484,0.06882,-0.00733,0.31990,1,1,hard
8742,4.36366,4.29484,0.06882,-0.00733,0.31990,1,1,hard
8747,4.36366,4.29484,0.06882,-0.00733,0.31990,1,1,hard
8752,4.36366,4.29484,0.06882,0.00733,0.31990,1,1,hard
8757,4.36366,4.29484,0.06882,-0.00733,0.31502,1,1,hard
8762,4.36366,4.29484,0.06882,-0.00733,0.31990,1,1,hard
8767,4.36366,4.29484,0.06882,-0.00733,0.31990,1,1,hard
8773,4.36366,4.29484,0.06882,-0.00733,0.31990,1,1,hard
8778,4.36366,4.29484,0.06882,-0.00733,0.31502,1,1,hard
8783,4.36366,4.29522,0.06844,0.00733,0.31502,1,1,hard
8788,4.36366,4.29522,0.06844,0.00733,0.30525,1,1,hard
8793,4.36366,4.29522,0.06844,0.00733,0.31013,1,1,hard
8798,4.36366,4.29522,0.06844,0.00733,0.30525,1,1,hard
8803,4.36366,4.29560,0.06806,0.02198,0.30037,1,1,hard
8808,4.36366,4.29560,0.06806,0.03663,0.29060,1,1,hard
8813,4.36366,4.29637,0.06729,0.08059,0.27106,1,1,hard
8818,4.36366,4.29713,0.06653,0.15385,0.23687,0,1,hard
8823,4.36366,4.29789,0.06577,0.13920,0.20757,0,1,hard
8828,4.36366,4.29789,0.06577,0.00733,0.22711,0,1,hard
8833,4.36366,4.29789,0.06577,-0.00733,0.24664,0,1,hard
8838,4.36366,4.29827,0.06538,0.03663,0.26130,0,1,hard
8843,4.36366,4.29827,0.06538,0.02198,0.26618,0,1,hard
8848,4.36366,4.29827,0.06538,-0.00733,0.28083,0,1,hard
8853,4.36366,4.29827,0.06538,0.00733,0.28083,0,1,hard
8858,4.36366,4.29827,0.06538,0.00733,0.28572,0,1,hard
8864,4.36366,4.29827,0.06538,0.00733,0.29060,0,1,hard
8869,4.36366,4.29866,0.06500,-0.00733,0.29548,0,1,hard
8874,4.36366,4.29866,0.06500,0.00733,0.29060,0,1,hard
8879,4.36366,4.29866,0.06500,0.00733,0.29060,1,1,hard
8884,4.36366,4.29866,0.06500,-0.00733,0.29060,1,1,hard
8889,4.36366,4.29866,0.06500,0.00733,0.29060,1,1,hard
8894,4.36366,4.29866,0.06500,0.00733,0.29548,1,1,hard
8899,4.36366,4.29866,0.06500,0.00733,0.29060,1,1,hard
8904,4.36366,4.29904,0.06462,0.00733,0.29060,1,1,hard
8909,4.36366,4.29904,0.06462,0.00733,0.29060,1,1,hard
8914,4.36366,4.29904,0.06462,0.02198,0.28572,1,1,hard
8919,4.36366,4.29942,0.06424,0.03663,0.28083,1,1,hard
8924,4.36366,4.29980,0.06386,0.06594,0.25641,1,1,hard
8929,4.36366,4.30056,0.06310,0.12454,0.22711,0,1,hard
8934,4.36366,4.30171,0.06195,0.19780,0.18804,0,1,hard
8939,4.36366,4.30209,0.06157,0.08059,0.17827,0,1,hard
8944,4.36366,4.30209,0.06157,-0.00733,0.20757,0,1,hard
8949,4.36366,4.30209,0.06157,0.00733,0.23199,0,1,hard
8955,4.36366,4.30247,0.06119,0.05128,0.23687,0,1,hard
8960,4.36366,4.30247,0.06119,0.03663,0.24176,0,1,hard
8965,4.36366,4.30285,0.06081,0.03663,0.24176,0,1,hard
8970,4.36366,4.30323,0.06043,0.05128,0.23199,0,1,hard
8975,4.36366,4.30400,0.05966,0.10989,0.20757,0,1,hard
8980,4.36366,4.30514,0.05852,0.22711,0.16361,0,1,hard
8985,4.36366,4.30590,0.05776,0.13920,0.13919,0,1,hard
8990,4.36366,4.30590,0.05776,-0.00733,0.16850,0,1,hard
8995,4.36366,4.30590,0.05776,0.00733,0.19780,0,1,hard
9000,4.36366,4.30629,0.05737,0.05128,0.21245,0,1,hard
9005,4.36366,4.30667,0.05699,0.05128,0.20757,0,1,hard
9010,4.36366,4.30667,0.05699,0.05128,0.20757,0,1,hard
9015,4.36366,4.30743,0.05623,0.08059,0.19780,0,1,hard
9020,4.36366,4.30819,0.05547,0.13920,0.17338,0,1,hard
9025,4.36366,4.30896,0.05470,0.19780,0.13919,0,1,hard
9030,4.36366,4.30972,0.05394,0.06594,0.13431,0,1,hard
9035,4.36366,4.30972,0.05394,-0.00733,0.16850,0,1,hard
9041,4.36366,4.30972,0.05394,0.00733,0.19292,0,1,hard
9046,4.36366,4.30972,0.05394,0.05128,0.20269,0,1,hard
9051,4.36366,4.31010,0.05356,0.02198,0.20269,0,1,hard
9056,4.36366,4.31010,0.05356,0.00733,0.21245,0,1,hard
9061,4.36366,4.31010,0.05356,0.02198,0.21245,0,1,hard
9066,4.36366,4.31048,0.05318,0.02198,0.21245,0,1,hard
9071,4.36366,4.31086,0.05280,0.05128,0.20757,0,1,hard
9076,4.36366,4.31124,0.05241,0.06594,0.19292,0,1,hard
9081,4.36366,4.31163,0.05203,0.10989,0.16850,0,1,hard
9086,4.36366,4.31277,0.05089,0.15385,0.13919,0,1,hard
9091,4.36366,4.31315,0.05051,0.05128,0.13919,0,1,hard
9096,4.36366,4.31315,0.05051,-0.00733,0.16850,0,1,hard
9101,4.36366,4.31315,0.05051,0.00733,0.18804,0,1,hard
9106,4.36366,4.31315,0.05051,0.03663,0.19292,0,1,hard
9111,4.36366,4.31315,0.05051,0.00733,0.20269,0,1,hard
9116,4.36366,4.31315,0.05051,0.00733,0.21245,0,1,hard
9121,4.36366,4.31353,0.05013,0.02198,0.21245,0,1,hard
9126,4.36366,4.31353,0.05013,0.00733,0.21245,0,1,hard
9132,4.36366,4.31353,0.05013,0.00733,0.21245,0,1,hard
9137,4.36366,4.31353,0.05013,0.00733,0.21734,0,1,hard
9142,4.36366,4.31353,0.05013,0.00733,0.21734,0,1,hard
9147,4.36366,4.31353,0.05013,0.00733,0.21734,0,1,hard
9152,4.36366,4.31353,0.05013,0.00733,0.21734,0,1,hard
9157,4.36366,4.31392,0.04974,0.00733,0.21734,0,0,hard
9162,3.36366,4.31392,-0.95026,0.00733,0.21734,0,1,hard
9167,3.36366,4.31392,-0.95026,0.00733,0.21734,0,1,hard
9172,3.36366,4.31392,-0.95026,0.00733,0.21245,0,1,hard
9177,3.36366,4.31392,-0.95026,0.00733,0.21245,0,1,hard
9182,3.36366,4.31430,-0.95064,0.02198,0.20757,0,1,hard
9187,3.36366,4.31430,-0.95064,0.02198,0.20269,0,1,hard
9192,3.36366,4.30819,-0.94453,-2.68864,-0.66667,0,1,hard
9197,3.36366,4.28836,-0.92470,-4.54945,-0.53480,0,1,hard
9202,3.36366,4.26585,-0.90219,-4.63736,-0.22711,0,1,hard
9207,3.36366,4.24372,-0.88006,-4.28571,-0.07082,0,1,hard
9212,3.36366,4.22274,-0.85908,-4.16850,-0.07570,0,1,hard
9217,3.36366,4.20214,-0.83848,-4.03663,-0.07570,0,1,hard
9223,3.36366,4.18193,-0.81827,-4.00733,-0.07570,0,1,hard
9228,3.36366,4.16247,-0.79881,-3.87546,-0.08059,0,1,hard
9233,3.36366,4.14301,-0.77936,-3.77289,-0.08547,0,1,hard
9238,3.36366,4.12432,-0.76066,-3.74359,-0.09035,0,1,hard
9243,3.36366,4.10601,-0.74235,-3.56777,-0.08059,0,1,hard
9248,3.36366,4.08770,-0.72404,-3.56777,-0.09035,0,1,hard
9253,3.36366,4.07015,-0.70649,-3.40659,-0.06593,0,1,hard
9258,3.36366,4.05337,-0.68971,-3.33333,-0.08547,0,1,hard
9263,3.36366,4.03658,-0.67292,-3.28938,-0.08059,0,1,hard
9268,3.36366,4.02018,-0.65652,-3.17216,-0.06593,0,1,hard
9273,3.36366,4.00454,-0.64088,-3.11355,-0.08547,0,1,hard
9278,3.36366,3.98890,-0.62524,-3.02564,-0.07570,0,1,hard
9283,3.36366,3.97402,-0.61036,-2.92308,-0.07570,0,1,hard
9288,3.36366,3.95914,-0.59548,-2.90842,-0.09035,0,1,hard
9293,3.36366,3.94503,-0.58137,-2.79121,-0.08059,0,1,hard
9298,3.36366,3.93130,-0.56764,-2.70330,-0.09035,0,1,hard
9303,3.36366,3.91756,-0.55390,-2.71795,-0.09524,0,1,hard
9309,3.36366,3.90421,-0.54055,-2.61539,-0.09524,0,1,hard
9314,3.36366,3.89162,-0.52796,-2.48352,-0.09035,0,1,hard
9319,3.36366,3.87903,-0.51537,-2.48352,-0.10012,0,1,hard
9324,3.36366,3.86645,-0.50279,-2.45421,-0.10989,0,1,hard
9329,3.36366,3.85462,-0.49096,-2.30769,-0.10012,0,1,hard
9334,3.36366,3.84279,-0.47913,-2.27839,-0.09524,0,1,hard
9339,3.36366,3.83135,-0.46769,-2.26374,-0.10501,0,1,hard
9344,3.36366,3.82029,-0.45663,-2.17582,-0.10501,0,1,hard
9349,3.36366,3.80960,-0.44594,-2.10256,-0.09524,0,1,hard
9354,3.36366,3.79930,-0.43565,-2.02930,-0.09524,0,1,hard
9359,3.36366,3.78862,-0.42496,-2.10256,-0.08547,0,1,hard
9364,3.36366,3.77832,-0.41466,-1.98535,-0.09035,0,1,hard
9369,3.36366,3.76879,-0.40513,-1.86813,-0.10501,0,1,hard
9374,3.36366,3.75925,-0.39559,-1.85348,-0.09524,0,1,hard
9379,3.36366,3.75010,-0.38644,-1.85348,-0.09524,0,1,hard
9384,3.36366,3.74056,-0.37690,-1.82417,-0.09524,0,1,hard
9389,3.36366,3.73140,-0.36774,-1.80952,-0.08547,0,1,hard
9395,3.36366,3.72301,-0.35935,-1.63370,-0.09035,0,1,hard
9400,3.36366,3.71500,-0.35134,-1.58974,-0.10501,0,1,hard
9405,3.36366,3.70623,-0.34257,-1.70696,-0.09035,0,1,hard
9410,3.36366,3.69822,-0.33456,-1.61905,-0.08059,0,1,hard
9415,3.36366,3.69059,-0.32693,-1.51648,-0.10012,0,1,hard
9420,3.36366,3.68258,-0.31892,-1.54579,-0.09524,0,1,hard
9425,3.36366,3.67533,-0.31167,-1.38461,-0.09524,0,1,hard
9430,3.36366,3.66846,-0.30480,-1.34066,-0.11477,0,1,hard
9435,3.36366,3.66121,-0.29755,-1.48718,-0.09035,0,1,hard
9440,3.36366,3.65396,-0.29030,-1.41392,-0.07570,0,1,hard
9445,3.36366,3.64710,-0.28344,-1.26740,-0.09524,0,1,hard
9450,3.36366,3.64099,-0.27733,-1.23809,-0.11966,0,1,hard
9455,3.36366,3.63451,-0.27085,-1.31136,-0.10989,0,1,hard
9460,3.36366,3.62840,-0.26474,-1.20879,-0.10012,0,1,hard
9465,3.36366,3.62230,-0.25864,-1.19414,-0.10501,0,1,hard
9470,3.36366,3.61620,-0.25254,-1.16483,-0.10501,0,1,hard
9475,3.36366,3.61048,-0.24682,-1.19414,-0.09524,0,1,hard
9481,3.36366,3.60475,-0.24109,-1.15018,-0.09035,0,1,hard
9486,3.36366,3.59903,-0.23537,-1.06227,-0.10012,0,1,hard
9491,3.36366,3.59407,-0.23041,-0.98901,-0.11966,0,1,hard
9496,3.36366,3.58949,-0.22583,-0.93040,-0.14408,0,1,hard
9501,3.36366,3.58454,-0.22088,-1.03297,-0.13431,0,1,hard
9506,3.36366,3.57920,-0.21554,-1.04762,-0.09524,0,1,hard
9511,3.36366,3.57385,-0.21019,-0.98901,-0.08547,0,1,hard
9516,3.36366,3.56928,-0.20562,-0.90110,-0.09524,0,1,hard
9521,3.36366,3.56546,-0.20180,-0.81319,-0.12943,0,1,hard
9526,3.36366,3.56088,-0.19722,-0.90110,-0.14408,0,1,hard
9531,3.36366,3.55592,-0.19226,-0.97436,-0.10501,0,1,hard
9536,3.36366,3.55173,-0.18807,-0.84249,-0.09524,0,1,hard
9541,3.36366,3.54791,-0.18425,-0.75458,-0.10989,0,1,hard
9546,3.36366,3.54448,-0.18082,-0.66667,-0.14896,0,1,hard
9551,3.36366,3.54143,-0.17777,-0.63736,-0.17827,0,1,hard
9556,3.36366,3.53761,-0.17395,-0.75458,-0.17338,0,1,hard
9561,3.36366,3.53304,-0.16938,-0.84249,-0.11966,0,1,hard
9567,3.36366,3.52846,-0.16480,-0.84249,-0.07570,0,1,hard
9572,3.36366,3.52502,-0.16136,-0.69597,-0.07570,0,1,hard
9577,3.36366,3.52197,-0.15831,-0.59341,-0.10989,0,1,hard
9582,3.36366,3.51930,-0.15564,-0.57875,-0.14408,0,1,hard
9587,3.36366,3.51625,-0.15259,-0.59341,-0.17338,0,1,hard
9592,3.36366,3.51320,-0.14954,-0.62271,-0.16850,0,1,hard
9597,3.36366,3.50977,-0.14611,-0.68132,-0.14408,0,1,hard
9602,3.36366,3.50633,-0.14267,-0.69597,-0.10989,0,1,hard
9607,3.36366,3.50328,-0.13962,-0.60806,-0.09524,0,1,hard
9612,3.36366,3.50099,-0.13733,-0.40293,-0.13431,0,1,hard
9617,3.36366,3.49870,-0.13504,-0.47619,-0.16850,0,1,hard
9622,3.36366,3.49603,-0.13237,-0.53480,-0.16850,0,1,hard
9627,3.36366,3.49336,-0.12970,-0.50550,-0.15873,0,1,hard
9632,3.36366,3.49107,-0.12741,-0.49084,-0.15873,0,1,hard
9637,3.36366,3.48840,-0.12474,-0.49084,-0.14896,0,1,hard
9642,3.36366,3.48611,-0.12245,-0.49084,-0.13919,0,1,hard
9647,3.36366,3.48306,-0.11940,-0.56410,-0.11477,0,1,hard
9652,3.36366,3.48001,-0.11635,-0.59341,-0.08547,0,1,hard
9658,3.36366,3.47772,-0.11406,-0.44689,-0.09524,0,1,hard
9663,3.36366,3.47620,-0.11254,-0.37363,-0.12943,0,1,hard
9668,3.36366,3.47467,-0.11101,-0.32967,-0.16361,0,1,hard
9673,3.36366,3.47238,-0.10872,-0.46154,-0.16361,0,1,hard
9678,3.36366,3.47047,-0.10681,-0.38828,-0.15385,0,1,hard
9683,3.36366,3.46857,-0.10491,-0.37363,-0.15873,0,1,hard
9688,3.36366,3.46666,-0.10300,-0.34432,-0.16361,0,1,hard
9693,3.36366,3.46513,-0.10147,-0.34432,-0.17338,0,1,hard
9698,3.36366,3.46399,-0.10033,-0.24176,-0.19780,0,1,hard
9703,3.36366,3.46208,-0.09842,-0.40293,-0.19292,0,1,hard
9708,3.36366,3.46017,-0.09651,-0.31502,-0.17338,0,1,hard
9713,3.36366,3.45827,-0.09461,-0.41758,-0.14896,0,1,hard
9718,3.36366,3.45674,-0.09308,-0.27106,-0.14896,0,1,hard
9723,3.36366,3.45483,-0.09117,-0.31502,-0.14896,0,1,hard
9728,3.36366,3.45331,-0.08965,-0.35897,-0.13431,0,1,hard
9733,3.36366,3.45140,-0.08774,-0.32967,-0.12454,0,1,hard
9738,3.36366,3.45026,-0.08660,-0.28572,-0.13919,0,1,hard
9744,3.36366,3.44949,-0.08583,-0.13919,-0.17827,0,1,hard
9749,3.36366,3.44835,-0.08469,-0.27106,-0.18803,0,1,hard
9754,3.36366,3.44644,-0.08278,-0.38828,-0.15385,0,1,hard
9759,3.36366,3.44453,-0.08087,-0.30037,-0.12454,0,1,hard
9764,3.36366,3.44301,-0.07935,-0.34432,-0.10989,0,1,hard
9769,3.36366,3.44224,-0.07858,-0.12454,-0.14896,0,1,hard
9774,3.36366,3.44148,-0.07782,-0.21245,-0.17827,0,1,hard
9779,3.36366,3.43996,-0.07630,-0.34432,-0.15873,0,1,hard
9784,3.36366,3.43881,-0.07515,-0.18315,-0.15385,0,1,hard
9789,3.36366,3.43805,-0.07439,-0.16850,-0.17338,0,1,hard
9794,3.36366,3.43652,-0.07286,-0.31502,-0.15385,0,1,hard
9799,3.36366,3.43538,-0.07172,-0.18315,-0.15385,0,1,hard
9804,3.36366,3.43538,-0.07172,-0.03663,-0.20269,0,1,hard
9809,3.36366,3.43500,-0.07134,-0.10989,-0.23687,0,1,hard
9814,3.36366,3.43385,-0.07019,-0.19780,-0.22222,0,1,hard
9819,3.36366,3.43233,-0.06867,-0.32967,-0.16850,0,1,hard
9824,3.36366,3.43118,-0.06752,-0.22711,-0.13919,0,1,hard
9829,3.36366,3.42966,-0.06600,-0.21245,-0.12943,0,1,hard
9835,3.36366,3.42813,-0.06447,-0.34432,-0.10501,0,1,hard
9840,3.36366,3.42737,-0.06371,-0.13919,-0.11477,0,1,hard
9845,3.36366,3.42737,-0.06371,-0.06593,-0.15873,0,1,hard
9850,3.36366,3.42622,-0.06256,-0.19780,-0.17338,0,1,hard
9855,3.36366,3.42470,-0.06104,-0.28572,-0.13431,0,1,hard
9860,3.36366,3.42432,-0.06066,-0.08059,-0.14408,0,1,hard
9865,3.36366,3.42432,-0.06066,-0.03663,-0.18803,0,1,hard
9870,3.36366,3.42393,-0.06027,-0.10989,-0.20269,0,1,hard
9875,3.36366,3.42317,-0.05951,-0.18315,-0.18803,0,1,hard
9880,3.36366,3.42165,-0.05799,-0.27106,-0.14408,0,1,hard
9885,3.36366,3.42088,-0.05722,-0.13919,-0.13431,0,1,hard
9890,3.36366,3.42088,-0.05722,-0.02198,-0.17338,0,1,hard
9895,3.36366,3.42050,-0.05684,-0.02198,-0.20757,0,1,hard
9900,3.36366,3.42012,-0.05646,-0.09524,-0.21734,0,1,hard
9905,3.36366,3.41974,-0.05608,-0.12454,-0.20757,0,1,hard
9910,3.36366,3.41859,-0.05493,-0.18315,-0.17827,0,1,hard
9915,3.36366,3.41745,-0.05379,-0.22711,-0.13919,0,1,hard
9920,3.36366,3.41745,-0.05379,-0.05128,-0.14896,0,1,hard
9926,3.36366,3.41745,-0.05379,-0.02198,-0.18315,0,1,hard
9931,3.36366,3.41707,-0.05341,-0.03663,-0.20269,0,1,hard
9936,3.36366,3.41707,-0.05341,-0.06593,-0.21245,0,1,hard
9941,3.36366,3.41669,-0.05303,-0.05128,-0.22222,0,1,hard
9946,3.36366,3.41669,-0.05303,-0.06593,-0.22222,0,1,hard
9951,3.36366,3.41630,-0.05264,-0.08059,-0.21734,0,1,hard
9956,3.36366,3.41554,-0.05188,-0.12454,-0.19780,0,1,hard
9961,3.36366,3.41478,-0.05112,-0.16850,-0.16361,0,1,hard
9966,3.36366,3.41402,-0.05036,-0.09524,-0.15873,0,1,hard
9971,3.36366,3.41402,-0.05036,-0.00733,-0.18803,0,1,hard
9976,3.36366,3.41402,-0.05036,-0.02198,-0.20757,0,1,hard
9981,3.36366,3.41402,-0.05036,-0.05128,-0.22222,0,1,hard
9986,3.36366,3.41402,-0.05036,-0.02198,-0.22711,0,1,hard
9991,3.36366,3.41402,-0.05036,-0.02198,-0.23687,0,1,hard
9996,3.36366,3.41402,-0.05036,-0.02198,-0.24176,0,1,hard
10001,3.36366,3.41402,-0.05036,-0.02198,-0.24176,0,1,hard
10006,3.36366,3.41402,-0.05036,-0.02198,-0.24664,0,1,hard
10011,3.36366,3.41402,-0.05036,-0.00733,-0.25153,0,1,hard
10017,3.36366,3.41402,-0.05036,-0.00733,-0.25153,0,1,hard
10022,3.36366,3.41402,-0.05036,-0.00733,-0.25153,0,1,hard
10027,3.36366,3.41402,-0.05036,-0.00733,-0.25153,0,1,hard
10032,3.36366,3.41402,-0.05036,-0.00733,-0.25153,0,1,hard
10037,3.36366,3.41402,-0.05036,-0.00733,-0.25641,0,1,hard
10042,3.36366,3.41363,-0.04997,-0.00733,-0.25641,1,0,hard
10047,4.36366,3.41363,0.95003,-0.00733,-0.25641,1,1,hard
10052,4.36366,3.41363,0.95003,-0.00733,-0.25153,1,1,hard
10057,4.36366,3.41363,0.95003,-0.00733,-0.25641,1,1,hard
10062,4.36366,3.41363,0.95003,-0.00733,-0.25641,1,1,hard
10067,4.36366,3.41363,0.95003,-0.00733,-0.26129,1,1,hard
10072,4.36366,3.41363,0.95003,-0.00733,-0.25641,1,1,hard
10077,4.36366,3.41936,0.94430,2.65934,0.63248,1,1,hard
10082,4.36366,3.43881,0.92485,4.50550,0.55922,1,1,hard
10087,4.36366,3.46094,0.90272,4.47619,0.23687,0,1,hard
10092,4.36366,3.48268,0.88098,4.28572,0.10501,0,1,hard
10097,4.36366,3.50404,0.85962,4.12454,0.07570,0,1,hard
10103,4.36366,3.52464,0.83902,4.06594,0.06105,0,1,hard
10108,4.36366,3.54486,0.81880,3.96337,0.07082,0,1,hard
10113,4.36366,3.56470,0.79896,3.86081,0.06594,0,1,hard
10118,4.36366,3.58377,0.77989,3.77290,0.07570,0,1,hard
10123,4.36366,3.60246,0.76120,3.64103,0.07082,0,1,hard
10128,4.36366,3.62116,0.74250,3.56777,0.08547,0,1,hard
10133,4.36366,3.63870,0.72496,3.46520,0.07570,0,1,hard
10138,4.36366,3.65625,0.70741,3.39194,0.07570,0,1,hard
10143,4.36366,3.67304,0.69062,3.30403,0.08547,0,1,hard
10148,4.36366,3.68944,0.67422,3.21612,0.08059,0,1,hard
10153,4.36366,3.70546,0.65820,3.14286,0.08547,0,1,hard
10158,4.36366,3.72110,0.64256,3.06960,0.09524,0,1,hard
10163,4.36366,3.73636,0.62730,2.96703,0.09035,0,1,hard
10168,4.36366,3.75124,0.61242,2.93773,0.09524,0,1,hard
10173,4.36366,3.76574,0.59792,2.83517,0.09524,0,1,hard
10178,4.36366,3.77985,0.58381,2.74725,0.09524,0,1,hard
10183,4.36366,3.79396,0.56970,2.71795,0.09524,0,1,hard
10188,4.36366,3.80732,0.55634,2.63004,0.10012,0,1,hard
10193,4.36366,3.82067,0.54299,2.54213,0.10012,0,1,hard
10199,4.36366,3.83326,0.53040,2.49817,0.10501,0,1,hard
10204,4.36366,3.84584,0.51782,2.48352,0.10012,0,1,hard
10209,4.36366,3.85805,0.50561,2.35165,0.10989,0,1,hard
10214,4.36366,3.86988,0.49378,2.30769,0.10012,0,1,hard
10219,4.36366,3.88132,0.48234,2.26374,0.10501,0,1,hard
10224,4.36366,3.89277,0.47089,2.21978,0.10501,0,1,hard
10229,4.36366,3.90383,0.45983,2.11722,0.10501,0,1,hard
10234,4.36366,3.91413,0.44953,2.05861,0.10501,0,1,hard
10239,4.36366,3.92481,0.43885,2.10257,0.10012,0,1,hard
10244,4.36366,3.93511,0.42855,1.97070,0.10501,0,1,hard
10249,4.36366,3.94503,0.41863,1.91209,0.11966,0,1,hard
10254,4.36366,3.95457,0.40909,1.88279,0.11477,0,1,hard
10259,4.36366,3.96410,0.39956,1.83883,0.10501,0,1,hard
10264,4.36366,3.97364,0.39002,1.85348,0.10012,0,1,hard
10269,4.36366,3.98241,0.38125,1.78022,0.10501,0,1,hard
10274,4.36366,3.99081,0.37285,1.60440,0.12454,0,1,hard
10279,4.36366,3.99958,0.36408,1.67766,0.11966,0,1,hard
10284,4.36366,4.00797,0.35569,1.69231,0.10012,0,1,hard
10290,4.36366,4.01637,0.34729,1.53114,0.10501,0,1,hard
10295,4.36366,4.02438,0.33928,1.61905,0.10989,0,1,hard
10300,4.36366,4.03201,0.33165,1.50183,0.10989,0,1,hard
10305,4.36366,4.03887,0.32479,1.34066,0.12943,0,1,hard
10310,4.36366,4.04650,0.31716,1.48718,0.12454,0,1,hard
10315,4.36366,4.05413,0.30953,1.45788,0.10012,0,1,hard
10320,4.36366,4.06100,0.30266,1.34066,0.10012,0,1,hard
10325,4.36366,4.06748,0.29618,1.29671,0.12454,0,1,hard
10330,4.36366,4.07435,0.28931,1.32601,0.11966,0,1,hard
10335,4.36366,4.08084,0.28282,1.22345,0.11966,0,1,hard
10340,4.36366,4.08694,0.27672,1.19414,0.12454,0,1,hard
10345,4.36366,4.09304,0.27062,1.16484,0.12943,0,1,hard
10350,4.36366,4.09915,0.26451,1.20879,0.11966,0,1,hard
10355,4.36366,4.10525,0.25841,1.17949,0.10989,0,1,hard
10360,4.36366,4.11097,0.25269,1.12088,0.11477,0,1,hard
10365,4.36366,4.11593,0.24773,0.98901,0.14408,0,1,hard
10370,4.36366,4.12089,0.24277,0.98901,0.16361,0,1,hard
10376,4.36366,4.12661,0.23705,1.06227,0.14408,0,1,hard
10381,4.36366,4.13195,0.23171,1.04762,0.11477,0,1,hard
10386,4.36366,4.13691,0.22675,0.98901,0.10501,0,1,hard
10391,4.36366,4.14149,0.22217,0.85715,0.13431,0,1,hard
10396,4.36366,4.14607,0.21759,0.93040,0.15385,0,1,hard
10401,4.36366,4.15141,0.21225,1.01832,0.11966,0,1,hard
10406,4.36366,4.15599,0.20767,0.93040,0.10012,0,1,hard
10411,4.36366,4.16018,0.20348,0.79854,0.11966,0,1,hard
10416,4.36366,4.16400,0.19966,0.71062,0.16361,0,1,hard
10421,4.36366,4.16743,0.19623,0.69597,0.20269,0,1,hard
10426,4.36366,4.17125,0.19241,0.78388,0.18804,0,1,hard
10431,4.36366,4.17582,0.18784,0.88645,0.13431,0,1,hard
10436,4.36366,4.18040,0.18326,0.85715,0.09035,0,1,hard
10441,4.36366,4.18422,0.17944,0.68132,0.10012,0,1,hard
10446,4.36366,4.18765,0.17601,0.68132,0.12454,0,1,hard
10451,4.36366,4.19070,0.17296,0.66667,0.15873,0,1,hard
10456,4.36366,4.19413,0.16953,0.65202,0.16361,0,1,hard
10461,4.36366,4.19795,0.16571,0.69597,0.15385,0,1,hard
10467,4.36366,4.20176,0.16190,0.75458,0.11966,0,1,hard
10472,4.36366,4.20520,0.15846,0.65202,0.10989,0,1,hard
10477,4.36366,4.20749,0.15617,0.49084,0.14408,0,1,hard
10482,4.36366,4.21016,0.15350,0.52015,0.17338,0,1,hard
10487,4.36366,4.21321,0.15045,0.56410,0.17827,0,1,hard
10492,4.36366,4.21588,0.14778,0.54945,0.16850,0,1,hard
10497,4.36366,4.21817,0.14549,0.44689,0.17827,0,1,hard
10502,4.36366,4.22122,0.14244,0.56410,0.17338,0,1,hard
10507,4.36366,4.22427,0.13939,0.63736,0.13431,0,1,hard
10512,4.36366,4.22732,0.13634,0.57876,0.10501,0,1,hard
10517,4.36366,4.23037,0.13329,0.52015,0.10501,0,1,hard
10522,4.36366,4.23266,0.13100,0.46154,0.11966,0,1,hard
10527,4.36366,4.23495,0.12871,0.46154,0.13919,0,1,hard
10532,4.36366,4.23724,0.12642,0.46154,0.13919,0,1,hard
10537,4.36366,4.23991,0.12375,0.50550,0.13431,0,1,hard
10542,4.36366,4.24220,0.12146,0.40293,0.13919,0,1,hard
10547,4.36366,4.24372,0.11994,0.32967,0.17338,0,1,hard
10553,4.36366,4.24563,0.11803,0.40293,0.17827,0,1,hard
10558,4.36366,4.24754,0.11612,0.37363,0.17827,0,1,hard
10563,4.36366,4.24983,0.11383,0.38828,0.17338,0,1,hard
10568,4.36366,4.25174,0.11192,0.37363,0.16361,0,1,hard
10573,4.36366,4.25402,0.10964,0.44689,0.13919,0,1,hard
10578,4.36366,4.25593,0.10773,0.31502,0.13919,0,1,hard
10583,4.36366,4.25784,0.10582,0.37363,0.14408,0,1,hard
10588,4.36366,4.25898,0.10468,0.24176,0.16361,0,1,hard
10593,4.36366,4.26089,0.10277,0.38828,0.15873,0,1,hard
10598,4.36366,4.26280,0.10086,0.31502,0.14896,0,1,hard
10603,4.36366,4.26471,0.09895,0.38828,0.12943,0,1,hard
10608,4.36366,4.26623,0.09743,0.28572,0.13431,0,1,hard
10613,4.36366,4.26776,0.09590,0.31502,0.13919,0,1,hard
10618,4.36366,4.26890,0.09476,0.21246,0.16361,0,1,hard
10623,4.36366,4.26928,0.09438,0.10989,0.21734,0,1,hard
10628,4.36366,4.27081,0.09285,0.24176,0.22711,0,1,hard
10633,4.36366,4.27234,0.09132,0.37363,0.18804,0,1,hard
10638,4.36366,4.27386,0.08980,0.21246,0.17338,0,1,hard
10644,4.36366,4.27539,0.08827,0.31502,0.15385,0,1,hard
10649,4.36366,4.27729,0.08637,0.32967,0.13431,0,1,hard
10654,4.36366,4.27844,0.08522,0.24176,0.12454,0,1,hard
10659,4.36366,4.28035,0.08331,0.35898,0.11477,0,1,hard
10664,4.36366,4.28187,0.08179,0.24176,0.10501,0,1,hard
10669,4.36366,4.28340,0.08026,0.34432,0.10012,0,1,hard
10674,4.36366,4.28454,0.07912,0.13920,0.12454,0,1,hard
10679,4.36366,4.28492,0.07874,0.09524,0.16850,0,1,hard
10684,4.36366,4.28607,0.07759,0.24176,0.17338,0,1,hard
10689,4.36366,4.28759,0.07607,0.32967,0.13919,0,1,hard
10694,4.36366,4.28874,0.07492,0.18315,0.12943,0,1,hard
10699,4.36366,4.29026,0.07340,0.25641,0.11966,0,1,hard
10704,4.36366,4.29103,0.07263,0.19780,0.12943,0,1,hard
10709,4.36366,4.29103,0.07263,0.02198,0.17827,0,1,hard
10714,4.36366,4.29141,0.07225,0.02198,0.22222,0,1,hard
10719,4.36366,4.29179,0.07187,0.10989,0.23687,0,1,hard
10724,4.36366,4.29217,0.07149,0.12454,0.23199,0,1,hard
10730,4.36366,4.29332,0.07034,0.15385,0.21245,0,1,hard
10735,4.36366,4.29408,0.06958,0.16850,0.18804,0,1,hard
10740,4.36366,4.29446,0.06920,0.05128,0.20757,0,1,hard
10745,4.36366,4.29446,0.06920,0.00733,0.24176,0,1,hard
10750,4.36366,4.29446,0.06920,0.05128,0.26618,0,1,hard
10755,4.36366,4.29484,0.06882,0.03663,0.26618,0,1,hard
10760,4.36366,4.29484,0.06882,0.02198,0.27595,0,1,hard
10765,4.36366,4.29522,0.06844,0.03663,0.28083,0,1,hard
10770,4.36366,4.29522,0.06844,0.05128,0.27595,0,1,hard
10775,4.36366,4.29560,0.06806,0.06594,0.26130,0,1,hard
10780,4.36366,4.29675,0.06691,0.13920,0.23199,0,1,hard
10785,4.36366,4.29789,0.06577,0.22711,0.18804,0,1,hard
10790,4.36366,4.29827,0.06538,0.08059,0.17827,0,1,hard
10795,4.36366,4.29827,0.06538,-0.00733,0.21734,0,1,hard
10800,4.36366,4.29827,0.06538,0.00733,0.23687,0,1,hard
10805,4.36366,4.29866,0.06500,0.06594,0.25153,0,1,hard
10810,4.36366,4.29904,0.06462,0.03663,0.25153,0,1,hard
10816,4.36366,4.29942,0.06424,0.05128,0.24664,0,1,hard
10821,4.36366,4.29980,0.06386,0.09524,0.23199,0,1,hard
10826,4.36366,4.30095,0.06271,0.18315,0.19292,0,1,hard
10831,4.36366,4.30247,0.06119,0.24176,0.14408,0,1,hard
10836,4.36366,4.30285,0.06081,0.03663,0.15385,0,1,hard
10841,4.36366,4.30285,0.06081,0.03663,0.18315,0,1,hard
10846,4.36366,4.30323,0.06043,0.10989,0.18315,0,1,hard
10851,4.36366,4.30438,0.05928,0.21246,0.14896,0,1,hard
10856,4.36366,4.30590,0.05776,0.27106,0.10501,0,1,hard
10861,4.36366,4.30629,0.05737,0.03663,0.10989,0,1,hard
10866,4.36366,4.30667,0.05699,0.00733,0.15385,0,1,hard
10871,4.36366,4.30705,0.05661,0.09524,0.16850,0,1,hard
10876,4.36366,4.30781,0.05585,0.15385,0.15385,0,1,hard
10881,4.36366,4.30896,0.05470,0.24176,0.10989,0,1,hard
10886,4.36366,4.31010,0.05356,0.15385,0.09524,0,1,hard
10891,4.36366,4.31010,0.05356,0.00733,0.12454,0,1,hard
10896,4.36366,4.31010,0.05356,0.00733,0.16361,0,1,hard
10901,4.36366,4.31048,0.05318,0.08059,0.17338,0,1,hard
10907,4.36366,4.31086,0.05280,0.09524,0.16850,0,1,hard
10912,4.36366,4.31163,0.05203,0.13920,0.13919,0,1,hard
10917,4.36366,4.31277,0.05089,0.19780,0.10989,0,1,hard
10922,4.36366,4.31315,0.05051,0.09524,0.10501,0,1,hard
10927,4.36366,4.31315,0.05051,-0.00733,0.13919,0,1,hard
10932,4.36366,4.31353,0.05013,0.02198,0.16850,0,1,hard
10937,4.36366,4.31353,0.05013,0.05128,0.18315,0,1,hard
10942,4.36366,4.31392,0.04974,0.02198,0.17338,0,0,hard
10947,3.36366,4.31392,-0.95026,0.02198,0.18315,0,1,hard
10952,3.36366,4.31430,-0.95064,0.03663,0.18315,0,1,hard
10957,3.36366,4.31468,-0.95102,0.06594,0.17338,0,1,hard
10962,3.36366,4.31506,-0.95140,0.10989,0.15385,0,1,hard
10967,3.36366,4.31620,-0.95254,0.15385,0.11966,0,1,hard
10972,3.36366,4.31659,-0.95293,0.10989,0.10989,0,1,hard
10977,3.36366,4.31048,-0.94682,-2.71795,-0.73504,0,1,hard
10982,3.36366,4.29065,-0.92699,-4.56410,-0.57875,0,1,hard
10987,3.36366,4.26776,-0.90410,-4.60806,-0.25641,0,1,hard
10992,3.36366,4.24601,-0.88235,-4.28571,-0.10501,0,1,hard
10998,3.36366,4.22503,-0.86137,-4.15385,-0.10012,0,1,hard
11003,3.36366,4.20443,-0.84077,-4.05128,-0.09035,0,1,hard
11008,3.36366,4.18422,-0.82056,-3.99267,-0.10501,0,1,hard
11013,3.36366,4.16438,-0.80072,-3.89011,-0.10012,0,1,hard
11018,3.36366,4.14492,-0.78126,-3.77289,-0.09035,0,1,hard
11023,3.36366,4.12623,-0.76257,-3.69963,-0.08547,0,1,hard
11028,3.36366,4.10792,-0.74426,-3.53846,-0.08547,0,1,hard
11033,3.36366,4.08999,-0.72633,-3.56777,-0.10501,0,1,hard
11038,3.36366,4.07244,-0.70878,-3.40659,-0.08547,0,1,hard
11043,3.36366,4.05566,-0.69200,-3.30403,-0.09035,0,1,hard
11048,3.36366,4.03887,-0.67521,-3.28938,-0.10501,0,1,hard
11053,3.36366,4.02247,-0.65881,-3.15751,-0.09035,0,1,hard
11058,3.36366,4.00683,-0.64317,-3.11355,-0.09524,0,1,hard
11063,3.36366,3.99119,-0.62753,-3.04029,-0.09524,0,1,hard
11068,3.36366,3.97631,-0.61265,-2.90842,-0.09035,0,1,hard
11073,3.36366,3.96143,-0.59777,-2.92308,-0.10501,0,1,hard
11078,3.36366,3.94732,-0.58366,-2.80586,-0.10501,0,1,hard
11083,3.36366,3.93358,-0.56992,-2.70330,-0.10501,0,1,hard
11088,3.36366,3.91985,-0.55619,-2.68864,-0.10012,0,1,hard
11094,3.36366,3.90650,-0.54284,-2.64469,-0.10012,0,1,hard
11099,3.36366,3.89353,-0.52987,-2.48352,-0.10012,0,1,hard
11104,3.36366,3.88094,-0.51728,-2.48352,-0.10501,0,1,hard
11109,3.36366,3.86873,-0.50507,-2.43956,-0.10989,0,1,hard
11114,3.36366,3.85653,-0.49287,-2.33700,-0.09524,0,1,hard
11119,3.36366,3.84508,-0.48142,-2.24908,-0.10501,0,1,hard
11124,3.36366,3.83364,-0.46998,-2.27839,-0.10501,0,1,hard
11129,3.36366,3.82257,-0.45891,-2.17582,-0.11477,0,1,hard
11134,3.36366,3.81189,-0.44823,-2.13187,-0.10012,0,1,hard
11139,3.36366,3.80121,-0.43755,-2.02930,-0.10989,0,1,hard
11144,3.36366,3.79091,-0.42725,-2.07326,-0.10989,0,1,hard
11149,3.36366,3.78061,-0.41695,-2.00000,-0.10501,0,1,hard
11154,3.36366,3.77108,-0.40742,-1.88278,-0.11477,0,1,hard
11159,3.36366,3.76154,-0.39788,-1.85348,-0.11966,0,1,hard
11164,3.36366,3.75238,-0.38872,-1.83883,-0.10989,0,1,hard
11169,3.36366,3.74323,-0.37957,-1.79487,-0.10501,0,1,hard
11174,3.36366,3.73407,-0.37041,-1.80952,-0.10501,0,1,hard
11180,3.36366,3.72568,-0.36202,-1.67766,-0.10989,0,1,hard
11185,3.36366,3.71767,-0.35401,-1.53114,-0.12943,0,1,hard
11190,3.36366,3.70928,-0.34562,-1.66300,-0.12943,0,1,hard
11195,3.36366,3.70089,-0.33723,-1.63370,-0.10989,0,1,hard
11200,3.36366,3.69364,-0.32998,-1.45788,-0.12943,0,1,hard
11205,3.36366,3.68563,-0.32197,-1.54579,-0.13431,0,1,hard
11210,3.36366,3.67838,-0.31472,-1.42857,-0.12454,0,1,hard
11215,3.36366,3.67189,-0.30823,-1.29670,-0.14408,0,1,hard
11220,3.36366,3.66465,-0.30099,-1.38461,-0.14896,0,1,hard
11225,3.36366,3.65740,-0.29374,-1.44322,-0.12454,0,1,hard
11230,3.36366,3.65091,-0.28725,-1.29670,-0.12454,0,1,hard
11235,3.36366,3.64481,-0.28115,-1.17949,-0.15385,0,1,hard
11240,3.36366,3.63870,-0.27504,-1.22344,-0.16361,0,1,hard
11245,3.36366,3.63222,-0.26856,-1.23809,-0.13919,0,1,hard
11250,3.36366,3.62650,-0.26284,-1.13553,-0.14408,0,1,hard
11255,3.36366,3.62078,-0.25712,-1.15018,-0.14896,0,1,hard
11260,3.36366,3.61505,-0.25139,-1.12088,-0.13919,0,1,hard
11265,3.36366,3.60933,-0.24567,-1.15018,-0.13431,0,1,hard
11271,3.36366,3.60399,-0.24033,-1.06227,-0.14408,0,1,hard
11276,3.36366,3.59903,-0.23537,-1.01831,-0.15873,0,1,hard
11281,3.36366,3.59407,-0.23041,-0.94506,-0.17338,0,1,hard
11286,3.36366,3.58988,-0.22622,-0.88645,-0.19780,0,1,hard
11291,3.36366,3.58492,-0.22126,-0.93040,-0.18803,0,1,hard
11296,3.36366,3.57958,-0.21592,-0.98901,-0.14896,0,1,hard
11301,3.36366,3.57500,-0.21134,-0.93040,-0.13919,0,1,hard
11306,3.36366,3.57042,-0.20676,-0.87180,-0.14408,0,1,hard
11311,3.36366,3.56661,-0.20295,-0.76923,-0.17827,0,1,hard
11316,3.36366,3.56279,-0.19913,-0.81319,-0.19292,0,1,hard
11321,3.36366,3.55821,-0.19455,-0.91575,-0.17338,0,1,hard
11326,3.36366,3.55363,-0.18997,-0.87180,-0.14896,0,1,hard
11331,3.36366,3.54982,-0.18616,-0.72528,-0.15385,0,1,hard
11336,3.36366,3.54639,-0.18273,-0.69597,-0.18803,0,1,hard
11341,3.36366,3.54372,-0.18006,-0.60806,-0.21734,0,1,hard
11346,3.36366,3.54028,-0.17662,-0.63736,-0.23687,0,1,hard
11351,3.36366,3.53685,-0.17319,-0.71062,-0.21245,0,1,hard
11357,3.36366,3.53265,-0.16899,-0.78388,-0.16361,0,1,hard
11362,3.36366,3.52884,-0.16518,-0.76923,-0.12454,0,1,hard
11367,3.36366,3.52541,-0.16175,-0.62271,-0.12943,0,1,hard
11372,3.36366,3.52274,-0.15908,-0.53480,-0.16850,0,1,hard
11377,3.36366,3.52007,-0.15641,-0.54945,-0.20269,0,1,hard
11382,3.36366,3.51740,-0.15374,-0.57875,-0.22222,0,1,hard
11387,3.36366,3.51472,-0.15106,-0.53480,-0.22711,0,1,hard
11392,3.36366,3.51167,-0.14801,-0.56410,-0.20757,0,1,hard
11397,3.36366,3.50862,-0.14496,-0.62271,-0.18315,0,1,hard
11402,3.36366,3.50519,-0.14153,-0.62271,-0.14896,0,1,hard
11407,3.36366,3.50252,-0.13886,-0.53480,-0.14896,0,1,hard
11412,3.36366,3.50099,-0.13733,-0.32967,-0.20269,0,1,hard
11417,3.36366,3.49870,-0.13504,-0.44689,-0.23199,0,1,hard
11422,3.36366,3.49641,-0.13275,-0.49084,-0.22222,0,1,hard
11427,3.36366,3.49413,-0.13047,-0.47619,-0.20269,0,1,hard
11432,3.36366,3.49184,-0.12818,-0.44689,-0.20269,0,1,hard
11437,3.36366,3.48993,-0.12627,-0.40293,-0.20757,0,1,hard
11443,3.36366,3.48726,-0.12360,-0.50550,-0.19780,0,1,hard
11448,3.36366,3.48497,-0.12131,-0.44689,-0.18315,0,1,hard
11453,3.36366,3.48230,-0.11864,-0.49084,-0.15873,0,1,hard
11458,3.36366,3.47963,-0.11597,-0.53480,-0.13431,0,1,hard
11463,3.36366,3.47810,-0.11444,-0.34432,-0.15385,0,1,hard
11468,3.36366,3.47658,-0.11292,-0.32967,-0.19292,0,1,hard
11473,3.36366,3.47505,-0.11139,-0.30037,-0.22222,0,1,hard
11478,3.36366,3.47314,-0.10948,-0.43223,-0.21734,0,1,hard
11483,3.36366,3.47162,-0.10796,-0.30037,-0.21734,0,1,hard
11488,3.36366,3.46971,-0.10605,-0.37363,-0.21245,0,1,hard
11493,3.36366,3.46819,-0.10453,-0.30037,-0.21245,0,1,hard
11498,3.36366,3.46666,-0.10300,-0.31502,-0.21245,0,1,hard
11503,3.36366,3.46513,-0.10147,-0.31502,-0.21734,0,1,hard
11508,3.36366,3.46437,-0.10071,-0.15385,-0.25153,0,1,hard
11513,3.36366,3.46284,-0.09918,-0.30037,-0.25153,0,1,hard
11518,3.36366,3.46132,-0.09766,-0.34432,-0.22711,0,1,hard
11523,3.36366,3.45979,-0.09613,-0.25641,-0.21245,0,1,hard
11528,3.36366,3.45788,-0.09422,-0.38828,-0.19292,0,1,hard
11534,3.36366,3.45712,-0.09346,-0.18315,-0.20269,0,1,hard
11539,3.36366,3.45560,-0.09194,-0.24176,-0.21245,0,1,hard
11544,3.36366,3.45407,-0.09041,-0.37363,-0.18803,0,1,hard
11549,3.36366,3.45254,-0.08888,-0.24176,-0.17827,0,1,hard
11554,3.36366,3.45102,-0.08736,-0.31502,-0.17338,0,1,hard
11559,3.36366,3.45026,-0.08660,-0.13919,-0.19780,0,1,hard
11564,3.36366,3.44987,-0.08621,-0.09524,-0.25641,0,1,hard
11569,3.36366,3.44911,-0.08545,-0.21245,-0.26129,0,1,hard
11574,3.36366,3.44720,-0.08354,-0.34432,-0.21245,0,1,hard
11579,3.36366,3.44568,-0.08202,-0.25641,-0.17827,0,1,hard
11584,3.36366,3.44415,-0.08049,-0.28572,-0.15873,0,1,hard
11589,3.36366,3.44301,-0.07935,-0.27106,-0.15385,0,1,hard
11594,3.36366,3.44263,-0.07897,-0.06593,-0.19780,0,1,hard
11599,3.36366,3.44224,-0.07858,-0.10989,-0.24664,0,1,hard
11604,3.36366,3.44148,-0.07782,-0.19780,-0.24664,0,1,hard
11609,3.36366,3.43996,-0.07630,-0.30037,-0.20269,0,1,hard
11614,3.36366,3.43919,-0.07553,-0.15385,-0.19780,0,1,hard
11620,3.36366,3.43881,-0.07515,-0.08059,-0.22711,0,1,hard
11625,3.36366,3.43767,-0.07401,-0.18315,-0.23199,0,1,hard
11630,3.36366,3.43652,-0.07286,-0.30037,-0.19292,0,1,hard
11635,3.36366,3.43576,-0.07210,-0.13919,-0.18803,0,1,hard
11640,3.36366,3.43576,-0.07210,-0.02198,-0.25153,0,1,hard
11645,3.36366,3.43576,-0.07210,-0.05128,-0.28083,0,1,hard
11650,3.36366,3.43538,-0.07172,-0.10989,-0.28571,0,1,hard
11655,3.36366,3.43462,-0.07096,-0.10989,-0.27595,0,1,hard
11660,3.36366,3.43385,-0.07019,-0.18315,-0.24176,0,1,hard
11665,3.36366,3.43233,-0.06867,-0.28572,-0.19292,0,1,hard
11670,3.36366,3.43156,-0.06790,-0.13919,-0.18315,0,1,hard
11675,3.36366,3.43080,-0.06714,-0.10989,-0.19780,0,1,hard
11680,3.36366,3.42966,-0.06600,-0.25641,-0.17827,0,1,hard
11685,3.36366,3.42813,-0.06447,-0.28572,-0.14408,0,1,hard
11690,3.36366,3.42775,-0.06409,-0.03663,-0.16361,0,1,hard
11695,3.36366,3.42775,-0.06409,-0.02198,-0.21734,0,1,hard
11700,3.36366,3.42775,-0.06409,-0.09524,-0.24176,0,1,hard
11705,3.36366,3.42699,-0.06333,-0.13919,-0.22711,0,1,hard
11711,3.36366,3.42584,-0.06218,-0.21245,-0.19292,0,1,hard
11716,3.36366,3.42470,-0.06104,-0.19780,-0.16850,0,1,hard
11721,3.36366,3.42470,-0.06104,-0.02198,-0.19292,0,1,hard
11726,3.36366,3.42470,-0.06104,-0.02198,-0.22711,0,1,hard
11731,3.36366,3.42432,-0.06066,-0.08059,-0.24664,0,1,hard
11736,3.36366,3.42393,-0.06027,-0.08059,-0.24664,0,1,hard
11741,3.36366,3.42355,-0.05989,-0.08059,-0.23687,0,1,hard
11746,3.36366,3.42317,-0.05951,-0.13919,-0.22222,0,1,hard
11751,3.36366,3.42203,-0.05837,-0.21245,-0.18803,0,1,hard
11756,3.36366,3.42126,-0.05760,-0.15385,-0.16850,0,1,hard
11761,3.36366,3.42126,-0.05760,-0.00733,-0.19780,0,1,hard
11766,3.36366,3.42126,-0.05760,-0.02198,-0.22222,0,1,hard
11771,3.36366,3.42088,-0.05722,-0.06593,-0.24176,0,1,hard
11776,3.36366,3.42088,-0.05722,-0.05128,-0.24176,0,1,hard
11781,3.36366,3.42050,-0.05684,-0.03663,-0.25153,0,1,hard
11786,3.36366,3.42050,-0.05684,-0.03663,-0.25641,0,1,hard
11791,3.36366,3.42012,-0.05646,-0.05128,-0.25153,0,1,hard
11797,3.36366,3.41974,-0.05608,-0.06593,-0.24176,0,1,hard
11802,3.36366,3.41936,-0.05570,-0.10989,-0.22222,0,1,hard
11807,3.36366,3.41821,-0.05455,-0.16850,-0.19292,0,1,hard
11812,3.36366,3.41745,-0.05379,-0.15385,-0.17338,0,1,hard
11817,3.36366,3.41745,-0.05379,-0.00733,-0.19292,0,1,hard
11822,3.36366,3.41745,-0.05379,-0.02198,-0.22222,0,1,hard
11827,3.36366,3.41745,-0.05379,-0.05128,-0.23687,0,1,hard
11832,3.36366,3.41745,-0.05379,-0.03663,-0.23687,0,1,hard
11837,3.36366,3.41745,-0.05379,-0.02198,-0.24664,0,1,hard
11842,3.36366,3.41745,-0.05379,-0.02198,-0.25153,0,1,hard
11847,3.36366,3.41707,-0.05341,-0.02198,-0.25153,0,1,hard
11852,3.36366,3.41707,-0.05341,-0.02198,-0.25641,0,1,hard
11857,3.36366,3.41707,-0.05341,-0.02198,-0.25153,0,1,hard
11862,3.36366,3.41707,-0.05341,-0.02198,-0.25641,0,1,hard
11867,3.36366,3.41669,-0.05303,-0.02198,-0.25641,0,1,hard
11872,3.36366,3.41669,-0.05303,-0.03663,-0.25153,0,1,hard
11877,3.36366,3.41669,-0.05303,-0.03663,-0.25153,0,1,hard
11882,3.36366,3.41630,-0.05264,-0.05128,-0.24664,1,1,hard
11888,3.36366,3.41592,-0.05226,-0.05128,-0.23199,0,1,hard
11893,3.36366,3.41554,-0.05188,-0.09524,-0.21734,0,1,hard
11898,3.36366,3.41478,-0.05112,-0.13919,-0.19292,0,1,hard
11903,3.36366,3.41440,-0.05074,-0.09524,-0.18315,0,1,hard
11908,3.36366,3.41440,-0.05074,-0.00733,-0.19780,0,1,hard
11913,3.36366,3.41440,-0.05074,-0.02198,-0.22222,0,1,hard
11918,3.36366,3.41402,-0.05036,-0.05128,-0.23199,0,1,hard
11923,3.36366,3.41402,-0.05036,-0.02198,-0.23199,0,1,hard
11928,3.36366,3.41402,-0.05036,-0.00733,-0.24176,0,1,hard
11933,3.36366,3.41402,-0.05036,-0.02198,-0.24176,0,1,hard
11938,3.36366,3.41402,-0.05036,-0.00733,-0.24664,0,1,hard
11943,3.36366,3.41402,-0.05036,-0.00733,-0.24664,0,1,hard
11948,3.36366,3.41402,-0.05036,-0.00733,-0.25153,0,1,hard
11953,3.36366,3.41402,-0.05036,-0.02198,-0.25153,0,1,hard
11958,3.36366,3.41402,-0.05036,-0.00733,-0.25153,0,1,hard
11963,3.36366,3.41402,-0.05036,-0.00733,-0.25153,0,1,hard
11968,3.36366,3.41402,-0.05036,-0.00733,-0.25153,0,1,hard
11974,3.36366,3.41402,-0.05036,-0.00733,-0.25153,1,1,hard
11979,3.36366,3.41402,-0.05036,-0.00733,-0.25153,1,1,hard
11984,3.36366,3.41402,-0.05036,-0.00733,-0.25641,1,1,hard
11989,3.36366,3.41402,-0.05036,-0.00733,-0.26129,1,1,hard
11994,3.36366,3.41402,-0.05036,-0.00733,-0.25641,1,1,hard
11999,3.36366,3.41402,-0.05036,-0.00733,-0.25641,1,1,hard
12004,3.36366,3.41402,-0.05036,-0.00733,-0.26129,1,1,hard
12009,3.36366,3.41402,-0.05036,-0.00733,-0.26129,1,1,hard
12014,3.36366,3.41402,-0.05036,-0.00733,-0.25641,1,1,hard
12019,3.36366,3.41402,-0.05036,-0.00733,-0.26129,1,1,hard
12024,3.36366,3.41402,-0.05036,-0.00733,-0.26129,1,1,hard
12029,3.36366,3.41402,-0.05036,-0.00733,-0.26129,1,1,hard
12034,3.36366,3.41402,-0.05036,-0.00733,-0.25641,1,1,hard
12039,3.36366,3.41402,-0.05036,-0.00733,-0.25641,1,1,hard
12044,3.36366,3.41402,-0.05036,-0.00733,-0.25641,1,1,hard
12049,3.36366,3.41402,-0.05036,-0.00733,-0.25641,1,1,hard
12054,3.36366,3.41402,-0.05036,-0.00733,-0.25641,1,1,hard
12059,3.36366,3.41402,-0.05036,-0.00733,-0.26129,1,1,hard
12065,3.36366,3.41402,-0.05036,-0.00733,-0.25641,1,1,hard
12070,3.36366,3.41402,-0.05036,-0.00733,-0.25641,1,1,hard
12075,3.36366,3.41402,-0.05036,-0.00733,-0.25641,1,1,hard
12080,3.36366,3.41402,-0.05036,-0.00733,-0.25641,1,1,hard
12085,3.36366,3.41402,-0.05036,-0.00733,-0.25641,1,1,hard
12090,3.36366,3.41402,-0.05036,-0.00733,-0.25641,1,1,hard
12095,3.36366,3.41402,-0.05036,-0.00733,-0.26129,1,1,hard
12100,3.36366,3.41402,-0.05036,-0.00733,-0.26129,1,1,hard
12105,3.36366,3.41402,-0.05036,-0.00733,-0.25641,1,1,hard
12110,3.36366,3.41402,-0.05036,-0.00733,-0.25641,1,1,hard
12115,3.36366,3.41402,-0.05036,-0.00733,-0.25641,1,1,hard
12120,3.36366,3.41402,-0.05036,-0.00733,-0.26129,1,1,hard
12125,3.36366,3.41402,-0.05036,-0.00733,-0.26129,1,1,hard
12130,3.36366,3.41402,-0.05036,-0.00733,-0.25641,1,1,hard
12135,3.36366,3.41402,-0.05036,-0.00733,-0.26129,1,1,hard
12140,3.36366,3.41402,-0.05036,-0.00733,-0.25641,1,1,hard
12145,3.36366,3.41402,-0.05036,-0.00733,-0.25641,1,1,hard
12150,3.36366,3.41402,-0.05036,-0.00733,-0.25641,1,1,hard
12156,3.36366,3.41402,-0.05036,-0.00733,-0.25641,1,1,hard
12161,3.36366,3.41402,-0.05036,-0.00733,-0.26129,1,1,hard
12166,3.36366,3.41402,-0.05036,-0.00733,-0.25641,1,1,hard
12171,3.36366,3.41402,-0.05036,-0.00733,-0.25641,1,1,hard
12176,3.36366,3.41402,-0.05036,-0.00733,-0.25641,1,1,hard
12181,3.36366,3.41402,-0.05036,-0.00733,-0.25641,1,1,hard
12186,3.36366,3.41402,-0.05036,-0.00733,-0.26129,1,1,hard
12191,3.36366,3.41402,-0.05036,-0.00733,-0.26129,1,1,hard
12196,3.36366,3.41402,-0.05036,-0.00733,-0.25641,1,1,hard
12201,3.36366,3.41402,-0.05036,-0.00733,-0.25641,1,1,hard
12206,3.36366,3.41402,-0.05036,-0.00733,-0.25641,1,1,hard
12211,3.36366,3.41402,-0.05036,-0.00733,-0.25641,1,1,hard
12216,3.36366,3.41402,-0.05036,-0.00733,-0.26129,1,1,hard
12221,3.36366,3.41402,-0.05036,-0.00733,-0.26129,1,1,hard
12226,3.36366,3.41402,-0.05036,-0.00733,-0.25641,1,1,hard
12231,3.36366,3.41402,-0.05036,-0.00733,-0.25641,1,1,hard
12236,3.36366,3.41402,-0.05036,-0.00733,-0.25641,1,1,hard
12241,3.36366,3.41402,-0.05036,-0.00733,-0.25641,1,1,hard
12247,3.36366,3.41402,-0.05036,-0.00733,-0.25641,1,1,hard
12252,3.36366,3.41402,-0.05036,-0.00733,-0.26129,1,1,hard
12257,3.36366,3.41402,-0.05036,-0.00733,-0.25641,1,1,hard
12262,3.36366,3.41402,-0.05036,-0.00733,-0.25641,1,1,hard
12267,3.36366,3.41402,-0.05036,-0.00733,-0.25641,1,1,hard
12272,3.36366,3.41402,-0.05036,-0.00733,-0.25641,1,1,hard
12277,3.36366,3.41402,-0.05036,-0.00733,-0.25641,1,1,hard
12282,3.36366,3.41402,-0.05036,-0.00733,-0.25641,1,1,hard
12287,3.36366,3.41402,-0.05036,-0.00733,-0.25641,1,1,hard
12292,3.36366,3.41402,-0.05036,-0.00733,-0.25641,1,1,hard
12297,3.36366,3.41402,-0.05036,-0.00733,-0.25641,1,1,hard
12302,3.36366,3.41402,-0.05036,-0.00733,-0.25641,1,1,hard
12307,3.36366,3.41402,-0.05036,-0.00733,-0.26129,1,1,hard
12312,3.36366,3.41402,-0.05036,-0.00733,-0.25641,1,1,hard
12317,3.36366,3.41402,-0.05036,-0.00733,-0.26129,1,1,hard
12322,3.36366,3.41363,-0.04997,-0.00733,-0.25641,1,0,hard
12327,4.36366,3.41363,0.95003,-0.00733,-0.25153,1,1,hard
12333,4.36366,3.41363,0.95003,-0.00733,-0.25153,1,1,hard
12338,4.36366,3.41363,0.95003,-0.00733,-0.25641,1,1,hard
12343,4.36366,3.41363,0.95003,-0.00733,-0.25153,1,1,hard
12348,4.36366,3.41363,0.95003,-0.00733,-0.25641,1,1,hard
12353,4.36366,3.41363,0.95003,-0.00733,-0.26129,1,1,hard
12358,4.36366,3.41974,0.94392,2.93773,0.65202,1,1,hard
12363,4.36366,3.43881,0.92485,4.52015,0.52015,1,1,hard
12368,4.36366,3.46056,0.90310,4.43224,0.22222,0,1,hard
12373,4.36366,3.48268,0.88098,4.25641,0.10989,0,1,hard
12378,4.36366,3.50366,0.86000,4.10989,0.08547,0,1,hard
12383,4.36366,3.52426,0.83940,4.05128,0.07082,0,1,hard
12388,4.36366,3.54448,0.81918,3.94872,0.08547,0,1,hard
12393,4.36366,3.56432,0.79934,3.86081,0.07570,0,1,hard
12398,4.36366,3.58339,0.78027,3.75824,0.07570,0,1,hard
12403,4.36366,3.60208,0.76158,3.62637,0.07570,0,1,hard
12408,4.36366,3.62039,0.74327,3.58242,0.08547,0,1,hard
12413,4.36366,3.63794,0.72572,3.45055,0.09035,0,1,hard
12419,4.36366,3.65511,0.70855,3.39194,0.08547,0,1,hard
12424,4.36366,3.67228,0.69138,3.31868,0.10012,0,1,hard
12429,4.36366,3.68868,0.67498,3.20147,0.09035,0,1,hard
12434,4.36366,3.70470,0.65896,3.14286,0.09524,0,1,hard
12439,4.36366,3.72034,0.64332,3.08425,0.10012,0,1,hard
12444,4.36366,3.73560,0.62806,2.96703,0.09524,0,1,hard
12449,4.36366,3.75086,0.61280,2.92308,0.10012,0,1,hard
12454,4.36366,3.76497,0.59869,2.82051,0.10501,0,1,hard
12459,4.36366,3.77909,0.58457,2.73260,0.10012,0,1,hard
12464,4.36366,3.79282,0.57084,2.71795,0.10501,0,1,hard
12469,4.36366,3.80655,0.55711,2.61539,0.10989,0,1,hard
12474,4.36366,3.81952,0.54414,2.54213,0.10989,0,1,hard
12479,4.36366,3.83211,0.53155,2.48352,0.10989,0,1,hard
12484,4.36366,3.84470,0.51896,2.46886,0.10989,0,1,hard
12489,4.36366,3.85691,0.50675,2.35165,0.11966,0,1,hard
12494,4.36366,3.86873,0.49493,2.29304,0.10989,0,1,hard
12499,4.36366,3.88018,0.48348,2.27839,0.11477,0,1,hard
12504,4.36366,3.89162,0.47204,2.21978,0.11477,0,1,hard
12510,4.36366,3.90269,0.46097,2.13187,0.11966,0,1,hard
12515,4.36366,3.91337,0.45029,2.02930,0.10989,0,1,hard
12520,4.36366,3.92405,0.43961,2.10257,0.10989,0,1,hard
12525,4.36366,3.93397,0.42969,2.01465,0.11477,0,1,hard
12530,4.36366,3.94388,0.41978,1.89744,0.11966,0,1,hard
12535,4.36366,3.95342,0.41024,1.88279,0.11966,0,1,hard
12540,4.36366,3.96296,0.40070,1.83883,0.11966,0,1,hard
12545,4.36366,3.97211,0.39155,1.83883,0.10989,0,1,hard
12550,4.36366,3.98127,0.38239,1.78022,0.11477,0,1,hard
12555,4.36366,3.98966,0.37400,1.58974,0.12943,0,1,hard
12560,4.36366,3.99844,0.36522,1.67766,0.12943,0,1,hard
12565,4.36366,4.00683,0.35683,1.69231,0.10989,0,1,hard
12570,4.36366,4.01484,0.34882,1.53114,0.11477,0,1,hard
12575,4.36366,4.02285,0.34081,1.60440,0.11477,0,1,hard
12580,4.36366,4.03086,0.33280,1.51649,0.11477,0,1,hard
12585,4.36366,4.03773,0.32593,1.34066,0.13919,0,1,hard
12590,4.36366,4.04498,0.31868,1.41392,0.14896,0,1,hard
12595,4.36366,4.05260,0.31106,1.48718,0.11966,0,1,hard
12601,4.36366,4.05947,0.30419,1.35531,0.10989,0,1,hard
12606,4.36366,4.06634,0.29732,1.26740,0.13431,0,1,hard
12611,4.36366,4.07282,0.29084,1.31136,0.13919,0,1,hard
12616,4.36366,4.07931,0.28435,1.25275,0.13431,0,1,hard
12621,4.36366,4.08541,0.27825,1.17949,0.12943,0,1,hard
12626,4.36366,4.09152,0.27214,1.16484,0.13919,0,1,hard
12631,4.36366,4.09724,0.26642,1.19414,0.13431,0,1,hard
12636,4.36366,4.10372,0.25994,1.17949,0.12454,0,1,hard
12641,4.36366,4.10906,0.25460,1.12088,0.12454,0,1,hard
12646,4.36366,4.11440,0.24926,1.00366,0.14896,0,1,hard
12651,4.36366,4.11936,0.24430,0.95971,0.17338,0,1,hard
12656,4.36366,4.12470,0.23896,1.04762,0.16850,0,1,hard
12661,4.36366,4.13004,0.23361,1.04762,0.12943,0,1,hard
12666,4.36366,4.13539,0.22827,1.00366,0.10989,0,1,hard
12671,4.36366,4.13996,0.22370,0.87180,0.13919,0,1,hard
12676,4.36366,4.14416,0.21950,0.85715,0.15873,0,1,hard
12681,4.36366,4.14912,0.21454,0.97436,0.14896,0,1,hard
12687,4.36366,4.15446,0.20920,0.97436,0.11966,0,1,hard
12692,4.36366,4.15866,0.20500,0.84249,0.11966,0,1,hard
12697,4.36366,4.16209,0.20157,0.72528,0.15873,0,1,hard
12702,4.36366,4.16552,0.19814,0.66667,0.19780,0,1,hard
12707,4.36366,4.16934,0.19432,0.72528,0.21734,0,1,hard
12712,4.36366,4.17353,0.19013,0.82784,0.16850,0,1,hard
12717,4.36366,4.17849,0.18517,0.87180,0.11477,0,1,hard
12722,4.36366,4.18231,0.18135,0.72528,0.10501,0,1,hard
12727,4.36366,4.18574,0.17792,0.63736,0.12454,0,1,hard
12732,4.36366,4.18879,0.17487,0.63736,0.15873,0,1,hard
12737,4.36366,4.19184,0.17181,0.59341,0.17827,0,1,hard
12742,4.36366,4.19528,0.16838,0.65202,0.17827,0,1,hard
12747,4.36366,4.19909,0.16457,0.71062,0.15873,0,1,hard
12752,4.36366,4.20291,0.16075,0.71062,0.12943,0,1,hard
12757,4.36366,4.20558,0.15808,0.57876,0.13919,0,1,hard
12762,4.36366,4.20825,0.15541,0.47619,0.17338,0,1,hard
12767,4.36366,4.21054,0.15312,0.50550,0.19780,0,1,hard
12773,4.36366,4.21359,0.15007,0.54945,0.19780,0,1,hard
12778,4.36366,4.21626,0.14740,0.52015,0.18804,0,1,hard
12783,4.36366,4.21855,0.14511,0.41758,0.19780,0,1,hard
12788,4.36366,4.22122,0.14244,0.54945,0.19780,0,1,hard
12793,4.36366,4.22427,0.13939,0.60806,0.15385,0,1,hard
12798,4.36366,4.22732,0.13634,0.54945,0.11966,0,1,hard
12803,4.36366,4.22999,0.13367,0.49084,0.11966,0,1,hard
12808,4.36366,4.23228,0.13138,0.44689,0.13919,0,1,hard
12813,4.36366,4.23457,0.12909,0.41758,0.16361,0,1,hard
12818,4.36366,4.23686,0.12680,0.43224,0.16850,0,1,hard
12823,4.36366,4.23915,0.12451,0.50550,0.15385,0,1,hard
12828,4.36366,4.24105,0.12261,0.35898,0.16361,0,1,hard
12833,4.36366,4.24296,0.12070,0.34432,0.18804,0,1,hard
12838,4.36366,4.24449,0.11917,0.31502,0.20757,0,1,hard
12843,4.36366,4.24678,0.11688,0.43224,0.20269,0,1,hard
12848,4.36366,4.24830,0.11536,0.28572,0.20757,0,1,hard
12853,4.36366,4.25021,0.11345,0.40293,0.19780,0,1,hard
12858,4.36366,4.25212,0.11154,0.32967,0.18315,0,1,hard
12864,4.36366,4.25441,0.10925,0.41758,0.16361,0,1,hard
12869,4.36366,4.25593,0.10773,0.27106,0.16850,0,1,hard
12874,4.36366,4.25746,0.10620,0.35898,0.17338,0,1,hard
12879,4.36366,4.25860,0.10506,0.22711,0.19292,0,1,hard
12884,4.36366,4.26051,0.10315,0.34432,0.19292,0,1,hard
12889,4.36366,4.26204,0.10162,0.31502,0.17827,0,1,hard
12894,4.36366,4.26356,0.10010,0.30037,0.16361,0,1,hard
12899,4.36366,4.26547,0.09819,0.34432,0.15873,0,1,hard
12904,4.36366,4.26661,0.09705,0.24176,0.16361,0,1,hard
12909,4.36366,4.26814,0.09552,0.28572,0.17338,0,1,hard
12914,4.36366,4.26890,0.09476,0.12454,0.20757,0,1,hard
12919,4.36366,4.26928,0.09438,0.09524,0.25641,0,1,hard
12924,4.36366,4.27043,0.09323,0.21246,0.25153,0,1,hard
12929,4.36366,4.27234,0.09132,0.34432,0.21245,0,1,hard
12934,4.36366,4.27310,0.09056,0.18315,0.19780,0,1,hard
12939,4.36366,4.27424,0.08942,0.19780,0.20269,0,1,hard
12944,4.36366,4.27615,0.08751,0.37363,0.16850,0,1,hard
12950,4.36366,4.27729,0.08637,0.19780,0.15873,0,1,hard
12955,4.36366,4.27882,0.08484,0.24176,0.15873,0,1,hard
12960,4.36366,4.28035,0.08331,0.34432,0.13919,0,1,hard
12965,4.36366,4.28149,0.08217,0.19780,0.13431,0,1,hard
12970,4.36366,4.28340,0.08026,0.30037,0.12943,0,1,hard
12975,4.36366,4.28416,0.07950,0.13920,0.14896,0,1,hard
12980,4.36366,4.28416,0.07950,0.03663,0.20269,0,1,hard
12985,4.36366,4.28492,0.07874,0.12454,0.22711,0,1,hard
12990,4.36366,4.28607,0.07759,0.24176,0.20269,0,1,hard
12995,4.36366,4.28759,0.07607,0.28572,0.16361,0,1,hard
13000,4.36366,4.28836,0.07530,0.13920,0.16361,0,1,hard
13005,4.36366,4.28950,0.07416,0.19780,0.16850,0,1,hard
13010,4.36366,4.29065,0.07301,0.27106,0.15385,0,1,hard
13015,4.36366,4.29103,0.07263,0.03663,0.17827,0,1,hard
13020,4.36366,4.29103,0.07263,0.00733,0.22711,0,1,hard
13025,4.36366,4.29141,0.07225,0.05128,0.25641,0,1,hard
13030,4.36366,4.29179,0.07187,0.08059,0.25641,0,1,hard
13036,4.36366,4.29179,0.07187,0.06594,0.25641,0,1,hard
13041,4.36366,4.29255,0.07111,0.09524,0.25153,0,1,hard
13046,4.36366,4.29332,0.07034,0.13920,0.23199,0,1,hard
13051,4.36366,4.29408,0.06958,0.13920,0.21245,0,1,hard
13056,4.36366,4.29408,0.06958,0.03663,0.23199,0,1,hard
13061,4.36366,4.29408,0.06958,0.00733,0.26618,0,1,hard
13066,4.36366,4.29446,0.06920,0.03663,0.27595,0,1,hard
13071,4.36366,4.29446,0.06920,0.02198,0.28083,0,1,hard
13076,4.36366,4.29446,0.06920,0.00733,0.29060,0,1,hard
13081,4.36366,4.29446,0.06920,0.00733,0.30037,0,1,hard
13086,4.36366,4.29446,0.06920,0.00733,0.30037,0,1,hard
13091,4.36366,4.29446,0.06920,0.00733,0.30525,0,1,hard
13096,4.36366,4.29484,0.06882,0.00733,0.30525,0,1,hard
13101,4.36366,4.29484,0.06882,0.00733,0.30525,0,1,hard
13106,4.36366,4.29484,0.06882,0.00733,0.31013,1,1,hard
13111,4.36366,4.29484,0.06882,0.00733,0.31013,1,1,hard
13116,4.36366,4.29484,0.06882,0.00733,0.31013,1,1,hard
13121,4.36366,4.29484,0.06882,0.00733,0.31502,1,1,hard
13127,4.36366,4.29522,0.06844,0.00733,0.31013,1,1,hard
13132,4.36366,4.29522,0.06844,0.00733,0.30525,1,1,hard
13137,4.36366,4.29522,0.06844,0.02198,0.30037,1,1,hard
13142,4.36366,4.29560,0.06806,0.03663,0.29548,1,1,hard
13147,4.36366,4.29599,0.06767,0.05128,0.28083,1,1,hard
13152,4.36366,4.29675,0.06691,0.12454,0.24664,1,1,hard
13157,4.36366,4.29751,0.06615,0.18315,0.21245,0,1,hard
13162,4.36366,4.29827,0.06538,0.06594,0.20269,0,1,hard
13167,4.36366,4.29827,0.06538,-0.00733,0.23199,0,1,hard
13172,4.36366,4.29827,0.06538,0.00733,0.25641,0,1,hard
13177,4.36366,4.29827,0.06538,0.03663,0.26130,0,1,hard
13182,4.36366,4.29827,0.06538,0.00733,0.26618,0,1,hard
13187,4.36366,4.29827,0.06538,0.00733,0.27595,0,1,hard
13192,4.36366,4.29866,0.06500,0.00733,0.28083,0,1,hard
13197,4.36366,4.29866,0.06500,0.00733,0.28083,0,1,hard
13202,4.36366,4.29866,0.06500,0.00733,0.28083,0,1,hard
13207,4.36366,4.29904,0.06462,0.00733,0.28083,0,1,hard
13213,4.36366,4.29904,0.06462,0.02198,0.27595,0,1,hard
13218,4.36366,4.29942,0.06424,0.03663,0.27106,1,1,hard
13223,4.36366,4.29980,0.06386,0.05128,0.25641,1,1,hard
13228,4.36366,4.30056,0.06310,0.12454,0.22711,0,1,hard
13233,4.36366,4.30171,0.06195,0.21246,0.17827,0,1,hard
13238,4.36366,4.30247,0.06119,0.08059,0.16361,0,1,hard
13243,4.36366,4.30247,0.06119,-0.00733,0.19780,0,1,hard
13248,4.36366,4.30247,0.06119,0.02198,0.22222,0,1,hard
13253,4.36366,4.30285,0.06081,0.06594,0.22711,0,1,hard
13258,4.36366,4.30323,0.06043,0.08059,0.22222,0,1,hard
13263,4.36366,4.30400,0.05966,0.12454,0.18804,0,1,hard
13268,4.36366,4.30514,0.05852,0.24176,0.14408,0,1,hard
13273,4.36366,4.30629,0.05737,0.13920,0.11966,0,1,hard
13278,4.36366,4.30629,0.05737,-0.00733,0.14896,0,1,hard
13283,4.36366,4.30629,0.05737,0.00733,0.18315,0,1,hard
13288,4.36366,4.30667,0.05699,0.08059,0.19780,0,1,hard
13293,4.36366,4.30705,0.05661,0.09524,0.18804,0,1,hard
13298,4.36366,4.30781,0.05585,0.12454,0.16850,0,1,hard
13304,4.36366,4.30896,0.05470,0.22711,0.12943,0,1,hard
13309,4.36366,4.30972,0.05394,0.12454,0.11477,0,1,hard
13314,4.36366,4.30972,0.05394,-0.00733,0.14896,0,1,hard
13319,4.36366,4.30972,0.05394,0.00733,0.17338,0,1,hard
13324,4.36366,4.31010,0.05356,0.06594,0.19292,0,1,hard
13329,4.36366,4.31010,0.05356,0.03663,0.19292,0,1,hard
13334,4.36366,4.31048,0.05318,0.05128,0.19292,0,1,hard
13339,4.36366,4.31086,0.05280,0.06594,0.18315,0,1,hard
13344,4.36366,4.31163,0.05203,0.12454,0.16361,0,1,hard
13349,4.36366,4.31277,0.05089,0.16850,0.12943,0,1,hard
13354,4.36366,4.31315,0.05051,0.06594,0.12454,0,1,hard
13359,4.36366,4.31315,0.05051,-0.00733,0.15873,0,1,hard
13364,4.36366,4.31315,0.05051,0.00733,0.17338,0,1,hard
13369,4.36366,4.31315,0.05051,0.03663,0.18804,0,1,hard
13374,4.36366,4.31353,0.05013,0.00733,0.19292,0,1,hard
13379,4.36366,4.31353,0.05013,0.00733,0.19780,0,1,hard
13384,4.36366,4.31353,0.05013,0.02198,0.20269,0,1,hard
13390,4.36366,4.31353,0.05013,0.00733,0.20757,0,1,hard
13395,4.36366,4.31353,0.05013,0.00733,0.20757,0,1,hard
13400,4.36366,4.31392,0.04974,0.00733,0.21245,0,0,hard
13405,3.36366,4.31392,-0.95026,0.00733,0.21245,0,1,hard
13410,3.36366,4.31392,-0.95026,0.02198,0.20269,0,1,hard
13415,3.36366,4.31430,-0.95064,0.02198,0.20269,0,1,hard
13420,3.36366,4.31430,-0.95064,0.03663,0.19780,0,1,hard
13425,3.36366,4.31506,-0.95140,0.08059,0.18315,0,1,hard
13430,3.36366,4.31544,-0.95178,0.10989,0.15385,0,1,hard
13435,3.36366,4.30972,-0.94606,-2.82051,-0.73504,0,1,hard
13440,3.36366,4.28950,-0.92584,-4.60806,-0.53968,0,1,hard
13445,3.36366,4.26699,-0.90333,-4.63736,-0.22222,0,1,hard
13450,3.36366,4.24487,-0.88121,-4.28571,-0.07570,0,1,hard
13455,3.36366,4.22389,-0.86023,-4.15385,-0.07570,0,1,hard
13460,3.36366,4.20329,-0.83963,-4.03663,-0.08059,0,1,hard
13465,3.36366,4.18307,-0.81941,-4.00733,-0.07570,0,1,hard
13470,3.36366,4.16285,-0.79919,-3.89011,-0.07570,0,1,hard
13476,3.36366,4.14378,-0.78012,-3.77289,-0.08059,0,1,hard
13481,3.36366,4.12470,-0.76104,-3.74359,-0.08547,0,1,hard
13486,3.36366,4.10639,-0.74273,-3.56777,-0.07570,0,1,hard
13491,3.36366,4.08846,-0.72480,-3.58242,-0.09524,0,1,hard
13496,3.36366,4.07092,-0.70726,-3.43590,-0.06105,0,1,hard
13501,3.36366,4.05375,-0.69009,-3.33333,-0.08547,0,1,hard
13506,3.36366,4.03696,-0.67330,-3.28938,-0.08059,0,1,hard
13511,3.36366,4.02094,-0.65728,-3.17216,-0.06593,0,1,hard
13516,3.36366,4.00492,-0.64126,-3.11355,-0.08547,0,1,hard
13521,3.36366,3.98928,-0.62562,-3.01099,-0.07570,0,1,hard
13526,3.36366,3.97440,-0.61074,-2.92308,-0.07570,0,1,hard
13531,3.36366,3.95953,-0.59587,-2.90842,-0.09035,0,1,hard
13536,3.36366,3.94541,-0.58175,-2.79121,-0.08547,0,1,hard
13541,3.36366,3.93168,-0.56802,-2.70330,-0.09035,0,1,hard
13546,3.36366,3.91794,-0.55428,-2.70330,-0.10012,0,1,hard
13551,3.36366,3.90459,-0.54093,-2.61539,-0.10012,0,1,hard
13556,3.36366,3.89200,-0.52834,-2.46886,-0.09524,0,1,hard
13562,3.36366,3.87942,-0.51576,-2.46886,-0.11477,0,1,hard
13567,3.36366,3.86721,-0.50355,-2.43956,-0.11477,0,1,hard
13572,3.36366,3.85538,-0.49172,-2.35165,-0.09524,0,1,hard
13577,3.36366,3.84356,-0.47990,-2.24908,-0.09524,0,1,hard
13582,3.36366,3.83211,-0.46845,-2.27839,-0.09524,0,1,hard
13587,3.36366,3.82105,-0.45739,-2.17582,-0.10501,0,1,hard
13592,3.36366,3.80999,-0.44633,-2.10256,-0.09524,0,1,hard
13597,3.36366,3.79969,-0.43603,-2.02930,-0.10989,0,1,hard
13602,3.36366,3.78901,-0.42535,-2.08791,-0.09524,0,1,hard
13607,3.36366,3.77909,-0.41543,-1.98535,-0.10012,0,1,hard
13612,3.36366,3.76955,-0.40589,-1.85348,-0.11477,0,1,hard
13617,3.36366,3.76001,-0.39635,-1.85348,-0.10989,0,1,hard
13622,3.36366,3.75086,-0.38720,-1.83883,-0.10501,0,1,hard
13627,3.36366,3.74170,-0.37804,-1.79487,-0.10989,0,1,hard
13632,3.36366,3.73255,-0.36889,-1.79487,-0.10501,0,1,hard
13637,3.36366,3.72416,-0.36050,-1.63370,-0.10989,0,1,hard
13642,3.36366,3.71614,-0.35248,-1.54579,-0.13431,0,1,hard
13648,3.36366,3.70775,-0.34409,-1.69231,-0.11477,0,1,hard
13653,3.36366,3.69974,-0.33608,-1.60439,-0.10012,0,1,hard
13658,3.36366,3.69211,-0.32845,-1.47253,-0.11966,0,1,hard
13663,3.36366,3.68410,-0.32044,-1.56044,-0.11966,0,1,hard
13668,3.36366,3.67685,-0.31319,-1.44322,-0.10989,0,1,hard
13673,3.36366,3.67037,-0.30671,-1.31136,-0.13431,0,1,hard
13678,3.36366,3.66312,-0.29946,-1.44322,-0.12454,0,1,hard
13683,3.36366,3.65587,-0.29221,-1.42857,-0.10012,0,1,hard
13688,3.36366,3.64939,-0.28573,-1.26740,-0.11477,0,1,hard
13693,3.36366,3.64328,-0.27962,-1.20879,-0.14896,0,1,hard
13698,3.36366,3.63680,-0.27314,-1.28205,-0.14408,0,1,hard
13703,3.36366,3.63069,-0.26703,-1.19414,-0.12454,0,1,hard
13708,3.36366,3.62459,-0.26093,-1.15018,-0.11966,0,1,hard
13713,3.36366,3.61887,-0.25521,-1.15018,-0.12943,0,1,hard
13718,3.36366,3.61276,-0.24910,-1.15018,-0.12454,0,1,hard
13723,3.36366,3.60704,-0.24338,-1.15018,-0.11477,0,1,hard
13728,3.36366,3.60170,-0.23804,-1.04762,-0.11966,0,1,hard
13733,3.36366,3.59674,-0.23308,-1.00366,-0.13919,0,1,hard
13738,3.36366,3.59216,-0.22851,-0.93040,-0.15873,0,1,hard
13744,3.36366,3.58721,-0.22355,-0.93040,-0.16850,0,1,hard
13749,3.36366,3.58225,-0.21859,-1.03297,-0.14896,0,1,hard
13754,3.36366,3.57691,-0.21325,-1.00366,-0.11477,0,1,hard
13759,3.36366,3.57233,-0.20867,-0.94506,-0.10501,0,1,hard
13764,3.36366,3.56813,-0.20447,-0.85714,-0.12943,0,1,hard
13769,3.36366,3.56393,-0.20027,-0.78388,-0.15873,0,1,hard
13774,3.36366,3.55936,-0.19570,-0.91575,-0.15385,0,1,hard
13779,3.36366,3.55478,-0.19112,-0.93040,-0.12454,0,1,hard
13784,3.36366,3.55058,-0.18692,-0.76923,-0.12454,0,1,hard
13789,3.36366,3.54715,-0.18349,-0.72528,-0.14896,0,1,hard
13794,3.36366,3.54372,-0.18006,-0.63736,-0.17827,0,1,hard
13799,3.36366,3.54066,-0.17700,-0.66667,-0.20269,0,1,hard
13804,3.36366,3.53685,-0.17319,-0.75458,-0.17827,0,1,hard
13809,3.36366,3.53265,-0.16899,-0.84249,-0.12454,0,1,hard
13814,3.36366,3.52808,-0.16442,-0.81319,-0.08059,0,1,hard
13819,3.36366,3.52502,-0.16136,-0.66667,-0.09524,0,1,hard
13824,3.36366,3.52197,-0.15831,-0.57875,-0.13919,0,1,hard
13829,3.36366,3.51930,-0.15564,-0.56410,-0.16361,0,1,hard
13835,3.36366,3.51625,-0.15259,-0.59341,-0.18803,0,1,hard
13840,3.36366,3.51358,-0.14992,-0.59341,-0.18803,0,1,hard
13845,3.36366,3.51015,-0.14649,-0.65201,-0.16850,0,1,hard
13850,3.36366,3.50671,-0.14305,-0.66667,-0.13431,0,1,hard
13855,3.36366,3.50366,-0.14000,-0.60806,-0.11477,0,1,hard
13860,3.36366,3.50137,-0.13771,-0.41758,-0.14896,0,1,hard
13865,3.36366,3.49908,-0.13542,-0.44689,-0.18803,0,1,hard
13870,3.36366,3.49680,-0.13314,-0.50550,-0.18315,0,1,hard
13875,3.36366,3.49413,-0.13047,-0.52015,-0.16850,0,1,hard
13880,3.36366,3.49146,-0.12780,-0.49084,-0.16361,0,1,hard
13885,3.36366,3.48917,-0.12551,-0.46154,-0.16361,0,1,hard
13890,3.36366,3.48688,-0.12322,-0.52015,-0.15873,0,1,hard
13895,3.36366,3.48383,-0.12017,-0.53480,-0.12943,0,1,hard
13900,3.36366,3.48116,-0.11750,-0.54945,-0.10012,0,1,hard
13905,3.36366,3.47849,-0.11483,-0.47619,-0.10012,0,1,hard
13910,3.36366,3.47658,-0.11292,-0.38828,-0.12454,0,1,hard
13915,3.36366,3.47543,-0.11177,-0.30037,-0.16850,0,1,hard
13921,3.36366,3.47314,-0.10948,-0.44689,-0.17338,0,1,hard
13926,3.36366,3.47124,-0.10758,-0.37363,-0.16850,0,1,hard
13931,3.36366,3.46933,-0.10567,-0.41758,-0.16850,0,1,hard
13936,3.36366,3.46780,-0.10414,-0.32967,-0.16850,0,1,hard
13941,3.36366,3.46590,-0.10224,-0.38828,-0.17338,0,1,hard
13946,3.36366,3.46437,-0.10071,-0.22711,-0.19780,0,1,hard
13951,3.36366,3.46323,-0.09957,-0.31502,-0.20757,0,1,hard
13956,3.36366,3.46132,-0.09766,-0.37363,-0.18803,0,1,hard
13961,3.36366,3.45941,-0.09575,-0.32967,-0.16850,0,1,hard
13966,3.36366,3.45750,-0.09384,-0.38828,-0.15385,0,1,hard
13971,3.36366,3.45636,-0.09270,-0.24176,-0.15873,0,1,hard
13976,3.36366,3.45445,-0.09079,-0.38828,-0.15385,0,1,hard
13981,3.36366,3.45254,-0.08888,-0.31502,-0.13431,0,1,hard
13986,3.36366,3.45102,-0.08736,-0.35897,-0.12454,0,1,hard
13991,3.36366,3.44987,-0.08621,-0.19780,-0.15385,0,1,hard
13996,3.36366,3.44911,-0.08545,-0.16850,-0.18803,0,1,hard
14001,3.36366,3.44720,-0.08354,-0.35897,-0.16361,0,1,hard
14007,3.36366,3.44568,-0.08202,-0.34432,-0.13431,0,1,hard
14012,3.36366,3.44377,-0.08011,-0.35897,-0.10989,0,1,hard
14017,3.36366,3.44263,-0.07897,-0.24176,-0.11477,0,1,hard
14022,3.36366,3.44186,-0.07820,-0.12454,-0.15385,0,1,hard
14027,3.36366,3.44072,-0.07706,-0.25641,-0.16850,0,1,hard
14032,3.36366,3.43919,-0.07553,-0.31502,-0.14896,0,1,hard
14037,3.36366,3.43843,-0.07477,-0.13919,-0.16361,0,1,hard
14042,3.36366,3.43729,-0.07363,-0.25641,-0.15873,0,1,hard
14047,3.36366,3.43576,-0.07210,-0.30037,-0.14896,0,1,hard
14052,3.36366,3.43538,-0.07172,-0.05128,-0.17827,0,1,hard
14057,3.36366,3.43538,-0.07172,-0.06593,-0.22711,0,1,hard
14062,3.36366,3.43462,-0.07096,-0.16850,-0.23199,0,1,hard
14067,3.36366,3.43309,-0.06943,-0.28572,-0.18803,0,1,hard
14072,3.36366,3.43156,-0.06790,-0.30037,-0.14408,0,1,hard
14077,3.36366,3.43042,-0.06676,-0.18315,-0.12943,0,1,hard
14082,3.36366,3.42851,-0.06485,-0.34432,-0.10989,0,1,hard
14087,3.36366,3.42775,-0.06409,-0.21245,-0.10501,0,1,hard
14092,3.36366,3.42737,-0.06371,-0.06593,-0.13919,0,1,hard
14098,3.36366,3.42660,-0.06294,-0.16850,-0.16361,0,1,hard
14103,3.36366,3.42508,-0.06142,-0.30037,-0.13919,0,1,hard
14108,3.36366,3.42432,-0.06066,-0.16850,-0.12943,0,1,hard
14113,3.36366,3.42432,-0.06066,-0.03663,-0.16361,0,1,hard
14118,3.36366,3.42393,-0.06027,-0.08059,-0.19292,0,1,hard
14123,3.36366,3.42317,-0.05951,-0.16850,-0.19292,0,1,hard
14128,3.36366,3.42165,-0.05799,-0.28572,-0.14408,0,1,hard
14133,3.36366,3.42088,-0.05722,-0.16850,-0.12943,0,1,hard
14138,3.36366,3.42050,-0.05684,-0.02198,-0.16850,0,1,hard
14143,3.36366,3.42050,-0.05684,-0.03663,-0.19780,0,1,hard
14148,3.36366,3.42012,-0.05646,-0.10989,-0.20757,0,1,hard
14153,3.36366,3.41936,-0.05570,-0.13919,-0.18803,0,1,hard
14158,3.36366,3.41821,-0.05455,-0.22711,-0.15385,0,1,hard
14163,3.36366,3.41745,-0.05379,-0.18315,-0.12943,0,1,hard
14168,3.36366,3.41707,-0.05341,-0.02198,-0.15385,0,1,hard
14173,3.36366,3.41707,-0.05341,-0.02198,-0.19292,0,1,hard
14178,3.36366,3.41707,-0.05341,-0.06593,-0.21245,0,1,hard
14184,3.36366,3.41669,-0.05303,-0.08059,-0.21734,0,1,hard
14189,3.36366,3.41630,-0.05264,-0.06593,-0.21245,0,1,hard
14194,3.36366,3.41592,-0.05226,-0.08059,-0.20269,0,1,hard
14199,3.36366,3.41516,-0.05150,-0.13919,-0.18315,0,1,hard
14204,3.36366,3.41440,-0.05074,-0.18315,-0.14896,0,1,hard
14209,3.36366,3.41402,-0.05036,-0.03663,-0.15873,0,1,hard
14214,3.36366,3.41402,-0.05036,-0.00733,-0.18803,0,1,hard
14219,3.36366,3.41402,-0.05036,-0.03663,-0.20757,0,1,hard
14224,3.36366,3.41402,-0.05036,-0.03663,-0.22222,0,1,hard
14229,3.36366,3.41402,-0.05036,-0.02198,-0.23199,0,1,hard
14234,3.36366,3.41402,-0.05036,-0.00733,-0.23687,0,1,hard
14239,3.36366,3.41363,-0.04997,-0.02198,-0.24176,0,0,hard
14244,4.36366,3.41363,0.95003,-0.02198,-0.24176,1,1,hard
14249,4.36366,3.41363,0.95003,-0.00733,-0.24664,1,1,hard
14254,4.36366,3.41363,0.95003,-0.02198,-0.24664,1,1,hard
14259,4.36366,3.41363,0.95003,-0.00733,-0.24664,1,1,hard
14264,4.36366,3.41363,0.95003,-0.00733,-0.25153,1,1,hard
14270,4.36366,3.41363,0.95003,-0.00733,-0.25153,1,1,hard
14275,4.36366,3.41974,0.94392,2.46886,0.61783,1,1,hard
14280,4.36366,3.43881,0.92485,4.44689,0.58364,1,1,hard
14285,4.36366,3.46056,0.90310,4.43224,0.26618,1,1,hard
14290,4.36366,3.48230,0.88136,4.25641,0.12943,0,1,hard
14295,4.36366,3.50328,0.86038,4.10989,0.09035,0,1,hard
14300,4.36366,3.52388,0.83978,4.03663,0.09524,0,1,hard
14305,4.36366,3.54410,0.81956,3.91941,0.09524,0,1,hard
14310,4.36366,3.56355,0.80011,3.84616,0.08547,0,1,hard
14315,4.36366,3.58263,0.78103,3.72894,0.09035,0,1,hard
14320,4.36366,3.60132,0.76234,3.61172,0.09035,0,1,hard
14325,4.36366,3.61963,0.74403,3.56777,0.10012,0,1,hard
14330,4.36366,3.63718,0.72648,3.45055,0.10501,0,1,hard
14335,4.36366,3.65473,0.70893,3.37729,0.10501,0,1,hard
14340,4.36366,3.67151,0.69215,3.30403,0.11477,0,1,hard
14345,4.36366,3.68792,0.67574,3.18681,0.10501,0,1,hard
14350,4.36366,3.70394,0.65972,3.12821,0.10989,0,1,hard
14355,4.36366,3.71958,0.64408,3.05495,0.10989,0,1,hard
14361,4.36366,3.73446,0.62920,2.93773,0.10989,0,1,hard
14366,4.36366,3.74971,0.61395,2.93773,0.10989,0,1,hard
14371,4.36366,3.76383,0.59983,2.80586,0.11477,0,1,hard
14376,4.36366,3.77794,0.58572,2.74725,0.11477,0,1,hard
14381,4.36366,3.79206,0.57160,2.71795,0.12454,0,1,hard
14386,4.36366,3.80503,0.55863,2.64469,0.12454,0,1,hard
14391,4.36366,3.81838,0.54528,2.52747,0.11966,0,1,hard
14396,4.36366,3.83097,0.53269,2.48352,0.11966,0,1,hard
14401,4.36366,3.84356,0.52010,2.46886,0.11966,0,1,hard
14406,4.36366,3.85576,0.50790,2.35165,0.12454,0,1,hard
14411,4.36366,3.86759,0.49607,2.29304,0.11966,0,1,hard
14416,4.36366,3.87903,0.48463,2.27839,0.12454,0,1,hard
14421,4.36366,3.89048,0.47318,2.20513,0.11966,0,1,hard
14426,4.36366,3.90116,0.46250,2.13187,0.11966,0,1,hard
14431,4.36366,3.91184,0.45182,2.04396,0.11966,0,1,hard
14436,4.36366,3.92252,0.44114,2.10257,0.11966,0,1,hard
14441,4.36366,3.93282,0.43084,2.01465,0.12454,0,1,hard
14447,4.36366,3.94274,0.42092,1.88279,0.12454,0,1,hard
14452,4.36366,3.95228,0.41138,1.86813,0.12943,0,1,hard
14457,4.36366,3.96181,0.40184,1.83883,0.13431,0,1,hard
14462,4.36366,3.97097,0.39269,1.82418,0.12454,0,1,hard
14467,4.36366,3.98013,0.38353,1.80952,0.11966,0,1,hard
14472,4.36366,3.98852,0.37514,1.60440,0.13919,0,1,hard
14477,4.36366,3.99691,0.36675,1.66301,0.14408,0,1,hard
14482,4.36366,4.00568,0.35798,1.69231,0.12454,0,1,hard
14487,4.36366,4.01369,0.34997,1.51649,0.12943,0,1,hard
14492,4.36366,4.02132,0.34234,1.57509,0.13431,0,1,hard
14497,4.36366,4.02934,0.33432,1.51649,0.13431,0,1,hard
14502,4.36366,4.03620,0.32746,1.34066,0.15385,0,1,hard
14507,4.36366,4.04345,0.32021,1.36996,0.16361,0,1,hard
14512,4.36366,4.05108,0.31258,1.48718,0.13431,0,1,hard
14517,4.36366,4.05795,0.30571,1.36996,0.11966,0,1,hard
14522,4.36366,4.06443,0.29923,1.26740,0.14408,0,1,hard
14527,4.36366,4.07130,0.29236,1.29671,0.15385,0,1,hard
14532,4.36366,4.07778,0.28588,1.26740,0.14408,0,1,hard
14538,4.36366,4.08389,0.27977,1.17949,0.13919,0,1,hard
14543,4.36366,4.08961,0.27405,1.15018,0.15385,0,1,hard
14548,4.36366,4.09571,0.26795,1.16484,0.15385,0,1,hard
14553,4.36366,4.10182,0.26184,1.19414,0.13919,0,1,hard
14558,4.36366,4.10754,0.25612,1.12088,0.12943,0,1,hard
14563,4.36366,4.11288,0.25078,1.07693,0.14408,0,1,hard
14568,4.36366,4.11746,0.24620,0.91575,0.18315,0,1,hard
14573,4.36366,4.12280,0.24086,1.01832,0.18315,0,1,hard
14578,4.36366,4.12814,0.23552,1.06227,0.14896,0,1,hard
14583,4.36366,4.13348,0.23018,0.98901,0.12943,0,1,hard
14588,4.36366,4.13806,0.22560,0.91575,0.13919,0,1,hard
14593,4.36366,4.14225,0.22141,0.82784,0.16361,0,1,hard
14598,4.36366,4.14683,0.21683,0.91575,0.17338,0,1,hard
14603,4.36366,4.15217,0.21149,0.97436,0.13919,0,1,hard
14608,4.36366,4.15675,0.20691,0.88645,0.12943,0,1,hard
14613,4.36366,4.16056,0.20310,0.75458,0.15385,0,1,hard
14618,4.36366,4.16400,0.19966,0.69597,0.19780,0,1,hard
14623,4.36366,4.16743,0.19623,0.66667,0.22711,0,1,hard
14628,4.36366,4.17125,0.19241,0.75458,0.21245,0,1,hard
14634,4.36366,4.17582,0.18784,0.85715,0.15873,0,1,hard
14639,4.36366,4.18040,0.18326,0.84249,0.11477,0,1,hard
14644,4.36366,4.18383,0.17983,0.68132,0.12454,0,1,hard
14649,4.36366,4.18689,0.17677,0.66667,0.15873,0,1,hard
14654,4.36366,4.19032,0.17334,0.63736,0.17827,0,1,hard
14659,4.36366,4.19337,0.17029,0.60806,0.19780,0,1,hard
14664,4.36366,4.19642,0.16724,0.63736,0.18315,0,1,hard
14669,4.36366,4.20024,0.16342,0.71062,0.15385,0,1,hard
14674,4.36366,4.20367,0.15999,0.63736,0.13431,0,1,hard
14679,4.36366,4.20634,0.15732,0.49084,0.16361,0,1,hard
14684,4.36366,4.20901,0.15465,0.50550,0.19292,0,1,hard
14689,4.36366,4.21130,0.15236,0.50550,0.20757,0,1,hard
14694,4.36366,4.21397,0.14969,0.50550,0.20269,0,1,hard
14699,4.36366,4.21664,0.14702,0.50550,0.20269,0,1,hard
14704,4.36366,4.21893,0.14473,0.43224,0.21245,0,1,hard
14709,4.36366,4.22160,0.14206,0.53480,0.19780,0,1,hard
14714,4.36366,4.22503,0.13863,0.59341,0.15385,0,1,hard
14720,4.36366,4.22770,0.13596,0.53480,0.13431,0,1,hard
14725,4.36366,4.23037,0.13329,0.49084,0.13431,0,1,hard
14730,4.36366,4.23266,0.13100,0.44689,0.14896,0,1,hard
14735,4.36366,4.23457,0.12909,0.41758,0.16850,0,1,hard
14740,4.36366,4.23686,0.12680,0.43224,0.17827,0,1,hard
14745,4.36366,4.23953,0.12413,0.50550,0.16361,0,1,hard
14750,4.36366,4.24144,0.12222,0.35898,0.17338,0,1,hard
14755,4.36366,4.24296,0.12070,0.32967,0.19780,0,1,hard
14760,4.36366,4.24449,0.11917,0.32967,0.21734,0,1,hard
14765,4.36366,4.24678,0.11688,0.40293,0.20757,0,1,hard
14770,4.36366,4.24830,0.11536,0.28572,0.20757,0,1,hard
14775,4.36366,4.25021,0.11345,0.40293,0.19780,0,1,hard
14780,4.36366,4.25212,0.11154,0.34432,0.17827,0,1,hard
14785,4.36366,4.25441,0.10925,0.40293,0.16361,0,1,hard
14790,4.36366,4.25593,0.10773,0.28572,0.16850,0,1,hard
14795,4.36366,4.25784,0.10582,0.35898,0.17338,0,1,hard
14800,4.36366,4.25898,0.10468,0.21246,0.19292,0,1,hard
14805,4.36366,4.26051,0.10315,0.32967,0.19292,0,1,hard
14811,4.36366,4.26204,0.10162,0.32967,0.17827,0,1,hard
14816,4.36366,4.26394,0.09972,0.30037,0.17338,0,1,hard
14821,4.36366,4.26547,0.09819,0.34432,0.16361,0,1,hard
14826,4.36366,4.26699,0.09667,0.22711,0.16850,0,1,hard
14831,4.36366,4.26814,0.09552,0.30037,0.17338,0,1,hard
14836,4.36366,4.26890,0.09476,0.10989,0.21245,0,1,hard
14841,4.36366,4.26928,0.09438,0.10989,0.26618,0,1,hard
14846,4.36366,4.27043,0.09323,0.22711,0.25641,0,1,hard
14851,4.36366,4.27234,0.09132,0.34432,0.21245,0,1,hard
14856,4.36366,4.27310,0.09056,0.16850,0.20269,0,1,hard
14861,4.36366,4.27424,0.08942,0.19780,0.20757,0,1,hard
14866,4.36366,4.27615,0.08751,0.35898,0.17338,0,1,hard
14871,4.36366,4.27729,0.08637,0.19780,0.16361,0,1,hard
14876,4.36366,4.27882,0.08484,0.24176,0.15873,0,1,hard
14881,4.36366,4.28035,0.08331,0.34432,0.13919,0,1,hard
14886,4.36366,4.28149,0.08217,0.19780,0.13919,0,1,hard
14891,4.36366,4.28302,0.08064,0.30037,0.12943,0,1,hard
14897,4.36366,4.28416,0.07950,0.19780,0.13919,0,1,hard
14902,4.36366,4.28416,0.07950,0.03663,0.18804,0,1,hard
14907,4.36366,4.28492,0.07874,0.10989,0.22711,0,1,hard
14912,4.36366,4.28607,0.07759,0.22711,0.20757,0,1,hard
14917,4.36366,4.28759,0.07607,0.30037,0.16850,0,1,hard
14922,4.36366,4.28836,0.07530,0.13920,0.15873,0,1,hard
14927,4.36366,4.28950,0.07416,0.19780,0.16850,0,1,hard
14932,4.36366,4.29065,0.07301,0.25641,0.15385,0,1,hard
14937,4.36366,4.29103,0.07263,0.03663,0.17827,0,1,hard
14942,4.36366,4.29103,0.07263,0.00733,0.22711,0,1,hard
14947,4.36366,4.29103,0.07263,0.05128,0.25641,0,1,hard
14952,4.36366,4.29141,0.07225,0.09524,0.26130,0,1,hard
14957,4.36366,4.29179,0.07187,0.05128,0.26130,0,1,hard
14962,4.36366,4.29255,0.07111,0.09524,0.24664,0,1,hard
14967,4.36366,4.29332,0.07034,0.13920,0.23199,0,1,hard
14972,4.36366,4.29408,0.06958,0.13920,0.22222,0,1,hard
14977,4.36366,4.29408,0.06958,0.02198,0.23199,0,1,hard
14982,4.36366,4.29408,0.06958,0.00733,0.26618,0,1,hard
14988,4.36366,4.29446,0.06920,0.03663,0.27595,0,1,hard
14993,4.36366,4.29446,0.06920,0.03663,0.28572,0,1,hard
14998,4.36366,4.29446,0.06920,0.00733,0.29060,0,1,hard
15003,4.36366,4.29446,0.06920,0.00733,0.30037,0,1,hard
15008,4.36366,4.29446,0.06920,0.02198,0.30525,0,1,hard
15013,4.36366,4.29484,0.06882,0.00733,0.30037,0,1,hard
15018,4.36366,4.29484,0.06882,0.00733,0.30525,0,1,hard
15023,4.36366,4.29484,0.06882,0.00733,0.30525,0,1,hard
15028,4.36366,4.29484,0.06882,0.00733,0.31013,1,1,hard
15033,4.36366,4.29484,0.06882,0.00733,0.30525,1,1,hard
15038,4.36366,4.29522,0.06844,0.00733,0.30525,1,1,hard
15043,4.36366,4.29522,0.06844,0.00733,0.31013,1,1,hard
15048,4.36366,4.29522,0.06844,0.02198,0.30037,1,1,hard
15053,4.36366,4.29560,0.06806,0.03663,0.29060,1,1,hard
15058,4.36366,4.29599,0.06767,0.06594,0.27595,1,1,hard
15063,4.36366,4.29675,0.06691,0.13920,0.24176,1,1,hard
15068,4.36366,4.29789,0.06577,0.18315,0.19780,0,1,hard
15073,4.36366,4.29827,0.06538,0.02198,0.20269,0,1,hard
15079,4.36366,4.29827,0.06538,-0.00733,0.23199,0,1,hard
15084,4.36366,4.29827,0.06538,0.02198,0.25153,0,1,hard
15089,4.36366,4.29827,0.06538,0.03663,0.26130,0,1,hard
15094,4.36366,4.29827,0.06538,0.00733,0.27106,0,1,hard
15099,4.36366,4.29866,0.06500,0.00733,0.28083,0,1,hard
15104,4.36366,4.29866,0.06500,0.02198,0.28083,0,1,hard
15109,4.36366,4.29866,0.06500,0.02198,0.28083,0,1,hard
15114,4.36366,4.29904,0.06462,0.02198,0.27595,0,1,hard
15119,4.36366,4.29904,0.06462,0.02198,0.27106,0,1,hard
15124,4.36366,4.29942,0.06424,0.05128,0.25641,0,1,hard
15129,4.36366,4.29980,0.06386,0.09524,0.24176,1,1,hard
15134,4.36366,4.30095,0.06271,0.18315,0.19780,0,1,hard
15139,4.36366,4.30209,0.06157,0.19780,0.15873,0,1,hard
15144,4.36366,4.30247,0.06119,0.02198,0.17338,0,1,hard
15149,4.36366,4.30247,0.06119,0.00733,0.20757,0,1,hard
15154,4.36366,4.30247,0.06119,0.05128,0.22711,0,1,hard
15159,4.36366,4.30285,0.06081,0.08059,0.21734,0,1,hard
15164,4.36366,4.30362,0.06004,0.09524,0.20269,0,1,hard
15170,4.36366,4.30476,0.05890,0.19780,0.16361,0,1,hard
15175,4.36366,4.30590,0.05776,0.22711,0.11966,0,1,hard
15180,4.36366,4.30629,0.05737,0.00733,0.13431,0,1,hard
15185,4.36366,4.30629,0.05737,0.00733,0.17827,0,1,hard
15190,4.36366,4.30629,0.05737,0.06594,0.19292,0,1,hard
15195,4.36366,4.30705,0.05661,0.08059,0.19292,0,1,hard
15200,4.36366,4.30743,0.05623,0.10989,0.16850,0,1,hard
15205,4.36366,4.30857,0.05509,0.21246,0.13431,0,1,hard
15210,4.36366,4.30972,0.05394,0.15385,0.10989,0,1,hard
15215,4.36366,4.30972,0.05394,-0.00733,0.13919,0,1,hard
15220,4.36366,4.30972,0.05394,0.00733,0.17338,0,1,hard
15225,4.36366,4.31010,0.05356,0.06594,0.18804,0,1,hard
15230,4.36366,4.31010,0.05356,0.05128,0.18804,0,1,hard
15235,4.36366,4.31048,0.05318,0.05128,0.18804,0,1,hard
15240,4.36366,4.31086,0.05280,0.06594,0.18315,0,1,hard
15245,4.36366,4.31163,0.05203,0.10989,0.16850,0,1,hard
15250,4.36366,4.31277,0.05089,0.18315,0.13431,0,1,hard
15256,4.36366,4.31315,0.05051,0.09524,0.11966,0,1,hard
15261,4.36366,4.31315,0.05051,-0.00733,0.14896,0,1,hard
15266,4.36366,4.31315,0.05051,0.00733,0.16850,0,1,hard
15271,4.36366,4.31315,0.05051,0.05128,0.18315,0,1,hard
15276,4.36366,4.31353,0.05013,0.00733,0.18804,0,1,hard
15281,4.36366,4.31353,0.05013,0.00733,0.20269,0,1,hard
15286,4.36366,4.31353,0.05013,0.02198,0.20757,0,1,hard
15291,4.36366,4.31353,0.05013,0.00733,0.20757,0,1,hard
15296,4.36366,4.31392,0.04974,0.02198,0.20757,0,0,hard
15301,3.36366,4.31392,-0.95026,0.02198,0.20269,0,1,hard
15306,3.36366,4.31392,-0.95026,0.02198,0.19780,0,1,hard
15311,3.36366,4.31430,-0.95064,0.03663,0.19780,0,1,hard
15316,3.36366,4.31468,-0.95102,0.06594,0.18315,0,1,hard
15321,3.36366,4.31544,-0.95178,0.09524,0.15873,0,1,hard
15326,3.36366,4.31620,-0.95254,0.13920,0.13431,0,1,hard
15331,3.36366,4.31010,-0.94644,-2.67399,-0.73016,0,1,hard
15336,3.36366,4.29026,-0.92660,-4.59341,-0.57387,0,1,hard
15342,3.36366,4.26699,-0.90333,-4.63736,-0.24176,0,1,hard
15347,3.36366,4.24525,-0.88159,-4.31502,-0.08547,0,1,hard
15352,3.36366,4.22389,-0.86023,-4.16850,-0.07082,0,1,hard
15357,3.36366,4.20329,-0.83963,-4.05128,-0.07082,0,1,hard
15362,3.36366,4.18307,-0.81941,-4.00733,-0.08547,0,1,hard
15367,3.36366,4.16323,-0.79957,-3.89011,-0.08059,0,1,hard
15372,3.36366,4.14416,-0.78050,-3.78755,-0.08059,0,1,hard
15377,3.36366,4.12509,-0.76143,-3.71428,-0.07570,0,1,hard
15382,3.36366,4.10639,-0.74273,-3.55311,-0.07082,0,1,hard
15387,3.36366,4.08846,-0.72480,-3.56777,-0.08059,0,1,hard
15392,3.36366,4.07130,-0.70764,-3.40659,-0.07570,0,1,hard
15397,3.36366,4.05413,-0.69047,-3.33333,-0.08547,0,1,hard
15402,3.36366,4.03735,-0.67369,-3.30403,-0.09035,0,1,hard
15407,3.36366,4.02094,-0.65728,-3.17216,-0.06593,0,1,hard
15412,3.36366,4.00530,-0.64164,-3.11355,-0.08059,0,1,hard
15417,3.36366,3.98966,-0.62600,-3.04029,-0.08059,0,1,hard
15422,3.36366,3.97478,-0.61112,-2.90842,-0.08059,0,1,hard
15427,3.36366,3.95991,-0.59625,-2.90842,-0.09524,0,1,hard
15433,3.36366,3.94579,-0.58213,-2.80586,-0.09035,0,1,hard
15438,3.36366,3.93206,-0.56840,-2.68864,-0.10012,0,1,hard
15443,3.36366,3.91833,-0.55467,-2.70330,-0.10012,0,1,hard
15448,3.36366,3.90497,-0.54131,-2.63004,-0.10012,0,1,hard
15453,3.36366,3.89239,-0.52873,-2.46886,-0.09524,0,1,hard
15458,3.36366,3.87980,-0.51614,-2.46886,-0.10989,0,1,hard
15463,3.36366,3.86759,-0.50393,-2.45421,-0.11477,0,1,hard
15468,3.36366,3.85538,-0.49172,-2.32234,-0.10012,0,1,hard
15473,3.36366,3.84394,-0.48028,-2.24908,-0.10501,0,1,hard
15478,3.36366,3.83249,-0.46883,-2.26374,-0.10501,0,1,hard
15483,3.36366,3.82143,-0.45777,-2.17582,-0.11966,0,1,hard
15488,3.36366,3.81075,-0.44709,-2.10256,-0.10501,0,1,hard
15493,3.36366,3.80045,-0.43679,-2.02930,-0.10989,0,1,hard
15498,3.36366,3.78977,-0.42611,-2.08791,-0.10501,0,1,hard
15503,3.36366,3.77947,-0.41581,-1.98535,-0.10501,0,1,hard
15508,3.36366,3.76993,-0.40627,-1.86813,-0.11966,0,1,hard
15513,3.36366,3.76078,-0.39712,-1.85348,-0.11966,0,1,hard
15519,3.36366,3.75124,-0.38758,-1.83883,-0.10989,0,1,hard
15524,3.36366,3.74208,-0.37842,-1.79487,-0.11477,0,1,hard
15529,3.36366,3.73293,-0.36927,-1.80952,-0.11477,0,1,hard
15534,3.36366,3.72454,-0.36088,-1.66300,-0.10989,0,1,hard
15539,3.36366,3.71691,-0.35325,-1.54579,-0.13431,0,1,hard
15544,3.36366,3.70813,-0.34447,-1.67766,-0.12454,0,1,hard
15549,3.36366,3.70012,-0.33646,-1.58974,-0.10501,0,1,hard
15554,3.36366,3.69249,-0.32883,-1.47253,-0.11966,0,1,hard
15559,3.36366,3.68486,-0.32120,-1.56044,-0.11477,0,1,hard
15564,3.36366,3.67762,-0.31396,-1.41392,-0.10989,0,1,hard
15569,3.36366,3.67075,-0.30709,-1.31136,-0.13431,0,1,hard
15574,3.36366,3.66350,-0.29984,-1.42857,-0.12943,0,1,hard
15579,3.36366,3.65625,-0.29259,-1.44322,-0.10501,0,1,hard
15584,3.36366,3.64977,-0.28611,-1.28205,-0.10989,0,1,hard
15589,3.36366,3.64366,-0.28000,-1.20879,-0.14408,0,1,hard
15594,3.36366,3.63718,-0.27352,-1.25275,-0.14408,0,1,hard
15599,3.36366,3.63107,-0.26742,-1.22344,-0.12454,0,1,hard
15605,3.36366,3.62497,-0.26131,-1.15018,-0.12943,0,1,hard
15610,3.36366,3.61925,-0.25559,-1.15018,-0.13431,0,1,hard
15615,3.36366,3.61353,-0.24987,-1.15018,-0.12943,0,1,hard
15620,3.36366,3.60742,-0.24376,-1.16483,-0.11477,0,1,hard
15625,3.36366,3.60208,-0.23842,-1.06227,-0.11966,0,1,hard
15630,3.36366,3.59712,-0.23346,-1.01831,-0.13919,0,1,hard
15635,3.36366,3.59255,-0.22889,-0.93040,-0.16361,0,1,hard
15640,3.36366,3.58797,-0.22431,-0.93040,-0.16850,0,1,hard
15645,3.36366,3.58263,-0.21897,-1.03297,-0.14408,0,1,hard
15650,3.36366,3.57729,-0.21363,-1.00366,-0.11477,0,1,hard
15655,3.36366,3.57233,-0.20867,-0.94506,-0.10501,0,1,hard
15660,3.36366,3.56813,-0.20447,-0.84249,-0.12943,0,1,hard
15665,3.36366,3.56432,-0.20066,-0.78388,-0.15873,0,1,hard
15670,3.36366,3.55974,-0.19608,-0.90110,-0.15873,0,1,hard
15675,3.36366,3.55516,-0.19150,-0.94506,-0.12454,0,1,hard
15680,3.36366,3.55096,-0.18730,-0.79853,-0.11966,0,1,hard
15685,3.36366,3.54715,-0.18349,-0.72528,-0.13919,0,1,hard
15691,3.36366,3.54410,-0.18044,-0.63736,-0.17827,0,1,hard
15696,3.36366,3.54105,-0.17739,-0.63736,-0.20269,0,1,hard
15701,3.36366,3.53723,-0.17357,-0.73993,-0.19292,0,1,hard
15706,3.36366,3.53304,-0.16938,-0.82784,-0.13919,0,1,hard
15711,3.36366,3.52846,-0.16480,-0.82784,-0.09035,0,1,hard
15716,3.36366,3.52502,-0.16136,-0.68132,-0.09524,0,1,hard
15721,3.36366,3.52235,-0.15869,-0.57875,-0.13919,0,1,hard
15726,3.36366,3.51968,-0.15602,-0.54945,-0.16850,0,1,hard
15731,3.36366,3.51663,-0.15297,-0.57875,-0.19292,0,1,hard
15736,3.36366,3.51358,-0.14992,-0.60806,-0.18803,0,1,hard
15741,3.36366,3.51053,-0.14687,-0.65201,-0.16361,0,1,hard
15746,3.36366,3.50710,-0.14344,-0.66667,-0.12943,0,1,hard
15751,3.36366,3.50366,-0.14000,-0.60806,-0.10989,0,1,hard
15756,3.36366,3.50137,-0.13771,-0.44689,-0.13431,0,1,hard
15761,3.36366,3.49947,-0.13581,-0.43223,-0.17827,0,1,hard
15766,3.36366,3.49680,-0.13314,-0.49084,-0.18803,0,1,hard
15771,3.36366,3.49413,-0.13047,-0.54945,-0.16850,0,1,hard
15776,3.36366,3.49184,-0.12818,-0.49084,-0.16361,0,1,hard
15781,3.36366,3.48955,-0.12589,-0.44689,-0.16850,0,1,hard
15787,3.36366,3.48688,-0.12322,-0.53480,-0.15873,0,1,hard
15792,3.36366,3.48421,-0.12055,-0.52015,-0.13431,0,1,hard
15797,3.36366,3.48116,-0.11750,-0.53480,-0.10501,0,1,hard
15802,3.36366,3.47887,-0.11521,-0.52015,-0.09524,0,1,hard
15807,3.36366,3.47696,-0.11330,-0.38828,-0.11966,0,1,hard
15812,3.36366,3.47543,-0.11177,-0.30037,-0.16850,0,1,hard
15817,3.36366,3.47353,-0.10987,-0.44689,-0.17827,0,1,hard
15822,3.36366,3.47162,-0.10796,-0.35897,-0.17338,0,1,hard
15827,3.36366,3.46933,-0.10567,-0.41758,-0.16850,0,1,hard
15832,3.36366,3.46780,-0.10414,-0.31502,-0.17338,0,1,hard
15837,3.36366,3.46590,-0.10224,-0.38828,-0.17338,0,1,hard
15842,3.36366,3.46475,-0.10109,-0.25641,-0.19780,0,1,hard
15847,3.36366,3.46323,-0.09957,-0.27106,-0.21245,0,1,hard
15852,3.36366,3.46132,-0.09766,-0.40293,-0.19292,0,1,hard
15857,3.36366,3.45979,-0.09613,-0.30037,-0.17827,0,1,hard
15862,3.36366,3.45788,-0.09422,-0.40293,-0.15873,0,1,hard
15867,3.36366,3.45636,-0.09270,-0.24176,-0.16361,0,1,hard
15872,3.36366,3.45483,-0.09117,-0.34432,-0.15873,0,1,hard
15877,3.36366,3.45293,-0.08927,-0.34432,-0.14408,0,1,hard
15883,3.36366,3.45140,-0.08774,-0.32967,-0.12943,0,1,hard
15888,3.36366,3.45026,-0.08660,-0.27106,-0.14408,0,1,hard
15893,3.36366,3.44949,-0.08583,-0.13919,-0.18315,0,1,hard
15898,3.36366,3.44797,-0.08431,-0.27106,-0.19292,0,1,hard
15903,3.36366,3.44644,-0.08278,-0.38828,-0.15385,0,1,hard
15908,3.36366,3.44453,-0.08087,-0.30037,-0.12454,0,1,hard
15913,3.36366,3.44301,-0.07935,-0.31502,-0.11477,0,1,hard
15918,3.36366,3.44224,-0.07858,-0.10989,-0.15385,0,1,hard
15923,3.36366,3.44148,-0.07782,-0.16850,-0.19292,0,1,hard
15928,3.36366,3.43996,-0.07630,-0.32967,-0.17338,0,1,hard
15933,3.36366,3.43881,-0.07515,-0.21245,-0.16361,0,1,hard
15938,3.36366,3.43843,-0.07477,-0.12454,-0.18315,0,1,hard
15943,3.36366,3.43690,-0.07324,-0.27106,-0.17338,0,1,hard
15948,3.36366,3.43576,-0.07210,-0.27106,-0.15385,0,1,hard
15953,3.36366,3.43538,-0.07172,-0.03663,-0.19292,0,1,hard
15958,3.36366,3.43538,-0.07172,-0.05128,-0.24176,0,1,hard
15963,3.36366,3.43500,-0.07134,-0.13919,-0.25153,0,1,hard
15969,3.36366,3.43347,-0.06981,-0.22711,-0.21734,0,1,hard
15974,3.36366,3.43194,-0.06828,-0.32967,-0.16361,0,1,hard
15979,3.36366,3.43080,-0.06714,-0.18315,-0.14408,0,1,hard
15984,3.36366,3.42966,-0.06600,-0.22711,-0.13431,0,1,hard
15989,3.36366,3.42813,-0.06447,-0.32967,-0.11477,0,1,hard
15994,3.36366,3.42737,-0.06371,-0.10989,-0.12943,0,1,hard
15999,3.36366,3.42737,-0.06371,-0.09524,-0.17827,0,1,hard
16004,3.36366,3.42622,-0.06256,-0.21245,-0.17338,0,1,hard
16009,3.36366,3.42508,-0.06142,-0.28572,-0.13919,0,1,hard
16014,3.36366,3.42432,-0.06066,-0.09524,-0.14896,0,1,hard
16019,3.36366,3.42432,-0.06066,-0.02198,-0.18803,0,1,hard
16024,3.36366,3.42393,-0.06027,-0.09524,-0.21245,0,1,hard
16029,3.36366,3.42355,-0.05989,-0.13919,-0.20757,0,1,hard
16034,3.36366,3.42241,-0.05875,-0.21245,-0.17827,0,1,hard
16039,3.36366,3.42088,-0.05722,-0.24176,-0.13919,0,1,hard
16044,3.36366,3.42088,-0.05722,-0.05128,-0.15385,0,1,hard
16049,3.36366,3.42088,-0.05722,-0.02198,-0.19780,0,1,hard
16054,3.36366,3.42050,-0.05684,-0.06593,-0.21734,0,1,hard
16060,3.36366,3.42012,-0.05646,-0.09524,-0.22222,0,1,hard
16065,3.36366,3.41974,-0.05608,-0.09524,-0.21245,0,1,hard
16070,3.36366,3.41897,-0.05532,-0.15385,-0.19292,0,1,hard
16075,3.36366,3.41783,-0.05417,-0.22711,-0.15385,0,1,hard
16080,3.36366,3.41745,-0.05379,-0.09524,-0.14896,0,1,hard
16085,3.36366,3.41745,-0.05379,-0.00733,-0.18315,0,1,hard
16090,3.36366,3.41745,-0.05379,-0.03663,-0.21734,0,1,hard
16095,3.36366,3.41707,-0.05341,-0.06593,-0.22222,0,1,hard
16100,3.36366,3.41669,-0.05303,-0.05128,-0.22222,0,1,hard
16105,3.36366,3.41669,-0.05303,-0.05128,-0.22222,0,1,hard
16110,3.36366,3.41630,-0.05264,-0.06593,-0.21734,0,1,hard
16115,3.36366,3.41592,-0.05226,-0.09524,-0.21245,0,1,hard
16120,3.36366,3.41516,-0.05150,-0.15385,-0.18803,0,1,hard
16125,3.36366,3.41440,-0.05074,-0.16850,-0.15873,0,1,hard
16130,3.36366,3.41402,-0.05036,-0.03663,-0.17338,0,1,hard
16135,3.36366,3.41402,-0.05036,-0.00733,-0.19780,0,1,hard
16140,3.36366,3.41402,-0.05036,-0.03663,-0.21734,0,1,hard
16145,3.36366,3.41402,-0.05036,-0.03663,-0.22711,0,1,hard
16151,3.36366,3.41402,-0.05036,-0.00733,-0.23199,0,1,hard
16156,3.36366,3.41402,-0.05036,-0.02198,-0.23687,0,1,hard
16161,3.36366,3.41402,-0.05036,-0.02198,-0.24176,0,1,hard
16166,3.36366,3.41402,-0.05036,-0.02198,-0.24176,0,1,hard
16171,3.36366,3.41402,-0.05036,-0.00733,-0.25153,0,1,hard
16176,3.36366,3.41402,-0.05036,-0.00733,-0.25153,0,1,hard
16181,3.36366,3.41402,-0.05036,-0.00733,-0.25153,0,1,hard
16186,3.36366,3.41402,-0.05036,-0.00733,-0.25153,0,1,hard
16191,3.36366,3.41363,-0.04997,-0.02198,-0.25153,0,0,hard
16196,4.36366,3.41363,0.95003,-0.00733,-0.25641,1,1,hard
16201,4.36366,3.41363,0.95003,-0.00733,-0.25641,1,1,hard
16206,4.36366,3.41363,0.95003,-0.00733,-0.25641,1,1,hard
16211,4.36366,3.41363,0.95003,-0.00733,-0.25641,1,1,hard
16216,4.36366,3.41363,0.95003,-0.00733,-0.25641,1,1,hard
16221,4.36366,3.41363,0.95003,-0.00733,-0.25641,1,1,hard
16226,4.36366,3.41936,0.94430,2.58608,0.62271,1,1,hard
16231,4.36366,3.43881,0.92485,4.49084,0.56410,1,1,hard
16237,4.36366,3.46094,0.90272,4.44689,0.25153,1,1,hard
16242,4.36366,3.48230,0.88136,4.27106,0.11966,0,1,hard
16247,4.36366,3.50366,0.86000,4.10989,0.08059,0,1,hard
16252,4.36366,3.52426,0.83940,4.08059,0.07082,0,1,hard
16257,4.36366,3.54448,0.81918,3.96337,0.07570,0,1,hard
16262,4.36366,3.56432,0.79934,3.86081,0.07082,0,1,hard
16267,4.36366,3.58339,0.78027,3.74359,0.08547,0,1,hard
16272,4.36366,3.60208,0.76158,3.62637,0.08547,0,1,hard
16277,4.36366,3.62039,0.74327,3.56777,0.09035,0,1,hard
16282,4.36366,3.63794,0.72572,3.45055,0.08059,0,1,hard
16287,4.36366,3.65549,0.70817,3.39194,0.09524,0,1,hard
16292,4.36366,3.67228,0.69138,3.30403,0.09524,0,1,hard
16297,4.36366,3.68906,0.67460,3.18681,0.09035,0,1,hard
16302,4.36366,3.70508,0.65858,3.12821,0.10012,0,1,hard
16307,4.36366,3.72072,0.64294,3.06960,0.10501,0,1,hard
16312,4.36366,3.73560,0.62806,2.95238,0.09524,0,1,hard
16317,4.36366,3.75086,0.61280,2.93773,0.10501,0,1,hard
16323,4.36366,3.76535,0.59831,2.83517,0.10989,0,1,hard
16328,4.36366,3.77947,0.58419,2.73260,0.10012,0,1,hard
16333,4.36366,3.79320,0.57046,2.73260,0.09524,0,1,hard
16338,4.36366,3.80655,0.55711,2.64469,0.10989,0,1,hard
16343,4.36366,3.81952,0.54414,2.52747,0.10501,0,1,hard
16348,4.36366,3.83249,0.53117,2.49817,0.10989,0,1,hard
16353,4.36366,3.84508,0.51858,2.46886,0.10989,0,1,hard
16358,4.36366,3.85691,0.50675,2.32235,0.11477,0,1,hard
16363,4.36366,3.86912,0.49454,2.30769,0.10989,0,1,hard
16368,4.36366,3.88056,0.48310,2.26374,0.11477,0,1,hard
16373,4.36366,3.89200,0.47166,2.21978,0.11477,0,1,hard
16378,4.36366,3.90269,0.46097,2.11722,0.11477,0,1,hard
16383,4.36366,3.91337,0.45029,2.04396,0.10989,0,1,hard
16388,4.36366,3.92405,0.43961,2.10257,0.11477,0,1,hard
16393,4.36366,3.93435,0.42931,2.00000,0.10989,0,1,hard
16398,4.36366,3.94388,0.41978,1.89744,0.11966,0,1,hard
16403,4.36366,3.95380,0.40986,1.88279,0.11966,0,1,hard
16408,4.36366,3.96334,0.40032,1.83883,0.11966,0,1,hard
16414,4.36366,3.97250,0.39116,1.85348,0.10501,0,1,hard
16419,4.36366,3.98165,0.38201,1.79487,0.10989,0,1,hard
16424,4.36366,3.98966,0.37400,1.58974,0.13431,0,1,hard
16429,4.36366,3.99844,0.36522,1.66301,0.12943,0,1,hard
16434,4.36366,4.00721,0.35645,1.70696,0.10989,0,1,hard
16439,4.36366,4.01522,0.34844,1.53114,0.11966,0,1,hard
16444,4.36366,4.02323,0.34043,1.60440,0.11477,0,1,hard
16449,4.36366,4.03086,0.33280,1.48718,0.11966,0,1,hard
16454,4.36366,4.03773,0.32593,1.32601,0.14408,0,1,hard
16459,4.36366,4.04498,0.31868,1.44323,0.14896,0,1,hard
16464,4.36366,4.05260,0.31106,1.48718,0.11966,0,1,hard
16469,4.36366,4.05947,0.30419,1.34066,0.11477,0,1,hard
16474,4.36366,4.06596,0.29770,1.26740,0.13431,0,1,hard
16479,4.36366,4.07282,0.29084,1.31136,0.13919,0,1,hard
16484,4.36366,4.07931,0.28435,1.23810,0.12943,0,1,hard
16489,4.36366,4.08541,0.27825,1.17949,0.12943,0,1,hard
16494,4.36366,4.09152,0.27214,1.16484,0.13919,0,1,hard
16500,4.36366,4.09762,0.26604,1.19414,0.13431,0,1,hard
16505,4.36366,4.10372,0.25994,1.19414,0.11966,0,1,hard
16510,4.36366,4.10945,0.25421,1.12088,0.11966,0,1,hard
16515,4.36366,4.11440,0.24926,1.01832,0.13919,0,1,hard
16520,4.36366,4.11936,0.24430,0.94506,0.16850,0,1,hard
16525,4.36366,4.12470,0.23896,1.04762,0.16361,0,1,hard
16530,4.36366,4.13043,0.23323,1.04762,0.12454,0,1,hard
16535,4.36366,4.13539,0.22827,0.98901,0.10989,0,1,hard
16540,4.36366,4.13996,0.22370,0.85715,0.13431,0,1,hard
16545,4.36366,4.14416,0.21950,0.84249,0.15873,0,1,hard
16550,4.36366,4.14912,0.21454,0.98901,0.14408,0,1,hard
16555,4.36366,4.15446,0.20920,0.97436,0.11477,0,1,hard
16560,4.36366,4.15866,0.20500,0.82784,0.11966,0,1,hard
16565,4.36366,4.16247,0.20119,0.71062,0.16361,0,1,hard
16570,4.36366,4.16590,0.19775,0.66667,0.19780,0,1,hard
16575,4.36366,4.16934,0.19432,0.73993,0.21245,0,1,hard
16580,4.36366,4.17392,0.18974,0.84249,0.16361,0,1,hard
16585,4.36366,4.17849,0.18517,0.88645,0.11477,0,1,hard
16591,4.36366,4.18269,0.18097,0.73993,0.10012,0,1,hard
16596,4.36366,4.18574,0.17792,0.65202,0.12454,0,1,hard
16601,4.36366,4.18917,0.17449,0.63736,0.14896,0,1,hard
16606,4.36366,4.19223,0.17143,0.60806,0.17827,0,1,hard
16611,4.36366,4.19566,0.16800,0.66667,0.17827,0,1,hard
16616,4.36366,4.19947,0.16419,0.72528,0.15385,0,1,hard
16621,4.36366,4.20291,0.16075,0.68132,0.12454,0,1,hard
16626,4.36366,4.20596,0.15770,0.54945,0.14408,0,1,hard
16631,4.36366,4.20863,0.15503,0.50550,0.17338,0,1,hard
16636,4.36366,4.21130,0.15236,0.50550,0.19292,0,1,hard
16641,4.36366,4.21397,0.14969,0.53480,0.19292,0,1,hard
16646,4.36366,4.21664,0.14702,0.52015,0.18804,0,1,hard
16651,4.36366,4.21893,0.14473,0.44689,0.19292,0,1,hard
16656,4.36366,4.22160,0.14206,0.54945,0.17827,0,1,hard
16661,4.36366,4.22503,0.13863,0.60806,0.13919,0,1,hard
16666,4.36366,4.22808,0.13558,0.56410,0.12454,0,1,hard
16671,4.36366,4.23075,0.13291,0.50550,0.11477,0,1,hard
16677,4.36366,4.23304,0.13062,0.43224,0.13431,0,1,hard
16682,4.36366,4.23533,0.12833,0.46154,0.14896,0,1,hard
16687,4.36366,4.23762,0.12604,0.44689,0.15385,0,1,hard
16692,4.36366,4.23991,0.12375,0.49084,0.14896,0,1,hard
16697,4.36366,4.24182,0.12184,0.37363,0.15873,0,1,hard
16702,4.36366,4.24334,0.12032,0.32967,0.18804,0,1,hard
16707,4.36366,4.24563,0.11803,0.40293,0.19292,0,1,hard
16712,4.36366,4.24716,0.11650,0.34432,0.19780,0,1,hard
16717,4.36366,4.24907,0.11459,0.35898,0.19292,0,1,hard
16722,4.36366,4.25097,0.11269,0.37363,0.18804,0,1,hard
16727,4.36366,4.25326,0.11040,0.41758,0.16361,0,1,hard
16732,4.36366,4.25517,0.10849,0.31502,0.15873,0,1,hard
16737,4.36366,4.25708,0.10658,0.34432,0.16361,0,1,hard
16742,4.36366,4.25822,0.10544,0.27106,0.17827,0,1,hard
16747,4.36366,4.25975,0.10391,0.25641,0.18804,0,1,hard
16752,4.36366,4.26165,0.10201,0.37363,0.17338,0,1,hard
16757,4.36366,4.26318,0.10048,0.28572,0.16361,0,1,hard
16762,4.36366,4.26509,0.09857,0.37363,0.14896,0,1,hard
16768,4.36366,4.26661,0.09705,0.24176,0.15385,0,1,hard
16773,4.36366,4.26814,0.09552,0.30037,0.15385,0,1,hard
16778,4.36366,4.26890,0.09476,0.18315,0.18804,0,1,hard
16783,4.36366,4.26928,0.09438,0.09524,0.23687,0,1,hard
16788,4.36366,4.27043,0.09323,0.21246,0.25153,0,1,hard
16793,4.36366,4.27234,0.09132,0.35898,0.20757,0,1,hard
16798,4.36366,4.27348,0.09018,0.18315,0.18804,0,1,hard
16803,4.36366,4.27462,0.08904,0.24176,0.18804,0,1,hard
16808,4.36366,4.27653,0.08713,0.37363,0.15873,0,1,hard
16813,4.36366,4.27768,0.08598,0.18315,0.14896,0,1,hard
16818,4.36366,4.27920,0.08446,0.31502,0.13919,0,1,hard
16823,4.36366,4.28073,0.08293,0.28572,0.12943,0,1,hard
16828,4.36366,4.28225,0.08141,0.22711,0.12454,0,1,hard
16833,4.36366,4.28378,0.07988,0.31502,0.11966,0,1,hard
16838,4.36366,4.28416,0.07950,0.09524,0.14896,0,1,hard
16843,4.36366,4.28454,0.07912,0.06594,0.19780,0,1,hard
16848,4.36366,4.28531,0.07835,0.18315,0.20757,0,1,hard
16853,4.36366,4.28721,0.07645,0.31502,0.16850,0,1,hard
16859,4.36366,4.28836,0.07530,0.19780,0.15385,0,1,hard
16864,4.36366,4.28912,0.07454,0.16850,0.15385,0,1,hard
16869,4.36366,4.29065,0.07301,0.27106,0.13919,0,1,hard
16874,4.36366,4.29103,0.07263,0.09524,0.15873,0,1,hard
16879,4.36366,4.29103,0.07263,0.00733,0.20757,0,1,hard
16884,4.36366,4.29141,0.07225,0.03663,0.24176,0,1,hard
16889,4.36366,4.29179,0.07187,0.09524,0.25153,0,1,hard
16894,4.36366,4.29217,0.07149,0.08059,0.25153,0,1,hard
16899,4.36366,4.29255,0.07111,0.10989,0.24176,0,1,hard
16904,4.36366,4.29370,0.06996,0.15385,0.21734,0,1,hard
16909,4.36366,4.29408,0.06958,0.10989,0.20757,0,1,hard
16914,4.36366,4.29408,0.06958,0.00733,0.24176,0,1,hard
16919,4.36366,4.29446,0.06920,0.00733,0.26618,0,1,hard
16924,4.36366,4.29446,0.06920,0.03663,0.28083,0,1,hard
16929,4.36366,4.29446,0.06920,0.02198,0.28083,0,1,hard
16934,4.36366,4.29446,0.06920,0.00733,0.29060,0,1,hard
16939,4.36366,4.29484,0.06882,0.02198,0.29548,0,1,hard
16944,4.36366,4.29484,0.06882,0.02198,0.30037,0,1,hard
16950,4.36366,4.29484,0.06882,0.00733,0.29548,0,1,hard
16955,4.36366,4.29484,0.06882,0.02198,0.29548,0,1,hard
16960,4.36366,4.29522,0.06844,0.02198,0.30037,1,1,hard
16965,4.36366,4.29522,0.06844,0.03663,0.29548,1,1,hard
16970,4.36366,4.29560,0.06806,0.05128,0.28083,1,1,hard
16975,4.36366,4.29637,0.06729,0.09524,0.25641,1,1,hard
16980,4.36366,4.29751,0.06615,0.19780,0.20757,0,1,hard
16985,4.36366,4.29827,0.06538,0.10989,0.18804,0,1,hard
16990,4.36366,4.29827,0.06538,-0.00733,0.21734,0,1,hard
16995,4.36366,4.29827,0.06538,0.00733,0.24664,0,1,hard
17000,4.36366,4.29866,0.06500,0.05128,0.25641,0,1,hard
17005,4.36366,4.29866,0.06500,0.02198,0.26130,0,1,hard
17010,4.36366,4.29866,0.06500,0.00733,0.27106,0,1,hard
17015,4.36366,4.29904,0.06462,0.02198,0.27106,0,1,hard
17020,4.36366,4.29904,0.06462,0.03663,0.26618,0,1,hard
17025,4.36366,4.29942,0.06424,0.06594,0.25153,0,1,hard
17030,4.36366,4.30018,0.06348,0.10989,0.22711,0,1,hard
17035,4.36366,4.30133,0.06233,0.22711,0.18315,0,1,hard
17041,4.36366,4.30247,0.06119,0.15385,0.15385,0,1,hard
17046,4.36366,4.30247,0.06119,-0.00733,0.17338,0,1,hard
17051,4.36366,4.30247,0.06119,0.02198,0.21245,0,1,hard
17056,4.36366,4.30323,0.06043,0.08059,0.21245,0,1,hard
17061,4.36366,4.30362,0.06004,0.12454,0.18804,0,1,hard
17066,4.36366,4.30514,0.05852,0.24176,0.14408,0,1,hard
17071,4.36366,4.30629,0.05737,0.15385,0.10989,0,1,hard
17076,4.36366,4.30629,0.05737,-0.00733,0.13919,0,1,hard
17081,4.36366,4.30629,0.05737,0.03663,0.17827,0,1,hard
17086,4.36366,4.30705,0.05661,0.09524,0.18315,0,1,hard
17091,4.36366,4.30781,0.05585,0.13920,0.15873,0,1,hard
17096,4.36366,4.30896,0.05470,0.22711,0.11966,0,1,hard
17101,4.36366,4.30972,0.05394,0.15385,0.10501,0,1,hard
17106,4.36366,4.31010,0.05356,-0.00733,0.13431,0,1,hard
17111,4.36366,4.31010,0.05356,0.00733,0.16361,0,1,hard
17116,4.36366,4.31010,0.05356,0.06594,0.17827,0,1,hard
17121,4.36366,4.31048,0.05318,0.08059,0.17338,0,1,hard
17126,4.36366,4.31124,0.05241,0.09524,0.16361,0,1,hard
17131,4.36366,4.31201,0.05165,0.16850,0.13431,0,1,hard
17137,4.36366,4.31315,0.05051,0.16850,0.10501,0,1,hard
17142,4.36366,4.31315,0.05051,0.00733,0.12454,0,1,hard
17147,4.36366,4.31315,0.05051,0.00733,0.15873,0,1,hard
17152,4.36366,4.31353,0.05013,0.03663,0.17338,0,1,hard
17157,4.36366,4.31353,0.05013,0.05128,0.18315,0,1,hard
17162,4.36366,4.31392,0.04974,0.02198,0.18804,0,0,hard
17167,3.36366,4.31392,-0.95026,0.03663,0.18804,0,1,hard
17172,3.36366,4.31430,-0.95064,0.05128,0.18315,0,1,hard
17177,3.36366,4.31468,-0.95102,0.06594,0.17827,0,1,hard
17182,3.36366,4.31506,-0.95140,0.10989,0.15385,0,1,hard
17187,3.36366,4.31620,-0.95254,0.16850,0.12454,0,1,hard
17192,3.36366,4.31659,-0.95293,0.09524,0.11477,0,1,hard
17197,3.36366,4.31010,-0.94644,-2.83517,-0.73993,0,1,hard
17202,3.36366,4.29065,-0.92699,-4.57875,-0.55922,0,1,hard
17207,3.36366,4.26776,-0.90410,-4.59341,-0.24176,0,1,hard
17212,3.36366,4.24563,-0.88197,-4.28571,-0.10501,0,1,hard
17217,3.36366,4.22465,-0.86099,-4.15385,-0.09524,0,1,hard
17223,3.36366,4.20405,-0.84039,-4.05128,-0.09035,0,1,hard
17228,3.36366,4.18383,-0.82017,-3.99267,-0.09524,0,1,hard
17233,3.36366,4.16438,-0.80072,-3.87546,-0.09035,0,1,hard
17238,3.36366,4.14492,-0.78126,-3.75824,-0.08059,0,1,hard
17243,3.36366,4.12623,-0.76257,-3.74359,-0.10012,0,1,hard
17248,3.36366,4.10792,-0.74426,-3.55311,-0.08059,0,1,hard
17253,3.36366,4.08961,-0.72595,-3.56777,-0.09524,0,1,hard
17258,3.36366,4.07244,-0.70878,-3.40659,-0.08547,0,1,hard
17263,3.36366,4.05528,-0.69162,-3.31868,-0.09524,0,1,hard
17268,3.36366,4.03849,-0.67483,-3.28938,-0.10501,0,1,hard
17273,3.36366,4.02247,-0.65881,-3.15751,-0.09035,0,1,hard
17278,3.36366,4.00645,-0.64279,-3.12820,-0.09524,0,1,hard
17283,3.36366,3.99081,-0.62715,-3.04029,-0.08547,0,1,hard
17288,3.36366,3.97593,-0.61227,-2.90842,-0.08547,0,1,hard
17293,3.36366,3.96105,-0.59739,-2.92308,-0.10012,0,1,hard
17298,3.36366,3.94694,-0.58328,-2.80586,-0.10012,0,1,hard
17303,3.36366,3.93320,-0.56954,-2.68864,-0.10501,0,1,hard
17309,3.36366,3.91947,-0.55581,-2.70330,-0.10501,0,1,hard
17314,3.36366,3.90612,-0.54246,-2.64469,-0.10012,0,1,hard
17319,3.36366,3.89353,-0.52987,-2.46886,-0.09524,0,1,hard
17324,3.36366,3.88056,-0.51690,-2.48352,-0.10501,0,1,hard
17329,3.36366,3.86835,-0.50469,-2.43956,-0.10989,0,1,hard
17334,3.36366,3.85614,-0.49248,-2.38095,-0.10012,0,1,hard
17339,3.36366,3.84470,-0.48104,-2.24908,-0.10012,0,1,hard
17344,3.36366,3.83326,-0.46960,-2.27839,-0.10012,0,1,hard
17349,3.36366,3.82219,-0.45853,-2.17582,-0.10989,0,1,hard
17354,3.36366,3.81113,-0.44747,-2.11722,-0.10012,0,1,hard
17359,3.36366,3.80083,-0.43717,-2.02930,-0.10501,0,1,hard
17364,3.36366,3.79015,-0.42649,-2.08791,-0.10012,0,1,hard
17369,3.36366,3.78023,-0.41657,-2.00000,-0.09524,0,1,hard
17374,3.36366,3.77069,-0.40703,-1.88278,-0.10989,0,1,hard
17379,3.36366,3.76078,-0.39712,-1.85348,-0.11477,0,1,hard
17384,3.36366,3.75162,-0.38796,-1.85348,-0.10012,0,1,hard
17389,3.36366,3.74247,-0.37881,-1.80952,-0.10012,0,1,hard
17395,3.36366,3.73331,-0.36965,-1.80952,-0.10501,0,1,hard
17400,3.36366,3.72492,-0.36126,-1.66300,-0.10012,0,1,hard
17405,3.36366,3.71691,-0.35325,-1.56044,-0.11966,0,1,hard
17410,3.36366,3.70813,-0.34447,-1.69231,-0.10989,0,1,hard
17415,3.36366,3.70012,-0.33646,-1.63370,-0.09524,0,1,hard
17420,3.36366,3.69249,-0.32883,-1.48718,-0.11477,0,1,hard
17425,3.36366,3.68448,-0.32082,-1.56044,-0.10501,0,1,hard
17430,3.36366,3.67723,-0.31357,-1.41392,-0.10501,0,1,hard
17435,3.36366,3.67037,-0.30671,-1.32601,-0.11966,0,1,hard
17440,3.36366,3.66312,-0.29946,-1.44322,-0.11477,0,1,hard
17445,3.36366,3.65587,-0.29221,-1.45788,-0.09035,0,1,hard
17450,3.36366,3.64900,-0.28534,-1.28205,-0.10012,0,1,hard
17455,3.36366,3.64290,-0.27924,-1.22344,-0.13431,0,1,hard
17460,3.36366,3.63642,-0.27276,-1.28205,-0.12943,0,1,hard
17465,3.36366,3.63031,-0.26665,-1.22344,-0.10989,0,1,hard
17470,3.36366,3.62421,-0.26055,-1.17949,-0.10989,0,1,hard
17475,3.36366,3.61810,-0.25445,-1.16483,-0.10989,0,1,hard
17481,3.36366,3.61238,-0.24872,-1.16483,-0.10989,0,1,hard
17486,3.36366,3.60666,-0.24300,-1.16483,-0.10012,0,1,hard
17491,3.36366,3.60094,-0.23728,-1.04762,-0.10989,0,1,hard
17496,3.36366,3.59598,-0.23232,-1.01831,-0.12943,0,1,hard
17501,3.36366,3.59140,-0.22774,-0.95971,-0.14896,0,1,hard
17506,3.36366,3.58644,-0.22278,-0.93040,-0.15385,0,1,hard
17511,3.36366,3.58110,-0.21744,-1.06227,-0.11966,0,1,hard
17516,3.36366,3.57614,-0.21248,-1.00366,-0.10501,0,1,hard
17521,3.36366,3.57118,-0.20752,-0.91575,-0.09524,0,1,hard
17526,3.36366,3.56699,-0.20333,-0.82784,-0.12943,0,1,hard
17531,3.36366,3.56279,-0.19913,-0.82784,-0.14896,0,1,hard
17536,3.36366,3.55821,-0.19455,-0.94506,-0.13431,0,1,hard
17541,3.36366,3.55363,-0.18997,-0.91575,-0.10989,0,1,hard
17546,3.36366,3.54982,-0.18616,-0.75458,-0.11477,0,1,hard
17551,3.36366,3.54601,-0.18235,-0.71062,-0.14896,0,1,hard
17556,3.36366,3.54295,-0.17929,-0.63736,-0.18315,0,1,hard
17561,3.36366,3.53952,-0.17586,-0.71062,-0.19780,0,1,hard
17567,3.36366,3.53571,-0.17205,-0.78388,-0.16361,0,1,hard
17572,3.36366,3.53113,-0.16747,-0.87180,-0.10989,0,1,hard
17577,3.36366,3.52731,-0.16365,-0.78388,-0.08059,0,1,hard
17582,3.36366,3.52388,-0.16022,-0.65201,-0.10012,0,1,hard
17587,3.36366,3.52121,-0.15755,-0.59341,-0.13919,0,1,hard
17592,3.36366,3.51816,-0.15450,-0.59341,-0.16850,0,1,hard
17597,3.36366,3.51549,-0.15183,-0.54945,-0.18803,0,1,hard
17602,3.36366,3.51244,-0.14878,-0.59341,-0.17338,0,1,hard
17607,3.36366,3.50900,-0.14534,-0.68132,-0.14896,0,1,hard
17612,3.36366,3.50557,-0.14191,-0.66667,-0.11477,0,1,hard
17617,3.36366,3.50252,-0.13886,-0.57875,-0.10989,0,1,hard
17622,3.36366,3.50061,-0.13695,-0.37363,-0.15873,0,1,hard
17627,3.36366,3.49832,-0.13466,-0.46154,-0.18803,0,1,hard
17632,3.36366,3.49565,-0.13199,-0.56410,-0.17827,0,1,hard
17637,3.36366,3.49298,-0.12932,-0.47619,-0.16361,0,1,hard
17642,3.36366,3.49069,-0.12703,-0.47619,-0.15873,0,1,hard
17647,3.36366,3.48802,-0.12436,-0.52015,-0.15873,0,1,hard
17652,3.36366,3.48573,-0.12207,-0.49084,-0.14896,0,1,hard
17658,3.36366,3.48268,-0.11902,-0.56410,-0.11966,0,1,hard
17663,3.36366,3.47963,-0.11597,-0.57875,-0.09035,0,1,hard
17668,3.36366,3.47772,-0.11406,-0.41758,-0.10012,0,1,hard
17673,3.36366,3.47581,-0.11215,-0.34432,-0.13431,0,1,hard
17678,3.36366,3.47429,-0.11063,-0.35897,-0.16850,0,1,hard
17683,3.36366,3.47200,-0.10834,-0.44689,-0.16850,0,1,hard
17688,3.36366,3.47009,-0.10643,-0.38828,-0.16361,0,1,hard
17693,3.36366,3.46819,-0.10453,-0.35897,-0.16850,0,1,hard
17698,3.36366,3.46666,-0.10300,-0.34432,-0.16850,0,1,hard
17703,3.36366,3.46513,-0.10147,-0.32967,-0.17827,0,1,hard
17708,3.36366,3.46399,-0.10033,-0.21245,-0.20269,0,1,hard
17713,3.36366,3.46208,-0.09842,-0.40293,-0.19780,0,1,hard
17718,3.36366,3.46017,-0.09651,-0.31502,-0.18315,0,1,hard
17723,3.36366,3.45827,-0.09461,-0.40293,-0.15385,0,1,hard
17728,3.36366,3.45674,-0.09308,-0.28572,-0.15873,0,1,hard
17733,3.36366,3.45521,-0.09155,-0.28572,-0.15873,0,1,hard
17738,3.36366,3.45331,-0.08965,-0.38828,-0.14408,0,1,hard
17744,3.36366,3.45178,-0.08812,-0.31502,-0.12943,0,1,hard
17749,3.36366,3.45026,-0.08660,-0.31502,-0.13431,0,1,hard
17754,3.36366,3.44949,-0.08583,-0.13919,-0.16850,0,1,hard
17759,3.36366,3.44835,-0.08469,-0.22711,-0.19292,0,1,hard
17764,3.36366,3.44644,-0.08278,-0.40293,-0.15873,0,1,hard
17769,3.36366,3.44491,-0.08125,-0.30037,-0.12943,0,1,hard
17774,3.36366,3.44301,-0.07935,-0.34432,-0.11477,0,1,hard
17779,3.36366,3.44224,-0.07858,-0.13919,-0.14896,0,1,hard
17784,3.36366,3.44148,-0.07782,-0.15385,-0.18315,0,1,hard
17789,3.36366,3.44034,-0.07668,-0.32967,-0.16850,0,1,hard
17794,3.36366,3.43881,-0.07515,-0.24176,-0.14896,0,1,hard
17799,3.36366,3.43805,-0.07439,-0.13919,-0.16850,0,1,hard
17804,3.36366,3.43690,-0.07324,-0.28572,-0.16361,0,1,hard
17809,3.36366,3.43576,-0.07210,-0.25641,-0.15385,0,1,hard
17814,3.36366,3.43538,-0.07172,-0.03663,-0.18803,0,1,hard
17819,3.36366,3.43538,-0.07172,-0.06593,-0.23687,0,1,hard
17824,3.36366,3.43462,-0.07096,-0.15385,-0.24176,0,1,hard
17830,3.36366,3.43309,-0.06943,-0.27106,-0.19780,0,1,hard
17835,3.36366,3.43156,-0.06790,-0.30037,-0.15385,0,1,hard
17840,3.36366,3.43080,-0.06714,-0.16850,-0.14408,0,1,hard
17845,3.36366,3.42927,-0.06561,-0.28572,-0.12454,0,1,hard
17850,3.36366,3.42775,-0.06409,-0.28572,-0.10989,0,1,hard
17855,3.36366,3.42737,-0.06371,-0.06593,-0.13919,0,1,hard
17860,3.36366,3.42699,-0.06333,-0.09524,-0.17827,0,1,hard
17865,3.36366,3.42584,-0.06218,-0.24176,-0.16850,0,1,hard
17870,3.36366,3.42470,-0.06104,-0.25641,-0.13431,0,1,hard
17875,3.36366,3.42432,-0.06066,-0.05128,-0.15385,0,1,hard
17880,3.36366,3.42432,-0.06066,-0.03663,-0.19292,0,1,hard
17885,3.36366,3.42393,-0.06027,-0.10989,-0.21245,0,1,hard
17890,3.36366,3.42317,-0.05951,-0.16850,-0.19780,0,1,hard
17895,3.36366,3.42165,-0.05799,-0.25641,-0.15385,0,1,hard
17900,3.36366,3.42088,-0.05722,-0.15385,-0.13919,0,1,hard
17905,3.36366,3.42088,-0.05722,-0.02198,-0.17338,0,1,hard
17910,3.36366,3.42088,-0.05722,-0.02198,-0.20757,0,1,hard
17915,3.36366,3.42050,-0.05684,-0.08059,-0.22711,0,1,hard
17921,3.36366,3.42012,-0.05646,-0.09524,-0.21734,0,1,hard
17926,3.36366,3.41936,-0.05570,-0.13919,-0.19780,0,1,hard
17931,3.36366,3.41821,-0.05455,-0.21245,-0.16361,0,1,hard
17936,3.36366,3.41745,-0.05379,-0.15385,-0.13919,0,1,hard
17941,3.36366,3.41745,-0.05379,-0.00733,-0.17338,0,1,hard
17946,3.36366,3.41745,-0.05379,-0.02198,-0.20269,0,1,hard
17951,3.36366,3.41707,-0.05341,-0.06593,-0.21734,0,1,hard
17956,3.36366,3.41707,-0.05341,-0.05128,-0.22222,0,1,hard
17961,3.36366,3.41669,-0.05303,-0.03663,-0.22711,0,1,hard
17966,3.36366,3.41669,-0.05303,-0.05128,-0.22711,0,1,hard
17971,3.36366,3.41630,-0.05264,-0.06593,-0.22711,0,1,hard
17976,3.36366,3.41592,-0.05226,-0.09524,-0.21245,0,1,hard
17981,3.36366,3.41516,-0.05150,-0.15385,-0.18315,0,1,hard
17986,3.36366,3.41440,-0.05074,-0.15385,-0.15873,0,1,hard
17991,3.36366,3.41402,-0.05036,-0.02198,-0.17338,0,1,hard
17996,3.36366,3.41402,-0.05036,-0.00733,-0.19780,0,1,hard
18001,3.36366,3.41402,-0.05036,-0.03663,-0.21734,0,1,hard
18007,3.36366,3.41402,-0.05036,-0.03663,-0.22711,0,1,hard
18012,3.36366,3.41402,-0.05036,-0.00733,-0.23687,0,1,hard
18017,3.36366,3.41402,-0.05036,-0.02198,-0.24176,0,1,hard
18022,3.36366,3.41402,-0.05036,-0.00733,-0.24176,0,1,hard
18027,3.36366,3.41402,-0.05036,-0.00733,-0.24664,0,1,hard
18032,3.36366,3.41402,-0.05036,-0.00733,-0.25153,0,1,hard
18037,3.36366,3.41402,-0.05036,-0.00733,-0.25153,0,1,hard
18042,3.36366,3.41402,-0.05036,-0.00733,-0.25153,0,1,hard
18047,3.36366,3.41402,-0.05036,-0.00733,-0.25641,0,1,hard
18052,3.36366,3.41402,-0.05036,-0.00733,-0.25641,0,1,hard
18057,3.36366,3.41402,-0.05036,-0.00733,-0.25153,0,1,hard
18062,3.36366,3.41363,-0.04997,-0.00733,-0.25641,1,0,hard
18067,4.36366,3.41363,0.95003,-0.00733,-0.25153,1,1,hard
18072,4.36366,3.41363,0.95003,-0.00733,-0.25641,1,1,hard
18077,4.36366,3.41363,0.95003,-0.00733,-0.25641,1,1,hard
18082,4.36366,3.41363,0.95003,-0.00733,-0.25641,1,1,hard
18087,4.36366,3.41363,0.95003,-0.00733,-0.26129,1,1,hard
18093,4.36366,3.41363,0.95003,-0.00733,-0.26129,1,1,hard
18098,4.36366,3.41974,0.94392,2.52747,0.61294,1,1,hard
18103,4.36366,3.43919,0.92447,4.49084,0.56899,1,1,hard
18108,4.36366,3.46132,0.90234,4.46154,0.24664,1,1,hard
18113,4.36366,3.48306,0.88060,4.28572,0.10989,0,1,hard
18118,4.36366,3.50404,0.85962,4.12454,0.06594,0,1,hard
18123,4.36366,3.52502,0.83864,4.06594,0.07082,0,1,hard
18128,4.36366,3.54486,0.81880,3.93407,0.05617,0,1,hard
18133,4.36366,3.56470,0.79896,3.86081,0.06105,0,1,hard
18138,4.36366,3.58415,0.77951,3.74359,0.07570,0,1,hard
18143,4.36366,3.60285,0.76081,3.64103,0.07570,0,1,hard
18148,4.36366,3.62116,0.74250,3.58242,0.08059,0,1,hard
18153,4.36366,3.63870,0.72496,3.46520,0.07082,0,1,hard
18158,4.36366,3.65625,0.70741,3.40659,0.07570,0,1,hard
18163,4.36366,3.67342,0.69024,3.31868,0.08059,0,1,hard
18168,4.36366,3.68982,0.67384,3.20147,0.07570,0,1,hard
18173,4.36366,3.70584,0.65781,3.14286,0.08547,0,1,hard
18178,4.36366,3.72149,0.64217,3.08425,0.09035,0,1,hard
18184,4.36366,3.73674,0.62692,2.96703,0.08059,0,1,hard
18189,4.36366,3.75200,0.61166,2.95238,0.08547,0,1,hard
18194,4.36366,3.76650,0.59716,2.83517,0.09035,0,1,hard
18199,4.36366,3.78061,0.58305,2.74725,0.09035,0,1,hard
18204,4.36366,3.79435,0.56931,2.73260,0.08547,0,1,hard
18209,4.36366,3.80770,0.55596,2.64469,0.09524,0,1,hard
18214,4.36366,3.82105,0.54261,2.52747,0.08547,0,1,hard
18219,4.36366,3.83364,0.53002,2.49817,0.09524,0,1,hard
18224,4.36366,3.84623,0.51743,2.48352,0.10012,0,1,hard
18229,4.36366,3.85805,0.50561,2.30769,0.10012,0,1,hard
18234,4.36366,3.87026,0.49340,2.32235,0.09524,0,1,hard
18239,4.36366,3.88170,0.48196,2.26374,0.09524,0,1,hard
18244,4.36366,3.89315,0.47051,2.23443,0.10501,0,1,hard
18249,4.36366,3.90421,0.45945,2.10257,0.09524,0,1,hard
18254,4.36366,3.91489,0.44877,2.05861,0.10012,0,1,hard
18259,4.36366,3.92557,0.43809,2.11722,0.09524,0,1,hard
18264,4.36366,3.93549,0.42817,1.98535,0.10012,0,1,hard
18269,4.36366,3.94541,0.41825,1.91209,0.11477,0,1,hard
18275,4.36366,3.95495,0.40871,1.88279,0.10501,0,1,hard
18280,4.36366,3.96449,0.39917,1.83883,0.10501,0,1,hard
18285,4.36366,3.97402,0.38964,1.86813,0.10012,0,1,hard
18290,4.36366,3.98318,0.38048,1.78022,0.10501,0,1,hard
18295,4.36366,3.99119,0.37247,1.58974,0.12454,0,1,hard
18300,4.36366,3.99996,0.36370,1.69231,0.11966,0,1,hard
18305,4.36366,4.00835,0.35531,1.69231,0.09524,0,1,hard
18310,4.36366,4.01637,0.34729,1.54579,0.10501,0,1,hard
18315,4.36366,4.02476,0.33890,1.60440,0.10501,0,1,hard
18320,4.36366,4.03239,0.33127,1.45788,0.11477,0,1,hard
18325,4.36366,4.03925,0.32441,1.32601,0.13431,0,1,hard
18330,4.36366,4.04688,0.31678,1.48718,0.12454,0,1,hard
18335,4.36366,4.05451,0.30915,1.47253,0.10012,0,1,hard
18340,4.36366,4.06138,0.30228,1.34066,0.10012,0,1,hard
18345,4.36366,4.06787,0.29579,1.29671,0.12454,0,1,hard
18350,4.36366,4.07473,0.28893,1.31136,0.12454,0,1,hard
18355,4.36366,4.08084,0.28282,1.22345,0.11966,0,1,hard
18360,4.36366,4.08694,0.27672,1.19414,0.12454,0,1,hard
18366,4.36366,4.09304,0.27062,1.17949,0.12454,0,1,hard
18371,4.36366,4.09953,0.26413,1.22345,0.10989,0,1,hard
18376,4.36366,4.10525,0.25841,1.17949,0.10501,0,1,hard
18381,4.36366,4.11097,0.25269,1.10623,0.10989,0,1,hard
18386,4.36366,4.11593,0.24773,0.98901,0.13919,0,1,hard
18391,4.36366,4.12127,0.24239,0.98901,0.15385,0,1,hard
18396,4.36366,4.12699,0.23667,1.09158,0.13431,0,1,hard
18401,4.36366,4.13233,0.23133,1.03297,0.10501,0,1,hard
18406,4.36366,4.13729,0.22637,0.97436,0.10501,0,1,hard
18411,4.36366,4.14187,0.22179,0.85715,0.13431,0,1,hard
18416,4.36366,4.14645,0.21721,0.93040,0.14408,0,1,hard
18421,4.36366,4.15141,0.21225,1.01832,0.11477,0,1,hard
18426,4.36366,4.15637,0.20729,0.93040,0.10012,0,1,hard
18431,4.36366,4.16056,0.20310,0.79854,0.12454,0,1,hard
18436,4.36366,4.16400,0.19966,0.71062,0.16361,0,1,hard
18441,4.36366,4.16743,0.19623,0.69597,0.19780,0,1,hard
18446,4.36366,4.17163,0.19203,0.79854,0.18315,0,1,hard
18451,4.36366,4.17620,0.18746,0.90110,0.12943,0,1,hard
18457,4.36366,4.18078,0.18288,0.85715,0.08059,0,1,hard
18462,4.36366,4.18422,0.17944,0.68132,0.10012,0,1,hard
18467,4.36366,4.18765,0.17601,0.68132,0.12454,0,1,hard
18472,4.36366,4.19108,0.17258,0.65202,0.15385,0,1,hard
18477,4.36366,4.19452,0.16914,0.66667,0.16361,0,1,hard
18482,4.36366,4.19795,0.16571,0.71062,0.14896,0,1,hard
18487,4.36366,4.20176,0.16190,0.75458,0.11966,0,1,hard
18492,4.36366,4.20520,0.15846,0.62271,0.11966,0,1,hard
18497,4.36366,4.20787,0.15579,0.50550,0.15385,0,1,hard
18502,4.36366,4.21054,0.15312,0.52015,0.17827,0,1,hard
18507,4.36366,4.21321,0.15045,0.56410,0.17827,0,1,hard
18512,4.36366,4.21626,0.14740,0.54945,0.17338,0,1,hard
18517,4.36366,4.21855,0.14511,0.44689,0.17338,0,1,hard
18522,4.36366,4.22122,0.14244,0.56410,0.16850,0,1,hard
18527,4.36366,4.22465,0.13901,0.63736,0.12454,0,1,hard
18532,4.36366,4.22770,0.13596,0.57876,0.10012,0,1,hard
18537,4.36366,4.23075,0.13291,0.53480,0.10012,0,1,hard
18542,4.36366,4.23304,0.13062,0.44689,0.11477,0,1,hard
18548,4.36366,4.23533,0.12833,0.47619,0.13431,0,1,hard
18553,4.36366,4.23762,0.12604,0.47619,0.13919,0,1,hard
18558,4.36366,4.24029,0.12337,0.49084,0.12943,0,1,hard
18563,4.36366,4.24220,0.12146,0.41758,0.13919,0,1,hard
18568,4.36366,4.24411,0.11955,0.31502,0.17338,0,1,hard
18573,4.36366,4.24601,0.11765,0.44689,0.17338,0,1,hard
18578,4.36366,4.24792,0.11574,0.32967,0.17338,0,1,hard
18583,4.36366,4.25021,0.11345,0.43224,0.16361,0,1,hard
18588,4.36366,4.25212,0.11154,0.38828,0.14896,0,1,hard
18593,4.36366,4.25441,0.10925,0.43224,0.13431,0,1,hard
18598,4.36366,4.25631,0.10735,0.34432,0.13431,0,1,hard
18603,4.36366,4.25822,0.10544,0.34432,0.14408,0,1,hard
18608,4.36366,4.25937,0.10429,0.27106,0.15873,0,1,hard
18613,4.36366,4.26165,0.10201,0.40293,0.14896,0,1,hard
18618,4.36366,4.26318,0.10048,0.31502,0.13919,0,1,hard
18623,4.36366,4.26547,0.09819,0.38828,0.12454,0,1,hard
18628,4.36366,4.26699,0.09667,0.27106,0.12454,0,1,hard
18633,4.36366,4.26852,0.09514,0.31502,0.13431,0,1,hard
18639,4.36366,4.26928,0.09438,0.15385,0.17827,0,1,hard
18644,4.36366,4.27005,0.09361,0.15385,0.21734,0,1,hard
18649,4.36366,4.27157,0.09209,0.31502,0.19780,0,1,hard
18654,4.36366,4.27310,0.09056,0.32967,0.16850,0,1,hard
18659,4.36366,4.27462,0.08904,0.22711,0.15385,0,1,hard
18664,4.36366,4.27653,0.08713,0.38828,0.12943,0,1,hard
18669,4.36366,4.27806,0.08560,0.24176,0.11966,0,1,hard
18674,4.36366,4.27996,0.08370,0.35898,0.10989,0,1,hard
18679,4.36366,4.28111,0.08255,0.25641,0.10501,0,1,hard
18684,4.36366,4.28302,0.08064,0.32967,0.09524,0,1,hard
18689,4.36366,4.28416,0.07950,0.22711,0.10501,0,1,hard
18694,4.36366,4.28454,0.07912,0.08059,0.14896,0,1,hard
18699,4.36366,4.28569,0.07797,0.21246,0.16850,0,1,hard
18704,4.36366,4.28721,0.07645,0.34432,0.13919,0,1,hard
18709,4.36366,4.28836,0.07530,0.21246,0.12454,0,1,hard
18714,4.36366,4.28988,0.07378,0.24176,0.11966,0,1,hard
18719,4.36366,4.29103,0.07263,0.24176,0.11966,0,1,hard
18724,4.36366,4.29141,0.07225,0.02198,0.16850,0,1,hard
18730,4.36366,4.29141,0.07225,0.02198,0.21245,0,1,hard
18735,4.36366,4.29179,0.07187,0.09524,0.23199,0,1,hard
18740,4.36366,4.29217,0.07149,0.12454,0.22711,0,1,hard
18745,4.36366,4.29332,0.07034,0.15385,0.20269,0,1,hard
18750,4.36366,4.29408,0.06958,0.18315,0.18315,0,1,hard
18755,4.36366,4.29446,0.06920,0.05128,0.20757,0,1,hard
18760,4.36366,4.29446,0.06920,0.00733,0.24664,0,1,hard
18765,4.36366,4.29446,0.06920,0.05128,0.26130,0,1,hard
18770,4.36366,4.29484,0.06882,0.05128,0.26618,0,1,hard
18775,4.36366,4.29484,0.06882,0.03663,0.27106,0,1,hard
18780,4.36366,4.29522,0.06844,0.03663,0.27106,0,1,hard
18785,4.36366,4.29560,0.06806,0.06594,0.26618,0,1,hard
18790,4.36366,4.29637,0.06729,0.10989,0.23687,0,1,hard
18795,4.36366,4.29751,0.06615,0.21246,0.19780,0,1,hard
18800,4.36366,4.29827,0.06538,0.15385,0.17338,0,1,hard
18805,4.36366,4.29866,0.06500,-0.00733,0.19780,0,1,hard
18810,4.36366,4.29866,0.06500,0.00733,0.22711,0,1,hard
18816,4.36366,4.29866,0.06500,0.06594,0.24664,0,1,hard
18821,4.36366,4.29904,0.06462,0.06594,0.24176,0,1,hard
18826,4.36366,4.29942,0.06424,0.06594,0.23687,0,1,hard
18831,4.36366,4.30018,0.06348,0.12454,0.21245,0,1,hard
18836,4.36366,4.30171,0.06195,0.24176,0.16361,0,1,hard
18841,4.36366,4.30247,0.06119,0.18315,0.13431,0,1,hard
18846,4.36366,4.30285,0.06081,0.02198,0.15385,0,1,hard
18851,4.36366,4.30323,0.06043,0.08059,0.17827,0,1,hard
18856,4.36366,4.30438,0.05928,0.19780,0.15385,0,1,hard
18861,4.36366,4.30590,0.05776,0.30037,0.10012,0,1,hard
18866,4.36366,4.30667,0.05699,0.08059,0.09524,0,1,hard
18871,4.36366,4.30667,0.05699,0.00733,0.13919,0,1,hard
18876,4.36366,4.30705,0.05661,0.09524,0.15873,0,1,hard
18881,4.36366,4.30781,0.05585,0.18315,0.13919,0,1,hard
18886,4.36366,4.30934,0.05432,0.25641,0.09524,0,1,hard
18891,4.36366,4.31010,0.05356,0.09524,0.09035,0,1,hard
18896,4.36366,4.31010,0.05356,0.00733,0.12943,0,1,hard
18902,4.36366,4.31010,0.05356,0.03663,0.16361,0,1,hard
18907,4.36366,4.31048,0.05318,0.09524,0.16361,0,1,hard
18912,4.36366,4.31124,0.05241,0.12454,0.14408,0,1,hard
18917,4.36366,4.31239,0.05127,0.19780,0.10989,0,1,hard
18922,4.36366,4.31353,0.05013,0.15385,0.09035,0,1,hard
18927,4.36366,4.31353,0.05013,-0.00733,0.11966,0,1,hard
18932,4.36366,4.31353,0.05013,0.00733,0.15385,0,1,hard
18937,4.36366,4.31353,0.05013,0.06594,0.16850,0,1,hard
18942,4.36366,4.31392,0.04974,0.05128,0.17338,0,0,hard
18947,3.36366,4.31430,-0.95064,0.05128,0.17338,0,1,hard
18952,3.36366,4.31468,-0.95102,0.06594,0.16361,0,1,hard
18957,3.36366,4.31544,-0.95178,0.12454,0.14408,0,1,hard
18962,3.36366,4.31620,-0.95254,0.16850,0.10989,0,1,hard
18967,3.36366,4.31697,-0.95331,0.08059,0.10501,0,1,hard
18972,3.36366,4.31697,-0.95331,-0.00733,0.13431,0,1,hard
18977,3.36366,4.31048,-0.94682,-2.71795,-0.71062,0,1,hard
18982,3.36366,4.29103,-0.92737,-4.52015,-0.58852,0,1,hard
18987,3.36366,4.26814,-0.90448,-4.59341,-0.26618,0,1,hard
18993,3.36366,4.24640,-0.88274,-4.28571,-0.11477,0,1,hard
18998,3.36366,4.22503,-0.86137,-4.15385,-0.10501,0,1,hard
19003,3.36366,4.20481,-0.84116,-4.05128,-0.09035,0,1,hard
19008,3.36366,4.18460,-0.82094,-3.99267,-0.10501,0,1,hard
19013,3.36366,4.16476,-0.80110,-3.89011,-0.10501,0,1,hard
19018,3.36366,4.14530,-0.78164,-3.75824,-0.09035,0,1,hard
19023,3.36366,4.12661,-0.76295,-3.69963,-0.09524,0,1,hard
19028,3.36366,4.10830,-0.74464,-3.53846,-0.09524,0,1,hard
19033,3.36366,4.09037,-0.72671,-3.55311,-0.11477,0,1,hard
19038,3.36366,4.07282,-0.70916,-3.40659,-0.08547,0,1,hard
19043,3.36366,4.05604,-0.69238,-3.30403,-0.10012,0,1,hard
19048,3.36366,4.03925,-0.67559,-3.30403,-0.10501,0,1,hard
19053,3.36366,4.02285,-0.65919,-3.15751,-0.09524,0,1,hard
19058,3.36366,4.00721,-0.64355,-3.11355,-0.10501,0,1,hard
19063,3.36366,3.99157,-0.62791,-3.05494,-0.10012,0,1,hard
19068,3.36366,3.97669,-0.61303,-2.89377,-0.09524,0,1,hard
19073,3.36366,3.96220,-0.59854,-2.92308,-0.10989,0,1,hard
19078,3.36366,3.94770,-0.58404,-2.80586,-0.10501,0,1,hard
19084,3.36366,3.93397,-0.57031,-2.70330,-0.10501,0,1,hard
19089,3.36366,3.92023,-0.55657,-2.68864,-0.10501,0,1,hard
19094,3.36366,3.90688,-0.54322,-2.65934,-0.10012,0,1,hard
19099,3.36366,3.89391,-0.53025,-2.48352,-0.10012,0,1,hard
19104,3.36366,3.88170,-0.51804,-2.46886,-0.10012,0,1,hard
19109,3.36366,3.86912,-0.50546,-2.43956,-0.10989,0,1,hard
19114,3.36366,3.85729,-0.49363,-2.35165,-0.10012,0,1,hard
19119,3.36366,3.84546,-0.48180,-2.24908,-0.10501,0,1,hard
19124,3.36366,3.83402,-0.47036,-2.27839,-0.10012,0,1,hard
19129,3.36366,3.82296,-0.45930,-2.17582,-0.11477,0,1,hard
19134,3.36366,3.81189,-0.44823,-2.13187,-0.10012,0,1,hard
19139,3.36366,3.80159,-0.43793,-2.01465,-0.10501,0,1,hard
19144,3.36366,3.79129,-0.42763,-2.07326,-0.10501,0,1,hard
19149,3.36366,3.78099,-0.41733,-2.01465,-0.09524,0,1,hard
19154,3.36366,3.77146,-0.40780,-1.88278,-0.10989,0,1,hard
19159,3.36366,3.76192,-0.39826,-1.85348,-0.11477,0,1,hard
19164,3.36366,3.75238,-0.38872,-1.83883,-0.11477,0,1,hard
19169,3.36366,3.74361,-0.37995,-1.79487,-0.10501,0,1,hard
19175,3.36366,3.73446,-0.37080,-1.82417,-0.10989,0,1,hard
19180,3.36366,3.72568,-0.36202,-1.67766,-0.10501,0,1,hard
19185,3.36366,3.71767,-0.35401,-1.54579,-0.12943,0,1,hard
19190,3.36366,3.70928,-0.34562,-1.67766,-0.12454,0,1,hard
19195,3.36366,3.70089,-0.33723,-1.64835,-0.10501,0,1,hard
19200,3.36366,3.69364,-0.32998,-1.47253,-0.11966,0,1,hard
19205,3.36366,3.68601,-0.32235,-1.54579,-0.12454,0,1,hard
19210,3.36366,3.67838,-0.31472,-1.42857,-0.11477,0,1,hard
19215,3.36366,3.67151,-0.30785,-1.31136,-0.13919,0,1,hard
19220,3.36366,3.66465,-0.30099,-1.39927,-0.14408,0,1,hard
19225,3.36366,3.65740,-0.29374,-1.45788,-0.11477,0,1,hard
19230,3.36366,3.65053,-0.28687,-1.31136,-0.10989,0,1,hard
19235,3.36366,3.64443,-0.28077,-1.19414,-0.13919,0,1,hard
19240,3.36366,3.63832,-0.27466,-1.23809,-0.14408,0,1,hard
19245,3.36366,3.63184,-0.26818,-1.23809,-0.12943,0,1,hard
19250,3.36366,3.62612,-0.26246,-1.15018,-0.13431,0,1,hard
19255,3.36366,3.62039,-0.25673,-1.15018,-0.13919,0,1,hard
19261,3.36366,3.61467,-0.25101,-1.12088,-0.13431,0,1,hard
19266,3.36366,3.60857,-0.24491,-1.15018,-0.12454,0,1,hard
19271,3.36366,3.60323,-0.23957,-1.06227,-0.12943,0,1,hard
19276,3.36366,3.59827,-0.23461,-1.01831,-0.14896,0,1,hard
19281,3.36366,3.59369,-0.23003,-0.93040,-0.16361,0,1,hard
19286,3.36366,3.58911,-0.22545,-0.90110,-0.18315,0,1,hard
19291,3.36366,3.58415,-0.22049,-0.97436,-0.17338,0,1,hard
19296,3.36366,3.57881,-0.21515,-0.98901,-0.12943,0,1,hard
19301,3.36366,3.57385,-0.21019,-0.94506,-0.12454,0,1,hard
19306,3.36366,3.56966,-0.20600,-0.87180,-0.13431,0,1,hard
19311,3.36366,3.56584,-0.20218,-0.78388,-0.16850,0,1,hard
19316,3.36366,3.56165,-0.19799,-0.85714,-0.17827,0,1,hard
19321,3.36366,3.55669,-0.19303,-0.93040,-0.14408,0,1,hard
19326,3.36366,3.55249,-0.18883,-0.82784,-0.12943,0,1,hard
19331,3.36366,3.54868,-0.18502,-0.71062,-0.13919,0,1,hard
19336,3.36366,3.54562,-0.18196,-0.65201,-0.17827,0,1,hard
19341,3.36366,3.54257,-0.17891,-0.60806,-0.21245,0,1,hard
19346,3.36366,3.53914,-0.17548,-0.71062,-0.21734,0,1,hard
19352,3.36366,3.53494,-0.17128,-0.78388,-0.17827,0,1,hard
19357,3.36366,3.53075,-0.16709,-0.84249,-0.12454,0,1,hard
19362,3.36366,3.52693,-0.16327,-0.72528,-0.10012,0,1,hard
19367,3.36366,3.52388,-0.16022,-0.62271,-0.12454,0,1,hard
19372,3.36366,3.52121,-0.15755,-0.59341,-0.16361,0,1,hard
19377,3.36366,3.51816,-0.15450,-0.56410,-0.18315,0,1,hard
19382,3.36366,3.51549,-0.15183,-0.54945,-0.20757,0,1,hard
19387,3.36366,3.51282,-0.14916,-0.57875,-0.19292,0,1,hard
19392,3.36366,3.50938,-0.14572,-0.66667,-0.16361,0,1,hard
19397,3.36366,3.50595,-0.14229,-0.66667,-0.12943,0,1,hard
19402,3.36366,3.50290,-0.13924,-0.57875,-0.12454,0,1,hard
19407,3.36366,3.50099,-0.13733,-0.35897,-0.17338,0,1,hard
19412,3.36366,3.49870,-0.13504,-0.44689,-0.20757,0,1,hard
19417,3.36366,3.49641,-0.13275,-0.50550,-0.19292,0,1,hard
19422,3.36366,3.49374,-0.13008,-0.49084,-0.18315,0,1,hard
19427,3.36366,3.49146,-0.12780,-0.47619,-0.17827,0,1,hard
19432,3.36366,3.48917,-0.12551,-0.44689,-0.17827,0,1,hard
19437,3.36366,3.48650,-0.12284,-0.50550,-0.17338,0,1,hard
19443,3.36366,3.48383,-0.12017,-0.52015,-0.14408,0,1,hard
19448,3.36366,3.48116,-0.11750,-0.53480,-0.11477,0,1,hard
19453,3.36366,3.47887,-0.11521,-0.47619,-0.10989,0,1,hard
19458,3.36366,3.47696,-0.11330,-0.38828,-0.13431,0,1,hard
19463,3.36366,3.47543,-0.11177,-0.30037,-0.17338,0,1,hard
19468,3.36366,3.47353,-0.10987,-0.41758,-0.18315,0,1,hard
19473,3.36366,3.47162,-0.10796,-0.38828,-0.18315,0,1,hard
19478,3.36366,3.46971,-0.10605,-0.40293,-0.17827,0,1,hard
19483,3.36366,3.46819,-0.10453,-0.31502,-0.18803,0,1,hard
19488,3.36366,3.46628,-0.10262,-0.37363,-0.17827,0,1,hard
19493,3.36366,3.46475,-0.10109,-0.27106,-0.19780,0,1,hard
19498,3.36366,3.46361,-0.09995,-0.24176,-0.21734,0,1,hard
19503,3.36366,3.46170,-0.09804,-0.40293,-0.20269,0,1,hard
19508,3.36366,3.46017,-0.09651,-0.30037,-0.18315,0,1,hard
19513,3.36366,3.45827,-0.09461,-0.40293,-0.16361,0,1,hard
19518,3.36366,3.45674,-0.09308,-0.25641,-0.16850,0,1,hard
19523,3.36366,3.45521,-0.09155,-0.28572,-0.17338,0,1,hard
19529,3.36366,3.45369,-0.09003,-0.37363,-0.15385,0,1,hard
19534,3.36366,3.45178,-0.08812,-0.30037,-0.13919,0,1,hard
19539,3.36366,3.45026,-0.08660,-0.31502,-0.14408,0,1,hard
19544,3.36366,3.44987,-0.08621,-0.12454,-0.17827,0,1,hard
19549,3.36366,3.44911,-0.08545,-0.18315,-0.21734,0,1,hard
19554,3.36366,3.44720,-0.08354,-0.37363,-0.18315,0,1,hard
19559,3.36366,3.44530,-0.08164,-0.31502,-0.14896,0,1,hard
19564,3.36366,3.44377,-0.08011,-0.34432,-0.11966,0,1,hard
19569,3.36366,3.44263,-0.07897,-0.19780,-0.13919,0,1,hard
19574,3.36366,3.44224,-0.07858,-0.10989,-0.18315,0,1,hard
19579,3.36366,3.44110,-0.07744,-0.24176,-0.19780,0,1,hard
19584,3.36366,3.43957,-0.07591,-0.31502,-0.16361,0,1,hard
19589,3.36366,3.43881,-0.07515,-0.13919,-0.17338,0,1,hard
19594,3.36366,3.43805,-0.07439,-0.16850,-0.18803,0,1,hard
19599,3.36366,3.43652,-0.07286,-0.30037,-0.16850,0,1,hard
19604,3.36366,3.43576,-0.07210,-0.18315,-0.16850,0,1,hard
19609,3.36366,3.43538,-0.07172,-0.02198,-0.21734,0,1,hard
19614,3.36366,3.43538,-0.07172,-0.06593,-0.25641,0,1,hard
19620,3.36366,3.43462,-0.07096,-0.13919,-0.26129,0,1,hard
19625,3.36366,3.43347,-0.06981,-0.22711,-0.22222,0,1,hard
19630,3.36366,3.43194,-0.06828,-0.31502,-0.16850,0,1,hard
19635,3.36366,3.43118,-0.06752,-0.16850,-0.15385,0,1,hard
19640,3.36366,3.42966,-0.06600,-0.21245,-0.14408,0,1,hard
19645,3.36366,3.42813,-0.06447,-0.34432,-0.11966,0,1,hard
19650,3.36366,3.42775,-0.06409,-0.12454,-0.12943,0,1,hard
19655,3.36366,3.42737,-0.06371,-0.05128,-0.18803,0,1,hard
19660,3.36366,3.42699,-0.06333,-0.15385,-0.19780,0,1,hard
19665,3.36366,3.42584,-0.06218,-0.25641,-0.16361,0,1,hard
19670,3.36366,3.42470,-0.06104,-0.19780,-0.14408,0,1,hard
19675,3.36366,3.42432,-0.06066,-0.02198,-0.17338,0,1,hard
19680,3.36366,3.42432,-0.06066,-0.03663,-0.21245,0,1,hard
19685,3.36366,3.42393,-0.06027,-0.10989,-0.22222,0,1,hard
19690,3.36366,3.42317,-0.05951,-0.15385,-0.20269,0,1,hard
19695,3.36366,3.42203,-0.05837,-0.24176,-0.16850,0,1,hard
19700,3.36366,3.42088,-0.05722,-0.19780,-0.14896,0,1,hard
19706,3.36366,3.42088,-0.05722,-0.02198,-0.17338,0,1,hard
19711,3.36366,3.42088,-0.05722,-0.02198,-0.20757,0,1,hard
19716,3.36366,3.42050,-0.05684,-0.08059,-0.22711,0,1,hard
19721,3.36366,3.42012,-0.05646,-0.08059,-0.22711,0,1,hard
19726,3.36366,3.41974,-0.05608,-0.08059,-0.22222,0,1,hard
19731,3.36366,3.41897,-0.05532,-0.13919,-0.20269,0,1,hard
19736,3.36366,3.41783,-0.05417,-0.22711,-0.16850,0,1,hard
19741,3.36366,3.41745,-0.05379,-0.06593,-0.15873,0,1,hard
19746,3.36366,3.41745,-0.05379,-0.00733,-0.19292,0,1,hard
19751,3.36366,3.41745,-0.05379,-0.02198,-0.21734,0,1,hard
19756,3.36366,3.41707,-0.05341,-0.06593,-0.22711,0,1,hard
19761,3.36366,3.41707,-0.05341,-0.03663,-0.22711,0,1,hard
19766,3.36366,3.41669,-0.05303,-0.03663,-0.23199,0,1,hard
19771,3.36366,3.41669,-0.05303,-0.05128,-0.23199,0,1,hard
19776,3.36366,3.41630,-0.05264,-0.06593,-0.23199,0,1,hard
19781,3.36366,3.41592,-0.05226,-0.09524,-0.21734,0,1,hard
19786,3.36366,3.41516,-0.05150,-0.12454,-0.19292,0,1,hard
19791,3.36366,3.41440,-0.05074,-0.16850,-0.16850,0,1,hard
19797,3.36366,3.41402,-0.05036,-0.05128,-0.16850,0,1,hard
19802,3.36366,3.41402,-0.05036,-0.00733,-0.19780,0,1,hard
19807,3.36366,3.41402,-0.05036,-0.02198,-0.21245,0,1,hard
19812,3.36366,3.41402,-0.05036,-0.03663,-0.22222,0,1,hard
19817,3.36366,3.41402,-0.05036,-0.02198,-0.23199,0,1,hard
19822,3.36366,3.41402,-0.05036,-0.02198,-0.23687,0,1,hard
19827,3.36366,3.41402,-0.05036,-0.02198,-0.24176,0,1,hard
19832,3.36366,3.41402,-0.05036,-0.02198,-0.24664,0,1,hard
19837,3.36366,3.41402,-0.05036,-0.00733,-0.24664,0,1,hard
19842,3.36366,3.41402,-0.05036,-0.02198,-0.25153,0,1,hard
19847,3.36366,3.41402,-0.05036,-0.00733,-0.25153,0,1,hard
19852,3.36366,3.41402,-0.05036,-0.00733,-0.25641,0,1,hard
19857,3.36366,3.41363,-0.04997,-0.00733,-0.25641,0,0,hard
19862,4.36366,3.41363,0.95003,-0.00733,-0.25641,1,1,hard
19867,4.36366,3.41363,0.95003,-0.00733,-0.25153,1,1,hard
19872,4.36366,3.41363,0.95003,-0.00733,-0.25641,1,1,hard
19877,4.36366,3.41363,0.95003,-0.00733,-0.25153,1,1,hard
19883,4.36366,3.41363,0.95003,-0.00733,-0.25641,1,1,hard
19888,4.36366,3.41363,0.95003,-0.00733,-0.25153,1,1,hard
19893,4.36366,3.41974,0.94392,2.48352,0.60806,1,1,hard
19898,4.36366,3.43881,0.92485,4.47619,0.56899,1,1,hard
19903,4.36366,3.46094,0.90272,4.44689,0.25153,1,1,hard
19908,4.36366,3.48268,0.88098,4.28572,0.11966,0,1,hard
19913,4.36366,3.50404,0.85962,4.12454,0.07570,0,1,hard
19918,4.36366,3.52464,0.83902,4.05128,0.07570,0,1,hard
19923,4.36366,3.54486,0.81880,3.93407,0.06594,0,1,hard
19928,4.36366,3.56432,0.79934,3.86081,0.07082,0,1,hard
19933,4.36366,3.58339,0.78027,3.74359,0.08059,0,1,hard
19938,4.36366,3.60208,0.76158,3.62637,0.08059,0,1,hard
19943,4.36366,3.62039,0.74327,3.58242,0.08059,0,1,hard
19948,4.36366,3.63832,0.72534,3.45055,0.08547,0,1,hard
19953,4.36366,3.65549,0.70817,3.39194,0.09035,0,1,hard
19958,4.36366,3.67228,0.69138,3.31868,0.09524,0,1,hard
19963,4.36366,3.68906,0.67460,3.20147,0.09035,0,1,hard
19968,4.36366,3.70508,0.65858,3.14286,0.09524,0,1,hard
19974,4.36366,3.72072,0.64294,3.06960,0.10012,0,1,hard
19979,4.36366,3.73598,0.62768,2.95238,0.09524,0,1,hard
19984,4.36366,3.75086,0.61280,2.93773,0.10012,0,1,hard
19989,4.36366,3.76535,0.59831,2.82051,0.10989,0,1,hard
19994,4.36366,3.77947,0.58419,2.74725,0.10012,0,1,hard
19999,4.36366,3.79358,0.57008,2.73260,0.10012,0,1,hard
20004,4.36366,3.80655,0.55711,2.64469,0.10989,0,1,hard
20009,4.36366,3.81990,0.54376,2.52747,0.10012,0,1,hard
20014,4.36366,3.83249,0.53117,2.49817,0.10501,0,1,hard
20019,4.36366,3.84546,0.51820,2.46886,0.10501,0,1,hard
20024,4.36366,3.85729,0.50637,2.33700,0.10989,0,1,hard
20029,4.36366,3.86912,0.49454,2.30769,0.10012,0,1,hard
20034,4.36366,3.88094,0.48272,2.27839,0.10501,0,1,hard
20039,4.36366,3.89200,0.47166,2.21978,0.11477,0,1,hard
20044,4.36366,3.90307,0.46059,2.13187,0.10989,0,1,hard
20049,4.36366,3.91375,0.44991,2.05861,0.10501,0,1,hard
20054,4.36366,3.92443,0.43923,2.10257,0.10501,0,1,hard
20060,4.36366,3.93473,0.42893,1.98535,0.10501,0,1,hard
20065,4.36366,3.94427,0.41939,1.89744,0.11477,0,1,hard
20070,4.36366,3.95418,0.40948,1.88279,0.11477,0,1,hard
20075,4.36366,3.96372,0.39994,1.83883,0.11477,0,1,hard
20080,4.36366,3.97326,0.39040,1.85348,0.10501,0,1,hard
20085,4.36366,3.98203,0.38163,1.79487,0.10501,0,1,hard
20090,4.36366,3.99043,0.37323,1.60440,0.12454,0,1,hard
20095,4.36366,3.99920,0.36446,1.69231,0.11966,0,1,hard
20100,4.36366,4.00759,0.35607,1.67766,0.09524,0,1,hard
20105,4.36366,4.01560,0.34806,1.53114,0.10501,0,1,hard
20110,4.36366,4.02399,0.33967,1.60440,0.10989,0,1,hard
20115,4.36366,4.03162,0.33204,1.48718,0.10989,0,1,hard
20120,4.36366,4.03849,0.32517,1.34066,0.13431,0,1,hard
20125,4.36366,4.04574,0.31792,1.47253,0.13431,0,1,hard
20130,4.36366,4.05337,0.31029,1.48718,0.10501,0,1,hard
20135,4.36366,4.06062,0.30304,1.35531,0.10012,0,1,hard
20140,4.36366,4.06710,0.29656,1.28205,0.12454,0,1,hard
20145,4.36366,4.07397,0.28969,1.32601,0.12943,0,1,hard
20151,4.36366,4.08045,0.28321,1.25275,0.11966,0,1,hard
20156,4.36366,4.08656,0.27710,1.20879,0.11966,0,1,hard
20161,4.36366,4.09266,0.27100,1.17949,0.11966,0,1,hard
20166,4.36366,4.09876,0.26490,1.20879,0.10501,0,1,hard
20171,4.36366,4.10487,0.25879,1.19414,0.10501,0,1,hard
20176,4.36366,4.11059,0.25307,1.12088,0.10989,0,1,hard
20181,4.36366,4.11555,0.24811,1.00366,0.13431,0,1,hard
20186,4.36366,4.12089,0.24277,0.98901,0.15873,0,1,hard
20191,4.36366,4.12623,0.23743,1.07693,0.13431,0,1,hard
20196,4.36366,4.13195,0.23171,1.04762,0.10501,0,1,hard
20201,4.36366,4.13691,0.22675,0.98901,0.10012,0,1,hard
20206,4.36366,4.14149,0.22217,0.85715,0.12943,0,1,hard
20211,4.36366,4.14607,0.21759,0.91575,0.14408,0,1,hard
20216,4.36366,4.15103,0.21263,1.01832,0.11966,0,1,hard
20221,4.36366,4.15599,0.20767,0.93040,0.10012,0,1,hard
20226,4.36366,4.16018,0.20348,0.81319,0.11477,0,1,hard
20231,4.36366,4.16400,0.19966,0.72528,0.15385,0,1,hard
20237,4.36366,4.16743,0.19623,0.69597,0.18804,0,1,hard
20242,4.36366,4.17163,0.19203,0.78388,0.17827,0,1,hard
20247,4.36366,4.17620,0.18746,0.90110,0.12454,0,1,hard
20252,4.36366,4.18078,0.18288,0.87180,0.08059,0,1,hard
20257,4.36366,4.18422,0.17944,0.69597,0.09035,0,1,hard
20262,4.36366,4.18765,0.17601,0.69597,0.12454,0,1,hard
20267,4.36366,4.19108,0.17258,0.65202,0.14896,0,1,hard
20272,4.36366,4.19452,0.16914,0.68132,0.15873,0,1,hard
20277,4.36366,4.19795,0.16571,0.73993,0.13919,0,1,hard
20282,4.36366,4.20214,0.16152,0.75458,0.10989,0,1,hard
20287,4.36366,4.20520,0.15846,0.62271,0.10989,0,1,hard
20292,4.36366,4.20787,0.15579,0.50550,0.14408,0,1,hard
20297,4.36366,4.21054,0.15312,0.52015,0.16850,0,1,hard
20302,4.36366,4.21359,0.15007,0.57876,0.17338,0,1,hard
20307,4.36366,4.21626,0.14740,0.54945,0.16361,0,1,hard
20312,4.36366,4.21893,0.14473,0.46154,0.16850,0,1,hard
20317,4.36366,4.22160,0.14206,0.56410,0.16361,0,1,hard
20322,4.36366,4.22503,0.13863,0.63736,0.12454,0,1,hard
20328,4.36366,4.22808,0.13558,0.57876,0.10012,0,1,hard
20333,4.36366,4.23075,0.13291,0.53480,0.09524,0,1,hard
20338,4.36366,4.23304,0.13062,0.44689,0.11477,0,1,hard
20343,4.36366,4.23571,0.12795,0.47619,0.12943,0,1,hard
20348,4.36366,4.23800,0.12566,0.49084,0.12943,0,1,hard
20353,4.36366,4.24067,0.12299,0.47619,0.12943,0,1,hard
20358,4.36366,4.24258,0.12108,0.41758,0.13919,0,1,hard
20363,4.36366,4.24411,0.11955,0.32967,0.17338,0,1,hard
20368,4.36366,4.24640,0.11726,0.46154,0.17338,0,1,hard
20373,4.36366,4.24830,0.11536,0.34432,0.16850,0,1,hard
20378,4.36366,4.25059,0.11307,0.43224,0.15873,0,1,hard
20383,4.36366,4.25288,0.11078,0.40293,0.13919,0,1,hard
20388,4.36366,4.25479,0.10887,0.40293,0.12454,0,1,hard
20393,4.36366,4.25669,0.10697,0.35898,0.12943,0,1,hard
20398,4.36366,4.25860,0.10506,0.31502,0.14408,0,1,hard
20403,4.36366,4.26013,0.10353,0.31502,0.14896,0,1,hard
20408,4.36366,4.26204,0.10162,0.38828,0.14408,0,1,hard
20414,4.36366,4.26394,0.09972,0.34432,0.12943,0,1,hard
20419,4.36366,4.26585,0.09781,0.35898,0.11966,0,1,hard
20424,4.36366,4.26738,0.09628,0.31502,0.11966,0,1,hard
20429,4.36366,4.26890,0.09476,0.28572,0.13919,0,1,hard
20434,4.36366,4.26928,0.09438,0.12454,0.18315,0,1,hard
20439,4.36366,4.27081,0.09285,0.22711,0.20269,0,1,hard
20444,4.36366,4.27272,0.09094,0.38828,0.16850,0,1,hard
20449,4.36366,4.27386,0.08980,0.22711,0.14896,0,1,hard
20454,4.36366,4.27615,0.08751,0.37363,0.12454,0,1,hard
20459,4.36366,4.27768,0.08598,0.27106,0.11477,0,1,hard
20464,4.36366,4.27920,0.08446,0.32967,0.10501,0,1,hard
20469,4.36366,4.28111,0.08255,0.31502,0.09524,0,1,hard
20474,4.36366,4.28263,0.08103,0.31502,0.08547,0,1,hard
20479,4.36366,4.28416,0.07950,0.30037,0.09035,0,1,hard
20484,4.36366,4.28492,0.07874,0.10989,0.12454,0,1,hard
20489,4.36366,4.28569,0.07797,0.21246,0.14896,0,1,hard
20494,4.36366,4.28759,0.07607,0.34432,0.12454,0,1,hard
20499,4.36366,4.28874,0.07492,0.22711,0.10989,0,1,hard
20504,4.36366,4.29026,0.07340,0.28572,0.09524,0,1,hard
20509,4.36366,4.29141,0.07225,0.18315,0.10989,0,1,hard
20515,4.36366,4.29141,0.07225,0.02198,0.16361,0,1,hard
20520,4.36366,4.29141,0.07225,0.05128,0.20757,0,1,hard
20525,4.36366,4.29217,0.07149,0.13920,0.21734,0,1,hard
20530,4.36366,4.29332,0.07034,0.18315,0.19780,0,1,hard
20535,4.36366,4.29408,0.06958,0.21246,0.17338,0,1,hard
20540,4.36366,4.29446,0.06920,0.05128,0.18315,0,1,hard
20545,4.36366,4.29446,0.06920,0.00733,0.22222,0,1,hard
20550,4.36366,4.29484,0.06882,0.06594,0.25153,0,1,hard
20555,4.36366,4.29522,0.06844,0.06594,0.25153,0,1,hard
20560,4.36366,4.29560,0.06806,0.06594,0.24664,0,1,hard
20565,4.36366,4.29637,0.06729,0.13920,0.22222,0,1,hard
20570,4.36366,4.29789,0.06577,0.25641,0.17338,0,1,hard
20575,4.36366,4.29866,0.06500,0.13920,0.15873,0,1,hard
20580,4.36366,4.29866,0.06500,-0.00733,0.18804,0,1,hard
20585,4.36366,4.29866,0.06500,0.03663,0.22222,0,1,hard
20590,4.36366,4.29904,0.06462,0.09524,0.22222,0,1,hard
20595,4.36366,4.29980,0.06386,0.13920,0.20269,0,1,hard
20600,4.36366,4.30133,0.06233,0.25641,0.15385,0,1,hard
20605,4.36366,4.30285,0.06081,0.22711,0.11477,0,1,hard
20611,4.36366,4.30323,0.06043,0.06594,0.11477,0,1,hard
20616,4.36366,4.30438,0.05928,0.18315,0.11477,0,1,hard
20621,4.36366,4.30590,0.05776,0.32967,0.07570,0,1,hard
20626,4.36366,4.30667,0.05699,0.10989,0.07082,0,1,hard
20631,4.36366,4.30705,0.05661,0.06594,0.10501,0,1,hard
20636,4.36366,4.30819,0.05547,0.19780,0.10501,0,1,hard
20641,4.36366,4.30972,0.05394,0.28572,0.06594,0,1,hard
20646,4.36366,4.31010,0.05356,0.08059,0.07082,0,1,hard
20651,4.36366,4.31048,0.05318,0.05128,0.10989,0,1,hard
20656,4.36366,4.31086,0.05280,0.12454,0.12454,0,1,hard
20661,4.36366,4.31201,0.05165,0.21246,0.09524,0,1,hard
20666,4.36366,4.31315,0.05051,0.21246,0.06594,0,1,hard
20671,4.36366,4.31353,0.05013,0.02198,0.09035,0,1,hard
20676,4.36366,4.31353,0.05013,0.00733,0.12943,0,1,hard
20681,4.36366,4.31392,0.04974,0.06594,0.14408,0,0,hard
20686,3.36366,4.31430,-0.95064,0.09524,0.15385,0,1,hard
20691,3.36366,4.31506,-0.95140,0.10989,0.13919,0,1,hard
20696,3.36366,4.31582,-0.95216,0.16850,0.10501,0,1,hard
20702,3.36366,4.31697,-0.95331,0.18315,0.08059,0,1,hard
20707,3.36366,4.31697,-0.95331,0.02198,0.10501,0,1,hard
20712,3.36366,4.31697,-0.95331,0.00733,0.13431,0,1,hard
20717,3.36366,4.31086,-0.94720,-2.48352,-0.69109,0,1,hard
20722,3.36366,4.29103,-0.92737,-4.49084,-0.60806,0,1,hard
20727,3.36366,4.26890,-0.90524,-4.50550,-0.30037,0,1,hard
20732,3.36366,4.24716,-0.88350,-4.28571,-0.15385,0,1,hard
20737,3.36366,4.22656,-0.86290,-4.16850,-0.11477,0,1,hard
20742,3.36366,4.20558,-0.84192,-4.03663,-0.11477,0,1,hard
20747,3.36366,4.18574,-0.82208,-3.96337,-0.10501,0,1,hard
20752,3.36366,4.16552,-0.80186,-3.86081,-0.10989,0,1,hard
20757,3.36366,4.14645,-0.78279,-3.74359,-0.10501,0,1,hard
20762,3.36366,4.12776,-0.76410,-3.71428,-0.11477,0,1,hard
20767,3.36366,4.10945,-0.74579,-3.53846,-0.09524,0,1,hard
20772,3.36366,4.09152,-0.72786,-3.55311,-0.11966,0,1,hard
20777,3.36366,4.07397,-0.71031,-3.42125,-0.10501,0,1,hard
20782,3.36366,4.05718,-0.69352,-3.30403,-0.10501,0,1,hard
20787,3.36366,4.04040,-0.67674,-3.30403,-0.11477,0,1,hard
20792,3.36366,4.02438,-0.66072,-3.15751,-0.10012,0,1,hard
20798,3.36366,4.00835,-0.64469,-3.12820,-0.10989,0,1,hard
20803,3.36366,3.99271,-0.62905,-3.05494,-0.10989,0,1,hard
20808,3.36366,3.97784,-0.61418,-2.90842,-0.10501,0,1,hard
20813,3.36366,3.96334,-0.59968,-2.93773,-0.10989,0,1,hard
20818,3.36366,3.94884,-0.58518,-2.82051,-0.10989,0,1,hard
20823,3.36366,3.93511,-0.57145,-2.68864,-0.10501,0,1,hard
20828,3.36366,3.92138,-0.55772,-2.68864,-0.10501,0,1,hard
20833,3.36366,3.90764,-0.54398,-2.63004,-0.10989,0,1,hard
20838,3.36366,3.89506,-0.53140,-2.46886,-0.10012,0,1,hard
20843,3.36366,3.88247,-0.51881,-2.46886,-0.10989,0,1,hard
20848,3.36366,3.87026,-0.50660,-2.43956,-0.11477,0,1,hard
20853,3.36366,3.85805,-0.49439,-2.38095,-0.10501,0,1,hard
20858,3.36366,3.84661,-0.48295,-2.21978,-0.10012,0,1,hard
20863,3.36366,3.83516,-0.47150,-2.27839,-0.10501,0,1,hard
20868,3.36366,3.82372,-0.46006,-2.17582,-0.11477,0,1,hard
20873,3.36366,3.81304,-0.44938,-2.14652,-0.10989,0,1,hard
20878,3.36366,3.80274,-0.43908,-2.02930,-0.10989,0,1,hard
20883,3.36366,3.79206,-0.42840,-2.05861,-0.10989,0,1,hard
20888,3.36366,3.78176,-0.41810,-2.04396,-0.10501,0,1,hard
20894,3.36366,3.77222,-0.40856,-1.88278,-0.10989,0,1,hard
20899,3.36366,3.76268,-0.39902,-1.85348,-0.11477,0,1,hard
20904,3.36366,3.75353,-0.38987,-1.85348,-0.11477,0,1,hard
20909,3.36366,3.74437,-0.38071,-1.79487,-0.10989,0,1,hard
20914,3.36366,3.73522,-0.37156,-1.80952,-0.10501,0,1,hard
20919,3.36366,3.72644,-0.36278,-1.70696,-0.10501,0,1,hard
20924,3.36366,3.71881,-0.35515,-1.53114,-0.12943,0,1,hard
20929,3.36366,3.71042,-0.34676,-1.67766,-0.12943,0,1,hard
20934,3.36366,3.70203,-0.33837,-1.63370,-0.10989,0,1,hard
20939,3.36366,3.69440,-0.33074,-1.45788,-0.12943,0,1,hard
20944,3.36366,3.68677,-0.32311,-1.53114,-0.13431,0,1,hard
20949,3.36366,3.67914,-0.31548,-1.45788,-0.11966,0,1,hard
20954,3.36366,3.67266,-0.30900,-1.31136,-0.13431,0,1,hard
20959,3.36366,3.66579,-0.30213,-1.35531,-0.14896,0,1,hard
20964,3.36366,3.65816,-0.29450,-1.47253,-0.11477,0,1,hard
20969,3.36366,3.65167,-0.28801,-1.32601,-0.10989,0,1,hard
20974,3.36366,3.64557,-0.28191,-1.19414,-0.13919,0,1,hard
20980,3.36366,3.63909,-0.27543,-1.22344,-0.15385,0,1,hard
20985,3.36366,3.63298,-0.26932,-1.26740,-0.13919,0,1,hard
20990,3.36366,3.62688,-0.26322,-1.15018,-0.13431,0,1,hard
20995,3.36366,3.62116,-0.25750,-1.16483,-0.13431,0,1,hard
21000,3.36366,3.61543,-0.25177,-1.12088,-0.13431,0,1,hard
21005,3.36366,3.60933,-0.24567,-1.16483,-0.11966,0,1,hard
21010,3.36366,3.60399,-0.24033,-1.09158,-0.12454,0,1,hard
21015,3.36366,3.59865,-0.23499,-1.03297,-0.13431,0,1,hard
21020,3.36366,3.59407,-0.23041,-0.93040,-0.15385,0,1,hard
21025,3.36366,3.58949,-0.22583,-0.91575,-0.17827,0,1,hard
21030,3.36366,3.58454,-0.22088,-1.00366,-0.15873,0,1,hard
21035,3.36366,3.57920,-0.21554,-1.01831,-0.12943,0,1,hard
21040,3.36366,3.57424,-0.21058,-0.95971,-0.11966,0,1,hard
21045,3.36366,3.56966,-0.20600,-0.88645,-0.11966,0,1,hard
21050,3.36366,3.56584,-0.20218,-0.79853,-0.15385,0,1,hard
21055,3.36366,3.56165,-0.19799,-0.85714,-0.16850,0,1,hard
21060,3.36366,3.55669,-0.19303,-0.94506,-0.13919,0,1,hard
21066,3.36366,3.55249,-0.18883,-0.84249,-0.12943,0,1,hard
21071,3.36366,3.54868,-0.18502,-0.72528,-0.13431,0,1,hard
21076,3.36366,3.54524,-0.18158,-0.66667,-0.16850,0,1,hard
21081,3.36366,3.54257,-0.17891,-0.60806,-0.20269,0,1,hard
21086,3.36366,3.53876,-0.17510,-0.72528,-0.21245,0,1,hard
21091,3.36366,3.53494,-0.17128,-0.79853,-0.16361,0,1,hard
21096,3.36366,3.53036,-0.16671,-0.85714,-0.11477,0,1,hard
21101,3.36366,3.52655,-0.16289,-0.72528,-0.09035,0,1,hard
21106,3.36366,3.52350,-0.15984,-0.59341,-0.12454,0,1,hard
21111,3.36366,3.52083,-0.15717,-0.59341,-0.16361,0,1,hard
21116,3.36366,3.51778,-0.15412,-0.60806,-0.18315,0,1,hard
21121,3.36366,3.51511,-0.15145,-0.54945,-0.19780,0,1,hard
21126,3.36366,3.51205,-0.14839,-0.59341,-0.18315,0,1,hard
21131,3.36366,3.50862,-0.14496,-0.68132,-0.15873,0,1,hard
21136,3.36366,3.50519,-0.14153,-0.65201,-0.11966,0,1,hard
21141,3.36366,3.50252,-0.13886,-0.56410,-0.11966,0,1,hard
21146,3.36366,3.50061,-0.13695,-0.37363,-0.16361,0,1,hard
21151,3.36366,3.49832,-0.13466,-0.46154,-0.19780,0,1,hard
21156,3.36366,3.49565,-0.13199,-0.54945,-0.17827,0,1,hard
21162,3.36366,3.49298,-0.12932,-0.47619,-0.16850,0,1,hard
21167,3.36366,3.49069,-0.12703,-0.47619,-0.16850,0,1,hard
21172,3.36366,3.48840,-0.12474,-0.49084,-0.16361,0,1,hard
21177,3.36366,3.48573,-0.12207,-0.49084,-0.15873,0,1,hard
21182,3.36366,3.48306,-0.11940,-0.56410,-0.12454,0,1,hard
21187,3.36366,3.48001,-0.11635,-0.57875,-0.09524,0,1,hard
21192,3.36366,3.47772,-0.11406,-0.41758,-0.10501,0,1,hard
21197,3.36366,3.47620,-0.11254,-0.32967,-0.14896,0,1,hard
21202,3.36366,3.47467,-0.11101,-0.34432,-0.17827,0,1,hard
21207,3.36366,3.47238,-0.10872,-0.44689,-0.17827,0,1,hard
21212,3.36366,3.47047,-0.10681,-0.35897,-0.16850,0,1,hard
21217,3.36366,3.46857,-0.10491,-0.38828,-0.17338,0,1,hard
21222,3.36366,3.46704,-0.10338,-0.31502,-0.17338,0,1,hard
21227,3.36366,3.46513,-0.10147,-0.37363,-0.17827,0,1,hard
21232,3.36366,3.46399,-0.10033,-0.21245,-0.19780,0,1,hard
21237,3.36366,3.46246,-0.09880,-0.37363,-0.20269,0,1,hard
21242,3.36366,3.46056,-0.09690,-0.34432,-0.18315,0,1,hard
21248,3.36366,3.45865,-0.09499,-0.37363,-0.16361,0,1,hard
21253,3.36366,3.45712,-0.09346,-0.32967,-0.15385,0,1,hard
21258,3.36366,3.45560,-0.09194,-0.27106,-0.15873,0,1,hard
21263,3.36366,3.45369,-0.09003,-0.38828,-0.14408,0,1,hard
21268,3.36366,3.45216,-0.08850,-0.30037,-0.12943,0,1,hard
21273,3.36366,3.45064,-0.08698,-0.34432,-0.12943,0,1,hard
21278,3.36366,3.44987,-0.08621,-0.15385,-0.16361,0,1,hard
21283,3.36366,3.44873,-0.08507,-0.24176,-0.19292,0,1,hard
21288,3.36366,3.44682,-0.08316,-0.40293,-0.15873,0,1,hard
21293,3.36366,3.44491,-0.08125,-0.31502,-0.12454,0,1,hard
21298,3.36366,3.44339,-0.07973,-0.35897,-0.10989,0,1,hard
21303,3.36366,3.44224,-0.07858,-0.15385,-0.13431,0,1,hard
21308,3.36366,3.44186,-0.07820,-0.13919,-0.17338,0,1,hard
21313,3.36366,3.44034,-0.07668,-0.31502,-0.16850,0,1,hard
21318,3.36366,3.43919,-0.07553,-0.25641,-0.14896,0,1,hard
21323,3.36366,3.43843,-0.07477,-0.13919,-0.16361,0,1,hard
21328,3.36366,3.43690,-0.07324,-0.27106,-0.15873,0,1,hard
21334,3.36366,3.43576,-0.07210,-0.28572,-0.14408,0,1,hard
21339,3.36366,3.43538,-0.07172,-0.05128,-0.17827,0,1,hard
21344,3.36366,3.43538,-0.07172,-0.06593,-0.22711,0,1,hard
21349,3.36366,3.43462,-0.07096,-0.16850,-0.23199,0,1,hard
21354,3.36366,3.43309,-0.06943,-0.28572,-0.18803,0,1,hard
21359,3.36366,3.43156,-0.06790,-0.30037,-0.14408,0,1,hard
21364,3.36366,3.43042,-0.06676,-0.18315,-0.13431,0,1,hard
21369,3.36366,3.42889,-0.06523,-0.31502,-0.11477,0,1,hard
21374,3.36366,3.42775,-0.06409,-0.16850,-0.11477,0,1,hard
21379,3.36366,3.42737,-0.06371,-0.06593,-0.15385,0,1,hard
21384,3.36366,3.42660,-0.06294,-0.15385,-0.17338,0,1,hard
21389,3.36366,3.42546,-0.06180,-0.28572,-0.14408,0,1,hard
21394,3.36366,3.42432,-0.06066,-0.16850,-0.13431,0,1,hard
21399,3.36366,3.42432,-0.06066,-0.03663,-0.16850,0,1,hard
21404,3.36366,3.42393,-0.06027,-0.09524,-0.20269,0,1,hard
21409,3.36366,3.42317,-0.05951,-0.16850,-0.18803,0,1,hard
21414,3.36366,3.42165,-0.05799,-0.27106,-0.14408,0,1,hard
21419,3.36366,3.42088,-0.05722,-0.18315,-0.12454,0,1,hard
21425,3.36366,3.42050,-0.05684,-0.00733,-0.16361,0,1,hard
21430,3.36366,3.42050,-0.05684,-0.03663,-0.20269,0,1,hard
21435,3.36366,3.42012,-0.05646,-0.10989,-0.20269,0,1,hard
21440,3.36366,3.41936,-0.05570,-0.13919,-0.18803,0,1,hard
21445,3.36366,3.41821,-0.05455,-0.22711,-0.15385,0,1,hard
21450,3.36366,3.41745,-0.05379,-0.16850,-0.12943,0,1,hard
21455,3.36366,3.41707,-0.05341,-0.02198,-0.16361,0,1,hard
21460,3.36366,3.41707,-0.05341,-0.02198,-0.19780,0,1,hard
21465,3.36366,3.41707,-0.05341,-0.08059,-0.20757,0,1,hard
21470,3.36366,3.41669,-0.05303,-0.06593,-0.20757,0,1,hard
21475,3.36366,3.41630,-0.05264,-0.06593,-0.20269,0,1,hard
21480,3.36366,3.41554,-0.05188,-0.12454,-0.19292,0,1,hard
21485,3.36366,3.41478,-0.05112,-0.18315,-0.15873,0,1,hard
21490,3.36366,3.41402,-0.05036,-0.12454,-0.14408,0,1,hard
21495,3.36366,3.41402,-0.05036,-0.00733,-0.17338,0,1,hard
21500,3.36366,3.41402,-0.05036,-0.02198,-0.19780,0,1,hard
21505,3.36366,3.41402,-0.05036,-0.05128,-0.21245,0,1,hard
21511,3.36366,3.41402,-0.05036,-0.02198,-0.22222,0,1,hard
21516,3.36366,3.41402,-0.05036,-0.00733,-0.23199,0,1,hard
21521,3.36366,3.41363,-0.04997,-0.02198,-0.23687,0,0,hard
21526,4.36366,3.41363,0.95003,-0.02198,-0.23687,0,1,hard
21531,4.36366,3.41363,0.95003,-0.00733,-0.24176,0,1,hard
21536,4.36366,3.41363,0.95003,-0.00733,-0.25153,0,1,hard
21541,4.36366,3.41363,0.95003,-0.02198,-0.25153,0,1,hard
21546,4.36366,3.41363,0.95003,-0.00733,-0.25153,0,1,hard
21551,4.36366,3.41363,0.95003,-0.00733,-0.25153,0,1,hard
21556,4.36366,3.41936,0.94430,2.90843,0.65202,0,1,hard
21561,4.36366,3.43843,0.92523,4.50550,0.53480,0,1,hard
21566,4.36366,3.46056,0.90310,4.41758,0.23687,0,1,hard
21571,4.36366,3.48230,0.88136,4.27106,0.11477,0,1,hard
21576,4.36366,3.50328,0.86038,4.12454,0.08547,0,1,hard
21581,4.36366,3.52426,0.83940,4.06594,0.06594,0,1,hard
21586,4.36366,3.54448,0.81918,3.94872,0.08059,0,1,hard
21591,4.36366,3.56393,0.79973,3.86081,0.07082,0,1,hard
21596,4.36366,3.58339,0.78027,3.75824,0.07570,0,1,hard
21602,4.36366,3.60208,0.76158,3.64103,0.07570,0,1,hard
21607,4.36366,3.62001,0.74365,3.59707,0.09035,0,1,hard
21612,4.36366,3.63794,0.72572,3.46520,0.09035,0,1,hard
21617,4.36366,3.65549,0.70817,3.39194,0.08547,0,1,hard
21622,4.36366,3.67228,0.69138,3.33334,0.10012,0,1,hard
21627,4.36366,3.68868,0.67498,3.20147,0.08547,0,1,hard
21632,4.36366,3.70508,0.65858,3.15751,0.08547,0,1,hard
21637,4.36366,3.72072,0.64294,3.05495,0.09524,0,1,hard
21642,4.36366,3.73598,0.62768,2.96703,0.08547,0,1,hard
21647,4.36366,3.75086,0.61280,2.93773,0.09524,0,1,hard
21652,4.36366,3.76535,0.59831,2.83517,0.10012,0,1,hard
21657,4.36366,3.77947,0.58419,2.74725,0.09524,0,1,hard
21662,4.36366,3.79358,0.57008,2.73260,0.09035,0,1,hard
21667,4.36366,3.80693,0.55673,2.63004,0.09524,0,1,hard
21672,4.36366,3.81990,0.54376,2.54213,0.09524,0,1,hard
21677,4.36366,3.83287,0.53079,2.49817,0.10012,0,1,hard
21682,4.36366,3.84546,0.51820,2.46886,0.10012,0,1,hard
21687,4.36366,3.85729,0.50637,2.35165,0.10501,0,1,hard
21693,4.36366,3.86950,0.49416,2.32235,0.10012,0,1,hard
21698,4.36366,3.88094,0.48272,2.29304,0.10501,0,1,hard
21703,4.36366,3.89239,0.47127,2.21978,0.10989,0,1,hard
21708,4.36366,3.90345,0.46021,2.13187,0.10501,0,1,hard
21713,4.36366,3.91413,0.44953,2.05861,0.10012,0,1,hard
21718,4.36366,3.92481,0.43885,2.11722,0.10012,0,1,hard
21723,4.36366,3.93511,0.42855,2.01465,0.10012,0,1,hard
21728,4.36366,3.94465,0.41901,1.89744,0.11477,0,1,hard
21733,4.36366,3.95457,0.40909,1.89744,0.10501,0,1,hard
21738,4.36366,3.96410,0.39956,1.83883,0.10501,0,1,hard
21743,4.36366,3.97326,0.39040,1.85348,0.10012,0,1,hard
21748,4.36366,3.98241,0.38125,1.76557,0.10012,0,1,hard
21753,4.36366,3.99081,0.37285,1.60440,0.11966,0,1,hard
21758,4.36366,3.99958,0.36408,1.69231,0.11477,0,1,hard
21763,4.36366,4.00797,0.35569,1.69231,0.09524,0,1,hard
21768,4.36366,4.01598,0.34768,1.54579,0.10012,0,1,hard
21773,4.36366,4.02438,0.33928,1.60440,0.10501,0,1,hard
21779,4.36366,4.03201,0.33165,1.48718,0.10501,0,1,hard
21784,4.36366,4.03887,0.32479,1.35531,0.12943,0,1,hard
21789,4.36366,4.04650,0.31716,1.47253,0.12454,0,1,hard
21794,4.36366,4.05413,0.30953,1.48718,0.10012,0,1,hard
21799,4.36366,4.06100,0.30266,1.35531,0.09524,0,1,hard
21804,4.36366,4.06787,0.29579,1.29671,0.11966,0,1,hard
21809,4.36366,4.07435,0.28931,1.32601,0.11966,0,1,hard
21814,4.36366,4.08084,0.28282,1.25275,0.11477,0,1,hard
21819,4.36366,4.08694,0.27672,1.19414,0.11477,0,1,hard
21824,4.36366,4.09304,0.27062,1.19414,0.11966,0,1,hard
21829,4.36366,4.09953,0.26413,1.22345,0.10989,0,1,hard
21834,4.36366,4.10563,0.25803,1.17949,0.10012,0,1,hard
21839,4.36366,4.11135,0.25231,1.12088,0.10989,0,1,hard
21844,4.36366,4.11631,0.24735,0.98901,0.14408,0,1,hard
21849,4.36366,4.12127,0.24239,1.00366,0.14896,0,1,hard
21854,4.36366,4.12699,0.23667,1.09158,0.12454,0,1,hard
21859,4.36366,4.13272,0.23094,1.04762,0.09524,0,1,hard
21864,4.36366,4.13767,0.22599,0.98901,0.09035,0,1,hard
21870,4.36366,4.14225,0.22141,0.87180,0.12454,0,1,hard
21875,4.36366,4.14683,0.21683,0.94506,0.13431,0,1,hard
21880,4.36366,4.15217,0.21149,1.03297,0.10501,0,1,hard
21885,4.36366,4.15713,0.20653,0.94506,0.09035,0,1,hard
21890,4.36366,4.16095,0.20271,0.81319,0.10989,0,1,hard
21895,4.36366,4.16476,0.19890,0.72528,0.14896,0,1,hard
21900,4.36366,4.16819,0.19547,0.72528,0.17827,0,1,hard
21905,4.36366,4.17277,0.19089,0.84249,0.16361,0,1,hard
21910,4.36366,4.17735,0.18631,0.91575,0.09524,0,1,hard
21915,4.36366,4.18193,0.18173,0.79854,0.06594,0,1,hard
21920,4.36366,4.18536,0.17830,0.68132,0.09035,0,1,hard
21925,4.36366,4.18879,0.17487,0.68132,0.11477,0,1,hard
21930,4.36366,4.19223,0.17143,0.62271,0.14408,0,1,hard
21935,4.36366,4.19566,0.16800,0.69597,0.14408,0,1,hard
21940,4.36366,4.19947,0.16419,0.75458,0.11966,0,1,hard
21945,4.36366,4.20367,0.15999,0.72528,0.09035,0,1,hard
21950,4.36366,4.20634,0.15732,0.57876,0.10989,0,1,hard
21955,4.36366,4.20939,0.15427,0.53480,0.14408,0,1,hard
21961,4.36366,4.21206,0.15160,0.54945,0.15385,0,1,hard
21966,4.36366,4.21473,0.14893,0.54945,0.15385,0,1,hard
21971,4.36366,4.21778,0.14587,0.52015,0.15385,0,1,hard
21976,4.36366,4.22046,0.14320,0.54945,0.15385,0,1,hard
21981,4.36366,4.22389,0.13977,0.62271,0.12454,0,1,hard
21986,4.36366,4.22694,0.13672,0.60806,0.08547,0,1,hard
21991,4.36366,4.22999,0.13367,0.54945,0.07570,0,1,hard
21996,4.36366,4.23266,0.13100,0.52015,0.08547,0,1,hard
22001,4.36366,4.23495,0.12871,0.49084,0.10989,0,1,hard
22006,4.36366,4.23762,0.12604,0.50550,0.10989,0,1,hard
22011,4.36366,4.24029,0.12337,0.50550,0.10501,0,1,hard
22016,4.36366,4.24258,0.12108,0.43224,0.11966,0,1,hard
22021,4.36366,4.24411,0.11955,0.34432,0.14408,0,1,hard
22026,4.36366,4.24640,0.11726,0.47619,0.14896,0,1,hard
22031,4.36366,4.24868,0.11498,0.37363,0.14896,0,1,hard
22036,4.36366,4.25097,0.11269,0.44689,0.13919,0,1,hard
22041,4.36366,4.25326,0.11040,0.44689,0.11966,0,1,hard
22047,4.36366,4.25517,0.10849,0.38828,0.10989,0,1,hard
22052,4.36366,4.25746,0.10620,0.40293,0.10989,0,1,hard
22057,4.36366,4.25898,0.10468,0.30037,0.12943,0,1,hard
22062,4.36366,4.26089,0.10277,0.38828,0.12943,0,1,hard
22067,4.36366,4.26280,0.10086,0.35898,0.11966,0,1,hard
22072,4.36366,4.26471,0.09895,0.40293,0.10501,0,1,hard
22077,4.36366,4.26661,0.09705,0.32967,0.10501,0,1,hard
22082,4.36366,4.26852,0.09514,0.34432,0.10989,0,1,hard
22087,4.36366,4.26928,0.09438,0.16850,0.15385,0,1,hard
22092,4.36366,4.27005,0.09361,0.18315,0.18804,0,1,hard
22097,4.36366,4.27195,0.09171,0.38828,0.16850,0,1,hard
22102,4.36366,4.27348,0.09018,0.28572,0.14408,0,1,hard
22107,4.36366,4.27539,0.08827,0.32967,0.12454,0,1,hard
22112,4.36366,4.27729,0.08637,0.34432,0.10501,0,1,hard
22117,4.36366,4.27882,0.08484,0.28572,0.09524,0,1,hard
22122,4.36366,4.28073,0.08293,0.37363,0.09035,0,1,hard
22127,4.36366,4.28225,0.08141,0.28572,0.08059,0,1,hard
22132,4.36366,4.28378,0.07988,0.34432,0.07570,0,1,hard
22137,4.36366,4.28454,0.07912,0.13920,0.10501,0,1,hard
22143,4.36366,4.28569,0.07797,0.16850,0.13919,0,1,hard
22148,4.36366,4.28721,0.07645,0.34432,0.12454,0,1,hard
22153,4.36366,4.28874,0.07492,0.25641,0.10501,0,1,hard
22158,4.36366,4.29026,0.07340,0.27106,0.09035,0,1,hard
22163,4.36366,4.29141,0.07225,0.24176,0.10012,0,1,hard
22168,4.36366,4.29141,0.07225,0.02198,0.14896,0,1,hard
22173,4.36366,4.29141,0.07225,0.03663,0.20757,0,1,hard
22178,4.36366,4.29217,0.07149,0.12454,0.21734,0,1,hard
22183,4.36366,4.29293,0.07073,0.19780,0.19292,0,1,hard
22188,4.36366,4.29408,0.06958,0.21246,0.16850,0,1,hard
